input_name,utmb_index,utmb_match_name,utmb_match_score,utmb_profile_url,itra_score,itra_match_name,itra_match_score,itra_profile_url,betrail_score,betrail_match_name,betrail_match_score,betrail_profile_url,combined_score,notes
Olson Caleb,922.0,Caleb OLSON,0.6181818181818182,https://utmb.world/runner/2574519.caleb.olson,939.0,Caleb OLSON,0.6181818181818182,https://itra.run/RunnerSpace/OLSON.Caleb/2574519,95.5,OLSON CALEB,1.0,https://www.betrail.run/runner/olson.caleb/overview,928.8,
Mogavero Jeff,904.0,Jeff MOGAVERO,0.7307692307692308,https://utmb.world/runner/483224.jeff.mogavero,912.0,Jeff MOGAVERO,0.7307692307692308,https://itra.run/RunnerSpace/MOGAVERO.Jeff/483224,91.36,MOGAVERO JEFF,1.0,https://www.betrail.run/runner/mogavero.jeff/overview,907.2,
Tschumi Jean - Philippe,899.0,Jean-Philippe TSCHUMI,0.7333333333333334,https://utmb.world/runner/970923.jeanphilippe.tschumi,903.0,Jean Philippe TSCHUMI,0.7333333333333334,https://itra.run/RunnerSpace/TSCHUMI.Jean Philippe/970923,94.58,TSCHUMI JEAN-PHILIPPE,1.0,https://www.betrail.run/runner/tschumi.jean.philippe/overview,900.6,
GARRIVIER Thibaut,888.0,Thibaut GARRIVIER,0.6705882352941176,https://utmb.world/runner/154454.thibaut.garrivier,900.0,Thibaut GARRIVIER,0.6705882352941176,https://itra.run/RunnerSpace/GARRIVIER.Thibaut/154454,90.54,GARRIVIER THIBAUT,1.0,https://www.betrail.run/runner/garrivier.thibaut/overview,892.8,
AIRIAU Gautier,872.0,Gautier AIRIAU,0.6499999999999999,https://utmb.world/runner/448706.gautier.airiau,896.0,Gautier AIRIAU,0.6499999999999999,https://itra.run/RunnerSpace/AIRIAU.Gautier/448706,91.05,AIRIAU GAUTIER,1.0,https://www.betrail.run/runner/airiau.gautier/overview,881.5999999999999,
Murray Will,864.0,Will MURRAY,0.6818181818181818,https://utmb.world/runner/3270727.will.murray,902.0,Will MURRAY,0.6818181818181818,https://itra.run/RunnerSpace/MURRAY.Will/6156279,86.7,MURRAY WILL,1.0,https://www.betrail.run/runner/murray.will/overview,879.2,
Esmiol Vincent,868.0,Vincent ESMIOL,0.6499999999999999,https://utmb.world/runner/2621345.vincent.esmiol,883.0,Vincent ESMIOL,0.6499999999999999,https://itra.run/RunnerSpace/ESMIOL.Vincent/2621345,88.38,ESMIOL VINCENT,1.0,https://www.betrail.run/runner/esmiol.vincent/overview,874.0,
Bernades Marc,871.0,Marc BERNADES OLLE,0.7064516129032258,https://utmb.world/runner/352073.marc.bernadesolle,,Bernades Marc OLLE,0.8870967741935483,https://itra.run/RunnerSpace/OLLE.Bernades Marc/5860413,86.23,OLLÉ BERNADES Marc,0.8870967741935483,https://www.betrail.run/runner/olle.bernades.marc/overview,871.0,ITRA score missing in response; Betrail catalog fuzzy match; Betrail catalog fuzzy match
ROGAUME Léo,861.0,Leo ROGAUME,0.7454545454545454,https://utmb.world/runner/338480.leo.rogaume,881.0,Leo ROGAUME,0.7454545454545454,https://itra.run/RunnerSpace/ROGAUME.Leo/338480,90.31,ROGAUME LéO,1.0,https://www.betrail.run/runner/rogaume.leo/overview,869.0,
Baggenstos Tobias,855.0,Tobias BAGGENSTOS,0.7117647058823529,https://utmb.world/runner/3964257.tobias.baggenstos,878.0,Tobias BAGGENSTOS,0.7117647058823529,https://itra.run/RunnerSpace/BAGGENSTOS.Tobias/3964257,85.66,BAGGENSTOS TOBIAS,1.0,https://www.betrail.run/runner/baggenstos.tobias/overview,864.2,
Juillaguet Robin,858.0,Robin JUILLAGUET,0.7375,https://utmb.world/runner/328205.robin.juillaguet,873.0,Robin JUILLAGUET,0.7375,https://itra.run/RunnerSpace/JUILLAGUET.Robin/328205,83.01,JUILLAGUET ROBIN,1.0,https://www.betrail.run/runner/juillaguet.robin/overview,864.0,
vanderschaeghe jérôme,848.0,Jerome VANDERSCHAEGHE,0.7666666666666666,https://utmb.world/runner/655355.jerome.vanderschaeghe,868.0,Jerome VANDERSCHAEGHE,0.7666666666666666,https://itra.run/RunnerSpace/VANDERSCHAEGHE.Jerome/655355,86.97,VANDERSCHAEGHE JEROME,1.0,https://www.betrail.run/runner/vanderschaeghe.jerome/overview,856.0,
GOURDON Nicolas,844.0,Nicolas GOURDON,0.6266666666666667,https://utmb.world/runner/386109.nicolas.gourdon,867.0,Nicolas GOURDON,0.6266666666666667,https://itra.run/RunnerSpace/GOURDON.Nicolas/386109,87.17,GOURDON NICOLAS,1.0,https://www.betrail.run/runner/gourdon.nicolas.2/overview,853.2,
Moysan Gwendal,854.0,Gwendal MOYSAN,0.6499999999999999,https://utmb.world/runner/1373287.gwendal.moysan,844.0,Gwendal MOYSAN,0.6499999999999999,https://itra.run/RunnerSpace/MOYSAN.Gwendal/1373287,85.61,MOYSAN GWENDAL,1.0,https://www.betrail.run/runner/moysan.gwendal/overview,850.0,
BERAUD Alexandre,830.0,Alexandre BERAUD,0.69375,https://utmb.world/runner/427004.alexandre.beraud,854.0,Alexandre BERAUD,0.69375,https://itra.run/RunnerSpace/BERAUD.Alexandre/427004,80.08,BERAUD ALEXANDRE,1.0,https://www.betrail.run/runner/beraud.alexandre/overview,839.6,
Kern Martin,839.0,Martin KERN,0.6818181818181818,https://utmb.world/runner/742718.martin.kern,838.0,Martin KERN,0.6818181818181818,https://itra.run/RunnerSpace/KERN.Martin/742718,86.72,KERN MARTIN,1.0,https://www.betrail.run/runner/kern.martin/overview,838.6,
MEYLEU ALEXANDRE,825.0,Alexandre MEYLEU,0.69375,https://utmb.world/runner/2365459.alexandre.meyleu,852.0,Alexandre MEYLEU,0.69375,https://itra.run/RunnerSpace/MEYLEU.Alexandre/2365459,80.69,MEYLEU ALEXANDRE,1.0,https://www.betrail.run/runner/meyleu.alexandre/overview,835.8,
GILLIE Rémi,825.0,Remi GILLIE,0.6818181818181818,https://utmb.world/runner/462131.remi.gillie,829.0,Remi GILLIE,0.6818181818181818,https://itra.run/RunnerSpace/GILLIE.Remi/462131,85.88,GILLIE REMI,1.0,https://www.betrail.run/runner/gillie.remi/overview,826.6,
Leray Matis,818.0,Matis LERAY,0.6181818181818182,https://utmb.world/runner/3096053.matis.leray,838.0,Matis LERAY,0.6181818181818182,https://itra.run/RunnerSpace/LERAY.Matis/3096053,85.5,LERAY MATIS,1.0,https://www.betrail.run/runner/leray.matis/overview,826.0,
HAGNERE Baptiste,818.0,Baptiste HAGNERE,0.6499999999999999,https://utmb.world/runner/1530631.baptiste.hagnere,826.0,Baptiste HAGNERE,0.6499999999999999,https://itra.run/RunnerSpace/HAGNERE.Baptiste/1530631,80.66,HAGNERE BAPTISTE,1.0,https://www.betrail.run/runner/hagnere.baptiste/overview,821.2,
Desvaux de Marigny Simon,820.0,Simon DESVAUX DE MARIGNY,0.825,https://utmb.world/runner/103657.simon.desvauxdemarigny,,,,,83.7,DESVAUX DE MARIGNY SIMON,1.0,https://www.betrail.run/runner/desvaux.simon/overview,820.0,ITRA not found
CAZAJOUS Maxime,820.0,Maxime CAZAJOUS,0.6733333333333333,https://utmb.world/runner/7209.maxime.cazajous,818.0,Maxime CAZAJOUS,0.6733333333333333,https://itra.run/RunnerSpace/CAZAJOUS.Maxime/7209,78.04,CAZAJOUS MAXIME,1.0,https://www.betrail.run/runner/cazajous.maxime.0/overview,819.2,
Berchet Rémi,807.0,Remi BERCHET,0.7083333333333333,https://utmb.world/runner/27929.remi.berchet,824.0,Rémi BERCHET,0.7083333333333333,https://itra.run/RunnerSpace/BERCHET.Rémi/27929,86.04,BERCHET RÉMI,1.0,https://www.betrail.run/runner/berchet.remi/overview,813.8,
LEROY Lilian,806.0,Lilian LEROY,0.6499999999999999,https://utmb.world/runner/1426893.lilian.leroy,823.0,Lilian LEROY,0.6499999999999999,https://itra.run/RunnerSpace/LEROY.Lilian/1426893,79.7,LEROY LILIAN,1.0,https://www.betrail.run/runner/leroy.lilian.0/overview,812.8,
GUILLON Antoine,809.0,Antoine GUILLON,0.6266666666666667,https://utmb.world/runner/6953.antoine.guillon,809.0,Antoine GUILLON,0.6266666666666667,https://itra.run/RunnerSpace/GUILLON.Antoine/6953,81.73,GUILLON ANTOINE,1.0,https://www.betrail.run/runner/guillon.antoine/overview,809.0,
ROUX Kévin,801.0,Kevin ROUX,0.6499999999999999,https://utmb.world/runner/4189482.kevin.roux,818.0,Kevin ROUX,0.6499999999999999,https://itra.run/RunnerSpace/ROUX.Kevin/4575185,84.54,ROUX KEVIN,1.0,https://www.betrail.run/runner/roux.kevin.0/overview,807.8,
TREMONT BENJAMIN,805.0,Benjamin TREMONT,0.6499999999999999,https://utmb.world/runner/4185348.benjamin.tremont,808.0,Benjamin TREMONT,0.6499999999999999,https://itra.run/RunnerSpace/TREMONT.Benjamin/4185663,78.75,TREMONT BENJAMIN,1.0,https://www.betrail.run/runner/tremont.benjamin/overview,806.2,
CAMUS SYLVAIN,793.0,Sylvain CAMUS,0.6769230769230768,https://utmb.world/runner/8934.sylvain.camus,819.0,Sylvain CAMUS,0.6769230769230768,https://itra.run/RunnerSpace/CAMUS.Sylvain/8934,78.25,CAMUS SYLVAIN,1.0,https://www.betrail.run/runner/camus.sylvain.0/overview,803.4,
Bringer Patrick,793.0,Patrick BRINGER,0.6266666666666667,https://utmb.world/runner/5961.patrick.bringer,812.0,Patrick BRINGER,0.6266666666666667,https://itra.run/RunnerSpace/BRINGER.Patrick/5961,79.61,BRINGER PATRICK,1.0,https://www.betrail.run/runner/bringer.patrick/overview,800.5999999999999,
Ohms Noa,785.0,Noa OHMS,0.6499999999999999,https://utmb.world/runner/5513414.noa.ohms,818.0,Noa OHMS,0.6499999999999999,https://itra.run/RunnerSpace/OHMS.Noa/4931727,75.72,OHMS NOA,1.0,https://www.betrail.run/runner/ohms.noa/overview,798.2,
James Caspian,774.0,Caspian JAMES,0.6769230769230768,https://utmb.world/runner/4633912.caspian.james,827.0,Caspian JAMES,0.6769230769230768,https://itra.run/RunnerSpace/JAMES.Caspian/4735372,70.07,JAMES CASPIAN,1.0,https://www.betrail.run/runner/james.caspian/overview,795.2,
CHOUCHOU Adrien Karim,795.0,Adrien CHOUCHOU,0.5111111111111111,https://utmb.world/runner/757663.adrien.chouchou,,,,,,,,,795.0,UTMB low-confidence match; ITRA not found
CARRON Fabien,782.0,Fabien CARRON,0.6230769230769231,https://utmb.world/runner/1795585.fabien.carron,813.0,Fabien CARRON,0.6230769230769231,https://itra.run/RunnerSpace/CARRON.Fabien/1795585,71.66,CARRON FABIEN,1.0,https://www.betrail.run/runner/carron.fabien/overview,794.4000000000001,
Petitjean Benjamin,779.0,Benjamin PETITJEAN,0.6499999999999999,https://utmb.world/runner/135577.benjamin.petitjean,817.0,Benjamin PETITJEAN,0.6499999999999999,https://itra.run/RunnerSpace/PETITJEAN.Benjamin/135577,75.22,PETITJEAN BENJAMIN,1.0,https://www.betrail.run/runner/petitjean.benjamin.0/overview,794.2,
SAUREL Augustin,790.0,Augustin SAUREL,0.6733333333333333,https://utmb.world/runner/1657463.augustin.saurel,796.0,Augustin SAUREL,0.6733333333333333,https://itra.run/RunnerSpace/SAUREL.Augustin/1657463,80.34,SAUREL AUGUSTIN,1.0,https://www.betrail.run/runner/saurel.augustin/overview,792.4000000000001,
SAUTRON JUDICAEL,781.0,Judicael SAUTRON,0.6499999999999999,https://utmb.world/runner/725087.judicael.sautron,805.0,Judicael SAUTRON,0.6499999999999999,https://itra.run/RunnerSpace/SAUTRON.Judicael/725087,80.86,SAUTRON JUDICAEL,1.0,https://www.betrail.run/runner/sautron.judicael/overview,790.5999999999999,
COINUS robin,776.0,Robin COINUS,0.6499999999999999,https://utmb.world/runner/1179591.robin.coinus,809.0,Robin COINUS,0.6499999999999999,https://itra.run/RunnerSpace/COINUS.Robin/1179591,80.3,COINUS ROBIN,1.0,https://www.betrail.run/runner/coinus.robin/overview,789.2,
alvarez xiril,786.0,Xiril ALVAREZ,0.6769230769230768,https://utmb.world/runner/2177113.xiril.alvarez,781.0,Xiril ALVAREZ,0.6769230769230768,https://itra.run/RunnerSpace/ALVAREZ.Xiril/2177113,81.06,ALVAREZ XIRIL,1.0,https://www.betrail.run/runner/alvarez.xiril/overview,784.0,
Rozé Thomas,784.0,Thomas ROZE,0.6818181818181818,https://utmb.world/runner/444321.thomas.roze,,Rozenn THOMAS,0.7916666666666666,https://itra.run/RunnerSpace/THOMAS.Rozenn/4746100,81.58,ROZE THOMAS,1.0,https://www.betrail.run/runner/roze.thomas/overview,784.0,ITRA score missing in response
HÉRAULT ÉRIC,762.0,Eric HERAULT,0.7083333333333333,https://utmb.world/runner/826596.eric.herault,812.0,Eric HERAULT,0.7083333333333333,https://itra.run/RunnerSpace/HERAULT.Eric/826596,75.08,HÉRAULT ÉRIC,1.0,https://www.betrail.run/runner/herault.eric/overview,782.0,
Bouyoud Julien,771.0,Julien BOUYOUD,0.6499999999999999,https://utmb.world/runner/5274276.julien.bouyoud,792.0,Julien BOUYOUD,0.6499999999999999,https://itra.run/RunnerSpace/BOUYOUD.Julien/4791491,75.75,BOUYOUD JULIEN,1.0,https://www.betrail.run/runner/bouyoud.julien/overview,779.4,
ABSALON JULIEN,757.0,Julien ABSALON,0.6499999999999999,https://utmb.world/runner/5016544.julien.absalon,800.0,Julien ABSALON,0.6499999999999999,https://itra.run/RunnerSpace/ABSALON.Julien/4777225,77.41,ABSALON JULIEN,1.0,https://www.betrail.run/runner/absalon.julien/overview,774.2,
DESSERPRIT MATHIEU,769.0,Mathieu DESSERPRIT,0.6888888888888889,https://utmb.world/runner/1053597.mathieu.desserprit,780.0,Mathieu DESSERPRIT,0.6888888888888889,https://itra.run/RunnerSpace/DESSERPRIT.Mathieu/4298267,79.32,DESSERPRIT MATHIEU,1.0,https://www.betrail.run/runner/desserprit.mathieu/overview,773.4,
DOUCET Samuel,807.0,Samuel DOUCET,0.6230769230769231,https://utmb.world/runner/5618317.samuel.doucet,718.0,Samuel DOUCET,0.6230769230769231,https://itra.run/RunnerSpace/DOUCET.Samuel/3132629,,,,,771.4,
Paladin Massimo,769.0,Massimo PALADIN,0.6266666666666667,https://utmb.world/runner/921767.massimo.paladin,775.0,Massimo PALADIN,0.6266666666666667,https://itra.run/RunnerSpace/PALADIN.Massimo/921767,78.41,PALADIN Massimo,1.0,https://www.betrail.run/runner/paladin.massimo/overview,771.4,
GODET sébastien,759.0,Sebastien GODET,0.72,https://utmb.world/runner/4108231.sebastien.godet,785.0,Sebastien GODET,0.72,https://itra.run/RunnerSpace/GODET.Sebastien/4108231,72.94,GODET SEBASTIEN,1.0,https://www.betrail.run/runner/godet.sebastien/overview,769.4,
Filleau clement,760.0,Clément FILLEAU,0.6266666666666667,https://utmb.world/runner/528024.clement.filleau,783.0,Clement FILLEAU,0.6266666666666667,https://itra.run/RunnerSpace/FILLEAU.Clement/528024,73.74,FILLEAU CLEMENT,1.0,https://www.betrail.run/runner/filleau.clement/overview,769.2,
COMBE ADRIEN,756.0,Adrien COMBE,0.6499999999999999,https://utmb.world/runner/519070.adrien.combe,785.0,Adrien COMBE,0.6499999999999999,https://itra.run/RunnerSpace/COMBE.Adrien/519070,72.78,COMBE ADRIEN,1.0,https://www.betrail.run/runner/combe.adrien/overview,767.5999999999999,
TOUZO Nathan,748.0,Nathan TOUZO,0.6499999999999999,https://utmb.world/runner/3664387.nathan.touzo,794.0,Nathan TOUZO,0.6499999999999999,https://itra.run/RunnerSpace/TOUZO.Nathan/3664387,76.83,TOUZO NATHAN,1.0,https://www.betrail.run/runner/touzo.nathan/overview,766.4000000000001,
Brée Mickaël,760.0,Mickael BREE,0.7083333333333333,https://utmb.world/runner/3222567.mickael.bree,773.0,Mickael BREE,0.7083333333333333,https://itra.run/RunnerSpace/BREE.Mickael/3222567,,,,,765.2,
mainville theo,741.0,Theo MAINVILLE,0.75,https://utmb.world/runner/5755923.theo.mainville,800.0,Theo MAINVILLE,0.75,https://itra.run/RunnerSpace/MAINVILLE.Theo/3790523,73.28,MAINVILLE THEO,1.0,https://www.betrail.run/runner/mainville.theo/overview,764.5999999999999,
FAVRE-FELIX Aubin,763.0,Aubin FAVRE-FELIX,0.7529411764705882,https://utmb.world/runner/520353.aubin.favrefelix,,Favre Felix AUBIN,1.0,https://itra.run/RunnerSpace/AUBIN.Favre Felix/4830530,72.79,FAVRE-FELIX AUBIN,1.0,https://www.betrail.run/runner/favre.-.felix.aubin/overview,763.0,ITRA score missing in response
MENDEZ Sylvain,739.0,Sylvain MENDEZ,0.6499999999999999,https://utmb.world/runner/1179595.sylvain.mendez,797.0,Sylvain MENDEZ,0.6499999999999999,https://itra.run/RunnerSpace/MENDEZ.Sylvain/1179595,76.51,MENDEZ SYLVAIN,1.0,https://www.betrail.run/runner/mendez.sylvain/overview,762.2,
Schaedler Demian,754.0,Demian SCHAEDLER,0.69375,https://utmb.world/runner/1978547.demian.schaedler,773.0,Demian SCHAEDLER,0.69375,https://itra.run/RunnerSpace/SCHAEDLER.Demian/1978547,73.71,SCHAEDLER DEMIAN,1.0,https://www.betrail.run/runner/schaedler.demian.0/overview,761.6,
Tacquard Wilfried,748.0,Wilfried TACQUARD,0.6294117647058823,https://utmb.world/runner/9093.wilfried.tacquard,782.0,Wilfried TACQUARD,0.6294117647058823,https://itra.run/RunnerSpace/TACQUARD.Wilfried/9093,71.26,TACQUARD WILFRIED,1.0,https://www.betrail.run/runner/tacquard.wilfried/overview,761.6,
moutiapoulle gerald,755.0,Gerald MOUTIAPOULLE,0.7421052631578946,https://utmb.world/runner/435537.gerald.moutiapoulle,771.0,Gerald MOUTIAPOULLE,0.7421052631578946,https://itra.run/RunnerSpace/MOUTIAPOULLE.Gerald/435537,78.68,Moutiapoulle Gerald,1.0,https://www.betrail.run/runner/moutiapoulle.gerald/overview,761.4000000000001,
Fontaine Romain,735.0,Romain FONTAINE,0.6733333333333333,https://utmb.world/runner/1179547.romain.fontaine,790.0,Romain FONTAINE,0.6733333333333333,https://itra.run/RunnerSpace/FONTAINE.Romain/1179547,76.98,FONTAINE ROMAIN,1.0,https://www.betrail.run/runner/fontaine.romain.3/overview,757.0,
GIRARD Clément,733.0,Clément GIRARD,0.6499999999999999,https://utmb.world/runner/2599045.clement.girard,781.0,Clement GIRARD,0.6499999999999999,https://itra.run/RunnerSpace/GIRARD.Clement/2599045,70.07,GIRARD CLEMENT,1.0,https://www.betrail.run/runner/girard.clement.1/overview,752.2,
robin thomas,752.0,Robin THOMAS,1.0,https://utmb.world/runner/1757235.robin.thomas,752.0,Robin THOMAS,1.0,https://itra.run/RunnerSpace/THOMAS.Robin/1757235,71.02,THOMAS ROBIN,1.0,https://www.betrail.run/runner/thomas.robin.2/overview,752.0,
Serre Florian,739.0,Florian SERRE,0.6769230769230768,https://utmb.world/runner/2029179.florian.serre,771.0,Florian SERRE,0.6769230769230768,https://itra.run/RunnerSpace/SERRE.Florian/2029179,72.76,SERRE FLORIAN,1.0,https://www.betrail.run/runner/serre.florian.0/overview,751.8,
Beugnot Vincent,737.0,Vincent BEUGNOT,0.6266666666666667,https://utmb.world/runner/3447705.vincent.beugnot,773.0,Vincent BEUGNOT,0.6266666666666667,https://itra.run/RunnerSpace/BEUGNOT.Vincent/3447705,77.25,BEUGNOT VINCENT,1.0,https://www.betrail.run/runner/beugnot.vincent.0/overview,751.4000000000001,
Raitiere David,754.0,David RAITIERE,0.7,https://utmb.world/runner/1066673.david.raitiere,744.0,David RAITIERE,0.7,https://itra.run/RunnerSpace/RAITIERE.David/1066673,,,,,750.0,
Bohard Manon,739.0,Manon BOHARD CAILLER,0.6499999999999999,https://utmb.world/runner/896047.manon.bohardcailler,761.0,Manon BOHARD,0.6499999999999999,https://itra.run/RunnerSpace/BOHARD.Manon/896047,74.49,BOHARD Manon,1.0,https://www.betrail.run/runner/bohard.cailler.manon/overview,747.8,
GUIGNARD Paul-Ely,742.0,Paul-Ely GUIGNARD,0.6294117647058823,https://utmb.world/runner/681049.paulely.guignard,754.0,Paul Ely GUIGNARD,0.6294117647058823,https://itra.run/RunnerSpace/GUIGNARD.Paul Ely/681049,70.31,GUIGNARD PAUL ELY,1.0,https://www.betrail.run/runner/guignard.paul.ely/overview,746.8,
AVOTRANIAINA Tahirinirina Jeannot,737.0,Tahirinirina Jeannot AVOTRANIAINA,0.7242424242424242,https://utmb.world/runner/4611094.tahirinirinajeannot.avotraniaina,759.0,Tahirinirina Jeannot AVOTRANIAINA,0.7242424242424242,https://itra.run/RunnerSpace/AVOTRANIAINA.Tahirinirina Jeannot/4518791,78.01,AVOTRANIAINA TAHIRINIRINA JEANNOT,1.0,https://www.betrail.run/runner/avotraniaina.tahirinirina.jeannot/overview,745.8,
Filain Gregory,731.0,Gregory FILAIN,0.6499999999999999,https://utmb.world/runner/3392051.gregory.filain,756.0,Gregory FILAIN,0.6499999999999999,https://itra.run/RunnerSpace/FILAIN.Gregory/4940184,75.52,FILAIN GREGORY,1.0,https://www.betrail.run/runner/filain.gregory/overview,741.0,
FLECHOUX Bastien,730.0,Bastien FLECHOUX,0.6499999999999999,https://utmb.world/runner/2098897.bastien.flechoux,753.0,Bastien FLECHOUX,0.6499999999999999,https://itra.run/RunnerSpace/FLECHOUX.Bastien/2098897,71.13,FLECHOUX Bastien,1.0,https://www.betrail.run/runner/flechoux.bastien/overview,739.2,
Dejemeppe Julien,733.0,Julien DEJEMEPPE,0.69375,https://utmb.world/runner/4486694.julien.dejemeppe,746.0,Julien DEJEMEPPE,0.69375,https://itra.run/RunnerSpace/DEJEMEPPE.Julien/4405244,70.95,DEJEMEPPE JULIEN,1.0,https://www.betrail.run/runner/dejemeppe.julien/overview,738.2,
de Chanterac Jacques,734.0,Jacques DE CHANTERAC,0.72,https://utmb.world/runner/6842706.jacques.dechanterac,,,,,73.87,DE CHANTÉRAC JACQUES,1.0,https://www.betrail.run/runner/de.chanterac.jacques/overview,734.0,ITRA not found
Bes Agathe,727.0,Agathe BES,0.72,https://utmb.world/runner/1091107.agathe.bes,743.0,Agathe BES,0.72,https://itra.run/RunnerSpace/BES.Agathe/1091107,72.99,BES AGATHE,1.0,https://www.betrail.run/runner/bes.agathe/overview,733.4,
DEBOUT Nicolas,736.0,Nicolas DEBOUT,0.6499999999999999,https://utmb.world/runner/4238771.nicolas.debout,716.0,Nicolas DEBOUT,0.6499999999999999,https://itra.run/RunnerSpace/DEBOUT.Nicolas/4346718,,,,,728.0,
LOPEO Aubin,728.0,Aubin LOPEO,0.6181818181818182,https://utmb.world/runner/1260119.aubin.lopeo,728.0,Aubin LOPEO,0.6181818181818182,https://itra.run/RunnerSpace/LOPEO.Aubin/1260119,70.78,LOPEO AUBIN,1.0,https://www.betrail.run/runner/lopeo.aubin/overview,728.0,
Antila Johanna,727.0,Johanna ANTILA,0.6499999999999999,https://utmb.world/runner/3421721.johanna.antila,,,,,71.83,ANTILA JOHANNA,1.0,https://www.betrail.run/runner/antila.johanna/overview,727.0,ITRA unavailable: ITRA lookup failed: /api/runner/find HTTP 403; /api/runner/findByName HTTP 403
Despres Louis,724.0,Louis DESPRES,0.6769230769230768,https://utmb.world/runner/5320324.louis.despres,,,,,74.53,DESPRES LOUIS,1.0,https://www.betrail.run/runner/despres.louis/overview,724.0,ITRA unavailable: ITRA lookup failed: /api/runner/find HTTP 403; /api/runner/findByName HTTP 403
MERCIER Lionel,723.0,Lionel MERCIER,0.6499999999999999,https://utmb.world/runner/820490.lionel.mercier,,,,,73.26,MERCIER LIONEL,1.0,https://www.betrail.run/runner/mercier.lionel.0/overview,723.0,ITRA unavailable: ITRA lookup failed: /api/runner/find HTTP 403; /api/runner/findByName HTTP 403
HITZIGER Alex,722.0,Alex HITZIGER,0.7307692307692308,https://utmb.world/runner/7889174.alex.hitziger,,,,,,,,,722.0,ITRA unavailable: ITRA lookup failed: /api/runner/find HTTP 403; /api/runner/findByName HTTP 403
Quesnel Emmanuel,721.0,Emmanuel QUESNEL,0.6499999999999999,https://utmb.world/runner/4203429.emmanuel.quesnel,,,,,72.98,QUESNEL EMMANUEL,1.0,https://www.betrail.run/runner/quesnel.emmanuel/overview,721.0,ITRA unavailable: ITRA lookup failed: /api/runner/find HTTP 403; /api/runner/findByName HTTP 403
Clark Alyssa,720.0,Alyssa CLARK,0.6499999999999999,https://utmb.world/runner/2196387.alyssa.clark,,,,,74.99,CLARK ALYSSA,1.0,https://www.betrail.run/runner/clark.alyssa/overview,720.0,ITRA unavailable: ITRA lookup failed: /api/runner/find HTTP 403; /api/runner/findByName HTTP 403
Tullier Nicolas,718.0,Nicolas TULLIER,0.6266666666666667,https://utmb.world/runner/236130.nicolas.tullier,,,,,69.28,TULLIER NICOLAS,1.0,https://www.betrail.run/runner/tullier.nicolas/overview,718.0,ITRA unavailable: ITRA lookup failed: /api/runner/find HTTP 403; /api/runner/findByName HTTP 403
CELLARD Guillaume,716.0,Guillaume CELLARD,0.6705882352941176,https://utmb.world/runner/5596680.guillaume.cellard,,,,,71.42,CELLARD GUILLAUME,1.0,https://www.betrail.run/runner/cellard.guillaume/overview,716.0,ITRA unavailable: ITRA lookup failed: /api/runner/find HTTP 403; /api/runner/findByName HTTP 403 (stopped after 8 consecutive failures)
DAUVERGNE Nicolas,716.0,Nicolas DAUVERGNE,0.6705882352941176,https://utmb.world/runner/595180.nicolas.dauvergne,,,,,69.99,DAUVERGNE NICOLAS,1.0,https://www.betrail.run/runner/dauvergne.nicolas.1/overview,716.0,ITRA unavailable: ITRA lookup failed: /api/runner/find HTTP 403; /api/runner/findByName HTTP 403 (stopped after 8 consecutive failures)
Garcia Sergio,715.0,Sergio GARCIA VERGARA,0.7117647058823529,https://utmb.world/runner/4413616.sergio.garciavergara,,,,,,,,,715.0,ITRA unavailable: ITRA lookup failed: /api/runner/find HTTP 403; /api/runner/findByName HTTP 403 (stopped after 8 consecutive failures)
Kérourédan Lionel,714.0,Lionel KEROUREDAN,0.7117647058823529,https://utmb.world/runner/279613.lionel.kerouredan,,,,,68.62,KEROUREDAN LIONEL,1.0,https://www.betrail.run/runner/kerouredan.lionel/overview,714.0,ITRA unavailable: ITRA lookup failed: /api/runner/find HTTP 403; /api/runner/findByName HTTP 403 (stopped after 8 consecutive failures)
Le garff Thibault,714.0,Thibault LE GARFF,0.6294117647058823,https://utmb.world/runner/2252761.thibault.legarff,,,,,68.57,LE GARFF THIBAULT,1.0,https://www.betrail.run/runner/le.garff.thibault/overview,714.0,ITRA unavailable: ITRA lookup failed: /api/runner/find HTTP 403; /api/runner/findByName HTTP 403 (stopped after 8 consecutive failures)
MORIZUR Guillaume,713.0,Guillaume MORIZUR,0.6705882352941176,https://utmb.world/runner/5501556.guillaume.morizur,,,,,71.87,MORIZUR GUILLAUME,1.0,https://www.betrail.run/runner/morizur.guillaume/overview,713.0,ITRA unavailable: ITRA lookup failed: /api/runner/find HTTP 403; /api/runner/findByName HTTP 403 (stopped after 8 consecutive failures)
Isler Valentin,711.0,Valentin ISLER,0.7,https://utmb.world/runner/2111901.valentin.isler,,,,,73.08,ISLER VALENTIN,1.0,https://www.betrail.run/runner/isler.valentin/overview,711.0,ITRA unavailable: ITRA lookup failed: /api/runner/find HTTP 403; /api/runner/findByName HTTP 403 (stopped after 8 consecutive failures)
PESENTI Thibault,711.0,Thibault PESENTI,0.6499999999999999,https://utmb.world/runner/766751.thibault.pesenti,,,,,75.09,PESENTI THIBAULT,1.0,https://www.betrail.run/runner/pesenti.thibault/overview,711.0,ITRA unavailable: ITRA lookup failed: /api/runner/find HTTP 403; /api/runner/findByName HTTP 403 (stopped after 8 consecutive failures)
Dournel Yannick,710.0,Yannick DOURNEL,0.6266666666666667,https://utmb.world/runner/1369497.yannick.dournel,,,,,72.97,DOURNEL YANNICK,1.0,https://www.betrail.run/runner/dournel.yannick/overview,710.0,ITRA unavailable: ITRA lookup failed: /api/runner/find HTTP 403; /api/runner/findByName HTTP 403 (stopped after 8 consecutive failures)
LAFFITTE Matthieu,710.0,Matthieu LAFFITTE,0.6294117647058823,https://utmb.world/runner/5196955.matthieu.laffitte,,,,,69.4,LAFFITTE MATTHIEU,1.0,https://www.betrail.run/runner/laffitte.matthieu/overview,710.0,ITRA unavailable: ITRA lookup failed: /api/runner/find HTTP 403; /api/runner/findByName HTTP 403 (stopped after 8 consecutive failures)
Turcaud Benjamin,710.0,Benjamin TURCAUD,0.6499999999999999,https://utmb.world/runner/3085199.benjamin.turcaud,,,,,73.18,TURCAUD BENJAMIN,1.0,https://www.betrail.run/runner/turcaud.benjamin/overview,710.0,ITRA unavailable: ITRA lookup failed: /api/runner/find HTTP 403; /api/runner/findByName HTTP 403 (stopped after 8 consecutive failures)
Boquet Matthieu,709.0,Matthieu BOQUET,0.6733333333333333,https://utmb.world/runner/3058137.matthieu.boquet,,,,,74.65,BOQUET MATTHIEU,1.0,https://www.betrail.run/runner/boquet.matthieu/overview,709.0,ITRA unavailable: ITRA lookup failed: /api/runner/find HTTP 403; /api/runner/findByName HTTP 403 (stopped after 8 consecutive failures)
Verissimo Florian,709.0,Florian VERISSIMO,0.6705882352941176,https://utmb.world/runner/4375696.florian.verissimo,,,,,71.31,VERISSIMO FLORIAN,1.0,https://www.betrail.run/runner/verissimo.florian/overview,709.0,ITRA unavailable: ITRA lookup failed: /api/runner/find HTTP 403; /api/runner/findByName HTTP 403 (stopped after 8 consecutive failures)
Dejonckheere Benjamin,708.0,Benjamin DEJONCKHEERE,0.7,https://utmb.world/runner/4162268.benjamin.dejonckheere,,,,,70.34,DEJONCKHEERE BENJAMIN,1.0,https://www.betrail.run/runner/dejonckheere.benjamin/overview,708.0,ITRA unavailable: ITRA lookup failed: /api/runner/find HTTP 403; /api/runner/findByName HTTP 403 (stopped after 8 consecutive failures)
Barrau Fabien,707.0,Fabien BARRAU,0.6230769230769231,https://utmb.world/runner/367025.fabien.barrau,,,,,,,,,707.0,ITRA unavailable: ITRA lookup failed: /api/runner/find HTTP 403; /api/runner/findByName HTTP 403 (stopped after 8 consecutive failures)
Guillemin Ludovic,706.0,Ludovic GUILLEMIN,0.6705882352941176,https://utmb.world/runner/3507165.ludovic.guillemin,,,,,,,,,706.0,ITRA unavailable: ITRA lookup failed: /api/runner/find HTTP 403; /api/runner/findByName HTTP 403 (stopped after 8 consecutive failures)
Wilhem Ariane,706.0,Ariane WILHEM,0.6230769230769231,https://utmb.world/runner/1523695.ariane.wilhem,,,,,73.66,WILHEM ARIANE,1.0,https://www.betrail.run/runner/wilhem.ariane/overview,706.0,ITRA unavailable: ITRA lookup failed: /api/runner/find HTTP 403; /api/runner/findByName HTTP 403 (stopped after 8 consecutive failures)
ABAS Frédéric,704.0,Frederic ABAS,0.7307692307692308,https://utmb.world/runner/240693.frederic.abas,,,,,69.19,ABAS FREDERIC,1.0,https://www.betrail.run/runner/abas.frederic/overview,704.0,ITRA unavailable: ITRA lookup failed: /api/runner/find HTTP 403; /api/runner/findByName HTTP 403; /api/runner/find HTTP 403; /api/runner/findByName HTTP 403
Fontaine Bruno,704.0,Bruno FONTAINE,0.7,https://utmb.world/runner/1608993.bruno.fontaine,,,,,,,,,704.0,ITRA unavailable: ITRA lookup failed: /api/runner/find HTTP 403; /api/runner/findByName HTTP 403 (stopped after 8 consecutive failures)
Planchat Alban,703.0,Alban PLANCHAT,0.7,https://utmb.world/runner/1209055.alban.planchat,,,,,,,,,703.0,ITRA unavailable: ITRA lookup failed: /api/runner/find HTTP 403; /api/runner/findByName HTTP 403 (stopped after 8 consecutive failures)
Delasoie Mélanie,701.0,Mélanie DELASOIE,0.6499999999999999,https://utmb.world/runner/3750855.melanie.delasoie,,,,,73.79,DELASOIE MéLANIE,1.0,https://www.betrail.run/runner/delasoie.melanie/overview,701.0,ITRA unavailable: ITRA lookup failed: /api/runner/find HTTP 403; /api/runner/findByName HTTP 403 (stopped after 8 consecutive failures)
PAULY Jocelyne,701.0,Jocelyne PAULY,0.7,https://utmb.world/runner/437071.jocelyne.pauly,,,,,68.87,PAULY JOCELYNE,1.0,https://www.betrail.run/runner/pauly.jocelyne/overview,701.0,ITRA unavailable: ITRA lookup failed: /api/runner/find HTTP 403; /api/runner/findByName HTTP 403 (stopped after 8 consecutive failures)
BALET Yoann,699.0,Yoann BALET,0.6181818181818182,https://utmb.world/runner/1627593.yoann.balet,,,,,,,,,699.0,ITRA unavailable: ITRA lookup failed: /api/runner/find HTTP 403; /api/runner/findByName HTTP 403 (stopped after 8 consecutive failures)
Damiani Romain,698.0,Romain DAMIANI,0.6499999999999999,https://utmb.world/runner/864036.romain.damiani,,,,,,,,,698.0,ITRA unavailable: ITRA lookup failed: /api/runner/find HTTP 403; /api/runner/findByName HTTP 403 (stopped after 8 consecutive failures)
JEAN-LOUIS Sylvain,698.0,Jean Louis LALLICAN,0.7675675675675675,https://utmb.world/runner/3231345.jeanlouis.lallican,,,,,,,,,698.0,ITRA unavailable: ITRA lookup failed: /api/runner/find HTTP 403; /api/runner/findByName HTTP 403 (stopped after 8 consecutive failures)
Postaire Benjamin,698.0,Benjamin POSTAIRE,0.6294117647058823,https://utmb.world/runner/202667.benjamin.postaire,,,,,75.76,POSTAIRE BENJAMIN,1.0,https://www.betrail.run/runner/postaire.benjamin/overview,698.0,ITRA unavailable: ITRA lookup failed: /api/runner/find HTTP 403; /api/runner/findByName HTTP 403 (stopped after 8 consecutive failures)
bannwarth claire,696.0,Claire BANNWARTH,0.69375,https://utmb.world/runner/1157897.claire.bannwarth,,,,,70.32,BANNWARTH CLAIRE,1.0,https://www.betrail.run/runner/bannwarth.claire/overview,696.0,ITRA unavailable: ITRA lookup failed: /api/runner/find HTTP 403; /api/runner/findByName HTTP 403 (stopped after 8 consecutive failures)
PRIGENT Mael,695.0,Mael PRIGENT,0.7083333333333333,https://utmb.world/runner/94.mael.prigent,,,,,69.13,PRIGENT MAEL,1.0,https://www.betrail.run/runner/prigent.mael/overview,695.0,ITRA unavailable: ITRA lookup failed: /api/runner/find HTTP 403; /api/runner/findByName HTTP 403 (stopped after 8 consecutive failures)
Dossot Edouard,694.0,Edouard DOSSOT,0.6499999999999999,https://utmb.world/runner/6725731.edouard.dossot,,,,,,,,,694.0,ITRA unavailable: ITRA lookup failed: /api/runner/find HTTP 403; /api/runner/findByName HTTP 403 (stopped after 8 consecutive failures)
GAUDINAUD Thomas,692.0,Thomas GAUDINAUD,0.69375,https://utmb.world/runner/3392793.thomas.gaudinaud,,,,,68.18,GAUDINAUD THOMAS,1.0,https://www.betrail.run/runner/gaudinaud.thomas/overview,692.0,ITRA unavailable: ITRA lookup failed: /api/runner/find HTTP 403; /api/runner/findByName HTTP 403 (stopped after 8 consecutive failures)
Dehee Victor,690.0,Victor DEHEE,0.6499999999999999,https://utmb.world/runner/1335233.victor.dehee,,,,,,,,,690.0,ITRA unavailable: ITRA lookup failed: /api/runner/find HTTP 403; /api/runner/findByName HTTP 403 (stopped after 8 consecutive failures)
Mathieu Jonathan,690.0,Jonathan MATHIEU,0.6499999999999999,https://utmb.world/runner/1039983.jonathan.mathieu,,,,,,,,,690.0,ITRA unavailable: ITRA lookup failed: /api/runner/find HTTP 403; /api/runner/findByName HTTP 403 (stopped after 8 consecutive failures)
MAROTEAUX Emilie,689.0,Emilie MAROTEAUX,0.69375,https://utmb.world/runner/725276.emilie.maroteaux,,,,,,,,,689.0,ITRA unavailable: ITRA lookup failed: /api/runner/find HTTP 403; /api/runner/findByName HTTP 403 (stopped after 8 consecutive failures)
Martin MATTHIEU,689.0,Matthieu MARTIN,0.6733333333333333,https://utmb.world/runner/4900986.matthieu.martin,,,,,,,,,689.0,ITRA unavailable: ITRA lookup failed: /api/runner/find HTTP 403; /api/runner/findByName HTTP 403 (stopped after 8 consecutive failures)
Bruel julien,688.0,Julien BRUEL,0.6499999999999999,https://utmb.world/runner/316066.julien.bruel,,,,,69.72,BRUEL JULIEN,1.0,https://www.betrail.run/runner/bruel.julien/overview,688.0,ITRA unavailable: ITRA lookup failed: /api/runner/find HTTP 403; /api/runner/findByName HTTP 403 (stopped after 8 consecutive failures)
LE BARRE Baptiste,688.0,Baptiste LE BARRE,0.6294117647058823,https://utmb.world/runner/4227895.baptiste.lebarre,,,,,,,,,688.0,ITRA unavailable: ITRA lookup failed: /api/runner/find HTTP 403; /api/runner/findByName HTTP 403 (stopped after 8 consecutive failures)
RUSSIER Fabien,688.0,Fabien RUSSIER,0.6499999999999999,https://utmb.world/runner/155554.fabien.russier,,,,,,,,,688.0,ITRA unavailable: ITRA lookup failed: /api/runner/find HTTP 403; /api/runner/findByName HTTP 403 (stopped after 8 consecutive failures)
hemon mickael,687.0,Mickael HEMON,0.6769230769230768,https://utmb.world/runner/102843.mickael.hemon,,,,,,,,,687.0,ITRA unavailable: ITRA lookup failed: /api/runner/find HTTP 403; /api/runner/findByName HTTP 403 (stopped after 8 consecutive failures)
Michaud Tristan,687.0,Tristan MICHAUD,0.6266666666666667,https://utmb.world/runner/553450.tristan.michaud,,,,,,,,,687.0,ITRA unavailable: ITRA lookup failed: /api/runner/find HTTP 403; /api/runner/findByName HTTP 403 (stopped after 8 consecutive failures)
Poisson Guillaume,687.0,Guillaume POISSON,0.6705882352941176,https://utmb.world/runner/6231196.guillaume.poisson,,,,,,,,,687.0,ITRA unavailable: ITRA lookup failed: /api/runner/find HTTP 403; /api/runner/findByName HTTP 403 (stopped after 8 consecutive failures)
Avenel Maxime,684.0,Maxime AVENEL,0.6230769230769231,https://utmb.world/runner/1010125.maxime.avenel,,,,,,,,,684.0,ITRA unavailable: ITRA lookup failed: /api/runner/find HTTP 403; /api/runner/findByName HTTP 403 (stopped after 8 consecutive failures)
Renda Mathieu,684.0,Mathieu RENDA,0.6769230769230768,https://utmb.world/runner/2646207.mathieu.renda,,,,,,,,,684.0,ITRA unavailable: ITRA lookup failed: /api/runner/find HTTP 403; /api/runner/findByName HTTP 403 (stopped after 8 consecutive failures)
TOULCANON Alexandre,684.0,Alexandre TOULCANON,0.631578947368421,https://utmb.world/runner/157014.alexandre.toulcanon,,,,,71.58,TOULCANON Alexandre,1.0,https://www.betrail.run/runner/toulcanon.alexandre/overview,684.0,ITRA unavailable: ITRA lookup failed: /api/runner/find HTTP 403; /api/runner/findByName HTTP 403 (stopped after 8 consecutive failures)
Cordesse Guylain,683.0,Guylain CORDESSE,0.6499999999999999,https://utmb.world/runner/4267280.guylain.cordesse,,,,,,,,,683.0,ITRA unavailable: ITRA lookup failed: /api/runner/find HTTP 403; /api/runner/findByName HTTP 403 (stopped after 8 consecutive failures)
GOMES Arnaud,683.0,Arnaud GOMES,0.6499999999999999,https://utmb.world/runner/3111379.arnaud.gomes,,,,,,,,,683.0,ITRA unavailable: ITRA lookup failed: /api/runner/find HTTP 403; /api/runner/findByName HTTP 403 (stopped after 8 consecutive failures)
Hinault GUENOEL,683.0,Guenoel HINAULT,0.6266666666666667,https://utmb.world/runner/578275.guenoel.hinault,,,,,,,,,683.0,ITRA unavailable: ITRA lookup failed: /api/runner/find HTTP 403; /api/runner/findByName HTTP 403 (stopped after 8 consecutive failures)
Perin Logan,683.0,Logan PERIN,0.6181818181818182,https://utmb.world/runner/1388451.logan.perin,,,,,70.32,PERIN LOGAN,1.0,https://www.betrail.run/runner/perin.logan/overview,683.0,ITRA unavailable: ITRA lookup failed: /api/runner/find HTTP 403; /api/runner/findByName HTTP 403 (stopped after 8 consecutive failures)
Lozano Adan,682.0,Adan LOZANO,0.6818181818181818,https://utmb.world/runner/483413.adan.lozano,,,,,68.19,LOZANO ADAN,1.0,https://www.betrail.run/runner/lozano.adan/overview,682.0,ITRA unavailable: ITRA lookup failed: /api/runner/find HTTP 403; /api/runner/findByName HTTP 403 (stopped after 8 consecutive failures)
Sautron cédric,682.0,Cedric SAUTRON,0.6499999999999999,https://utmb.world/runner/444376.cedric.sautron,,,,,,,,,682.0,ITRA unavailable: ITRA lookup failed: /api/runner/find HTTP 403; /api/runner/findByName HTTP 403 (stopped after 8 consecutive failures)
MICHEL Nicolas,681.0,Nicolas MICHEL,0.6499999999999999,https://utmb.world/runner/3208907.nicolas.michel,,,,,,,,,681.0,ITRA unavailable: ITRA lookup failed: /api/runner/find HTTP 403; /api/runner/findByName HTTP 403 (stopped after 8 consecutive failures)
vivien geoffrey,681.0,Geoffrey VIVIEN,0.6733333333333333,https://utmb.world/runner/324331.geoffrey.vivien,,,,,69.07,VIVIEN GEOFFREY,1.0,https://www.betrail.run/runner/vivien.geoffrey/overview,681.0,ITRA unavailable: ITRA lookup failed: /api/runner/find HTTP 403; /api/runner/findByName HTTP 403 (stopped after 8 consecutive failures)
Coutty Yann,680.0,Yann COUTTY,0.6818181818181818,https://utmb.world/runner/10656.yann.coutty,,,,,,,,,680.0,ITRA skipped because UTMB 680.0 <= threshold 680.0
FLANDIN Thibaut,680.0,Thibaut FLANDIN,0.6266666666666667,https://utmb.world/runner/3062511.thibaut.flandin,,,,,,,,,680.0,ITRA skipped because UTMB 680.0 <= threshold 680.0
Telmar Didier,680.0,Didier TELMAR,0.6230769230769231,https://utmb.world/runner/336918.didier.telmar,,,,,,,,,680.0,ITRA skipped because UTMB 680.0 <= threshold 680.0
bayol romain,679.0,Romain BAYOL,0.6499999999999999,https://utmb.world/runner/210146.romain.bayol,,,,,69.41,BAYOL ROMAIN,1.0,https://www.betrail.run/runner/bayol.romain/overview,679.0,ITRA skipped because UTMB 679.0 <= threshold 680.0
codron franck,679.0,Franck CODRON,0.6230769230769231,https://utmb.world/runner/1179707.franck.codron,,,,,69.66,CODRON FRANCK,1.0,https://www.betrail.run/runner/codron.franck.0/overview,679.0,ITRA skipped because UTMB 679.0 <= threshold 680.0
Gauthier Guillaume,679.0,Guillaume GAUTHIER,0.6499999999999999,https://utmb.world/runner/4818588.guillaume.gauthier,,,,,,,,,679.0,ITRA skipped because UTMB 679.0 <= threshold 680.0
ROLLAND Fabien,679.0,Fabien ROLLAND,0.6499999999999999,https://utmb.world/runner/2699779.fabien.rolland,,,,,,,,,679.0,ITRA skipped because UTMB 679.0 <= threshold 680.0
Chauveau Guillaume,678.0,Guillaume CHAUVEAU,0.6499999999999999,https://utmb.world/runner/492016.guillaume.chauveau,,,,,69.61,CHAUVEAU GUILLAUME,1.0,https://www.betrail.run/runner/chauveau.guillaume.1/overview,678.0,ITRA skipped because UTMB 678.0 <= threshold 680.0
Deborde Quentin,678.0,Quentin DEBORDE,0.6266666666666667,https://utmb.world/runner/2365409.quentin.deborde,,,,,,,,,678.0,ITRA skipped because UTMB 678.0 <= threshold 680.0
LEBLANC Sébastien,678.0,Sébastien LEBLANC,0.6705882352941176,https://utmb.world/runner/2365417.sebastien.leblanc,,,,,,,,,678.0,ITRA skipped because UTMB 678.0 <= threshold 680.0
BOISNARD Maxime,677.0,Maxime BOISNARD,0.6733333333333333,https://utmb.world/runner/371602.maxime.boisnard,,,,,,,,,677.0,ITRA skipped because UTMB 677.0 <= threshold 680.0
HARDY MATHIEU,677.0,Mathieu HARDY,0.6769230769230768,https://utmb.world/runner/1941987.mathieu.hardy,,,,,,,,,677.0,ITRA skipped because UTMB 677.0 <= threshold 680.0
picaut maxime,676.0,Maxime PICAUT,0.6230769230769231,https://utmb.world/runner/1277893.maxime.picaut,,,,,,,,,676.0,ITRA skipped because UTMB 676.0 <= threshold 680.0
Régnier Julien,676.0,Julien REGNIER,0.6499999999999999,https://utmb.world/runner/6049258.julien.regnier,,,,,,,,,676.0,ITRA skipped because UTMB 676.0 <= threshold 680.0
Richeux Benoit,676.0,Benoit RICHEUX,0.6499999999999999,https://utmb.world/runner/3026515.benoit.richeux,,,,,,,,,676.0,ITRA skipped because UTMB 676.0 <= threshold 680.0
Masurel Théo,674.0,Théo MASUREL,0.7083333333333333,https://utmb.world/runner/4901236.theo.masurel,,,,,70.49,MASUREL THÉO,1.0,https://www.betrail.run/runner/masurel.theo/overview,674.0,ITRA skipped because UTMB 674.0 <= threshold 680.0
MUSARD Emilien,672.0,Emilien MUSARD,0.6499999999999999,https://utmb.world/runner/1374439.emilien.musard,,,,,69.02,MUSARD EMILIEN,1.0,https://www.betrail.run/runner/musard.emilien/overview,672.0,ITRA skipped because UTMB 672.0 <= threshold 680.0
castineira christophe,671.0,Christophe CASTINEIRA,0.6333333333333333,https://utmb.world/runner/4327278.christophe.castineira,,,,,,,,,671.0,ITRA skipped because UTMB 671.0 <= threshold 680.0
DURAND Damien,671.0,Damien DURAND,0.6230769230769231,https://utmb.world/runner/980983.damien.durand,,,,,,,,,671.0,ITRA skipped because UTMB 671.0 <= threshold 680.0
ROBERT Johnny,671.0,Johnny ROBERT,0.6230769230769231,https://utmb.world/runner/1746495.johnny.robert,,,,,,,,,671.0,ITRA skipped because UTMB 671.0 <= threshold 680.0
Marchand Adrien,670.0,Adrien MARCHAND,0.6733333333333333,https://utmb.world/runner/6865950.adrien.marchand,,,,,,,,,670.0,ITRA skipped because UTMB 670.0 <= threshold 680.0
MAYNIEL Laura,668.0,Laura MAYNIEL,0.6769230769230768,https://utmb.world/runner/1545003.laura.mayniel,,,,,,,,,668.0,ITRA skipped because UTMB 668.0 <= threshold 680.0
Brodin Theo,667.0,Théo BRODIN,0.6818181818181818,https://utmb.world/runner/5613280.theo.brodin,,,,,,,,,667.0,ITRA skipped because UTMB 667.0 <= threshold 680.0
BROUCHET Edouard,667.0,Edouard BROUCHET,0.6499999999999999,https://utmb.world/runner/5996174.edouard.brouchet,,,,,68.25,BROUCHET EDOUARD,1.0,https://www.betrail.run/runner/brouchet.edouard/overview,667.0,ITRA skipped because UTMB 667.0 <= threshold 680.0
Blanchard Thomas,666.0,Thomas BLANCHARD,0.69375,https://utmb.world/runner/5241520.thomas.blanchard,,,,,,,,,666.0,ITRA skipped because UTMB 666.0 <= threshold 680.0
LAURET JEAN-MICKAEL,666.0,Jean Mickael LAURET,0.7421052631578946,https://utmb.world/runner/151932.jeanmickael.lauret,,,,,,,,,666.0,ITRA skipped because UTMB 666.0 <= threshold 680.0
Perron Antonin,666.0,Antonin PERRON,0.6499999999999999,https://utmb.world/runner/2034301.antonin.perron,,,,,,,,,666.0,ITRA skipped because UTMB 666.0 <= threshold 680.0
BAROCHE THIBAULT,665.0,Thibault BAROCHE,0.6499999999999999,https://utmb.world/runner/324392.thibault.baroche,,,,,,,,,665.0,ITRA skipped because UTMB 665.0 <= threshold 680.0
Breuille Raphaël,665.0,Raphael BREUILLE,0.6499999999999999,https://utmb.world/runner/1003693.raphael.breuille,,,,,,,,,665.0,ITRA skipped because UTMB 665.0 <= threshold 680.0
LIN-WEE-KUAN Cyril,665.0,Cyril LIN-WEE-KUAN,0.7666666666666666,https://utmb.world/runner/139938.cyril.linweekuan,,,,,,,,,665.0,ITRA skipped because UTMB 665.0 <= threshold 680.0
BOS AURELIEN,664.0,Aurelien BOS,0.7666666666666666,https://utmb.world/runner/2080145.aurelien.bos,,,,,,,,,664.0,ITRA skipped because UTMB 664.0 <= threshold 680.0
Courand Alexy,664.0,Alexy COURAND,0.6769230769230768,https://utmb.world/runner/3985289.alexy.courand,,,,,,,,,664.0,ITRA skipped because UTMB 664.0 <= threshold 680.0
DEMONCY RICHARD,664.0,Richard DEMONCY,0.6266666666666667,https://utmb.world/runner/4732898.richard.demoncy,,,,,,,,,664.0,ITRA skipped because UTMB 664.0 <= threshold 680.0
Janod Marie,664.0,Marie JANOD,0.6181818181818182,https://utmb.world/runner/1732325.marie.janod,,,,,,,,,664.0,ITRA skipped because UTMB 664.0 <= threshold 680.0
Morel Nicolas,664.0,Nicolas MOREL,0.6769230769230768,https://utmb.world/runner/1920413.nicolas.morel,,,,,,,,,664.0,ITRA skipped because UTMB 664.0 <= threshold 680.0
Vieux Florian,664.0,Florian VIEUX,0.6769230769230768,https://utmb.world/runner/64671.florian.vieux,,,,,,,,,664.0,ITRA skipped because UTMB 664.0 <= threshold 680.0
FELT Guillaume,663.0,Guillaume FELT,0.75,https://utmb.world/runner/4509698.guillaume.felt,,,,,,,,,663.0,ITRA skipped because UTMB 663.0 <= threshold 680.0
GONON François,663.0,Francois GONON,0.7,https://utmb.world/runner/499572.francois.gonon,,,,,,,,,663.0,ITRA skipped because UTMB 663.0 <= threshold 680.0
Legrand Victor,663.0,Victor LEGRAND,0.6499999999999999,https://utmb.world/runner/4596964.victor.legrand,,,,,,,,,663.0,ITRA skipped because UTMB 663.0 <= threshold 680.0
SAURET THOMAS,662.0,Thomas SAURET,0.6230769230769231,https://utmb.world/runner/1893723.thomas.sauret,,,,,,,,,662.0,ITRA skipped because UTMB 662.0 <= threshold 680.0
Deguet Louis,661.0,Louis DEGUET,0.6499999999999999,https://utmb.world/runner/5854048.louis.deguet,,,,,,,,,661.0,ITRA skipped because UTMB 661.0 <= threshold 680.0
Olanier Guillaume,661.0,Guillaume OLANIER,0.6705882352941176,https://utmb.world/runner/4542216.guillaume.olanier,,,,,,,,,661.0,ITRA skipped because UTMB 661.0 <= threshold 680.0
Bombino Andrea,660.0,Andrea BOMBINO,0.6499999999999999,https://utmb.world/runner/5181250.andrea.bombino,,,,,,,,,660.0,ITRA skipped because UTMB 660.0 <= threshold 680.0
ROHART LUDWIG,660.0,Ludwig ROHART,0.6230769230769231,https://utmb.world/runner/978367.ludwig.rohart,,,,,,,,,660.0,ITRA skipped because UTMB 660.0 <= threshold 680.0
BERTHOUMIEU benjamin,659.0,Benjamin BERTHOUMIEU,0.685,https://utmb.world/runner/4509926.benjamin.berthoumieu,,,,,,,,,659.0,ITRA skipped because UTMB 659.0 <= threshold 680.0
Buiron Thomas,659.0,Thomas BUIRON,0.6230769230769231,https://utmb.world/runner/491956.thomas.buiron,,,,,68.38,BUIRON THOMAS,1.0,https://www.betrail.run/runner/buiron.thomas/overview,659.0,ITRA skipped because UTMB 659.0 <= threshold 680.0
Larose Yannick,659.0,Yannick LAROSE,0.6499999999999999,https://utmb.world/runner/2287463.yannick.larose,,,,,,,,,659.0,ITRA skipped because UTMB 659.0 <= threshold 680.0
Lacroix Xavier,658.0,Xavier LACROIX,0.6499999999999999,https://utmb.world/runner/339766.xavier.lacroix,,,,,,,,,658.0,ITRA skipped because UTMB 658.0 <= threshold 680.0
VALLET JEAN LOUIS,658.0,Jean Louis VALLET,0.7117647058823529,https://utmb.world/runner/2349315.jeanlouis.vallet,,,,,,,,,658.0,ITRA skipped because UTMB 658.0 <= threshold 680.0
Guerin Antoine,657.0,Antoine GUERIN,0.6499999999999999,https://utmb.world/runner/5769222.antoine.guerin,,,,,,,,,657.0,ITRA skipped because UTMB 657.0 <= threshold 680.0
Soetens Peter,657.0,Peter SOETENS,0.6769230769230768,https://utmb.world/runner/3996769.peter.soetens,,,,,,,,,657.0,ITRA skipped because UTMB 657.0 <= threshold 680.0
Barreau Alexandre,656.0,Alexandre BARREAU,0.6705882352941176,https://utmb.world/runner/2481491.alexandre.barreau,,,,,,,,,656.0,ITRA skipped because UTMB 656.0 <= threshold 680.0
Filleau François,656.0,Francois FILLEAU,0.6499999999999999,https://utmb.world/runner/522507.francois.filleau,,,,,,,,,656.0,ITRA skipped because UTMB 656.0 <= threshold 680.0
FRANCK Romain,656.0,Franck ROMAIN,1.0,https://utmb.world/runner/4539016.franck.romain,,,,,,,,,656.0,ITRA skipped because UTMB 656.0 <= threshold 680.0
Rigault Matthieu,655.0,Matthieu RIGAULT,0.6499999999999999,https://utmb.world/runner/542441.matthieu.rigault,,,,,,,,,655.0,ITRA skipped because UTMB 655.0 <= threshold 680.0
SIMOES bruno,655.0,Bruno SIMÕES,0.6499999999999999,https://utmb.world/runner/2033223.bruno.simoes,,,,,,,,,655.0,ITRA skipped because UTMB 655.0 <= threshold 680.0
Yvin Erwan,655.0,Erwan YVIN,0.6499999999999999,https://utmb.world/runner/26068.erwan.yvin,,,,,,,,,655.0,ITRA skipped because UTMB 655.0 <= threshold 680.0
Beaussart Rémi,654.0,Remi BEAUSSART,0.75,https://utmb.world/runner/4408780.remi.beaussart,,,,,,,,,654.0,ITRA skipped because UTMB 654.0 <= threshold 680.0
Daigremont Nicolas,654.0,Nicolas DAIGREMONT,0.6888888888888889,https://utmb.world/runner/1337355.nicolas.daigremont,,,,,,,,,654.0,ITRA skipped because UTMB 654.0 <= threshold 680.0
FOURNIER Damien,654.0,Damien FOURNIER,0.6733333333333333,https://utmb.world/runner/2656399.damien.fournier,,,,,,,,,654.0,ITRA skipped because UTMB 654.0 <= threshold 680.0
Lagadeuc Kélian,654.0,Kelian LAGADEUC,0.6733333333333333,https://utmb.world/runner/826677.kelian.lagadeuc,,,,,,,,,654.0,ITRA skipped because UTMB 654.0 <= threshold 680.0
Charollais romain,653.0,Romain CHAROLLAIS,0.7117647058823529,https://utmb.world/runner/1413895.romain.charollais,,,,,,,,,653.0,ITRA skipped because UTMB 653.0 <= threshold 680.0
LABEDE Yannick,653.0,Yannick LABEDE,0.6499999999999999,https://utmb.world/runner/4260619.yannick.labede,,,,,,,,,653.0,ITRA skipped because UTMB 653.0 <= threshold 680.0
Mathon Geoffrey,653.0,Geoffrey MATHON,0.6733333333333333,https://utmb.world/runner/2192353.geoffrey.mathon,,,,,,,,,653.0,ITRA skipped because UTMB 653.0 <= threshold 680.0
Neveu Damien,653.0,Damien NEVEU,0.6499999999999999,https://utmb.world/runner/4338402.damien.neveu,,,,,,,,,653.0,ITRA skipped because UTMB 653.0 <= threshold 680.0
stemart charles,653.0,Charles STEMART,0.6266666666666667,https://utmb.world/runner/6137864.charles.stemart,,,,,,,,,653.0,ITRA skipped because UTMB 653.0 <= threshold 680.0
Arlès Robin,652.0,Robin ARLÈS,0.6181818181818182,https://utmb.world/runner/6667774.robin.arles,,,,,,,,,652.0,ITRA skipped because UTMB 652.0 <= threshold 680.0
Fournel Hugo,652.0,Hugo FOURNEL,0.7083333333333333,https://utmb.world/runner/4197442.hugo.fournel,,,,,,,,,652.0,ITRA skipped because UTMB 652.0 <= threshold 680.0
Justin Oelofsen,652.0,Justin OELOFSEN,1.0,https://utmb.world/runner/3021959.justin.oelofsen,,,,,,,,,652.0,ITRA skipped because UTMB 652.0 <= threshold 680.0
Pernet Jonathan,652.0,Jonathan PERNET,0.6733333333333333,https://utmb.world/runner/2220927.jonathan.pernet,,,,,,,,,652.0,ITRA skipped because UTMB 652.0 <= threshold 680.0
Ravaud Loïc,652.0,Loic RAVAUD,0.6818181818181818,https://utmb.world/runner/4013737.loic.ravaud,,,,,,,,,652.0,ITRA skipped because UTMB 652.0 <= threshold 680.0
Lasserre Cyril,651.0,Cyril LASSERRE,0.7,https://utmb.world/runner/3409967.cyril.lasserre,,,,,,,,,651.0,ITRA skipped because UTMB 651.0 <= threshold 680.0
Pruvot Jerome,651.0,Jerome PRUVOT,0.6230769230769231,https://utmb.world/runner/978393.jerome.pruvot,,,,,,,,,651.0,ITRA skipped because UTMB 651.0 <= threshold 680.0
Lambert Jordan,650.0,Jordan LAMBERT,0.6499999999999999,https://utmb.world/runner/4099835.jordan.lambert,,,,,,,,,650.0,ITRA skipped because UTMB 650.0 <= threshold 680.0
salmon pierrick,650.0,Pierrick SALMON,0.6733333333333333,https://utmb.world/runner/3837147.pierrick.salmon,,,,,,,,,650.0,ITRA skipped because UTMB 650.0 <= threshold 680.0
BERNOU JEROME,649.0,Jérôme BERNOU,0.6230769230769231,https://utmb.world/runner/419356.jerome.bernou,,,,,,,,,649.0,ITRA skipped because UTMB 649.0 <= threshold 680.0
Besnier Antoine,649.0,Antoine BESNIER,0.6266666666666667,https://utmb.world/runner/7352144.antoine.besnier,,,,,,,,,649.0,ITRA skipped because UTMB 649.0 <= threshold 680.0
Cauvin Tony,649.0,Tony CAUVIN,0.6818181818181818,https://utmb.world/runner/2095085.tony.cauvin,,,,,,,,,649.0,ITRA skipped because UTMB 649.0 <= threshold 680.0
Cressent Jonathan,648.0,Jonathan CRESSENT,0.6294117647058823,https://utmb.world/runner/244109.jonathan.cressent,,,,,,,,,648.0,ITRA skipped because UTMB 648.0 <= threshold 680.0
DEVAUD LAURENT,648.0,Laurent DEVAUD,0.6499999999999999,https://utmb.world/runner/6431984.laurent.devaud,,,,,,,,,648.0,ITRA skipped because UTMB 648.0 <= threshold 680.0
Amneskog Tomas,647.0,Tomas AMNESKOG,0.7,https://utmb.world/runner/574228.tomas.amneskog,,,,,,,,,647.0,ITRA skipped because UTMB 647.0 <= threshold 680.0
Damour Jérôme,647.0,Jerome DAMOUR,0.6230769230769231,https://utmb.world/runner/138849.jerome.damour,,,,,,,,,647.0,ITRA skipped because UTMB 647.0 <= threshold 680.0
Imbert Loic,647.0,Loic IMBERT,0.6818181818181818,https://utmb.world/runner/3327247.loic.imbert,,,,,,,,,647.0,ITRA skipped because UTMB 647.0 <= threshold 680.0
Loeuillieux Aubin,646.0,Aubin LOEUILLIEUX,0.7529411764705882,https://utmb.world/runner/4259411.aubin.loeuillieux,,,,,,,,,646.0,ITRA skipped because UTMB 646.0 <= threshold 680.0
marquez nathan,646.0,Nathan MARQUEZ,0.6499999999999999,https://utmb.world/runner/5690368.nathan.marquez,,,,,,,,,646.0,ITRA skipped because UTMB 646.0 <= threshold 680.0
POLLET-VILLARD Benjamin,645.0,Benjamin POLLET VILLARD,0.7260869565217392,https://utmb.world/runner/685438.benjamin.polletvillard,,,,,,,,,645.0,ITRA skipped because UTMB 645.0 <= threshold 680.0
GARCIA Lucas,756.0,Ion GARCÍA LUCAS,0.8999999999999999,https://utmb.world/runner/8229696.ion.garcialucas,476.0,Jose Manuel GARCIA LUCAS,0.7666666666666666,https://itra.run/RunnerSpace/GARCIA LUCAS.Jose Manuel/176086,,,,,644.0,
DELANNOY Elise,644.0,Elise DELANNOY,0.7,https://utmb.world/runner/383825.elise.delannoy,,,,,,,,,644.0,ITRA skipped because UTMB 644.0 <= threshold 680.0
MYOTTE DAVID,644.0,David MYOTTE,0.6499999999999999,https://utmb.world/runner/4205056.david.myotte,,,,,,,,,644.0,ITRA skipped because UTMB 644.0 <= threshold 680.0
PALACIO FLORENT,644.0,Florent PALACIO,0.6266666666666667,https://utmb.world/runner/3410045.florent.palacio,,,,,,,,,644.0,ITRA skipped because UTMB 644.0 <= threshold 680.0
POUZET STÉPHANE,644.0,Stephane POUZET,0.6733333333333333,https://utmb.world/runner/82098.stephane.pouzet,,,,,,,,,644.0,ITRA skipped because UTMB 644.0 <= threshold 680.0
Simon Mickaël,644.0,Mickaël SIMON,0.6769230769230768,https://utmb.world/runner/4856870.mickael.simon,,,,,,,,,644.0,ITRA skipped because UTMB 644.0 <= threshold 680.0
Moreels Guillaume,643.0,Guillaume MOREELS,0.6705882352941176,https://utmb.world/runner/3015223.guillaume.moreels,,,,,,,,,643.0,ITRA skipped because UTMB 643.0 <= threshold 680.0
jehanno Enrique,642.0,Enrique JEHANNO,0.6266666666666667,https://utmb.world/runner/347842.enrique.jehanno,,,,,,,,,642.0,ITRA skipped because UTMB 642.0 <= threshold 680.0
Lebas Alexandre,642.0,Alexandre LEBAS,0.72,https://utmb.world/runner/654707.alexandre.lebas,,,,,,,,,642.0,ITRA skipped because UTMB 642.0 <= threshold 680.0
OBLIN Stéphane,642.0,Stéphane OBLIN,0.7,https://utmb.world/runner/2656167.stephane.oblin,,,,,,,,,642.0,ITRA skipped because UTMB 642.0 <= threshold 680.0
GONZALEZ Léa,641.0,Lea GONZALEZ,0.7666666666666666,https://utmb.world/runner/6624051.lea.gonzalez,,,,,,,,,641.0,ITRA skipped because UTMB 641.0 <= threshold 680.0
PULL Frédéric,641.0,Frédéric PULL,0.7307692307692308,https://utmb.world/runner/5950813.frederic.pull,,,,,,,,,641.0,ITRA skipped because UTMB 641.0 <= threshold 680.0
RAJAONARISON Fredy,641.0,Fredy RAJAONARISON,0.7666666666666666,https://utmb.world/runner/6647846.fredy.rajaonarison,,,,,,,,,641.0,ITRA skipped because UTMB 641.0 <= threshold 680.0
CHARAVEL ERIC,640.0,Eric CHARAVEL,0.7307692307692308,https://utmb.world/runner/460520.eric.charavel,,,,,,,,,640.0,ITRA skipped because UTMB 640.0 <= threshold 680.0
COTTAREL Valentin,640.0,Valentin COTTAREL,0.6294117647058823,https://utmb.world/runner/656758.valentin.cottarel,,,,,,,,,640.0,ITRA skipped because UTMB 640.0 <= threshold 680.0
Hossack Galen,640.0,Galen HOSSACK,0.6769230769230768,https://utmb.world/runner/1742811.galen.hossack,,,,,,,,,640.0,ITRA skipped because UTMB 640.0 <= threshold 680.0
Pelegrin Jeremy,640.0,Jeremy PELEGRIN,0.6733333333333333,https://utmb.world/runner/592187.jeremy.pelegrin,,,,,,,,,640.0,ITRA skipped because UTMB 640.0 <= threshold 680.0
PIECQ Natacha,640.0,Natacha PIECQ,0.6769230769230768,https://utmb.world/runner/4441508.natacha.piecq,,,,,,,,,640.0,ITRA skipped because UTMB 640.0 <= threshold 680.0
CUSSOT SYLVAINE,639.0,Sylvaine CUSSOT,0.6733333333333333,https://utmb.world/runner/5261585.sylvaine.cussot,,,,,,,,,639.0,ITRA skipped because UTMB 639.0 <= threshold 680.0
Floucaud Henri,639.0,Henri FLOUCAUD,0.7,https://utmb.world/runner/946869.henri.floucaud,,,,,,,,,639.0,ITRA skipped because UTMB 639.0 <= threshold 680.0
ROBIN OLIVIER,639.0,Robin OLIVIER,1.0,https://utmb.world/runner/4276785.robin.olivier,,,,,,,,,639.0,ITRA skipped because UTMB 639.0 <= threshold 680.0
CABIBEL cyril,638.0,Cyril CABIBEL,0.6769230769230768,https://utmb.world/runner/697116.cyril.cabibel,,,,,,,,,638.0,ITRA skipped because UTMB 638.0 <= threshold 680.0
Chatry Paul,638.0,Paul CHATRY,0.6818181818181818,https://utmb.world/runner/4857064.paul.chatry,,,,,,,,,638.0,ITRA skipped because UTMB 638.0 <= threshold 680.0
HUCHET Amélie,638.0,Amélie HUCHET,0.6230769230769231,https://utmb.world/runner/7284724.amelie.huchet,,,,,,,,,638.0,ITRA skipped because UTMB 638.0 <= threshold 680.0
QUERE JEREMY,638.0,Jérémy QUÉRÉ,0.6499999999999999,https://utmb.world/runner/1725413.jeremy.quere,,,,,,,,,638.0,ITRA skipped because UTMB 638.0 <= threshold 680.0
Rigaud Yannick,638.0,Yannick RIGAUD,0.6499999999999999,https://utmb.world/runner/639144.yannick.rigaud,,,,,,,,,638.0,ITRA skipped because UTMB 638.0 <= threshold 680.0
Sevaux Grégoire,637.0,Gregoire SEVAUX,0.6733333333333333,https://utmb.world/runner/4234770.gregoire.sevaux,,,,,,,,,637.0,ITRA skipped because UTMB 637.0 <= threshold 680.0
Canino Hemon Aurore,636.0,Aurore CANINO HEMON,0.7421052631578946,https://utmb.world/runner/5773795.aurore.caninohemon,,,,,,,,,636.0,ITRA skipped because UTMB 636.0 <= threshold 680.0
GOMEZ FLORIAN,636.0,Florian GOMEZ,0.6769230769230768,https://utmb.world/runner/448388.florian.gomez,,,,,,,,,636.0,ITRA skipped because UTMB 636.0 <= threshold 680.0
Haag Thomas,636.0,Thomas HAAG,0.6818181818181818,https://utmb.world/runner/423829.thomas.haag,,,,,,,,,636.0,ITRA skipped because UTMB 636.0 <= threshold 680.0
Biotti Charlotte,635.0,Charlotte BIOTTI,0.69375,https://utmb.world/runner/5524773.charlotte.biotti,,,,,,,,,635.0,ITRA skipped because UTMB 635.0 <= threshold 680.0
Foulquier Fabien,635.0,Fabien FOULQUIER,0.69375,https://utmb.world/runner/4438100.fabien.foulquier,,,,,,,,,635.0,ITRA skipped because UTMB 635.0 <= threshold 680.0
Quere Michael,635.0,Michael QUERE,0.6769230769230768,https://utmb.world/runner/6646948.michael.quere,,,,,68.65,QUERE MICHAEL,1.0,https://www.betrail.run/runner/quere.michael/overview,635.0,ITRA skipped because UTMB 635.0 <= threshold 680.0
Arriat Guillaume,634.0,Guillaume ARRIAT,0.69375,https://utmb.world/runner/590242.guillaume.arriat,,,,,,,,,634.0,ITRA skipped because UTMB 634.0 <= threshold 680.0
Abdelmoumen Oussama,634.0,Oussama ABDELMOUMEN,0.7052631578947368,https://utmb.world/runner/4182919.oussama.abdelmoumen,,,,,,,,,634.0,ITRA skipped because UTMB 634.0 <= threshold 680.0
BIGOT Simon,634.0,Simon BIGOT,0.6181818181818182,https://utmb.world/runner/710823.simon.bigot,,,,,,,,,634.0,ITRA skipped because UTMB 634.0 <= threshold 680.0
Gabaig William,634.0,William GABAIG,0.6499999999999999,https://utmb.world/runner/5289917.william.gabaig,,,,,,,,,634.0,ITRA skipped because UTMB 634.0 <= threshold 680.0
Castiglia Romain,633.0,Romain CASTIGLIA,0.69375,https://utmb.world/runner/2621187.romain.castiglia,,,,,,,,,633.0,ITRA skipped because UTMB 633.0 <= threshold 680.0
Eiheramouno Sylvain,633.0,Sylvain EIHERAMOUNO,0.7052631578947368,https://utmb.world/runner/2242727.sylvain.eiheramouno,,,,,,,,,633.0,ITRA skipped because UTMB 633.0 <= threshold 680.0
perrin Erick,633.0,Erick PERRIN,0.6499999999999999,https://utmb.world/runner/283630.erick.perrin,,,,,,,,,633.0,ITRA skipped because UTMB 633.0 <= threshold 680.0
PETROU Jonathan,633.0,Jonathan PETROU,0.6733333333333333,https://utmb.world/runner/5186528.jonathan.petrou,,,,,,,,,633.0,ITRA skipped because UTMB 633.0 <= threshold 680.0
CABODI Maxime,632.0,Maxime CABODI,0.6230769230769231,https://utmb.world/runner/4933559.maxime.cabodi,,,,,,,,,632.0,ITRA skipped because UTMB 632.0 <= threshold 680.0
COISSER Jean Pascal,632.0,Jean Pascal COISSER,0.7052631578947368,https://utmb.world/runner/5758532.jeanpascal.coisser,,,,,,,,,632.0,ITRA skipped because UTMB 632.0 <= threshold 680.0
Marchal Nicolas,632.0,Nicolas MARCHAL,0.6266666666666667,https://utmb.world/runner/5353564.nicolas.marchal,,,,,69.46,MARCHAL NICOLAS,1.0,https://www.betrail.run/runner/marchal.nicolas.10/overview,632.0,ITRA skipped because UTMB 632.0 <= threshold 680.0
Martinez Baptiste,632.0,Jean-Baptiste MARTINEZ,0.6948717948717948,https://utmb.world/runner/5618522.jeanbaptiste.martinez,,,,,,,,,632.0,ITRA skipped because UTMB 632.0 <= threshold 680.0
Dussuyer Guillaume,631.0,Guillaume DUSSUYER,0.6499999999999999,https://utmb.world/runner/1794927.guillaume.dussuyer,,,,,,,,,631.0,ITRA skipped because UTMB 631.0 <= threshold 680.0
Pagani Livio,631.0,Livio PAGANI (Pagani LIVIO),0.754054054054054,https://utmb.world/runner/1041341.pagani.livio,,,,,,,,,631.0,ITRA skipped because UTMB 631.0 <= threshold 680.0
Perret Benjamin,631.0,Benjamin PERRET,0.6733333333333333,https://utmb.world/runner/2343593.benjamin.perret,,,,,,,,,631.0,ITRA skipped because UTMB 631.0 <= threshold 680.0
Tribondeau Maxime,631.0,Maxime TRIBONDEAU,0.7117647058823529,https://utmb.world/runner/1721017.maxime.tribondeau,,,,,,,,,631.0,ITRA skipped because UTMB 631.0 <= threshold 680.0
Beyls Pieter-Jan,630.0,Pieter-Jan BEYLS,0.7375,https://utmb.world/runner/4518023.pieterjan.beyls,,,,,,,,,630.0,ITRA skipped because UTMB 630.0 <= threshold 680.0
Gerardin maxime,630.0,Maxime GERARDIN,0.6733333333333333,https://utmb.world/runner/4352016.maxime.gerardin,,,,,,,,,630.0,ITRA skipped because UTMB 630.0 <= threshold 680.0
Le cour grandmaison Paul,630.0,Paul LE COUR GRANDMAISON,0.8541666666666665,https://utmb.world/runner/5488996.paul.lecourgrandmaison,,,,,,,,,630.0,ITRA skipped because UTMB 630.0 <= threshold 680.0
Le Houé Jean-Benoît,630.0,Jean-Benoît LE HOUE,0.7052631578947368,https://utmb.world/runner/1997441.jeanbenoit.lehoue,,,,,,,,,630.0,ITRA skipped because UTMB 630.0 <= threshold 680.0
sevaux stanislas,630.0,Stanislas SEVAUX,0.69375,https://utmb.world/runner/3058573.stanislas.sevaux,,,,,,,,,630.0,ITRA skipped because UTMB 630.0 <= threshold 680.0
Van Den Broucke Rémi,630.0,Remi VAN DEN BROUCKE,0.825,https://utmb.world/runner/3376959.remi.vandenbroucke,,,,,,,,,630.0,ITRA skipped because UTMB 630.0 <= threshold 680.0
Arrive Guillaume,629.0,Guillaume ARRIVE,0.69375,https://utmb.world/runner/190023.guillaume.arrive,,,,,,,,,629.0,ITRA skipped because UTMB 629.0 <= threshold 680.0
ALBRENGUES BRUNO,629.0,Bruno ALBRENGUES,0.7375,https://utmb.world/runner/713624.bruno.albrengues,,,,,,,,,629.0,ITRA skipped because UTMB 629.0 <= threshold 680.0
Bouffeteau Matthieu,629.0,Matthieu BOUFFETEAU,0.6684210526315789,https://utmb.world/runner/28335.matthieu.bouffeteau,,,,,,,,,629.0,ITRA skipped because UTMB 629.0 <= threshold 680.0
Geidel Eric,629.0,Eric GEIDEL,0.6818181818181818,https://utmb.world/runner/470092.eric.geidel,,,,,,,,,629.0,ITRA skipped because UTMB 629.0 <= threshold 680.0
noel jean,629.0,Noel SETA JEAN,0.8478260869565217,https://utmb.world/runner/6365258.noel.setajean,,,,,,,,,629.0,ITRA skipped because UTMB 629.0 <= threshold 680.0
LIZEE-BOUCHEREAU EMILIEN,628.0,Emilien LIZEE BOUCHEREAU,0.7666666666666666,https://utmb.world/runner/6486033.emilien.lizeebouchereau,,,,,,,,,628.0,ITRA skipped because UTMB 628.0 <= threshold 680.0
STEPHAN Thibaut,628.0,Thibaut STEPHAN,0.6266666666666667,https://utmb.world/runner/336991.thibaut.stephan,,,,,,,,,628.0,ITRA skipped because UTMB 628.0 <= threshold 680.0
Latchimy Thierry,627.0,Thierry LATCHIMY,0.6499999999999999,https://utmb.world/runner/37723.thierry.latchimy,,,,,,,,,627.0,ITRA skipped because UTMB 627.0 <= threshold 680.0
OGER Alexis,627.0,Alexis OGER,0.6818181818181818,https://utmb.world/runner/1565409.alexis.oger,,,,,,,,,627.0,ITRA skipped because UTMB 627.0 <= threshold 680.0
BELLAMY Mathieu,626.0,Bellamy MATHIEU,1.0,https://utmb.world/runner/6343686.bellamy.mathieu,,,,,,,,,626.0,ITRA skipped because UTMB 626.0 <= threshold 680.0
GUILLOU Pierre-Marie,626.0,Guillou PIERRE-MARIE,1.0,https://utmb.world/runner/7557878.guillou.pierremarie,,,,,,,,,626.0,ITRA skipped because UTMB 626.0 <= threshold 680.0
Lalo Frédéric,626.0,Frederic LALO,0.7307692307692308,https://utmb.world/runner/2014149.frederic.lalo,,,,,,,,,626.0,ITRA skipped because UTMB 626.0 <= threshold 680.0
cardon QUENTIN,625.0,Quentin CARDON,0.6499999999999999,https://utmb.world/runner/4497940.quentin.cardon,,,,,,,,,625.0,ITRA skipped because UTMB 625.0 <= threshold 680.0
Guerret Hugo,625.0,Hugo GUERRET,0.7083333333333333,https://utmb.world/runner/339680.hugo.guerret,,,,,,,,,625.0,ITRA skipped because UTMB 625.0 <= threshold 680.0
MALZAC FABIEN,625.0,Fabien MALZAC,0.6230769230769231,https://utmb.world/runner/2402379.fabien.malzac,,,,,,,,,625.0,ITRA skipped because UTMB 625.0 <= threshold 680.0
SOULOUMIAC Quentin,625.0,Quentin SOULOUMIAC,0.6888888888888889,https://utmb.world/runner/5003418.quentin.souloumiac,,,,,,,,,625.0,ITRA skipped because UTMB 625.0 <= threshold 680.0
Thiebaut Benoit,625.0,Thibaut BENOIT,0.8258620689655173,https://utmb.world/runner/506493.thibaut.benoit,,,,,,,,,625.0,ITRA skipped because UTMB 625.0 <= threshold 680.0
VALGRESY Ludwig,625.0,Ludwig VALGRESY,0.6733333333333333,https://utmb.world/runner/3255835.ludwig.valgresy,,,,,,,,,625.0,ITRA skipped because UTMB 625.0 <= threshold 680.0
DELBAERE Grégory,624.0,Gregory DELBAERE,0.6499999999999999,https://utmb.world/runner/1930249.gregory.delbaere,,,,,,,,,624.0,ITRA skipped because UTMB 624.0 <= threshold 680.0
GENIN Arnaud,624.0,Arnaud GENIN,0.6499999999999999,https://utmb.world/runner/582643.arnaud.genin,,,,,,,,,624.0,ITRA skipped because UTMB 624.0 <= threshold 680.0
Payet Antoine,624.0,Antoine PAYET,0.6769230769230768,https://utmb.world/runner/641443.antoine.payet,,,,,,,,,624.0,ITRA skipped because UTMB 624.0 <= threshold 680.0
PAYET Trémeur,624.0,Tremeur PAYET,0.6769230769230768,https://utmb.world/runner/336893.tremeur.payet,,,,,,,,,624.0,ITRA skipped because UTMB 624.0 <= threshold 680.0
Tron Lozai Aurélien,624.0,Aurelien TRON LOZAI,0.6684210526315789,https://utmb.world/runner/2655571.aurelien.tronlozai,,,,,,,,,624.0,ITRA skipped because UTMB 624.0 <= threshold 680.0
CHASSAT cyrille,623.0,Cyrille CHASSAT,0.6266666666666667,https://utmb.world/runner/2363721.cyrille.chassat,,,,,,,,,623.0,ITRA skipped because UTMB 623.0 <= threshold 680.0
FINAS Mélanie,623.0,Mélanie FINAS,0.6769230769230768,https://utmb.world/runner/842161.melanie.finas,,,,,,,,,623.0,ITRA skipped because UTMB 623.0 <= threshold 680.0
Garnier Laurent,622.0,Laurent GARNIER,0.6266666666666667,https://utmb.world/runner/538241.laurent.garnier,,,,,,,,,622.0,ITRA skipped because UTMB 622.0 <= threshold 680.0
Lehmann Lara,622.0,Lara LEHMANN,0.7083333333333333,https://utmb.world/runner/2094157.lara.lehmann,,,,,,,,,622.0,ITRA skipped because UTMB 622.0 <= threshold 680.0
SIMON Laurent,622.0,Simon LAURENT,1.0,https://utmb.world/runner/4983236.simon.laurent,,,,,,,,,622.0,ITRA skipped because UTMB 622.0 <= threshold 680.0
Ungureanu Elena Alexandra,622.0,Elena Alexandra UNGUREANU,0.72,https://utmb.world/runner/1643479.elenaalexandra.ungureanu,,,,,,,,,622.0,ITRA skipped because UTMB 622.0 <= threshold 680.0
Derangere Nicolas,621.0,Nicolas DERANGERE,0.6705882352941176,https://utmb.world/runner/1676673.nicolas.derangere,,,,,,,,,621.0,ITRA skipped because UTMB 621.0 <= threshold 680.0
PARIGOT ALEXANDRE,621.0,Alexandre PARIGOT,0.6705882352941176,https://utmb.world/runner/2330841.alexandre.parigot,,,,,,,,,621.0,ITRA skipped because UTMB 621.0 <= threshold 680.0
toubale bruno kassem,621.0,Bruno Kassem TOUBALE,0.72,https://utmb.world/runner/5226671.brunokassem.toubale,,,,,,,,,621.0,ITRA skipped because UTMB 621.0 <= threshold 680.0
Arles Louis,620.0,Louis ARLES,0.6181818181818182,https://utmb.world/runner/1972601.louis.arles,,,,,,,,,620.0,ITRA skipped because UTMB 620.0 <= threshold 680.0
Feneyrol Fabian,620.0,Fabian FENEYROL,0.6733333333333333,https://utmb.world/runner/4163156.fabian.feneyrol,,,,,,,,,620.0,ITRA skipped because UTMB 620.0 <= threshold 680.0
Pichon Noélie,620.0,Noelie PICHON,0.6230769230769231,https://utmb.world/runner/3451305.noelie.pichon,,,,,,,,,620.0,ITRA skipped because UTMB 620.0 <= threshold 680.0
Schatz Francois Baptiste,620.0,Francois-Baptiste SCHATZ,0.7958333333333334,https://utmb.world/runner/4903092.francoisbaptiste.schatz,,,,,,,,,620.0,ITRA skipped because UTMB 620.0 <= threshold 680.0
Boivin Clement,619.0,Clement BOIVIN,0.6499999999999999,https://utmb.world/runner/267936.clement.boivin,,,,,,,,,619.0,ITRA skipped because UTMB 619.0 <= threshold 680.0
Dumas Stephane,619.0,Stéphane DUMAS,0.7,https://utmb.world/runner/841763.stephane.dumas,,,,,,,,,619.0,ITRA skipped because UTMB 619.0 <= threshold 680.0
de Luze Thomas,618.0,Thomas DE LUZE,0.6499999999999999,https://utmb.world/runner/5885090.thomas.deluze,,,,,,,,,618.0,ITRA skipped because UTMB 618.0 <= threshold 680.0
Triguel Nicolas,618.0,Nicolas TRIGUEL,0.6266666666666667,https://utmb.world/runner/4289196.nicolas.triguel,,,,,,,,,618.0,ITRA skipped because UTMB 618.0 <= threshold 680.0
vincent julien,618.0,Vincent JULIEN,1.0,https://utmb.world/runner/7072334.vincent.julien,,,,,,,,,618.0,ITRA skipped because UTMB 618.0 <= threshold 680.0
BALENCOURT Didier,617.0,Didier BALENCOURT,0.7117647058823529,https://utmb.world/runner/505477.didier.balencourt,,,,,,,,,617.0,ITRA skipped because UTMB 617.0 <= threshold 680.0
Boisserie Nicolas,617.0,Boisserie NICOLAS,1.0,https://utmb.world/runner/4660492.boisserie.nicolas,,,,,,,,,617.0,ITRA skipped because UTMB 617.0 <= threshold 680.0
MATIAS Jérémy,617.0,Jérémy MATIAS,0.6230769230769231,https://utmb.world/runner/4585914.jeremy.matias,,,,,,,,,617.0,ITRA skipped because UTMB 617.0 <= threshold 680.0
Perez Ludovic,617.0,Ludovic PEREZ,0.6769230769230768,https://utmb.world/runner/1199775.ludovic.perez,,,,,,,,,617.0,ITRA skipped because UTMB 617.0 <= threshold 680.0
FERREIRA ROBERTO,616.0,Roberto FERREIRA PEREZ,0.7052631578947368,https://utmb.world/runner/7339162.roberto.ferreiraperez,,,,,,,,,616.0,ITRA skipped because UTMB 616.0 <= threshold 680.0
FREBAULT Antoine,616.0,Antoine FRÉBAULT,0.6499999999999999,https://utmb.world/runner/4493342.antoine.frebault,,,,,,,,,616.0,ITRA skipped because UTMB 616.0 <= threshold 680.0
GUIONNET Baptiste,616.0,Baptiste GUIONNET,0.6294117647058823,https://utmb.world/runner/1249371.baptiste.guionnet,,,,,,,,,616.0,ITRA skipped because UTMB 616.0 <= threshold 680.0
Rooze Corentin,616.0,Corentin ROOZE,0.7,https://utmb.world/runner/1910167.corentin.rooze,,,,,,,,,616.0,ITRA skipped because UTMB 616.0 <= threshold 680.0
Sol Maxime,616.0,Maxime SOL,0.72,https://utmb.world/runner/4280392.maxime.sol,,,,,,,,,616.0,ITRA skipped because UTMB 616.0 <= threshold 680.0
dufourg benjamin,615.0,Benjamin DUFOURG,0.6499999999999999,https://utmb.world/runner/1688965.benjamin.dufourg,,,,,,,,,615.0,ITRA skipped because UTMB 615.0 <= threshold 680.0
GERMAIN Etienne,615.0,Germain ETIENNE,1.0,https://utmb.world/runner/7472206.germain.etienne,,,,,,,,,615.0,ITRA skipped because UTMB 615.0 <= threshold 680.0
QUESNEL Antoine,615.0,Antoine QUESNEL,0.6266666666666667,https://utmb.world/runner/3980429.antoine.quesnel,,,,,,,,,615.0,ITRA skipped because UTMB 615.0 <= threshold 680.0
Libertiaux Julien,614.0,Julien LIBERTIAUX,0.7117647058823529,https://utmb.world/runner/151342.julien.libertiaux,,,,,,,,,614.0,ITRA skipped because UTMB 614.0 <= threshold 680.0
HUE Evan,613.0,Evan HUE,0.6499999999999999,https://utmb.world/runner/4832364.evan.hue,,,,,,,,,613.0,ITRA skipped because UTMB 613.0 <= threshold 680.0
Perrin-Reymond Basile,613.0,Basile PERRIN REYMOND,0.7666666666666666,https://utmb.world/runner/4903058.basile.perrinreymond,,,,,,,,,613.0,ITRA skipped because UTMB 613.0 <= threshold 680.0
Pouëssel Yves,613.0,Yves POUESSEL,0.7307692307692308,https://utmb.world/runner/2370289.yves.pouessel,,,,,,,,,613.0,ITRA skipped because UTMB 613.0 <= threshold 680.0
Roux Tristan,613.0,Tristan ROUX,0.7083333333333333,https://utmb.world/runner/4515440.tristan.roux,,,,,,,,,613.0,ITRA skipped because UTMB 613.0 <= threshold 680.0
Tonneau Corentin,613.0,Corentin TONNEAU,0.6499999999999999,https://utmb.world/runner/3268751.corentin.tonneau,,,,,,,,,613.0,ITRA skipped because UTMB 613.0 <= threshold 680.0
Toriniere Dimitri,613.0,Dimitri TORINIERE,0.6705882352941176,https://utmb.world/runner/1542359.dimitri.toriniere,,,,,,,,,613.0,ITRA skipped because UTMB 613.0 <= threshold 680.0
Barré Damien,612.0,Damien BARRE,0.6499999999999999,https://utmb.world/runner/582663.damien.barre,,,,,,,,,612.0,ITRA skipped because UTMB 612.0 <= threshold 680.0
Bernon Anthony,612.0,Anthony BERNON,0.6499999999999999,https://utmb.world/runner/552815.anthony.bernon,,,,,,,,,612.0,ITRA skipped because UTMB 612.0 <= threshold 680.0
Fernandez Jorge,612.0,Jorge FERNANDEZ ZORITA,0.754054054054054,https://utmb.world/runner/6735010.jorge.fernandezzorita,,,,,,,,,612.0,ITRA skipped because UTMB 612.0 <= threshold 680.0
LE MERO STEPHANE,612.0,Stéphane LE MERO,0.6499999999999999,https://utmb.world/runner/4794144.stephane.lemero,,,,,,,,,612.0,ITRA skipped because UTMB 612.0 <= threshold 680.0
RIO Olivier,612.0,Olivier RIO,0.7454545454545454,https://utmb.world/runner/146466.olivier.rio,,,,,,,,,612.0,ITRA skipped because UTMB 612.0 <= threshold 680.0
froissard timothee,611.0,Timothee FROISSARD,0.6499999999999999,https://utmb.world/runner/4596258.timothee.froissard,,,,,,,,,611.0,ITRA skipped because UTMB 611.0 <= threshold 680.0
Homberger Julian,611.0,Julian HOMBERGER,0.69375,https://utmb.world/runner/2201281.julian.homberger,,,,,,,,,611.0,ITRA skipped because UTMB 611.0 <= threshold 680.0
Meriel Chloé,611.0,Chloé MERIEL,0.6499999999999999,https://utmb.world/runner/5627844.chloe.meriel,,,,,,,,,611.0,ITRA skipped because UTMB 611.0 <= threshold 680.0
MESLIEN OLIVIER,611.0,Olivier MESLIEN,0.6266666666666667,https://utmb.world/runner/383661.olivier.meslien,,,,,,,,,611.0,ITRA skipped because UTMB 611.0 <= threshold 680.0
PERRET Clément,611.0,Clément PERRET,0.6499999999999999,https://utmb.world/runner/4045384.clement.perret,,,,,,,,,611.0,ITRA skipped because UTMB 611.0 <= threshold 680.0
Charoy Guillaume,610.0,Guillaume CHAROY,0.69375,https://utmb.world/runner/5764320.guillaume.charoy,,,,,,,,,610.0,ITRA skipped because UTMB 610.0 <= threshold 680.0
DALLEAU Jean Elie,610.0,Jean-Elie DALLEAU,0.6705882352941176,https://utmb.world/runner/151352.jeanelie.dalleau,,,,,,,,,610.0,ITRA skipped because UTMB 610.0 <= threshold 680.0
durand boris,610.0,Boris DURAND,0.6499999999999999,https://utmb.world/runner/854521.boris.durand,,,,,,,,,610.0,ITRA skipped because UTMB 610.0 <= threshold 680.0
Gonthier David,610.0,David GONTHIER,0.7,https://utmb.world/runner/338487.david.gonthier,,,,,,,,,610.0,ITRA skipped because UTMB 610.0 <= threshold 680.0
SAULNIER Guillaume,610.0,Guillaume SAULNIER,0.6499999999999999,https://utmb.world/runner/1609197.guillaume.saulnier,,,,,,,,,610.0,ITRA skipped because UTMB 610.0 <= threshold 680.0
BRONER JORDAN,609.0,Jordan BRONER,0.6230769230769231,https://utmb.world/runner/5715670.jordan.broner,,,,,,,,,609.0,ITRA skipped because UTMB 609.0 <= threshold 680.0
Cloarec Damien,609.0,Damien CLOAREC,0.6499999999999999,https://utmb.world/runner/27388.damien.cloarec,,,,,,,,,609.0,ITRA skipped because UTMB 609.0 <= threshold 680.0
Hau Andrew,609.0,Andrew HAU,0.72,https://utmb.world/runner/633775.andrew.hau,,,,,,,,,609.0,ITRA skipped because UTMB 609.0 <= threshold 680.0
Limousin Thibault,609.0,Thibault LIMOUSIN,0.6294117647058823,https://utmb.world/runner/4204499.thibault.limousin,,,,,,,,,609.0,ITRA skipped because UTMB 609.0 <= threshold 680.0
GRANGER LOUIS,608.0,Louis GRANGER,0.6769230769230768,https://utmb.world/runner/6057326.louis.granger,,,,,,,,,608.0,ITRA skipped because UTMB 608.0 <= threshold 680.0
Kerlouët Didier,608.0,Didier KERLOUET,0.6733333333333333,https://utmb.world/runner/150355.didier.kerlouet,,,,,,,,,608.0,ITRA skipped because UTMB 608.0 <= threshold 680.0
Orio Romain,608.0,Romain ORIO,0.6818181818181818,https://utmb.world/runner/1363965.romain.orio,,,,,,,,,608.0,ITRA skipped because UTMB 608.0 <= threshold 680.0
robin gwenael,608.0,Gwenael ROBIN,0.6769230769230768,https://utmb.world/runner/26960.gwenael.robin,,,,,,,,,608.0,ITRA skipped because UTMB 608.0 <= threshold 680.0
bouaidat cazaux lorenne,607.0,Lorenne BOUAIDAT,0.4871794871794871,https://utmb.world/runner/1668123.lorenne.bouaidat,,,,,,,,,607.0,UTMB low-confidence match; ITRA skipped because UTMB 607.0 <= threshold 680.0
Brignone Guillaume,607.0,Guillaume BRIGNONE,0.6499999999999999,https://utmb.world/runner/6286956.guillaume.brignone,,,,,,,,,607.0,ITRA skipped because UTMB 607.0 <= threshold 680.0
DEMARAIS JOFFREY,607.0,Joffrey DEMARAIS,0.6499999999999999,https://utmb.world/runner/4954125.joffrey.demarais,,,,,,,,,607.0,ITRA skipped because UTMB 607.0 <= threshold 680.0
FESSARD THEO,607.0,Théo FESSARD,0.7083333333333333,https://utmb.world/runner/3712821.theo.fessard,,,,,,,,,607.0,ITRA skipped because UTMB 607.0 <= threshold 680.0
Morton Alexandre,607.0,Alexandre MORTON,0.69375,https://utmb.world/runner/6425502.alexandre.morton,,,,,,,,,607.0,ITRA skipped because UTMB 607.0 <= threshold 680.0
Saya Rafael,607.0,Rafael SAYA,0.6818181818181818,https://utmb.world/runner/48341.rafael.saya,,,,,,,,,607.0,ITRA skipped because UTMB 607.0 <= threshold 680.0
SUBRA Nicolas,607.0,Nicolas SUBRA,0.6769230769230768,https://utmb.world/runner/5450889.nicolas.subra,,,,,,,,,607.0,ITRA skipped because UTMB 607.0 <= threshold 680.0
Audureau Guillaume,606.0,Guillaume AUDUREAU,0.6499999999999999,https://utmb.world/runner/244098.guillaume.audureau,,,,,,,,,606.0,ITRA skipped because UTMB 606.0 <= threshold 680.0
DEPARIS Jimmy,606.0,Jimmy DEPARIS,0.6769230769230768,https://utmb.world/runner/4220873.jimmy.deparis,,,,,,,,,606.0,ITRA skipped because UTMB 606.0 <= threshold 680.0
Lapeyre Julien,606.0,Julien LAPEYRE,0.6499999999999999,https://utmb.world/runner/871238.julien.lapeyre,,,,,,,,,606.0,ITRA skipped because UTMB 606.0 <= threshold 680.0
Cornelis koffi,605.0,Koffi CORNELIS,0.7,https://utmb.world/runner/4902634.koffi.cornelis,,,,,,,,,605.0,ITRA skipped because UTMB 605.0 <= threshold 680.0
JOBARD Mathieu,605.0,Mathieu JOBARD,0.6499999999999999,https://utmb.world/runner/895957.mathieu.jobard,,,,,,,,,605.0,ITRA skipped because UTMB 605.0 <= threshold 680.0
Perier Cécile,604.0,Cecile PERIER,0.6230769230769231,https://utmb.world/runner/25893.cecile.perier,,,,,,,,,604.0,ITRA skipped because UTMB 604.0 <= threshold 680.0
Hodgi Nicolas,603.0,Nicolas HODGI,0.6769230769230768,https://utmb.world/runner/6513462.nicolas.hodgi,,,,,,,,,603.0,ITRA skipped because UTMB 603.0 <= threshold 680.0
Huin Matthieu,603.0,Matthieu HUIN,0.7307692307692308,https://utmb.world/runner/4268746.matthieu.huin,,,,,,,,,603.0,ITRA skipped because UTMB 603.0 <= threshold 680.0
LANGEARD CLEMENT,603.0,Clement LANGEARD,0.6499999999999999,https://utmb.world/runner/4755264.clement.langeard,,,,,,,,,603.0,ITRA skipped because UTMB 603.0 <= threshold 680.0
DALBAN-PILON Julien,602.0,Julien DALBAN-PILON,0.7421052631578946,https://utmb.world/runner/4489532.julien.dalbanpilon,,,,,,,,,602.0,ITRA skipped because UTMB 602.0 <= threshold 680.0
EUDE Brice,602.0,Brice EUDE,0.6499999999999999,https://utmb.world/runner/5181116.brice.eude,,,,,,,,,602.0,ITRA skipped because UTMB 602.0 <= threshold 680.0
Faussurier Guillaume,602.0,Guillaume FAUSSURIER,0.6499999999999999,https://utmb.world/runner/4841444.guillaume.faussurier,,,,,,,,,602.0,ITRA skipped because UTMB 602.0 <= threshold 680.0
GARSANY Christophe,602.0,Christophe GARSANY,0.6888888888888889,https://utmb.world/runner/842199.christophe.garsany,,,,,,,,,602.0,ITRA skipped because UTMB 602.0 <= threshold 680.0
larzul victor,602.0,Victor LARZUL,0.6230769230769231,https://utmb.world/runner/7039524.victor.larzul,,,,,,,,,602.0,ITRA skipped because UTMB 602.0 <= threshold 680.0
Thollet Jérome,602.0,Jérome THOLLET,0.6499999999999999,https://utmb.world/runner/4351966.jerome.thollet,,,,,,,,,602.0,ITRA skipped because UTMB 602.0 <= threshold 680.0
Finel Jean-Baptiste,601.0,Jean Baptiste FINEL,0.7789473684210526,https://utmb.world/runner/2258221.jeanbaptiste.finel,,,,,,,,,601.0,ITRA skipped because UTMB 601.0 <= threshold 680.0
lebis luc,601.0,Luc LEBIS,0.6888888888888889,https://utmb.world/runner/4490020.luc.lebis,,,,,,,,,601.0,ITRA skipped because UTMB 601.0 <= threshold 680.0
Loizel Francois,601.0,Francois LOIZEL,0.6733333333333333,https://utmb.world/runner/6078102.francois.loizel,,,,,,,,,601.0,ITRA skipped because UTMB 601.0 <= threshold 680.0
MOHAMED WILLIAM,601.0,William MOHAMED,0.6266666666666667,https://utmb.world/runner/37667.william.mohamed,,,,,,,,,601.0,ITRA skipped because UTMB 601.0 <= threshold 680.0
Odell Evan,601.0,Evan ODELL,0.6499999999999999,https://utmb.world/runner/3683489.evan.odell,,,,,,,,,601.0,ITRA skipped because UTMB 601.0 <= threshold 680.0
Planchat Bastien,601.0,Bastien PLANCHAT,0.6499999999999999,https://utmb.world/runner/4209205.bastien.planchat,,,,,,,,,601.0,ITRA skipped because UTMB 601.0 <= threshold 680.0
Couderc Elie,600.0,Elie COUDERC,0.7083333333333333,https://utmb.world/runner/5653120.elie.couderc,,,,,,,,,600.0,ITRA skipped because UTMB 600.0 <= threshold 680.0
Harté Julien,600.0,Julien HARTÉ,0.6499999999999999,https://utmb.world/runner/4240758.julien.harte,,,,,,,,,600.0,ITRA skipped because UTMB 600.0 <= threshold 680.0
Vanwalscappel julien,600.0,Julien VANWALSCAPPEL,0.7549999999999999,https://utmb.world/runner/579592.julien.vanwalscappel,,,,,,,,,600.0,ITRA skipped because UTMB 600.0 <= threshold 680.0
FRANCOIS Matthias,599.0,Matthias FRANCOIS,0.6294117647058823,https://utmb.world/runner/145506.matthias.francois,,,,,,,,,599.0,ITRA skipped because UTMB 599.0 <= threshold 680.0
ZITTE RAPHAEL,599.0,Raphael ZITTE,0.6769230769230768,https://utmb.world/runner/3869887.raphael.zitte,,,,,,,,,599.0,ITRA skipped because UTMB 599.0 <= threshold 680.0
Bernard arthur,598.0,Arthur BERNARD,0.6499999999999999,https://utmb.world/runner/4708262.arthur.bernard,,,,,,,,,598.0,ITRA skipped because UTMB 598.0 <= threshold 680.0
Farinha Alexis,598.0,Alexis FARINHA,0.6499999999999999,https://utmb.world/runner/5593050.alexis.farinha,,,,,,,,,598.0,ITRA skipped because UTMB 598.0 <= threshold 680.0
genin stephane,598.0,Stephane GENIN,0.7,https://utmb.world/runner/180946.stephane.genin,,,,,,,,,598.0,ITRA skipped because UTMB 598.0 <= threshold 680.0
Knüpper Jonas,598.0,Jonas KNUPPER,0.6769230769230768,https://utmb.world/runner/2202797.jonas.knupper,,,,,,,,,598.0,ITRA skipped because UTMB 598.0 <= threshold 680.0
Lembezat Benjamin,598.0,Benjamin LEMBEZAT,0.6294117647058823,https://utmb.world/runner/6579821.benjamin.lembezat,,,,,,,,,598.0,ITRA skipped because UTMB 598.0 <= threshold 680.0
BREUIL THIERRY,597.0,Thierry BREUIL,0.6499999999999999,https://utmb.world/runner/6278.thierry.breuil,,,,,,,,,597.0,ITRA skipped because UTMB 597.0 <= threshold 680.0
Dreinaza Thierry,597.0,Thierry DREINAZA,0.6499999999999999,https://utmb.world/runner/713676.thierry.dreinaza,,,,,,,,,597.0,ITRA skipped because UTMB 597.0 <= threshold 680.0
MESSAGER Fabien,597.0,Fabien MESSAGER,0.6733333333333333,https://utmb.world/runner/1427143.fabien.messager,,,,,,,,,597.0,ITRA skipped because UTMB 597.0 <= threshold 680.0
Paillet Benoit,597.0,Benoit PAILLET,0.6499999999999999,https://utmb.world/runner/84476.benoit.paillet,,,,,,,,,597.0,ITRA skipped because UTMB 597.0 <= threshold 680.0
Parcheminal Romain,597.0,Romain PARCHEMINAL,0.7277777777777779,https://utmb.world/runner/241667.romain.parcheminal,,,,,,,,,597.0,ITRA skipped because UTMB 597.0 <= threshold 680.0
Tancray Aurélien,597.0,Aurélien TANCRAY,0.6499999999999999,https://utmb.world/runner/3026525.aurelien.tancray,,,,,,,,,597.0,ITRA skipped because UTMB 597.0 <= threshold 680.0
Zalagh Teric,597.0,Téric ZALAGH,0.6499999999999999,https://utmb.world/runner/6148210.teric.zalagh,,,,,,,,,597.0,ITRA skipped because UTMB 597.0 <= threshold 680.0
CLEMENT Paul,596.0,Clément PAULY,0.822,https://utmb.world/runner/7994962.clement.pauly,,,,,71.55,CLEMENT PAUL,1.0,https://www.betrail.run/runner/clement.paul.0/overview,596.0,ITRA skipped because UTMB 596.0 <= threshold 680.0
DARREYE Antoine,596.0,Antoine DARREYE,0.6266666666666667,https://utmb.world/runner/518330.antoine.darreye,,,,,,,,,596.0,ITRA skipped because UTMB 596.0 <= threshold 680.0
LEFEBVRE Samy,596.0,Samy LEFEBVRE,0.7307692307692308,https://utmb.world/runner/3557081.samy.lefebvre,,,,,,,,,596.0,ITRA skipped because UTMB 596.0 <= threshold 680.0
LEMAIRE Simon,596.0,Simon LEMAIRE,0.6769230769230768,https://utmb.world/runner/644299.simon.lemaire,,,,,,,,,596.0,ITRA skipped because UTMB 596.0 <= threshold 680.0
Faivre Frédéric,595.0,Frédéric FAIVRE,0.6733333333333333,https://utmb.world/runner/1372053.frederic.faivre,,,,,,,,,595.0,ITRA skipped because UTMB 595.0 <= threshold 680.0
Foulon Kilian,595.0,Kilian FOULON,0.6230769230769231,https://utmb.world/runner/4027355.kilian.foulon,,,,,,,,,595.0,ITRA skipped because UTMB 595.0 <= threshold 680.0
Scotto Romain,595.0,Romain SCOTTO,0.6230769230769231,https://utmb.world/runner/243271.romain.scotto,,,,,,,,,595.0,ITRA skipped because UTMB 595.0 <= threshold 680.0
Assing Julien,595.0,Julien ASSING,0.6230769230769231,https://utmb.world/runner/5035126.julien.assing,,,,,,,,,595.0,ITRA skipped because UTMB 595.0 <= threshold 680.0
Millones Marc-Antoine,594.0,Marc-Antoine MILLONES,0.7,https://utmb.world/runner/2199787.marcantoine.millones,,,,,,,,,594.0,ITRA skipped because UTMB 594.0 <= threshold 680.0
PERILLON Lucas,594.0,Lucas PERILLON,0.7,https://utmb.world/runner/196593.lucas.perillon,,,,,,,,,594.0,ITRA skipped because UTMB 594.0 <= threshold 680.0
CHEYSSIAL Guillaume,593.0,Guillaume CHEYSSIAL,0.631578947368421,https://utmb.world/runner/4509682.guillaume.cheyssial,,,,,,,,,593.0,ITRA skipped because UTMB 593.0 <= threshold 680.0
Guillemin Nicolas,593.0,Nicolas GUILLEMIN,0.6705882352941176,https://utmb.world/runner/5612310.nicolas.guillemin,,,,,,,,,593.0,ITRA skipped because UTMB 593.0 <= threshold 680.0
Janvier Arnaud,593.0,Arnaud JANVIER,0.6499999999999999,https://utmb.world/runner/424265.arnaud.janvier,,,,,,,,,593.0,ITRA skipped because UTMB 593.0 <= threshold 680.0
Voisin Regis,593.0,Regis VOISIN,0.6499999999999999,https://utmb.world/runner/362076.regis.voisin,,,,,,,,,593.0,ITRA skipped because UTMB 593.0 <= threshold 680.0
Bottein Thomas,592.0,Thomas BOTTEIN,0.6499999999999999,https://utmb.world/runner/2445459.thomas.bottein,,,,,,,,,592.0,ITRA skipped because UTMB 592.0 <= threshold 680.0
HERVÉ Alexis,592.0,Alexis HERVE,0.6499999999999999,https://utmb.world/runner/7803080.alexis.herve,,,,,,,,,592.0,ITRA skipped because UTMB 592.0 <= threshold 680.0
MASUREL Gaspard,592.0,Gaspard MASUREL,0.6266666666666667,https://utmb.world/runner/4408736.gaspard.masurel,,,,,,,,,592.0,ITRA skipped because UTMB 592.0 <= threshold 680.0
PATCHE Cédric,592.0,Cedric PATCHE,0.6230769230769231,https://utmb.world/runner/1542467.cedric.patche,,,,,,,,,592.0,ITRA skipped because UTMB 592.0 <= threshold 680.0
PONCET Stevens,592.0,Stevens PONCET,0.6499999999999999,https://utmb.world/runner/3486833.stevens.poncet,,,,,,,,,592.0,ITRA skipped because UTMB 592.0 <= threshold 680.0
BALLET-BAZ JEREMIE,591.0,Jeremie BALLET-BAZ,0.6888888888888889,https://utmb.world/runner/433725.jeremie.balletbaz,,,,,,,,,591.0,ITRA skipped because UTMB 591.0 <= threshold 680.0
BAUCHAT Alex,591.0,Alex BAUCHAT,0.7083333333333333,https://utmb.world/runner/3862419.alex.bauchat,,,,,,,,,591.0,ITRA skipped because UTMB 591.0 <= threshold 680.0
BROUILLON Guillaume,591.0,Guillaume BROUILLON,0.631578947368421,https://utmb.world/runner/3231639.guillaume.brouillon,,,,,,,,,591.0,ITRA skipped because UTMB 591.0 <= threshold 680.0
Carrasco Jonathan,591.0,Jonathan CARRASCO,0.6294117647058823,https://utmb.world/runner/4195146.jonathan.carrasco,,,,,,,,,591.0,ITRA skipped because UTMB 591.0 <= threshold 680.0
CHOLLET LAURENT,591.0,Laurent CHOLLET,0.6266666666666667,https://utmb.world/runner/4792854.laurent.chollet,,,,,,,,,591.0,ITRA skipped because UTMB 591.0 <= threshold 680.0
Hecky Damien,591.0,Damien HECKY,0.6499999999999999,https://utmb.world/runner/4222050.damien.hecky,,,,,,,,,591.0,ITRA skipped because UTMB 591.0 <= threshold 680.0
Antoine Maxence,590.0,Maxence ANTOINE,0.6266666666666667,https://utmb.world/runner/4471145.maxence.antoine,,,,,,,,,590.0,ITRA skipped because UTMB 590.0 <= threshold 680.0
Bizineche Cédric,590.0,Cedric BIZINECHE,0.69375,https://utmb.world/runner/1927395.cedric.bizineche,,,,,,,,,590.0,ITRA skipped because UTMB 590.0 <= threshold 680.0
Heitz Xavier,590.0,Xavier HEITZ,0.6499999999999999,https://utmb.world/runner/707704.xavier.heitz,,,,,,,,,590.0,ITRA skipped because UTMB 590.0 <= threshold 680.0
Herman Ludwig,590.0,Ludwig HERMAN,0.6230769230769231,https://utmb.world/runner/10484.ludwig.herman,,,,,,,,,590.0,ITRA skipped because UTMB 590.0 <= threshold 680.0
Sevens Quentin,590.0,Quentin SEVENS,0.6499999999999999,https://utmb.world/runner/1812715.quentin.sevens,,,,,,,,,590.0,ITRA skipped because UTMB 590.0 <= threshold 680.0
TENAUD GREGORY,590.0,Gregory TENAUD,0.6499999999999999,https://utmb.world/runner/7088980.gregory.tenaud,,,,,,,,,590.0,ITRA skipped because UTMB 590.0 <= threshold 680.0
BLIN AURELIEN,589.0,Aurelien BLIN,0.7307692307692308,https://utmb.world/runner/4322218.aurelien.blin,,,,,,,,,589.0,ITRA skipped because UTMB 589.0 <= threshold 680.0
Callibet Guillaume,589.0,Guillaume CALLIBET,0.6499999999999999,https://utmb.world/runner/1181833.guillaume.callibet,,,,,,,,,589.0,ITRA skipped because UTMB 589.0 <= threshold 680.0
Deroissart Lucas,589.0,Lucas DEROISSART,0.7375,https://utmb.world/runner/3456791.lucas.deroissart,,,,,,,,,589.0,ITRA skipped because UTMB 589.0 <= threshold 680.0
Garrote Paul,589.0,Paul GARROTE,0.7083333333333333,https://utmb.world/runner/4938697.paul.garrote,,,,,,,,,589.0,ITRA skipped because UTMB 589.0 <= threshold 680.0
Kaftandjian Pierre,589.0,Pierre KAFTANDJIAN,0.7277777777777779,https://utmb.world/runner/2583.pierre.kaftandjian,,,,,,,,,589.0,ITRA skipped because UTMB 589.0 <= threshold 680.0
Le Brun Guillaume,589.0,Guillaume LE BRUN,0.6705882352941176,https://utmb.world/runner/7889704.guillaume.lebrun,,,,,,,,,589.0,ITRA skipped because UTMB 589.0 <= threshold 680.0
Pires Sebastien,589.0,Sebastien PIRES,0.72,https://utmb.world/runner/5732025.sebastien.pires,,,,,,,,,589.0,ITRA skipped because UTMB 589.0 <= threshold 680.0
schweyer rémi,589.0,Remi SCHWEYER,0.7307692307692308,https://utmb.world/runner/7576.remi.schweyer,,,,,,,,,589.0,ITRA skipped because UTMB 589.0 <= threshold 680.0
Tudoce Dorian,589.0,Dorian TUDOCE,0.6230769230769231,https://utmb.world/runner/6313238.dorian.tudoce,,,,,,,,,589.0,ITRA skipped because UTMB 589.0 <= threshold 680.0
CABON stephane,588.0,Stephane CABON,0.7,https://utmb.world/runner/11474.stephane.cabon,,,,,,,,,588.0,ITRA skipped because UTMB 588.0 <= threshold 680.0
Combette Arthur,588.0,Arthur COMBETTE,0.6733333333333333,https://utmb.world/runner/5750546.arthur.combette,,,,,,,,,588.0,ITRA skipped because UTMB 588.0 <= threshold 680.0
Dasnoy Matthieu,588.0,Matthieu DASNOY,0.6733333333333333,https://utmb.world/runner/5627870.matthieu.dasnoy,,,,,,,,,588.0,ITRA skipped because UTMB 588.0 <= threshold 680.0
DE COURRÈGES MATHIEU,588.0,Mathieu DE COURRÈGES,0.72,https://utmb.world/runner/4403202.mathieu.decourreges,,,,,,,,,588.0,ITRA skipped because UTMB 588.0 <= threshold 680.0
Prioul Thibault,588.0,Thibault PRIOUL,0.6733333333333333,https://utmb.world/runner/5545328.thibault.prioul,,,,,,,,,588.0,ITRA skipped because UTMB 588.0 <= threshold 680.0
SIMONEK RUDY,588.0,Rudy SIMONEK,0.7083333333333333,https://utmb.world/runner/4351836.rudy.simonek,,,,,,,,,588.0,ITRA skipped because UTMB 588.0 <= threshold 680.0
VETOIS JEREMY,588.0,Jeremy VETOIS,0.6230769230769231,https://utmb.world/runner/2148957.jeremy.vetois,,,,,,,,,588.0,ITRA skipped because UTMB 588.0 <= threshold 680.0
Denis Maxime,587.0,Maxime DENIS,0.6499999999999999,https://utmb.world/runner/6002954.maxime.denis,,,,,,,,,587.0,ITRA skipped because UTMB 587.0 <= threshold 680.0
FERRIERE Stéphane,587.0,Stephane FERRIERE,0.6294117647058823,https://utmb.world/runner/1425043.stephane.ferriere,,,,,,,,,587.0,ITRA skipped because UTMB 587.0 <= threshold 680.0
Keranflec’h Mélanie,587.0,Mélanie KERANFLEC H,0.7052631578947368,https://utmb.world/runner/7655268.melanie.keranflec-h,,,,,,,,,587.0,ITRA skipped because UTMB 587.0 <= threshold 680.0
Lepage Anthony,587.0,Anthony LEPAGE,0.6499999999999999,https://utmb.world/runner/1390413.anthony.lepage,,,,,,,,,587.0,ITRA skipped because UTMB 587.0 <= threshold 680.0
Leroy Arnaud,587.0,Arnaud LEROY,0.6499999999999999,https://utmb.world/runner/7636726.arnaud.leroy,,,,,,,,,587.0,ITRA skipped because UTMB 587.0 <= threshold 680.0
Levavasseur Thomas,587.0,Thomas LEVAVASSEUR,0.7277777777777779,https://utmb.world/runner/3472427.thomas.levavasseur,,,,,,,,,587.0,ITRA skipped because UTMB 587.0 <= threshold 680.0
Pichon Thierry,587.0,Thierry PICHON,0.6499999999999999,https://utmb.world/runner/841738.thierry.pichon,,,,,,,,,587.0,ITRA skipped because UTMB 587.0 <= threshold 680.0
Rigault Benjamin,587.0,Benjamin RIGAULT,0.6499999999999999,https://utmb.world/runner/4331406.benjamin.rigault,,,,,,,,,587.0,ITRA skipped because UTMB 587.0 <= threshold 680.0
Rodde Jhon Victor,587.0,Jhon Victor RODDE,0.7529411764705882,https://utmb.world/runner/8486092.jhonvictor.rodde,,,,,,,,,587.0,ITRA skipped because UTMB 587.0 <= threshold 680.0
Suchet Sébastien,587.0,Sébastien SUCHET,0.69375,https://utmb.world/runner/4713896.sebastien.suchet,,,,,,,,,587.0,ITRA skipped because UTMB 587.0 <= threshold 680.0
Alix James,586.0,James ALIX,0.6499999999999999,https://utmb.world/runner/7214084.james.alix,,,,,,,,,586.0,ITRA skipped because UTMB 586.0 <= threshold 680.0
BAILLET Yannick,586.0,Yannick BAILLET,0.6266666666666667,https://utmb.world/runner/586506.yannick.baillet,,,,,,,,,586.0,ITRA skipped because UTMB 586.0 <= threshold 680.0
Ferret Kevin,586.0,Kevin FERRET,0.6499999999999999,https://utmb.world/runner/3756173.kevin.ferret,,,,,,,,,586.0,ITRA skipped because UTMB 586.0 <= threshold 680.0
Gallego Elodie,586.0,Elodie GALLEGO,0.6499999999999999,https://utmb.world/runner/1870931.elodie.gallego,,,,,,,,,586.0,ITRA skipped because UTMB 586.0 <= threshold 680.0
Geyns Thaigo,586.0,Thaigo GEYNS,0.6499999999999999,https://utmb.world/runner/5208940.thaigo.geyns,,,,,,,,,586.0,ITRA skipped because UTMB 586.0 <= threshold 680.0
Noel Benjamin,586.0,Benjamin NOEL,0.7307692307692308,https://utmb.world/runner/4451222.benjamin.noel,,,,,,,,,586.0,ITRA skipped because UTMB 586.0 <= threshold 680.0
SCHERRER Anthony,586.0,Anthony SCHERRER,0.6499999999999999,https://utmb.world/runner/3452837.anthony.scherrer,,,,,,,,,586.0,ITRA skipped because UTMB 586.0 <= threshold 680.0
VALLVERDU QUERALT NICOLAS,586.0,Nicolas VALLVERDU QUERALT,0.776,https://utmb.world/runner/1638623.nicolas.vallverduqueralt,,,,,,,,,586.0,ITRA skipped because UTMB 586.0 <= threshold 680.0
Vivancos Lorenzo,586.0,Lorenzo VIVANCOS,0.6499999999999999,https://utmb.world/runner/3243655.lorenzo.vivancos,,,,,,,,,586.0,ITRA skipped because UTMB 586.0 <= threshold 680.0
Bruggeman Pieter-Jan,585.0,Pieter-Jan BRUGGEMAN,0.6499999999999999,https://utmb.world/runner/1328621.pieterjan.bruggeman,,,,,,,,,585.0,ITRA skipped because UTMB 585.0 <= threshold 680.0
Duhot Anaëlle,585.0,Anaelle DUHOT,0.6769230769230768,https://utmb.world/runner/4750792.anaelle.duhot,,,,,,,,,585.0,ITRA skipped because UTMB 585.0 <= threshold 680.0
Jamin Enoal,585.0,Enoal JAMIN,0.6181818181818182,https://utmb.world/runner/854060.enoal.jamin,,,,,,,,,585.0,ITRA skipped because UTMB 585.0 <= threshold 680.0
Martin Paul,585.0,Paul MARTIN VARVAT,0.6862068965517241,https://utmb.world/runner/6512278.paul.martin-varvat,,,,,,,,,585.0,ITRA skipped because UTMB 585.0 <= threshold 680.0
Niravong Jeremie,585.0,Jeremie NIRAVONG,0.6499999999999999,https://utmb.world/runner/1329443.jeremie.niravong,,,,,,,,,585.0,ITRA skipped because UTMB 585.0 <= threshold 680.0
PAPILLON Fabrice,585.0,Fabrice PAPILLON,0.6499999999999999,https://utmb.world/runner/34740.fabrice.papillon,,,,,,,,,585.0,ITRA skipped because UTMB 585.0 <= threshold 680.0
Phily Victor,585.0,Victor PHILY,0.6499999999999999,https://utmb.world/runner/186909.victor.phily,,,,,,,,,585.0,ITRA skipped because UTMB 585.0 <= threshold 680.0
Bourdais Clement,584.0,Clement BOURDAIS,0.6499999999999999,https://utmb.world/runner/5630680.clement.bourdais,,,,,,,,,584.0,ITRA skipped because UTMB 584.0 <= threshold 680.0
d’Aoust Quentin,584.0,Quentin D AOUST,0.6266666666666667,https://utmb.world/runner/5649187.quentin.daoust,,,,,,,,,584.0,ITRA skipped because UTMB 584.0 <= threshold 680.0
Elizeon Rodolphe,584.0,Rodolphe ELIZEON,0.6499999999999999,https://utmb.world/runner/4798582.rodolphe.elizeon,,,,,,,,,584.0,ITRA skipped because UTMB 584.0 <= threshold 680.0
Gorecki Hubert,584.0,Hubert GORECKI,0.6499999999999999,https://utmb.world/runner/5042202.hubert.gorecki,,,,,,,,,584.0,ITRA skipped because UTMB 584.0 <= threshold 680.0
KRIEGER Thibaut,584.0,Thibaut KRIEGER,0.6266666666666667,https://utmb.world/runner/910527.thibaut.krieger,,,,,,,,,584.0,ITRA skipped because UTMB 584.0 <= threshold 680.0
LHERBIER Gilles,584.0,Gilles LHERBIER,0.6733333333333333,https://utmb.world/runner/654025.gilles.lherbier,,,,,,,,,584.0,ITRA skipped because UTMB 584.0 <= threshold 680.0
Maurin Thomas,584.0,Thomas MAURIN,0.6230769230769231,https://utmb.world/runner/5260380.thomas.maurin,,,,,,,,,584.0,ITRA skipped because UTMB 584.0 <= threshold 680.0
Noel Dan,584.0,Dan NOËL,0.6499999999999999,https://utmb.world/runner/2293177.dan.noel,,,,,,,,,584.0,ITRA skipped because UTMB 584.0 <= threshold 680.0
PAYET Julien Denis,584.0,Julien PAYET,0.5733333333333333,https://utmb.world/runner/5644804.julien.payet,,,,,,,,,584.0,UTMB low-confidence match; ITRA skipped because UTMB 584.0 <= threshold 680.0
Stankievitch Bastien,584.0,Bastien STANKIEVITCH,0.72,https://utmb.world/runner/5628220.bastien.stankievitch,,,,,,,,,584.0,ITRA skipped because UTMB 584.0 <= threshold 680.0
Truchet Christophe,584.0,Christophe TRUCHET,0.6888888888888889,https://utmb.world/runner/116567.christophe.truchet,,,,,,,,,584.0,ITRA skipped because UTMB 584.0 <= threshold 680.0
André Nicolas,583.0,Nicolas ANDRÉ,0.6769230769230768,https://utmb.world/runner/337149.nicolas.andre,,,,,,,,,583.0,ITRA skipped because UTMB 583.0 <= threshold 680.0
REGNIER Sebastien,583.0,Sebastien REGNIER,0.6705882352941176,https://utmb.world/runner/514190.sebastien.regnier,,,,,,,,,583.0,ITRA skipped because UTMB 583.0 <= threshold 680.0
Jardin Maxime,583.0,Maxime JARDIN,0.6230769230769231,https://utmb.world/runner/4844790.maxime.jardin,,,,,,,,,583.0,ITRA skipped because UTMB 583.0 <= threshold 680.0
Rouget Guillaume,583.0,Guillaume ROUGET,0.69375,https://utmb.world/runner/3847673.guillaume.rouget,,,,,,,,,583.0,ITRA skipped because UTMB 583.0 <= threshold 680.0
ARCIDIACO Kevin,582.0,Kevin ARCIDIACO,0.72,https://utmb.world/runner/5696124.kevin.arcidiaco,,,,,,,,,582.0,ITRA skipped because UTMB 582.0 <= threshold 680.0
Baliste Viviano,582.0,Viviano BALISTE,0.6266666666666667,https://utmb.world/runner/1927201.viviano.baliste,,,,,,,,,582.0,ITRA skipped because UTMB 582.0 <= threshold 680.0
Carpentier Edouard,582.0,Édouard CARPENTIER (Edouard CARPENTIER),0.7581818181818181,https://utmb.world/runner/4352076.edouard.carpentier,,,,,,,,,582.0,ITRA skipped because UTMB 582.0 <= threshold 680.0
Guissart Alain,582.0,Alain GUISSART,0.7,https://utmb.world/runner/596354.alain.guissart,,,,,,,,,582.0,ITRA skipped because UTMB 582.0 <= threshold 680.0
Margeridou Allan,582.0,Allan MARGERIDOU,0.7375,https://utmb.world/runner/4799500.allan.margeridou,,,,,,,,,582.0,ITRA skipped because UTMB 582.0 <= threshold 680.0
Blondiaux Jean-Baptiste,581.0,Jean-Baptiste BLONDIAUX,0.6956521739130435,https://utmb.world/runner/6071516.jeanbaptiste.blondiaux,,,,,,,,,581.0,ITRA skipped because UTMB 581.0 <= threshold 680.0
CHENAIS STEVEN,581.0,Steven CHENAIS,0.6499999999999999,https://utmb.world/runner/2150149.steven.chenais,,,,,,,,,581.0,ITRA skipped because UTMB 581.0 <= threshold 680.0
FAGE CAMILLE,581.0,Camille FAGE,0.7083333333333333,https://utmb.world/runner/115518.camille.fage,,,,,,,,,581.0,ITRA skipped because UTMB 581.0 <= threshold 680.0
Lasserre Mathieu,581.0,Mathieu LASSERRE,0.6499999999999999,https://utmb.world/runner/2011573.mathieu.lasserre,,,,,,,,,581.0,ITRA skipped because UTMB 581.0 <= threshold 680.0
LE GAC Tristan,581.0,Tristan LE GAC,0.6499999999999999,https://utmb.world/runner/3380029.tristan.legac,,,,,,,,,581.0,ITRA skipped because UTMB 581.0 <= threshold 680.0
Le Roux Quentin,581.0,Quentin LE ROUX,0.6266666666666667,https://utmb.world/runner/7771578.quentin.leroux,,,,,,,,,581.0,ITRA skipped because UTMB 581.0 <= threshold 680.0
Mousson Corentin,581.0,Corentin MOUSSON,0.6499999999999999,https://utmb.world/runner/5346652.corentin.mousson,,,,,,,,,581.0,ITRA skipped because UTMB 581.0 <= threshold 680.0
Paranthoen Julien,581.0,Julien PARANTHOEN,0.7117647058823529,https://utmb.world/runner/834722.julien.paranthoen,,,,,,,,,581.0,ITRA skipped because UTMB 581.0 <= threshold 680.0
Biland Jonas,580.0,Jonas BILAND,0.6499999999999999,https://utmb.world/runner/48448.jonas.biland,,,,,,,,,580.0,ITRA skipped because UTMB 580.0 <= threshold 680.0
camera Julien,580.0,Julien CAMERA,0.6230769230769231,https://utmb.world/runner/6113324.julien.camera,,,,,,,,,580.0,ITRA skipped because UTMB 580.0 <= threshold 680.0
Catalani Simone,580.0,Simone CATALANI,0.6733333333333333,https://utmb.world/runner/60455.simone.catalani,,,,,,,,,580.0,ITRA skipped because UTMB 580.0 <= threshold 680.0
Cayuela Julien,580.0,Julien CAYUELA,0.6499999999999999,https://utmb.world/runner/2403355.julien.cayuela,,,,,,,,,580.0,ITRA skipped because UTMB 580.0 <= threshold 680.0
DUPAS Hermann,580.0,Hermann DUPAS,0.6769230769230768,https://utmb.world/runner/561125.hermann.dupas,,,,,,,,,580.0,ITRA skipped because UTMB 580.0 <= threshold 680.0
Lassaux Dan,580.0,Dan LASSAUX,0.7454545454545454,https://utmb.world/runner/2156501.dan.lassaux,,,,,,,,,580.0,ITRA skipped because UTMB 580.0 <= threshold 680.0
MOLINIER Sébastien,580.0,Sebastien MOLINIER,0.6499999999999999,https://utmb.world/runner/160065.sebastien.molinier,,,,,,,,,580.0,ITRA skipped because UTMB 580.0 <= threshold 680.0
MORET ES JEAN Gilles,580.0,Gilles MORET ES JEAN,0.7549999999999999,https://utmb.world/runner/473505.gilles.moretesjean,,,,,,,,,580.0,ITRA skipped because UTMB 580.0 <= threshold 680.0
Morvan Yoann,580.0,Yoann MORVAN,0.6499999999999999,https://utmb.world/runner/2512005.yoann.morvan,,,,,,,,,580.0,ITRA skipped because UTMB 580.0 <= threshold 680.0
ROUAULT Laurent,580.0,Laurent ROUAULT,0.6266666666666667,https://utmb.world/runner/6667592.laurent.rouault,,,,,,,,,580.0,ITRA skipped because UTMB 580.0 <= threshold 680.0
Brown Karis,579.0,Karis BROWN,0.6181818181818182,https://utmb.world/runner/4993620.karis.brown,,,,,,,,,579.0,ITRA skipped because UTMB 579.0 <= threshold 680.0
Calvez Thomas,579.0,Thomas CALVEZ,0.6230769230769231,https://utmb.world/runner/6587688.thomas.calvez,,,,,,,,,579.0,ITRA skipped because UTMB 579.0 <= threshold 680.0
Kenzoua Laurent,579.0,Laurent KENZOUA,0.6266666666666667,https://utmb.world/runner/1378193.laurent.kenzoua,,,,,,,,,579.0,ITRA skipped because UTMB 579.0 <= threshold 680.0
Krakowcsky Aurelien,579.0,Aurélien KRAKOWCSKY,0.6684210526315789,https://utmb.world/runner/1963251.aurelien.krakowcsky,,,,,,,,,579.0,ITRA skipped because UTMB 579.0 <= threshold 680.0
Losq Grégoire,579.0,Grégoire LOSQ,0.7307692307692308,https://utmb.world/runner/5322128.gregoire.losq,,,,,,,,,579.0,ITRA skipped because UTMB 579.0 <= threshold 680.0
MOREAU Jérôme,579.0,Jerome MOREAU,0.6230769230769231,https://utmb.world/runner/7900.jerome.moreau,,,,,,,,,579.0,ITRA skipped because UTMB 579.0 <= threshold 680.0
Barragué Guillaume,578.0,Guillaume BARRAGUÉ,0.6499999999999999,https://utmb.world/runner/4546310.guillaume.barrague,,,,,,,,,578.0,ITRA skipped because UTMB 578.0 <= threshold 680.0
CAVAILLES Jordan,578.0,Jordan CAVAILLES,0.69375,https://utmb.world/runner/8008408.jordan.cavailles,,,,,,,,,578.0,ITRA skipped because UTMB 578.0 <= threshold 680.0
GAGNERE Robin,578.0,Robin GAGNERE,0.6769230769230768,https://utmb.world/runner/4442342.robin.gagnere,,,,,,,,,578.0,ITRA skipped because UTMB 578.0 <= threshold 680.0
Gaillard Pascal,578.0,Pascal GAILLARD,0.6733333333333333,https://utmb.world/runner/506239.pascal.gaillard,,,,,,,,,578.0,ITRA skipped because UTMB 578.0 <= threshold 680.0
Prat Alexandre,578.0,Alexandre PRAT,0.75,https://utmb.world/runner/2312529.alexandre.prat,,,,,,,,,578.0,ITRA skipped because UTMB 578.0 <= threshold 680.0
RIBIOLLET Damien,578.0,Damien RIBIOLLET,0.69375,https://utmb.world/runner/525577.damien.ribiollet,,,,,,,,,578.0,ITRA skipped because UTMB 578.0 <= threshold 680.0
BOUHOUX cyril,577.0,Cyril BOUHOUX,0.6769230769230768,https://utmb.world/runner/2035469.cyril.bouhoux,,,,,,,,,577.0,ITRA skipped because UTMB 577.0 <= threshold 680.0
Cazin Yohann,577.0,Yohann CAZIN,0.6499999999999999,https://utmb.world/runner/3611299.yohann.cazin,,,,,,,,,577.0,ITRA skipped because UTMB 577.0 <= threshold 680.0
CHEUNG Clément,577.0,Clément CHEUNG,0.6499999999999999,https://utmb.world/runner/2186837.clement.cheung,,,,,,,,,577.0,ITRA skipped because UTMB 577.0 <= threshold 680.0
DAGUET Nicolas,577.0,Nicolas DAGUET,0.6499999999999999,https://utmb.world/runner/3538523.nicolas.daguet,,,,,,,,,577.0,ITRA skipped because UTMB 577.0 <= threshold 680.0
DERIBLE Manuel,577.0,Manuel DERIBLE,0.6499999999999999,https://utmb.world/runner/3231321.manuel.derible,,,,,,,,,577.0,ITRA skipped because UTMB 577.0 <= threshold 680.0
Ibaremborde Damien,577.0,Damien IBAREMBORDE,0.7277777777777779,https://utmb.world/runner/1928541.damien.ibaremborde,,,,,,,,,577.0,ITRA skipped because UTMB 577.0 <= threshold 680.0
PAREYDT Charles,577.0,Charles PAREYDT,0.6266666666666667,https://utmb.world/runner/926015.charles.pareydt,,,,,,,,,577.0,ITRA skipped because UTMB 577.0 <= threshold 680.0
PARIS Maxime,577.0,Maxime PARIS,0.6499999999999999,https://utmb.world/runner/4798620.maxime.paris,,,,,,,,,577.0,ITRA skipped because UTMB 577.0 <= threshold 680.0
PLANET Arnaud,577.0,Arnaud PLANET,0.6230769230769231,https://utmb.world/runner/7461700.arnaud.planet,,,,,,,,,577.0,ITRA skipped because UTMB 577.0 <= threshold 680.0
PORTIER HERVE,577.0,Hervé PORTIER,0.6769230769230768,https://utmb.world/runner/3058195.herve.portier,,,,,,,,,577.0,ITRA skipped because UTMB 577.0 <= threshold 680.0
Vaucher Baptiste,577.0,Baptiste VAUCHER,0.6499999999999999,https://utmb.world/runner/4545972.baptiste.vaucher,,,,,,,,,577.0,ITRA skipped because UTMB 577.0 <= threshold 680.0
Amblard Alexandre,577.0,Alexandre AMBLARD,0.6705882352941176,https://utmb.world/runner/337370.alexandre.amblard,,,,,,,,,577.0,ITRA skipped because UTMB 577.0 <= threshold 680.0
Arbelot Jules,576.0,Jules ARBELOT,0.6769230769230768,https://utmb.world/runner/7410708.jules.arbelot,,,,,,,,,576.0,ITRA skipped because UTMB 576.0 <= threshold 680.0
BARONI Cédric,576.0,Cedric BARONI,0.6230769230769231,https://utmb.world/runner/4543754.cedric.baroni,,,,,,,,,576.0,ITRA skipped because UTMB 576.0 <= threshold 680.0
BOYER LUDOVIC,576.0,Ludovic BOYER,0.6769230769230768,https://utmb.world/runner/30044.ludovic.boyer,,,,,,,,,576.0,ITRA skipped because UTMB 576.0 <= threshold 680.0
Herman Grégory,576.0,Gregory HERMAN,0.6499999999999999,https://utmb.world/runner/968395.gregory.herman,,,,,,,,,576.0,ITRA skipped because UTMB 576.0 <= threshold 680.0
KAMEL Yannick,576.0,Yannick KAMEL,0.6769230769230768,https://utmb.world/runner/4901464.yannick.kamel,,,,,,,,,576.0,ITRA skipped because UTMB 576.0 <= threshold 680.0
Raimondi Thibaut,576.0,Thibaut RAIMONDI,0.6499999999999999,https://utmb.world/runner/3977391.thibaut.raimondi,,,,,,,,,576.0,ITRA skipped because UTMB 576.0 <= threshold 680.0
Boulangeot Julien,575.0,Julien BOULANGEOT,0.7117647058823529,https://utmb.world/runner/82686.julien.boulangeot,,,,,,,,,575.0,ITRA skipped because UTMB 575.0 <= threshold 680.0
Cuveillier Baptiste,575.0,Baptiste CUVEILLIER,0.6684210526315789,https://utmb.world/runner/4269410.baptiste.cuveillier,,,,,,,,,575.0,ITRA skipped because UTMB 575.0 <= threshold 680.0
DE MEULENAERE valere,575.0,Valere DE MEULENAERE,0.7549999999999999,https://utmb.world/runner/1384531.valere.demeulenaere,,,,,,,,,575.0,ITRA skipped because UTMB 575.0 <= threshold 680.0
Lallemand Thierry,575.0,Thierry LALLEMAND,0.6705882352941176,https://utmb.world/runner/4011731.thierry.lallemand,,,,,,,,,575.0,ITRA skipped because UTMB 575.0 <= threshold 680.0
Le Méhauté Johann,575.0,Johann LE MEHAUTE,0.7117647058823529,https://utmb.world/runner/578291.johann.lemehaute,,,,,,,,,575.0,ITRA skipped because UTMB 575.0 <= threshold 680.0
Pietrzyk Romain,575.0,Romain PIETRZYK,0.6733333333333333,https://utmb.world/runner/4938416.romain.pietrzyk,,,,,,,,,575.0,ITRA skipped because UTMB 575.0 <= threshold 680.0
Puech Bastien,575.0,Bastien PUECH,0.6769230769230768,https://utmb.world/runner/6554354.bastien.puech,,,,,,,,,575.0,ITRA skipped because UTMB 575.0 <= threshold 680.0
Rousseau Florent,575.0,Florent ROUSSEAU,0.6499999999999999,https://utmb.world/runner/757610.florent.rousseau,,,,,,,,,575.0,ITRA skipped because UTMB 575.0 <= threshold 680.0
Basselerie Hubert,574.0,Hubert BASSELERIE,0.7117647058823529,https://utmb.world/runner/522594.hubert.basselerie,,,,,,,,,574.0,ITRA skipped because UTMB 574.0 <= threshold 680.0
Fontaine Pierre,574.0,Pierre FONTAINE,0.6733333333333333,https://utmb.world/runner/5089250.pierre.fontaine,,,,,,,,,574.0,ITRA skipped because UTMB 574.0 <= threshold 680.0
fournier hugo,574.0,Hugo FOURNIER,0.7307692307692308,https://utmb.world/runner/5125302.hugo.fournier,,,,,,,,,574.0,ITRA skipped because UTMB 574.0 <= threshold 680.0
JACQUES Julian,574.0,Julian JACQUES,0.6499999999999999,https://utmb.world/runner/4473383.julian.jacques,,,,,,,,,574.0,ITRA skipped because UTMB 574.0 <= threshold 680.0
Martin Baptiste,574.0,Jean-Baptiste MARTIN,0.74,https://utmb.world/runner/2506873.jeanbaptiste.martin,,,,,,,,,574.0,ITRA skipped because UTMB 574.0 <= threshold 680.0
Moreau Kévin,574.0,Kevin MOREAU,0.6499999999999999,https://utmb.world/runner/1325141.kevin.moreau,,,,,,,,,574.0,ITRA skipped because UTMB 574.0 <= threshold 680.0
POPO PIERRE,574.0,Pierre POPO,0.6818181818181818,https://utmb.world/runner/4858704.pierre.popo,,,,,,,,,574.0,ITRA skipped because UTMB 574.0 <= threshold 680.0
Suire Benoit,574.0,Benoit SUIRE,0.6499999999999999,https://utmb.world/runner/1440537.benoit.suire,,,,,,,,,574.0,ITRA skipped because UTMB 574.0 <= threshold 680.0
Bugué Thomas,573.0,Thomas BUGUÉ,0.6499999999999999,https://utmb.world/runner/5613929.thomas.bugue,,,,,,,,,573.0,ITRA skipped because UTMB 573.0 <= threshold 680.0
CAYET DAMIEN,573.0,Damien CAYET,0.6499999999999999,https://utmb.world/runner/6584504.damien.cayet,,,,,,,,,573.0,ITRA skipped because UTMB 573.0 <= threshold 680.0
CHAUVAT Simon,573.0,Simon CHAUVAT,0.6769230769230768,https://utmb.world/runner/329155.simon.chauvat,,,,,,,,,573.0,ITRA skipped because UTMB 573.0 <= threshold 680.0
DESVERGNES Maxime,573.0,Maxime DESVERGNES,0.7117647058823529,https://utmb.world/runner/4039393.maxime.desvergnes,,,,,,,,,573.0,ITRA skipped because UTMB 573.0 <= threshold 680.0
Gauthier Alexandre,573.0,Gauthier ALEXANDRE,1.0,https://utmb.world/runner/4834676.gauthier.alexandre,,,,,,,,,573.0,ITRA skipped because UTMB 573.0 <= threshold 680.0
rufino latas nicolas,573.0,Nicolas RUFINO LATAS,0.72,https://utmb.world/runner/4732914.nicolas.rufinolatas,,,,,,,,,573.0,ITRA skipped because UTMB 573.0 <= threshold 680.0
Silliau Swann,573.0,Swann SILLIAU,0.6769230769230768,https://utmb.world/runner/4443100.swann.silliau,,,,,,,,,573.0,ITRA skipped because UTMB 573.0 <= threshold 680.0
Badowski Jerzy,572.0,Jerzy BADOWSKI,0.7,https://utmb.world/runner/756899.jerzy.badowski,,,,,,,,,572.0,ITRA skipped because UTMB 572.0 <= threshold 680.0
Klein Pierre-yves,572.0,Pierre-Yves KLEIN,0.7529411764705882,https://utmb.world/runner/6043956.pierreyves.klein,,,,,,,,,572.0,ITRA skipped because UTMB 572.0 <= threshold 680.0
Mithridate Elodie,572.0,Elodie MITHRIDATE,0.7117647058823529,https://utmb.world/runner/444455.elodie.mithridate,,,,,,,,,572.0,ITRA skipped because UTMB 572.0 <= threshold 680.0
pecheur charles,572.0,Charles PECHEUR,0.6266666666666667,https://utmb.world/runner/3859597.charles.pecheur,,,,,,,,,572.0,ITRA skipped because UTMB 572.0 <= threshold 680.0
Pinckaers Robert,572.0,Robert PINCKAERS,0.69375,https://utmb.world/runner/513453.robert.pinckaers,,,,,,,,,572.0,ITRA skipped because UTMB 572.0 <= threshold 680.0
Sorin Gabin,572.0,Gabin SORIN,0.6181818181818182,https://utmb.world/runner/2512001.gabin.sorin,,,,,,,,,572.0,ITRA skipped because UTMB 572.0 <= threshold 680.0
Jouan Jérémy,571.0,Jérémy JOUAN,0.6499999999999999,https://utmb.world/runner/1815067.jeremy.jouan,,,,,,,,,571.0,ITRA skipped because UTMB 571.0 <= threshold 680.0
Bion Victor,571.0,Victor BION,0.6818181818181818,https://utmb.world/runner/4781882.victor.bion,,,,,,,,,571.0,ITRA skipped because UTMB 571.0 <= threshold 680.0
Depoix Hélène,571.0,Helene DEPOIX,0.6230769230769231,https://utmb.world/runner/2690955.helene.depoix,,,,,,,,,571.0,ITRA skipped because UTMB 571.0 <= threshold 680.0
Gallouédec Florent,571.0,Florent GALLOUEDEC,0.6888888888888889,https://utmb.world/runner/1926977.florent.gallouedec,,,,,,,,,571.0,ITRA skipped because UTMB 571.0 <= threshold 680.0
Houdart Julien,571.0,Julien HOUDART,0.6499999999999999,https://utmb.world/runner/3692051.julien.houdart,,,,,,,,,571.0,ITRA skipped because UTMB 571.0 <= threshold 680.0
Ruault Antoine,571.0,Antoine RUAULT,0.6499999999999999,https://utmb.world/runner/5369630.antoine.ruault,,,,,,,,,571.0,ITRA skipped because UTMB 571.0 <= threshold 680.0
Suschetet Damien,571.0,Damien SUSCHETET,0.69375,https://utmb.world/runner/5639544.damien.suschetet,,,,,,,,,571.0,ITRA skipped because UTMB 571.0 <= threshold 680.0
vanderschelden Kevin,571.0,Kevin VANDERSCHELDEN,0.7899999999999999,https://utmb.world/runner/6585716.kevin.vanderschelden,,,,,,,,,571.0,ITRA skipped because UTMB 571.0 <= threshold 680.0
Varlet Adeline,571.0,Adeline VARLET,0.6499999999999999,https://utmb.world/runner/4185694.adeline.varlet,,,,,,,,,571.0,ITRA skipped because UTMB 571.0 <= threshold 680.0
VENANDET Nicolas,571.0,Nicolas VENANDET,0.6499999999999999,https://utmb.world/runner/1425337.nicolas.venandet,,,,,,,,,571.0,ITRA skipped because UTMB 571.0 <= threshold 680.0
DURAND Sébastien,570.0,Sebastien DURAND,0.69375,https://utmb.world/runner/9652.sebastien.durand,,,,,,,,,570.0,ITRA skipped because UTMB 570.0 <= threshold 680.0
Genin Loïc,570.0,Loic GENIN,0.6499999999999999,https://utmb.world/runner/385804.loic.genin,,,,,,,,,570.0,ITRA skipped because UTMB 570.0 <= threshold 680.0
GERON DAVID,570.0,David GERON,0.6181818181818182,https://utmb.world/runner/1692375.david.geron,,,,,,,,,570.0,ITRA skipped because UTMB 570.0 <= threshold 680.0
sanchez serge,570.0,Serge SANCHEZ,0.6769230769230768,https://utmb.world/runner/903333.serge.sanchez,,,,,,,,,570.0,ITRA skipped because UTMB 570.0 <= threshold 680.0
Szabo Norbert,570.0,Norbert SZABÓ,0.6769230769230768,https://utmb.world/runner/7244344.norbert.szabo,,,,,,,,,570.0,ITRA skipped because UTMB 570.0 <= threshold 680.0
Besson Florian,569.0,Florian BESSON,0.6499999999999999,https://utmb.world/runner/6542957.florian.besson,,,,,,,,,569.0,ITRA skipped because UTMB 569.0 <= threshold 680.0
GALIBERT Romain,569.0,Romain GALIBERT,0.6733333333333333,https://utmb.world/runner/1803295.romain.galibert,,,,,,,,,569.0,ITRA skipped because UTMB 569.0 <= threshold 680.0
MILCENT Jean Claude,569.0,Claude MILCENT JEAN,0.7421052631578946,https://utmb.world/runner/6259326.claude.milcentjean,,,,,,,,,569.0,ITRA skipped because UTMB 569.0 <= threshold 680.0
Morand Cyril,569.0,Cyril MORAND,0.6499999999999999,https://utmb.world/runner/5035040.cyril.morand,,,,,,,,,569.0,ITRA skipped because UTMB 569.0 <= threshold 680.0
"Thomas Nicolas,rémi",569.0,Thomas NICOLAS,0.7939393939393938,https://utmb.world/runner/5692734.thomas.nicolas,,,,,,,,,569.0,ITRA skipped because UTMB 569.0 <= threshold 680.0
Vareille Victor,569.0,Victor VAREILLE,0.6733333333333333,https://utmb.world/runner/1324657.victor.vareille,,,,,,,,,569.0,ITRA skipped because UTMB 569.0 <= threshold 680.0
Crouzevialle Simon,568.0,Simon CROUZEVIALLE,0.7666666666666666,https://utmb.world/runner/3833919.simon.crouzevialle,,,,,,,,,568.0,ITRA skipped because UTMB 568.0 <= threshold 680.0
Dauby Julien,568.0,Julien Pierre DAUBY,0.5709677419354838,https://utmb.world/runner/6501165.julienpierre.dauby,,,,,,,,,568.0,UTMB low-confidence match; ITRA skipped because UTMB 568.0 <= threshold 680.0
DAVID Sébastien,568.0,Sébastien DAVID,0.72,https://utmb.world/runner/6747806.sebastien.david,,,,,,,,,568.0,ITRA skipped because UTMB 568.0 <= threshold 680.0
Fernante Fabrice,568.0,Fabrice FERNANTE,0.6499999999999999,https://utmb.world/runner/1073187.fabrice.fernante,,,,,,,,,568.0,ITRA skipped because UTMB 568.0 <= threshold 680.0
Grot Sebastien,568.0,Sebastien GROT,0.75,https://utmb.world/runner/5240356.sebastien.grot,,,,,,,,,568.0,ITRA skipped because UTMB 568.0 <= threshold 680.0
Lillywhite Jonathan,568.0,Jonathan LILLYWHITE,0.6684210526315789,https://utmb.world/runner/445513.jonathan.lillywhite,,,,,,,,,568.0,ITRA skipped because UTMB 568.0 <= threshold 680.0
Mottet Philippe,568.0,Philippe MOTTET,0.6733333333333333,https://utmb.world/runner/5502030.philippe.mottet,,,,,,,,,568.0,ITRA skipped because UTMB 568.0 <= threshold 680.0
youdine gabryel,568.0,Gabryel YOUDINE,0.6266666666666667,https://utmb.world/runner/5370064.gabryel.youdine,,,,,,,,,568.0,ITRA skipped because UTMB 568.0 <= threshold 680.0
Darnis Charly,567.0,Charly DARNIS,0.6230769230769231,https://utmb.world/runner/2207103.charly.darnis,,,,,,,,,567.0,ITRA skipped because UTMB 567.0 <= threshold 680.0
Dechamps Max,567.0,Max DECHAMPS,0.7666666666666666,https://utmb.world/runner/5575476.max.dechamps,,,,,,,,,567.0,ITRA skipped because UTMB 567.0 <= threshold 680.0
GRAVRAND GREGOIRE,567.0,Gregoire GRAVRAND,0.6294117647058823,https://utmb.world/runner/5042976.gregoire.gravrand,,,,,,,,,567.0,ITRA skipped because UTMB 567.0 <= threshold 680.0
Bergues Joanne,566.0,Joanne BERGUES,0.6499999999999999,https://utmb.world/runner/5627850.joanne.bergues,,,,,,,,,566.0,ITRA skipped because UTMB 566.0 <= threshold 680.0
Cozzani Sébastien,566.0,Sebastien COZZANI,0.6705882352941176,https://utmb.world/runner/279759.sebastien.cozzani,,,,,,,,,566.0,ITRA skipped because UTMB 566.0 <= threshold 680.0
Lasfargues Guillaume,566.0,Guillaume LASFARGUES,0.6499999999999999,https://utmb.world/runner/5585604.guillaume.lasfargues,,,,,,,,,566.0,ITRA skipped because UTMB 566.0 <= threshold 680.0
Martin Fabrice,566.0,Fabrice MARTIN,0.6499999999999999,https://utmb.world/runner/7341434.fabrice.martin,,,,,,,,,566.0,ITRA skipped because UTMB 566.0 <= threshold 680.0
Parjadis Nathan,566.0,Nathan PARJADIS,0.6733333333333333,https://utmb.world/runner/3474435.nathan.parjadis,,,,,,,,,566.0,ITRA skipped because UTMB 566.0 <= threshold 680.0
Santacreu Thomas,566.0,Thomas SANTACREU,0.69375,https://utmb.world/runner/5690392.thomas.santacreu,,,,,,,,,566.0,ITRA skipped because UTMB 566.0 <= threshold 680.0
SAUVAGE romain,566.0,Romain SAUVAGE,0.6499999999999999,https://utmb.world/runner/947655.romain.sauvage,,,,,,,,,566.0,ITRA skipped because UTMB 566.0 <= threshold 680.0
VITRY Julien,566.0,Julien VITRY,0.6499999999999999,https://utmb.world/runner/622531.julien.vitry,,,,,,,,,566.0,ITRA skipped because UTMB 566.0 <= threshold 680.0
broyer nicolas,565.0,Nicolas BROYER,0.6499999999999999,https://utmb.world/runner/2580321.nicolas.broyer,,,,,,,,,565.0,ITRA skipped because UTMB 565.0 <= threshold 680.0
CONSEIL Nicolas,565.0,Nicolas CONSEIL,0.6266666666666667,https://utmb.world/runner/4792802.nicolas.conseil,,,,,,,,,565.0,ITRA skipped because UTMB 565.0 <= threshold 680.0
Desfeux Paul,565.0,Paul DESFEUX,0.7083333333333333,https://utmb.world/runner/7284902.paul.desfeux,,,,,,,,,565.0,ITRA skipped because UTMB 565.0 <= threshold 680.0
KIEFFER ETIENNE,565.0,Etienne KIEFFER,0.6266666666666667,https://utmb.world/runner/5494281.etienne.kieffer,,,,,,,,,565.0,ITRA skipped because UTMB 565.0 <= threshold 680.0
Legrand Cyril,565.0,Cyril LEGRAND,0.6769230769230768,https://utmb.world/runner/339810.cyril.legrand,,,,,,,,,565.0,ITRA skipped because UTMB 565.0 <= threshold 680.0
Raczka Guillaume,565.0,Guillaume RACZKA,0.69375,https://utmb.world/runner/4798358.guillaume.raczka,,,,,,,,,565.0,ITRA skipped because UTMB 565.0 <= threshold 680.0
Berdou Andoni,564.0,Berdou ANDONI,1.0,https://utmb.world/runner/7357776.berdou.andoni,,,,,,,,,564.0,ITRA skipped because UTMB 564.0 <= threshold 680.0
Boulinguez Adrien,564.0,Adrien BOULINGUEZ,0.7117647058823529,https://utmb.world/runner/1926905.adrien.boulinguez,,,,,,,,,564.0,ITRA skipped because UTMB 564.0 <= threshold 680.0
Derriennic Morgad,564.0,Morgad DERRIENNIC,0.7117647058823529,https://utmb.world/runner/578247.morgad.derriennic,,,,,,,,,564.0,ITRA skipped because UTMB 564.0 <= threshold 680.0
GIRARD Margaux,564.0,Margaux GIRARD,0.6499999999999999,https://utmb.world/runner/3867003.margaux.girard,,,,,,,,,564.0,ITRA skipped because UTMB 564.0 <= threshold 680.0
GUITTON Pascal,564.0,Pascal GUITTON,0.6499999999999999,https://utmb.world/runner/211.pascal.guitton,,,,,,,,,564.0,ITRA skipped because UTMB 564.0 <= threshold 680.0
Jallat Jean-Christophe,564.0,Jean-Christophe JALLAT,0.7772727272727271,https://utmb.world/runner/1503225.jeanchristophe.jallat,,,,,,,,,564.0,ITRA skipped because UTMB 564.0 <= threshold 680.0
Lévy Charles,564.0,Charles LEVY,0.7083333333333333,https://utmb.world/runner/1917709.charles.levy,,,,,,,,,564.0,ITRA skipped because UTMB 564.0 <= threshold 680.0
Morel Laurent,564.0,Laurent MOREL,0.6769230769230768,https://utmb.world/runner/196501.laurent.morel,,,,,,,,,564.0,ITRA skipped because UTMB 564.0 <= threshold 680.0
TISANE NICOLAS,564.0,Nicolas TISANE,0.6499999999999999,https://utmb.world/runner/480380.nicolas.tisane,,,,,,,,,564.0,ITRA skipped because UTMB 564.0 <= threshold 680.0
Wéry Simon,564.0,Simon WÉRY,0.6499999999999999,https://utmb.world/runner/6967786.simon.wery,,,,,,,,,564.0,ITRA skipped because UTMB 564.0 <= threshold 680.0
beaugrand Johnny,563.0,Johnny BEAUGRAND,0.69375,https://utmb.world/runner/369521.johnny.beaugrand,,,,,,,,,563.0,ITRA skipped because UTMB 563.0 <= threshold 680.0
COVAREL Kévin,563.0,Kévin COVAREL,0.6769230769230768,https://utmb.world/runner/40093.kevin.covarel,,,,,,,,,563.0,ITRA skipped because UTMB 563.0 <= threshold 680.0
Damour Loïck,563.0,Loïck DAMOUR,0.6499999999999999,https://utmb.world/runner/4558888.loick.damour,,,,,72.22,DAMOUR LOïCK,1.0,https://www.betrail.run/runner/damour.loick/overview,563.0,ITRA skipped because UTMB 563.0 <= threshold 680.0
Deswarte Hélène,563.0,Helene DESWARTE,0.6733333333333333,https://utmb.world/runner/7186280.helene.deswarte,,,,,,,,,563.0,ITRA skipped because UTMB 563.0 <= threshold 680.0
Grenier Thomas,563.0,Thomas GRENIER,0.6499999999999999,https://utmb.world/runner/4933457.thomas.grenier,,,,,,,,,563.0,ITRA skipped because UTMB 563.0 <= threshold 680.0
Imhoff Kyle,563.0,Kyle IMHOFF,0.6818181818181818,https://utmb.world/runner/3843729.kyle.imhoff,,,,,,,,,563.0,ITRA skipped because UTMB 563.0 <= threshold 680.0
Juanos Cabanas Jordi,563.0,Jordi JUANOS CABANAS,0.7899999999999999,https://utmb.world/runner/3393139.jordi.juanoscabanas,,,,,,,,,563.0,ITRA skipped because UTMB 563.0 <= threshold 680.0
Mendes Julien,563.0,Julien MENDES,0.6230769230769231,https://utmb.world/runner/1907841.julien.mendes,,,,,,,,,563.0,ITRA skipped because UTMB 563.0 <= threshold 680.0
PATRICOLO ROBIN,563.0,Robin PATRICOLO,0.72,https://utmb.world/runner/2699377.robin.patricolo,,,,,,,,,563.0,ITRA skipped because UTMB 563.0 <= threshold 680.0
payet Rodolphe,563.0,Rodolphe PAYET,0.7,https://utmb.world/runner/152446.rodolphe.payet,,,,,,,,,563.0,ITRA skipped because UTMB 563.0 <= threshold 680.0
Savary Antoine,563.0,Antoine SAVARY,0.6499999999999999,https://utmb.world/runner/4230360.antoine.savary,,,,,,,,,563.0,ITRA skipped because UTMB 563.0 <= threshold 680.0
Carpentier Quentin,562.0,Quentin CARPENTIER,0.6888888888888889,https://utmb.world/runner/5417092.quentin.carpentier,,,,,,,,,562.0,ITRA skipped because UTMB 562.0 <= threshold 680.0
COGET Laurie,562.0,Laurie COGET,0.6499999999999999,https://utmb.world/runner/2400829.laurie.coget,,,,,,,,,562.0,ITRA skipped because UTMB 562.0 <= threshold 680.0
Donzel-Gargand Jérémiah,562.0,Jérémiah DONZEL-GARGAND,0.7260869565217392,https://utmb.world/runner/4490042.jeremiah.donzelgargand,,,,,,,,,562.0,ITRA skipped because UTMB 562.0 <= threshold 680.0
forveille jordan,562.0,Jordan FORVEILLE,0.69375,https://utmb.world/runner/6842738.jordan.forveille,,,,,,,,,562.0,ITRA skipped because UTMB 562.0 <= threshold 680.0
Kisel Matthieu,562.0,Matthieu KISEL,0.7,https://utmb.world/runner/1209075.matthieu.kisel,,,,,,,,,562.0,ITRA skipped because UTMB 562.0 <= threshold 680.0
Puech Etienne,562.0,Etienne PUECH,0.6769230769230768,https://utmb.world/runner/3665627.etienne.puech,,,,,,,,,562.0,ITRA skipped because UTMB 562.0 <= threshold 680.0
Seutin Anne,562.0,Anne SEUTIN,0.6818181818181818,https://utmb.world/runner/2050451.anne.seutin,,,,,,,,,562.0,ITRA skipped because UTMB 562.0 <= threshold 680.0
Chaplet Maxime,561.0,Maxime CHAPLET,0.6499999999999999,https://utmb.world/runner/767694.maxime.chaplet,,,,,,,,,561.0,ITRA skipped because UTMB 561.0 <= threshold 680.0
Cornet Sébastien,561.0,Sébastien CORNET,0.69375,https://utmb.world/runner/5208964.sebastien.cornet,,,,,,,,,561.0,ITRA skipped because UTMB 561.0 <= threshold 680.0
Gallou Thierry,561.0,Thierry GALLOU,0.6499999999999999,https://utmb.world/runner/7845.thierry.gallou,,,,,,,,,561.0,ITRA skipped because UTMB 561.0 <= threshold 680.0
Hoarau Nicaise,561.0,Nicaise HOARAU,0.6499999999999999,https://utmb.world/runner/5035244.nicaise.hoarau,,,,,,,,,561.0,ITRA skipped because UTMB 561.0 <= threshold 680.0
SOLIS Thibault,561.0,Thibault SOLIS,0.7,https://utmb.world/runner/4436348.thibault.solis,,,,,,,,,561.0,ITRA skipped because UTMB 561.0 <= threshold 680.0
VIRAT SEBASTIEN,561.0,Sebastien VIRAT,0.72,https://utmb.world/runner/38663.sebastien.virat,,,,,,,,,561.0,ITRA skipped because UTMB 561.0 <= threshold 680.0
BOYER Giovanni,560.0,Giovanni BOYER,0.7,https://utmb.world/runner/5758540.giovanni.boyer,,,,,,,,,560.0,ITRA skipped because UTMB 560.0 <= threshold 680.0
DALLEAU WILLY,560.0,Willy DALLEAU,0.6769230769230768,https://utmb.world/runner/105209.willy.dalleau,,,,,,,,,560.0,ITRA skipped because UTMB 560.0 <= threshold 680.0
Dewitte Laurent,560.0,Laurent DEWITTE,0.6266666666666667,https://utmb.world/runner/3865525.laurent.dewitte,,,,,,,,,560.0,ITRA skipped because UTMB 560.0 <= threshold 680.0
ESPERANCE Laurent,560.0,Laurent ESPERANCE,0.6705882352941176,https://utmb.world/runner/1430623.laurent.esperance,,,,,,,,,560.0,ITRA skipped because UTMB 560.0 <= threshold 680.0
Hankard-Trodoux Dimitri,560.0,Dimitri HANKARD,0.45789473684210524,https://utmb.world/runner/6837998.dimitri.hankard,,,,,,,,,560.0,UTMB low-confidence match; ITRA skipped because UTMB 560.0 <= threshold 680.0
LE MASSON Anthony,560.0,Anthony LE MASSON,0.6705882352941176,https://utmb.world/runner/2699783.anthony.lemasson,,,,,,,,,560.0,ITRA skipped because UTMB 560.0 <= threshold 680.0
PINK Jean Cédric,560.0,Jean Cedric PINK,0.78125,https://utmb.world/runner/2528461.jeancedric.pink,,,,,,,,,560.0,ITRA skipped because UTMB 560.0 <= threshold 680.0
Rolland Leslie,560.0,Leslie ROLLAND,0.6499999999999999,https://utmb.world/runner/4040826.leslie.rolland,,,,,,,,,560.0,ITRA skipped because UTMB 560.0 <= threshold 680.0
Vee jean daniel,560.0,Jean-Daniel VEE,0.8133333333333332,https://utmb.world/runner/43662.jeandaniel.vee,,,,,,,,,560.0,ITRA skipped because UTMB 560.0 <= threshold 680.0
Bard Frederic,559.0,Frederic BARD,0.7307692307692308,https://utmb.world/runner/8319124.frederic.bard,,,,,,,,,559.0,ITRA skipped because UTMB 559.0 <= threshold 680.0
BIOTTEAU Benjamin,559.0,Benjamin BIOTTEAU,0.6294117647058823,https://utmb.world/runner/7462356.benjamin.biotteau,,,,,,,,,559.0,ITRA skipped because UTMB 559.0 <= threshold 680.0
Dupouy François,559.0,François DUPOUY,0.6733333333333333,https://utmb.world/runner/5369712.francois.dupouy,,,,,,,,,559.0,ITRA skipped because UTMB 559.0 <= threshold 680.0
maillard yvan,559.0,Yvan MAILLARD,0.7307692307692308,https://utmb.world/runner/105212.yvan.maillard,,,,,,,,,559.0,ITRA skipped because UTMB 559.0 <= threshold 680.0
Olivier Dimitri,559.0,Dimitri OLIVIER,0.6266666666666667,https://utmb.world/runner/1546389.dimitri.olivier,,,,,,,,,559.0,ITRA skipped because UTMB 559.0 <= threshold 680.0
Baudry Manon,558.0,Manon BAUDRY,0.6499999999999999,https://utmb.world/runner/5297970.manon.baudry,,,,,,,,,558.0,ITRA skipped because UTMB 558.0 <= threshold 680.0
FONDER XAVIER,558.0,Xavier FONDER,0.6230769230769231,https://utmb.world/runner/4203435.xavier.fonder,,,,,,,,,558.0,ITRA skipped because UTMB 558.0 <= threshold 680.0
FORGET Nicolas,558.0,Nicolas FORGET,0.6499999999999999,https://utmb.world/runner/818888.nicolas.forget,,,,,,,,,558.0,ITRA skipped because UTMB 558.0 <= threshold 680.0
Gangloff Paul,558.0,Paul GANGLOFF,0.7307692307692308,https://utmb.world/runner/6686230.paul.gangloff,,,,,,,,,558.0,ITRA skipped because UTMB 558.0 <= threshold 680.0
JOLLY GREGORY,558.0,Gregory JOLLY,0.6769230769230768,https://utmb.world/runner/314379.gregory.jolly,,,,,,,,,558.0,ITRA skipped because UTMB 558.0 <= threshold 680.0
AIT EL CADI Mohamed,557.0,Mohamed AIT EL CADI,0.7052631578947368,https://utmb.world/runner/950221.mohamed.aitelcadi,,,,,,,,,557.0,ITRA skipped because UTMB 557.0 <= threshold 680.0
BUONO Ludovic,557.0,Ludovic BUONO,0.6769230769230768,https://utmb.world/runner/132568.ludovic.buono,,,,,,,,,557.0,ITRA skipped because UTMB 557.0 <= threshold 680.0
CHAILLOUX Olivier,557.0,Olivier CHAILLOUX,0.6705882352941176,https://utmb.world/runner/4660854.olivier.chailloux,,,,,,,,,557.0,ITRA skipped because UTMB 557.0 <= threshold 680.0
DIDIER Stéphane,557.0,Stephane DIDIER,0.6733333333333333,https://utmb.world/runner/1527555.stephane.didier,,,,,,,,,557.0,ITRA skipped because UTMB 557.0 <= threshold 680.0
Drouin Philippe,557.0,Philippe DROUIN,0.6733333333333333,https://utmb.world/runner/243775.philippe.drouin,,,,,,,,,557.0,ITRA skipped because UTMB 557.0 <= threshold 680.0
Gangloff Dimitri,557.0,Dimitri GANGLOFF,0.6499999999999999,https://utmb.world/runner/74479.dimitri.gangloff,,,,,,,,,557.0,ITRA skipped because UTMB 557.0 <= threshold 680.0
ISTASSES Erwan,557.0,Erwan ISTASSES,0.7,https://utmb.world/runner/726120.erwan.istasses,,,,,,,,,557.0,ITRA skipped because UTMB 557.0 <= threshold 680.0
LEROY Régis,557.0,Regis LEROY,0.6181818181818182,https://utmb.world/runner/1016539.regis.leroy,,,,,,,,,557.0,ITRA skipped because UTMB 557.0 <= threshold 680.0
Métais Laura,557.0,Laura MÉTAIS,0.6499999999999999,https://utmb.world/runner/3695973.laura.metais,,,,,,,,,557.0,ITRA skipped because UTMB 557.0 <= threshold 680.0
PAYET JEAN PHILIPPE,557.0,Jean-Philippe PAYET,0.7789473684210526,https://utmb.world/runner/103603.jeanphilippe.payet,,,,,,,,,557.0,ITRA skipped because UTMB 557.0 <= threshold 680.0
Sulmont Francois,557.0,Francois SULMONT,0.6499999999999999,https://utmb.world/runner/2655597.francois.sulmont,,,,,,,,,557.0,ITRA skipped because UTMB 557.0 <= threshold 680.0
BIGORRE François,556.0,François BIGORRE,0.6499999999999999,https://utmb.world/runner/1346857.francois.bigorre,,,,,,,,,556.0,ITRA skipped because UTMB 556.0 <= threshold 680.0
Cabanac Loïc,556.0,Loic CABANAC,0.7083333333333333,https://utmb.world/runner/2034701.loic.cabanac,,,,,,,,,556.0,ITRA skipped because UTMB 556.0 <= threshold 680.0
Crahay Cedric,556.0,Cedric CRAHAY,0.6230769230769231,https://utmb.world/runner/6874740.cedric.crahay,,,,,,,,,556.0,ITRA skipped because UTMB 556.0 <= threshold 680.0
Ezcurra Fabien,556.0,Fabien EZCURRA,0.6499999999999999,https://utmb.world/runner/112159.fabien.ezcurra,,,,,,,,,556.0,ITRA skipped because UTMB 556.0 <= threshold 680.0
GAZENGEL Julien,556.0,Julien GAZENGEL,0.6733333333333333,https://utmb.world/runner/3327181.julien.gazengel,,,,,,,,,556.0,ITRA skipped because UTMB 556.0 <= threshold 680.0
Gosset Nicolas,556.0,Nicolas GOSSET,0.6499999999999999,https://utmb.world/runner/4901194.nicolas.gosset,,,,,,,,,556.0,ITRA skipped because UTMB 556.0 <= threshold 680.0
FRAYSSE Adrian,555.0,Adrian FRAYSSE,0.6499999999999999,https://utmb.world/runner/7226072.adrian.fraysse,,,,,,,,,555.0,ITRA skipped because UTMB 555.0 <= threshold 680.0
BRUNET NICOLAS,555.0,Nicolas BRUNET,0.6499999999999999,https://utmb.world/runner/1400801.nicolas.brunet,,,,,,,,,555.0,ITRA skipped because UTMB 555.0 <= threshold 680.0
CHAPOTARD Thibauld,555.0,Thibauld CHAPOTARD,0.6499999999999999,https://utmb.world/runner/7492874.thibauld.chapotard,,,,,,,,,555.0,ITRA skipped because UTMB 555.0 <= threshold 680.0
DOLIN Félix,555.0,Félix DOLIN,0.6181818181818182,https://utmb.world/runner/2065471.felix.dolin,,,,,,,,,555.0,ITRA skipped because UTMB 555.0 <= threshold 680.0
Dubois christophe,555.0,Christophe DUBOIS,0.7117647058823529,https://utmb.world/runner/6484126.christophe.dubois,,,,,,,,,555.0,ITRA skipped because UTMB 555.0 <= threshold 680.0
LADOUZE JEAN-RENE,555.0,Jean-Rene LADOUZE,0.6705882352941176,https://utmb.world/runner/39552.jeanrene.ladouze,,,,,,,,,555.0,ITRA skipped because UTMB 555.0 <= threshold 680.0
Laurent-Atthalin Marc,555.0,Marc LAURENT-ATTHALIN,0.8333333333333333,https://utmb.world/runner/5668684.marc.laurentatthalin,,,,,,,,,555.0,ITRA skipped because UTMB 555.0 <= threshold 680.0
Lubineau Aline,555.0,Aline LUBINEAU,0.7,https://utmb.world/runner/570999.aline.lubineau,,,,,,,,,555.0,ITRA skipped because UTMB 555.0 <= threshold 680.0
NATIVEL Pascal,555.0,Pascal NATIVEL,0.6499999999999999,https://utmb.world/runner/2406153.pascal.nativel,,,,,,,,,555.0,ITRA skipped because UTMB 555.0 <= threshold 680.0
Riemensberger Daniel,555.0,Daniel RIEMENSBERGER,0.7549999999999999,https://utmb.world/runner/834680.daniel.riemensberger,,,,,,,,,555.0,ITRA skipped because UTMB 555.0 <= threshold 680.0
Tirel Nicolas,555.0,Nicolas TIREL,0.6769230769230768,https://utmb.world/runner/4307299.nicolas.tirel,,,,,,,,,555.0,ITRA skipped because UTMB 555.0 <= threshold 680.0
BARANOWSKI FRANÇOIS,554.0,François BARANOWSKI,0.6684210526315789,https://utmb.world/runner/4230378.francois.baranowski,,,,,,,,,554.0,ITRA skipped because UTMB 554.0 <= threshold 680.0
blanchard jerome,554.0,Jérôme BLANCHARD,0.69375,https://utmb.world/runner/5627060.jerome.blanchard,,,,,,,,,554.0,ITRA skipped because UTMB 554.0 <= threshold 680.0
Cavalan Erwan,554.0,Erwan CAVALAN,0.6769230769230768,https://utmb.world/runner/1802893.erwan.cavalan,,,,,,,,,554.0,ITRA skipped because UTMB 554.0 <= threshold 680.0
Duquesnoy Damien,554.0,Damien DUQUESNOY,0.69375,https://utmb.world/runner/4164508.damien.duquesnoy,,,,,,,,,554.0,ITRA skipped because UTMB 554.0 <= threshold 680.0
GUINAND REGIS,554.0,Regis GUINAND,0.6769230769230768,https://utmb.world/runner/882015.regis.guinand,,,,,,,,,554.0,ITRA skipped because UTMB 554.0 <= threshold 680.0
Gerbet Sandrine,553.0,Sandrine GERBET,0.6733333333333333,https://utmb.world/runner/1503349.sandrine.gerbet,,,,,,,,,553.0,ITRA skipped because UTMB 553.0 <= threshold 680.0
KARMOUN JAOUAD,553.0,Jaouad KARMOUN,0.6499999999999999,https://utmb.world/runner/244675.jaouad.karmoun,,,,,,,,,553.0,ITRA skipped because UTMB 553.0 <= threshold 680.0
Dupuis Nicolas,552.0,Nicolas DUPUIS,0.6499999999999999,https://utmb.world/runner/1997695.nicolas.dupuis,,,,,,,,,552.0,ITRA skipped because UTMB 552.0 <= threshold 680.0
Danjoux Jonathan,552.0,Jonathan DANJOUX,0.6499999999999999,https://utmb.world/runner/409699.jonathan.danjoux,,,,,,,,,552.0,ITRA skipped because UTMB 552.0 <= threshold 680.0
durlins alexandre,552.0,Alexandre DURLINS,0.6705882352941176,https://utmb.world/runner/3559629.alexandre.durlins,,,,,,,,,552.0,ITRA skipped because UTMB 552.0 <= threshold 680.0
ELISABETH Quentin,552.0,Quentin ELISABETH,0.6705882352941176,https://utmb.world/runner/3026555.quentin.elisabeth,,,,,,,,,552.0,ITRA skipped because UTMB 552.0 <= threshold 680.0
Lallemand David,552.0,David LALLEMAND,0.72,https://utmb.world/runner/467886.david.lallemand,,,,,,,,,552.0,ITRA skipped because UTMB 552.0 <= threshold 680.0
LOUAPRE MATTHIEU,552.0,Matthieu LOUAPRE,0.6499999999999999,https://utmb.world/runner/4490082.matthieu.louapre,,,,,,,,,552.0,ITRA skipped because UTMB 552.0 <= threshold 680.0
Malardé Vincent,552.0,Vincent MALARDÉ,0.6266666666666667,https://utmb.world/runner/4403040.vincent.malarde,,,,,,,,,552.0,ITRA skipped because UTMB 552.0 <= threshold 680.0
Menoud Evan,552.0,Evan MENOUD,0.6818181818181818,https://utmb.world/runner/4798328.evan.menoud,,,,,,,,,552.0,ITRA skipped because UTMB 552.0 <= threshold 680.0
Rodrigues Jean-Christophe,552.0,Jean-Christophe RODRIGUES,0.72,https://utmb.world/runner/186540.jeanchristophe.rodrigues,,,,,,,,,552.0,ITRA skipped because UTMB 552.0 <= threshold 680.0
drouet simon,551.0,Simon DROUET,0.6499999999999999,https://utmb.world/runner/5644854.simon.drouet,,,,,,,,,551.0,ITRA skipped because UTMB 551.0 <= threshold 680.0
ROUSSEAUX QUENTIN,551.0,Quentin ROUSSEAUX,0.6705882352941176,https://utmb.world/runner/668207.quentin.rousseaux,,,,,,,,,551.0,ITRA skipped because UTMB 551.0 <= threshold 680.0
Thiercelin-panais Cyril,551.0,Nicolas THIERCELIN PANAIS,0.6958333333333333,https://utmb.world/runner/5627448.nicolas.thiercelinpanais,,,,,,,,,551.0,ITRA skipped because UTMB 551.0 <= threshold 680.0
BAUSSAN Mathieu,550.0,Mathieu BAUSSAN,0.6266666666666667,https://utmb.world/runner/3900873.mathieu.baussan,,,,,,,,,550.0,ITRA skipped because UTMB 550.0 <= threshold 680.0
CARDON Nicolas,550.0,Nicolas CARDON,0.6499999999999999,https://utmb.world/runner/4163212.nicolas.cardon,,,,,,,,,550.0,ITRA skipped because UTMB 550.0 <= threshold 680.0
dalle thomas,550.0,Thomas DALLE,0.6499999999999999,https://utmb.world/runner/6057216.thomas.dalle,,,,,,,,,550.0,ITRA skipped because UTMB 550.0 <= threshold 680.0
Daudrix Patxi,550.0,Patxi DAUDRIX,0.6769230769230768,https://utmb.world/runner/7470882.patxi.daudrix,,,,,,,,,550.0,ITRA skipped because UTMB 550.0 <= threshold 680.0
espinasse nicolas,550.0,Nicolas ESPINASSE,0.6705882352941176,https://utmb.world/runner/2399567.nicolas.espinasse,,,,,,,,,550.0,ITRA skipped because UTMB 550.0 <= threshold 680.0
Fontenelle Quentin,550.0,Quentin FONTENELLE,0.6888888888888889,https://utmb.world/runner/4486744.quentin.fontenelle,,,,,,,,,550.0,ITRA skipped because UTMB 550.0 <= threshold 680.0
Foubert Quentin,550.0,Quentin FOUBERT,0.6266666666666667,https://utmb.world/runner/328850.quentin.foubert,,,,,,,,,550.0,ITRA skipped because UTMB 550.0 <= threshold 680.0
LE CALVEZ Erwan,550.0,Erwan LE CALVEZ,0.72,https://utmb.world/runner/427526.erwan.lecalvez,,,,,,,,,550.0,ITRA skipped because UTMB 550.0 <= threshold 680.0
Monet Damien,550.0,Damien MONET,0.6499999999999999,https://utmb.world/runner/369688.damien.monet,,,,,,,,,550.0,ITRA skipped because UTMB 550.0 <= threshold 680.0
PAPIN Frédéric,550.0,Frédéric PAPIN,0.7,https://utmb.world/runner/319705.frederic.papin,,,,,,,,,550.0,ITRA skipped because UTMB 550.0 <= threshold 680.0
Parent Tom,550.0,Tom PARENT,0.72,https://utmb.world/runner/5397454.tom.parent,,,,,,,,,550.0,ITRA skipped because UTMB 550.0 <= threshold 680.0
Vienne Thomas,550.0,Thomas VIENNE,0.6230769230769231,https://utmb.world/runner/645125.thomas.vienne,,,,,,,,,550.0,ITRA skipped because UTMB 550.0 <= threshold 680.0
Boyer Florent,549.0,Florent BOYER,0.6769230769230768,https://utmb.world/runner/152172.florent.boyer,,,,,,,,,549.0,ITRA skipped because UTMB 549.0 <= threshold 680.0
CARTERON Christophe,549.0,Christophe CARTERON,0.6684210526315789,https://utmb.world/runner/178004.christophe.carteron,,,,,,,,,549.0,ITRA skipped because UTMB 549.0 <= threshold 680.0
DI COCCO Alexandre,549.0,Alexandre DI COCCO,0.6499999999999999,https://utmb.world/runner/5938770.alexandre.dicocco,,,,,,,,,549.0,ITRA skipped because UTMB 549.0 <= threshold 680.0
DOCHE JEREMY,549.0,Jérémy DOCHE,0.6499999999999999,https://utmb.world/runner/6115474.jeremy.doche,,,,,,,,,549.0,ITRA skipped because UTMB 549.0 <= threshold 680.0
GREAU Benoit,549.0,Benoit GREAU,0.6499999999999999,https://utmb.world/runner/537933.benoit.greau,,,,,,,,,549.0,ITRA skipped because UTMB 549.0 <= threshold 680.0
LALLEMAND Willy,549.0,Willy LALLEMAND,0.72,https://utmb.world/runner/3977431.willy.lallemand,,,,,,,,,549.0,ITRA skipped because UTMB 549.0 <= threshold 680.0
Le bournot Pierre,549.0,Pierre LE BOURNOT,0.7117647058823529,https://utmb.world/runner/6870920.pierre.lebournot,,,,,,,,,549.0,ITRA skipped because UTMB 549.0 <= threshold 680.0
LE GAL LAURENT,549.0,Laurent LE GAL,0.6499999999999999,https://utmb.world/runner/319680.laurent.legal,,,,,,,,,549.0,ITRA skipped because UTMB 549.0 <= threshold 680.0
Meistermann Johan,549.0,Johan MEISTERMANN,0.7529411764705882,https://utmb.world/runner/3847563.johan.meistermann,,,,,,,,,549.0,ITRA skipped because UTMB 549.0 <= threshold 680.0
NERINA Idriss,549.0,Idriss NERINA,0.6230769230769231,https://utmb.world/runner/3133643.idriss.nerina,,,,,,,,,549.0,ITRA skipped because UTMB 549.0 <= threshold 680.0
PAPINEAU Thomas,549.0,Thomas PAPINEAU,0.6733333333333333,https://utmb.world/runner/4741238.thomas.papineau,,,,,,,,,549.0,ITRA skipped because UTMB 549.0 <= threshold 680.0
rousseau Olivier,549.0,Olivier ROUSSEAU,0.6499999999999999,https://utmb.world/runner/1856581.olivier.rousseau,,,,,,,,,549.0,ITRA skipped because UTMB 549.0 <= threshold 680.0
de Brosses Thibaud,548.0,Thibaud DE BROSSES,0.6888888888888889,https://utmb.world/runner/3691947.thibaud.debrosses,,,,,,,,,548.0,ITRA skipped because UTMB 548.0 <= threshold 680.0
GUEHENNEC Romain,548.0,Romain GUEHENNEC,0.69375,https://utmb.world/runner/6314948.romain.guehennec,,,,,,,,,548.0,ITRA skipped because UTMB 548.0 <= threshold 680.0
MAGEOT PATRICK,548.0,Patrick MAGEOT,0.6499999999999999,https://utmb.world/runner/620927.patrick.mageot,,,,,,,,,548.0,ITRA skipped because UTMB 548.0 <= threshold 680.0
Sciboz Pascal,548.0,Pascal SCIBOZ,0.6230769230769231,https://utmb.world/runner/2389219.pascal.sciboz,,,,,,,,,548.0,ITRA skipped because UTMB 548.0 <= threshold 680.0
boivin nicolas,547.0,Nicolas BOIVIN,0.6499999999999999,https://utmb.world/runner/4420848.nicolas.boivin,,,,,,,,,547.0,ITRA skipped because UTMB 547.0 <= threshold 680.0
Durr Sebastien,547.0,Sebastien DURR,0.75,https://utmb.world/runner/3428749.sebastien.durr,,,,,,,,,547.0,ITRA skipped because UTMB 547.0 <= threshold 680.0
Jonniaux Gery,547.0,Gery JONNIAUX,0.7307692307692308,https://utmb.world/runner/5256635.gery.jonniaux,,,,,,,,,547.0,ITRA skipped because UTMB 547.0 <= threshold 680.0
ROUDIL Jean Michel,547.0,Jean-Michel ROUDIL,0.7277777777777779,https://utmb.world/runner/135242.jeanmichel.roudil,,,,,,,,,547.0,ITRA skipped because UTMB 547.0 <= threshold 680.0
Salomon Jean-François,547.0,Jean Francois SALOMON,0.7333333333333334,https://utmb.world/runner/5758700.jeanfrancois.salomon,,,,,,,,,547.0,ITRA skipped because UTMB 547.0 <= threshold 680.0
ESNEE Julien,546.0,Julien ESNEE,0.6499999999999999,https://utmb.world/runner/7121052.julien.esnee,,,,,,,,,546.0,ITRA skipped because UTMB 546.0 <= threshold 680.0
Loricourt Stephane,546.0,Stephane LORICOURT,0.6499999999999999,https://utmb.world/runner/314137.stephane.loricourt,,,,,,,,,546.0,ITRA skipped because UTMB 546.0 <= threshold 680.0
Michel Roxane,546.0,Roxane MICHEL,0.6230769230769231,https://utmb.world/runner/1227111.roxane.michel,,,,,,,,,546.0,ITRA skipped because UTMB 546.0 <= threshold 680.0
ROMILY jean dany,546.0,Jean-Dany ROMILY,0.69375,https://utmb.world/runner/246305.jeandany.romily,,,,,,,,,546.0,ITRA skipped because UTMB 546.0 <= threshold 680.0
Wittorski Jérémy,546.0,Jérémy WITTORSKI,0.69375,https://utmb.world/runner/1620389.jeremy.wittorski,,,,,,,,,546.0,ITRA skipped because UTMB 546.0 <= threshold 680.0
CHARVET Yannick,545.0,Yannick CHARVET,0.6266666666666667,https://utmb.world/runner/1250311.yannick.charvet,,,,,,,,,545.0,ITRA skipped because UTMB 545.0 <= threshold 680.0
DIARRA DAOUDA,545.0,Daouda DIARRA,0.6230769230769231,https://utmb.world/runner/4409216.daouda.diarra,,,,,,,,,545.0,ITRA skipped because UTMB 545.0 <= threshold 680.0
dodane clement,545.0,Clement DODANE,0.6499999999999999,https://utmb.world/runner/3210861.clement.dodane,,,,,,,,,545.0,ITRA skipped because UTMB 545.0 <= threshold 680.0
HADID ANTHONY,545.0,Anthony HADID,0.6769230769230768,https://utmb.world/runner/5228452.anthony.hadid,,,,,,,,,545.0,ITRA skipped because UTMB 545.0 <= threshold 680.0
levasseur DELPHINE,545.0,Delphine LEVASSEUR,0.6499999999999999,https://utmb.world/runner/2691009.delphine.levasseur,,,,,,,,,545.0,ITRA skipped because UTMB 545.0 <= threshold 680.0
Rault Nicolas,545.0,Nicolas RAULT,0.6769230769230768,https://utmb.world/runner/4648418.nicolas.rault,,,,,,,,,545.0,ITRA skipped because UTMB 545.0 <= threshold 680.0
THEILLIER Alexandre,545.0,Alexandre THEILLIER,0.631578947368421,https://utmb.world/runner/2595945.alexandre.theillier,,,,,,,,,545.0,ITRA skipped because UTMB 545.0 <= threshold 680.0
Aucejo Elie,544.0,Elie AUCEJO,0.6818181818181818,https://utmb.world/runner/2667831.elie.aucejo,,,,,,,,,544.0,ITRA skipped because UTMB 544.0 <= threshold 680.0
bachelet martin,544.0,Martin BACHELET,0.6733333333333333,https://utmb.world/runner/1036065.martin.bachelet,,,,,,,,,544.0,ITRA skipped because UTMB 544.0 <= threshold 680.0
Bates Becky,544.0,Becky BATES,0.6181818181818182,https://utmb.world/runner/6384606.becky.bates,,,,,,,,,544.0,ITRA skipped because UTMB 544.0 <= threshold 680.0
COUDERT NICOLAS,544.0,Nicolas COUDERT,0.6266666666666667,https://utmb.world/runner/116584.nicolas.coudert,,,,,,,,,544.0,ITRA skipped because UTMB 544.0 <= threshold 680.0
DEAL Tristan,544.0,Tristan DEAL,0.7083333333333333,https://utmb.world/runner/8297272.tristan.deal,,,,,,,,,544.0,ITRA skipped because UTMB 544.0 <= threshold 680.0
DESCOUX Frédéric,544.0,Frédéric DESCOUX,0.6499999999999999,https://utmb.world/runner/4185440.frederic.descoux,,,,,,,,,544.0,ITRA skipped because UTMB 544.0 <= threshold 680.0
Gras Pauline,544.0,Pauline GRAS,0.7083333333333333,https://utmb.world/runner/4267390.pauline.gras,,,,,,,,,544.0,ITRA skipped because UTMB 544.0 <= threshold 680.0
herbert steve,544.0,Steve HERBERT,0.6769230769230768,https://utmb.world/runner/2233959.steve.herbert,,,,,,,,,544.0,ITRA skipped because UTMB 544.0 <= threshold 680.0
Le goff Romain,544.0,Romain LE GOFF,0.6499999999999999,https://utmb.world/runner/658917.romain.legoff,,,,,,,,,544.0,ITRA skipped because UTMB 544.0 <= threshold 680.0
Tansorier Clement,544.0,Clement TANSORIER,0.6705882352941176,https://utmb.world/runner/3538443.clement.tansorier,,,,,,,,,544.0,ITRA skipped because UTMB 544.0 <= threshold 680.0
Turpin Guillaume,544.0,Turpin GUILLAUME,1.0,https://utmb.world/runner/3133415.turpin.guillaume,,,,,,,,,544.0,ITRA skipped because UTMB 544.0 <= threshold 680.0
Affane Mehdi,543.0,Mehdi AFFANE,0.6499999999999999,https://utmb.world/runner/6081768.mehdi.affane,,,,,,,,,543.0,ITRA skipped because UTMB 543.0 <= threshold 680.0
BERGEON SAMUEL,543.0,Samuel BERGEON,0.6499999999999999,https://utmb.world/runner/26930.samuel.bergeon,,,,,,,,,543.0,ITRA skipped because UTMB 543.0 <= threshold 680.0
EL BAKRI Aziz,543.0,Aziz EL BAKRI,0.7307692307692308,https://utmb.world/runner/2258283.aziz.elbakri,,,,,,,,,543.0,ITRA skipped because UTMB 543.0 <= threshold 680.0
FORT Mathieu,543.0,Mathieu FORT,0.7083333333333333,https://utmb.world/runner/3075609.mathieu.fort,,,,,,,,,543.0,ITRA skipped because UTMB 543.0 <= threshold 680.0
grenouillet thierry,543.0,Thierry GRENOUILLET,0.7052631578947368,https://utmb.world/runner/110418.thierry.grenouillet,,,,,,,,,543.0,ITRA skipped because UTMB 543.0 <= threshold 680.0
hermenier philippe,543.0,Philippe HERMENIER,0.6499999999999999,https://utmb.world/runner/37979.philippe.hermenier,,,,,,,,,543.0,ITRA skipped because UTMB 543.0 <= threshold 680.0
LE ROUX Devrig,543.0,Devrig LE ROUX,0.6499999999999999,https://utmb.world/runner/128529.devrig.leroux,,,,,,,,,543.0,ITRA skipped because UTMB 543.0 <= threshold 680.0
Louvencourt Valentin,543.0,Valentin LOUVENCOURT,0.685,https://utmb.world/runner/5124296.valentin.louvencourt,,,,,,,,,543.0,ITRA skipped because UTMB 543.0 <= threshold 680.0
Michel Corentin,543.0,Corentin MICHEL,0.6733333333333333,https://utmb.world/runner/2580033.corentin.michel,,,,,,,,,543.0,ITRA skipped because UTMB 543.0 <= threshold 680.0
Payet Laurent,543.0,Laurent PAYET,0.6769230769230768,https://utmb.world/runner/102755.laurent.payet,,,,,,,,,543.0,ITRA skipped because UTMB 543.0 <= threshold 680.0
terrier grégoire,543.0,Gregoire TERRIER,0.6499999999999999,https://utmb.world/runner/5999384.gregoire.terrier,,,,,,,,,543.0,ITRA skipped because UTMB 543.0 <= threshold 680.0
Bernard Johanne,542.0,Johanne BERNARD,0.6266666666666667,https://utmb.world/runner/4984226.johanne.bernard,,,,,,,,,542.0,ITRA skipped because UTMB 542.0 <= threshold 680.0
Chartier Steve,542.0,Steve CHARTIER,0.7,https://utmb.world/runner/4931697.steve.chartier,,,,,,,,,542.0,ITRA skipped because UTMB 542.0 <= threshold 680.0
Kervarec Anthony,542.0,Anthony KERVAREC,0.6499999999999999,https://utmb.world/runner/5040782.anthony.kervarec,,,,,,,,,542.0,ITRA skipped because UTMB 542.0 <= threshold 680.0
MAISONNIER Mira,542.0,Mira MAISONNIER,0.7666666666666666,https://utmb.world/runner/3133487.mira.maisonnier,,,,,,,,,542.0,ITRA skipped because UTMB 542.0 <= threshold 680.0
Nagou Vincent,542.0,Vincent NAGOU,0.6769230769230768,https://utmb.world/runner/3977351.vincent.nagou,,,,,,,,,542.0,ITRA skipped because UTMB 542.0 <= threshold 680.0
RIOT Thomas,542.0,Thomas RIOT,0.6818181818181818,https://utmb.world/runner/715184.thomas.riot,,,,,,,,,542.0,ITRA skipped because UTMB 542.0 <= threshold 680.0
riviere Gisele,542.0,Gisele RIVIERE,0.6499999999999999,https://utmb.world/runner/3909573.gisele.riviere,,,,,,,,,542.0,ITRA skipped because UTMB 542.0 <= threshold 680.0
Rossignol Julien,542.0,Julien ROSSIGNOL,0.69375,https://utmb.world/runner/4798624.julien.rossignol,,,,,,,,,542.0,ITRA skipped because UTMB 542.0 <= threshold 680.0
Scius Alban,542.0,Alban SCIUS,0.6181818181818182,https://utmb.world/runner/7009166.alban.scius,,,,,,,,,542.0,ITRA skipped because UTMB 542.0 <= threshold 680.0
Bernard Pierre,541.0,Pierre-Bernard VIALTER,0.7277777777777779,https://utmb.world/runner/8243238.pierrebernard.vialter,,,,,,,,,541.0,ITRA skipped because UTMB 541.0 <= threshold 680.0
BOEDA Malo,541.0,Malo BOEDA,0.6499999999999999,https://utmb.world/runner/6315902.malo.boeda,,,,,,,,,541.0,ITRA skipped because UTMB 541.0 <= threshold 680.0
Bucco Ronan,541.0,Ronan BUCCO,0.6181818181818182,https://utmb.world/runner/5627934.ronan.bucco,,,,,,,,,541.0,ITRA skipped because UTMB 541.0 <= threshold 680.0
Dassé Victor,541.0,Victor DASSÉ,0.6499999999999999,https://utmb.world/runner/2399583.victor.dasse,,,,,,,,,541.0,ITRA skipped because UTMB 541.0 <= threshold 680.0
Desmazieres Simon,541.0,Simon DESMAZIERES,0.7529411764705882,https://utmb.world/runner/5417791.simon.desmazieres,,,,,,,,,541.0,ITRA skipped because UTMB 541.0 <= threshold 680.0
Desreumaux Julien,541.0,Julien DESREUMAUX,0.7117647058823529,https://utmb.world/runner/7343752.julien.desreumaux,,,,,,,,,541.0,ITRA skipped because UTMB 541.0 <= threshold 680.0
GOGUER Jacques,541.0,Jacques GOGUER,0.6499999999999999,https://utmb.world/runner/2255199.jacques.goguer,,,,,,,,,541.0,ITRA skipped because UTMB 541.0 <= threshold 680.0
Horiot Quentin,541.0,Quentin HORIOT,0.6499999999999999,https://utmb.world/runner/8028354.quentin.horiot,,,,,,,,,541.0,ITRA skipped because UTMB 541.0 <= threshold 680.0
Jollivet Johann,541.0,Johann JOLLIVET,0.6733333333333333,https://utmb.world/runner/6652598.johann.jollivet,,,,,,,,,541.0,ITRA skipped because UTMB 541.0 <= threshold 680.0
ROCHE Daniel,541.0,Daniel ROCHE,0.6499999999999999,https://utmb.world/runner/140007.daniel.roche,,,,,,,,,541.0,ITRA skipped because UTMB 541.0 <= threshold 680.0
Bastide Christophe,540.0,Christophe BASTIDE,0.6888888888888889,https://utmb.world/runner/4543776.christophe.bastide,,,,,,,,,540.0,ITRA skipped because UTMB 540.0 <= threshold 680.0
FUENTES Fabrice,540.0,Fabrice FUENTES,0.6266666666666667,https://utmb.world/runner/883401.fabrice.fuentes,,,,,,,,,540.0,ITRA skipped because UTMB 540.0 <= threshold 680.0
Haller Fabrice,540.0,Fabrice HALLER,0.6499999999999999,https://utmb.world/runner/966593.fabrice.haller,,,,,,,,,540.0,ITRA skipped because UTMB 540.0 <= threshold 680.0
Marion Corentin,540.0,Corentin MARION,0.6733333333333333,https://utmb.world/runner/5863105.corentin.marion,,,,,,,,,540.0,ITRA skipped because UTMB 540.0 <= threshold 680.0
Merçay Clémence,540.0,Clemence MERCAY,0.6733333333333333,https://utmb.world/runner/966591.clemence.mercay,,,,,,,,,540.0,ITRA skipped because UTMB 540.0 <= threshold 680.0
Costier Cédric,539.0,Cedric COSTIER,0.6499999999999999,https://utmb.world/runner/1839491.cedric.costier,,,,,,,,,539.0,ITRA skipped because UTMB 539.0 <= threshold 680.0
Davy Victor,539.0,Victor DAVY,0.6818181818181818,https://utmb.world/runner/4964867.victor.davy,,,,,,,,,539.0,ITRA skipped because UTMB 539.0 <= threshold 680.0
Jounot Victor,539.0,Victor JOUNOT,0.6230769230769231,https://utmb.world/runner/7288800.victor.jounot,,,,,,,,,539.0,ITRA skipped because UTMB 539.0 <= threshold 680.0
MORYSSE FREDERIC,539.0,Frederic MORYSSE,0.6499999999999999,https://utmb.world/runner/4220751.frederic.morysse,,,,,,,,,539.0,ITRA skipped because UTMB 539.0 <= threshold 680.0
NABHAN NICOLAS,539.0,Nathan NICOLAS,0.8,https://utmb.world/runner/6750102.nathan.nicolas,,,,,,,,,539.0,ITRA skipped because UTMB 539.0 <= threshold 680.0
Pejot guillarme frédéric,539.0,Frederic PEJOT,0.49473684210526314,https://utmb.world/runner/448480.frederic.pejot,,,,,,,,,539.0,UTMB low-confidence match; ITRA skipped because UTMB 539.0 <= threshold 680.0
thomas samuel,539.0,Thomas SAMUEL,1.0,https://utmb.world/runner/4289321.thomas.samuel,,,,,,,,,539.0,ITRA skipped because UTMB 539.0 <= threshold 680.0
TURBAN Bertrand,539.0,Bertrand TURBAN,0.6733333333333333,https://utmb.world/runner/3870057.bertrand.turban,,,,,,,,,539.0,ITRA skipped because UTMB 539.0 <= threshold 680.0
Bayle antoine,538.0,Antoine BAYLE,0.6769230769230768,https://utmb.world/runner/6667356.antoine.bayle,,,,,,,,,538.0,ITRA skipped because UTMB 538.0 <= threshold 680.0
BLEUSE Pascal,538.0,Pascal BLEUSE,0.6230769230769231,https://utmb.world/runner/1530873.pascal.bleuse,,,,,,,,,538.0,ITRA skipped because UTMB 538.0 <= threshold 680.0
DEROUBAIX MARIE,538.0,Marie DEROUBAIX,0.72,https://utmb.world/runner/1797745.marie.deroubaix,,,,,,,,,538.0,ITRA skipped because UTMB 538.0 <= threshold 680.0
DESMIER Clément,538.0,Clément DESMIER,0.6266666666666667,https://utmb.world/runner/4874304.clement.desmier,,,,,,,,,538.0,ITRA skipped because UTMB 538.0 <= threshold 680.0
ferraro laurent,538.0,Laurent FERRARO,0.6266666666666667,https://utmb.world/runner/5397304.laurent.ferraro,,,,,,,,,538.0,ITRA skipped because UTMB 538.0 <= threshold 680.0
landoas tristan,538.0,Tristan LANDOAS,0.6266666666666667,https://utmb.world/runner/6314030.tristan.landoas,,,,,,,,,538.0,ITRA skipped because UTMB 538.0 <= threshold 680.0
Meugnier Christophe,538.0,Christophe MEUGNIER,0.6684210526315789,https://utmb.world/runner/239671.christophe.meugnier,,,,,,,,,538.0,ITRA skipped because UTMB 538.0 <= threshold 680.0
Quin ore Sixto,538.0,Sixto QUIN ORE,0.7,https://utmb.world/runner/1209413.sixto.quinore,,,,,,,,,538.0,ITRA skipped because UTMB 538.0 <= threshold 680.0
SAVARY CLEMENT,538.0,Clement SAVARY,0.6499999999999999,https://utmb.world/runner/949613.clement.savary,,,,,,,,,538.0,ITRA skipped because UTMB 538.0 <= threshold 680.0
Sidorski Benjamin,538.0,Benjamin SIDORSKI,0.6294117647058823,https://utmb.world/runner/4274404.benjamin.sidorski,,,,,,,,,538.0,ITRA skipped because UTMB 538.0 <= threshold 680.0
ARTIAGA Sebastien,537.0,Sebastien ARTIAGA,0.6705882352941176,https://utmb.world/runner/1430567.sebastien.artiaga,,,,,,,,,537.0,ITRA skipped because UTMB 537.0 <= threshold 680.0
Celette Caroline,537.0,Caroline CELETTE,0.6499999999999999,https://utmb.world/runner/2660581.caroline.celette,,,,,,,,,537.0,ITRA skipped because UTMB 537.0 <= threshold 680.0
Crisci Frederic,537.0,Frédéric CRISCI,0.6733333333333333,https://utmb.world/runner/1039945.frederic.crisci,,,,,,,,,537.0,ITRA skipped because UTMB 537.0 <= threshold 680.0
Debray Alexandre,537.0,Alexandre DEBRAY,0.69375,https://utmb.world/runner/3396655.alexandre.debray,,,,,,,,,537.0,ITRA skipped because UTMB 537.0 <= threshold 680.0
Gatineau Guillaume,537.0,Guillaume GATINEAU,0.6499999999999999,https://utmb.world/runner/1468073.guillaume.gatineau,,,,,,,,,537.0,ITRA skipped because UTMB 537.0 <= threshold 680.0
MOULIN thierry,537.0,Thierry MOULIN,0.6499999999999999,https://utmb.world/runner/258711.thierry.moulin,,,,,,,,,537.0,ITRA skipped because UTMB 537.0 <= threshold 680.0
Pichon Arnaud,537.0,Arnaud PICHON,0.6230769230769231,https://utmb.world/runner/640005.arnaud.pichon,,,,,,,,,537.0,ITRA skipped because UTMB 537.0 <= threshold 680.0
souillard grégory,537.0,Grégory SOUILLARD,0.6705882352941176,https://utmb.world/runner/5692684.gregory.souillard,,,,,,,,,537.0,ITRA skipped because UTMB 537.0 <= threshold 680.0
Verdier Sébastien,537.0,Sébastien VERDIER,0.6705882352941176,https://utmb.world/runner/2602907.sebastien.verdier,,,,,,,,,537.0,ITRA skipped because UTMB 537.0 <= threshold 680.0
Bouret Pierig,536.0,Pierig BOURET,0.6230769230769231,https://utmb.world/runner/489737.pierig.bouret,,,,,,,,,536.0,ITRA skipped because UTMB 536.0 <= threshold 680.0
Clain Yannick,536.0,Yannick CLAIN,0.6769230769230768,https://utmb.world/runner/409707.yannick.clain,,,,,,,,,536.0,ITRA skipped because UTMB 536.0 <= threshold 680.0
coilot clement,536.0,Clement COILOT,0.6499999999999999,https://utmb.world/runner/5515949.clement.coilot,,,,,,,,,536.0,ITRA skipped because UTMB 536.0 <= threshold 680.0
LEUNG Moon-Ka,536.0,Moon Ka LEUNG,0.6769230769230768,https://utmb.world/runner/774311.moonka.leung,,,,,,,,,536.0,ITRA skipped because UTMB 536.0 <= threshold 680.0
PIGNOL GHISLAIN,536.0,Ghislain PIGNOL,0.6733333333333333,https://utmb.world/runner/1334305.ghislain.pignol,,,,,,,,,536.0,ITRA skipped because UTMB 536.0 <= threshold 680.0
polpre franck,536.0,Franck POLPRE,0.6230769230769231,https://utmb.world/runner/339314.franck.polpre,,,,,,,,,536.0,ITRA skipped because UTMB 536.0 <= threshold 680.0
SOULIMANT Simon,536.0,Simon SOULIMANT,0.72,https://utmb.world/runner/2198303.simon.soulimant,,,,,,,,,536.0,ITRA skipped because UTMB 536.0 <= threshold 680.0
BROSSIER Pierre-Antoine,535.0,Pierre-Antoine BROSSIER,0.7260869565217392,https://utmb.world/runner/6435008.pierreantoine.brossier,,,,,,,,,535.0,ITRA skipped because UTMB 535.0 <= threshold 680.0
Eidesheim Martin,535.0,Martin EIDESHEIM,0.69375,https://utmb.world/runner/4709160.martin.eidesheim,,,,,,,,,535.0,ITRA skipped because UTMB 535.0 <= threshold 680.0
Fabre Gregory,535.0,Gregory FABRE,0.6769230769230768,https://utmb.world/runner/419565.gregory.fabre,,,,,,,,,535.0,ITRA skipped because UTMB 535.0 <= threshold 680.0
Valette Clément,535.0,Clément VALETTE,0.6266666666666667,https://utmb.world/runner/3869967.clement.valette,,,,,,,,,535.0,ITRA skipped because UTMB 535.0 <= threshold 680.0
VILY Mathias,535.0,Mathias VILY,0.7083333333333333,https://utmb.world/runner/4696472.mathias.vily,,,,,,,,,535.0,ITRA skipped because UTMB 535.0 <= threshold 680.0
DUPONT LUDOVIC,534.0,Ludovic DUPONT,0.6499999999999999,https://utmb.world/runner/40185.ludovic.dupont,,,,,,,,,534.0,ITRA skipped because UTMB 534.0 <= threshold 680.0
Jarry Billy,534.0,Billy JARRY,0.6181818181818182,https://utmb.world/runner/2095131.billy.jarry,,,,,,,,,534.0,ITRA skipped because UTMB 534.0 <= threshold 680.0
LAMANDE Steve,534.0,Steve LAMANDE,0.6769230769230768,https://utmb.world/runner/1020077.steve.lamande,,,,,,,,,534.0,ITRA skipped because UTMB 534.0 <= threshold 680.0
LEGENDRE Lucie,534.0,Lucie LEGENDRE,0.7,https://utmb.world/runner/2249455.lucie.legendre,,,,,,,,,534.0,ITRA skipped because UTMB 534.0 <= threshold 680.0
Paley Mathieu,534.0,Mathieu PALEY,0.6769230769230768,https://utmb.world/runner/1561351.mathieu.paley,,,,,,,,,534.0,ITRA skipped because UTMB 534.0 <= threshold 680.0
Pin Cédric,534.0,Cedric PIN,0.72,https://utmb.world/runner/521331.cedric.pin,,,,,,,,,534.0,ITRA skipped because UTMB 534.0 <= threshold 680.0
HILLAIRAUD SYLVAIN,533.0,Sylvain HILLAIRAUD,0.6888888888888889,https://utmb.world/runner/4836228.sylvain.hillairaud,,,,,,,,,533.0,ITRA skipped because UTMB 533.0 <= threshold 680.0
Lefèvre Pierre,533.0,Pierre LEFEVRE,0.6499999999999999,https://utmb.world/runner/3321371.pierre.lefevre,,,,,,,,,533.0,ITRA skipped because UTMB 533.0 <= threshold 680.0
Obdia Julien,533.0,Julien OBDIA,0.6499999999999999,https://utmb.world/runner/284741.julien.obdia,,,,,,,,,533.0,ITRA skipped because UTMB 533.0 <= threshold 680.0
Bollengier Nicolas,532.0,Nicolas BOLLENGIER,0.6888888888888889,https://utmb.world/runner/826505.nicolas.bollengier,,,,,,,,,532.0,ITRA skipped because UTMB 532.0 <= threshold 680.0
Brasseur Rémy,532.0,Rémy BRASSEUR,0.7307692307692308,https://utmb.world/runner/5904315.remy.brasseur,,,,,,,,,532.0,ITRA skipped because UTMB 532.0 <= threshold 680.0
Douspis Stephane,532.0,Stephane DOUSPIS,0.6499999999999999,https://utmb.world/runner/729306.stephane.douspis,,,,,,,,,532.0,ITRA skipped because UTMB 532.0 <= threshold 680.0
Falduti Sindy,532.0,Sindy FALDUTI,0.6769230769230768,https://utmb.world/runner/5639072.sindy.falduti,,,,,,,,,532.0,ITRA skipped because UTMB 532.0 <= threshold 680.0
Hannoun Victor,532.0,Victor HANNOUN,0.6499999999999999,https://utmb.world/runner/5273384.victor.hannoun,,,,,,,,,532.0,ITRA skipped because UTMB 532.0 <= threshold 680.0
Idrici Alexandre,532.0,Alexandre IDRICI,0.69375,https://utmb.world/runner/6287058.alexandre.idrici,,,,,,,,,532.0,ITRA skipped because UTMB 532.0 <= threshold 680.0
LARGEAU Thierry,532.0,Thierry LARGEAU,0.6266666666666667,https://utmb.world/runner/3613397.thierry.largeau,,,,,,,,,532.0,ITRA skipped because UTMB 532.0 <= threshold 680.0
Legaz Pierre,532.0,Pierre LEGAZ,0.6499999999999999,https://utmb.world/runner/6180932.pierre.legaz,,,,,,,,,532.0,ITRA skipped because UTMB 532.0 <= threshold 680.0
L’HÔTELLIER Mathis,532.0,Mathis L’HÔTELLIER,0.7277777777777779,https://utmb.world/runner/7890782.mathis.lhotellier,,,,,,,,,532.0,ITRA skipped because UTMB 532.0 <= threshold 680.0
PICARD ERICK,532.0,Erick PICARD,0.6499999999999999,https://utmb.world/runner/104177.erick.picard,,,,,,,,,532.0,ITRA skipped because UTMB 532.0 <= threshold 680.0
SAMSON CEDRIC,532.0,Cedric SAMSON,0.6230769230769231,https://utmb.world/runner/196148.cedric.samson,,,,,,,,,532.0,ITRA skipped because UTMB 532.0 <= threshold 680.0
Badoux Jonathan,531.0,Jonathan BADOUX,0.6733333333333333,https://utmb.world/runner/1804129.jonathan.badoux,,,,,,,,,531.0,ITRA skipped because UTMB 531.0 <= threshold 680.0
BERGER LAURENT,531.0,Laurent BERGER,0.6499999999999999,https://utmb.world/runner/181554.laurent.berger,,,,,,,,,531.0,ITRA skipped because UTMB 531.0 <= threshold 680.0
GANDER ALAIN,531.0,Alain GANDER,0.6499999999999999,https://utmb.world/runner/34764.alain.gander,,,,,,,,,531.0,ITRA skipped because UTMB 531.0 <= threshold 680.0
LE BORGNE Clément,531.0,Clément LE BORGNE,0.6705882352941176,https://utmb.world/runner/4578884.clement.leborgne,,,,,,,,,531.0,ITRA skipped because UTMB 531.0 <= threshold 680.0
LEVASSEUR Cyril,531.0,Cyril LEVASSEUR,0.72,https://utmb.world/runner/2516745.cyril.levasseur,,,,,,,,,531.0,ITRA skipped because UTMB 531.0 <= threshold 680.0
Moget Véronique,531.0,Veronique MOGET,0.72,https://utmb.world/runner/5715618.veronique.moget,,,,,,,,,531.0,ITRA skipped because UTMB 531.0 <= threshold 680.0
Sacchettini Gordon,531.0,Gordon SACCHETTINI,0.7277777777777779,https://utmb.world/runner/1546367.gordon.sacchettini,,,,,,,,,531.0,ITRA skipped because UTMB 531.0 <= threshold 680.0
Suchet Valentin,531.0,Valentin SUCHET,0.6733333333333333,https://utmb.world/runner/6699331.valentin.suchet,,,,,,,,,531.0,ITRA skipped because UTMB 531.0 <= threshold 680.0
Jacob Mathias,530.0,Mathias JACOB,0.6769230769230768,https://utmb.world/runner/4322258.mathias.jacob,,,,,,,,,530.0,ITRA skipped because UTMB 530.0 <= threshold 680.0
LAROCHETTE DE ROECK FRANCOIS,530.0,Francois LAROCHETTE DE ROECK,0.7749999999999999,https://utmb.world/runner/645021.francois.larochettederoeck,,,,,,,,,530.0,ITRA skipped because UTMB 530.0 <= threshold 680.0
TAILLANDIER Yohann,530.0,Yohann TAILLANDIER,0.7277777777777779,https://utmb.world/runner/2242699.yohann.taillandier,,,,,,,,,530.0,ITRA skipped because UTMB 530.0 <= threshold 680.0
vimont julien,530.0,Julien VIMONT,0.6230769230769231,https://utmb.world/runner/2474979.julien.vimont,,,,,,,,,530.0,ITRA skipped because UTMB 530.0 <= threshold 680.0
aitradi said,530.0,Said AITRADI,0.7083333333333333,https://utmb.world/runner/365296.said.aitradi,,,,,,,,,530.0,ITRA skipped because UTMB 530.0 <= threshold 680.0
Bages Mathieu,529.0,Mathieu BAGES,0.6769230769230768,https://utmb.world/runner/5758114.mathieu.bages,,,,,,,,,529.0,ITRA skipped because UTMB 529.0 <= threshold 680.0
CARIOU Angélique,529.0,Angelique CARIOU,0.69375,https://utmb.world/runner/6517838.angelique.cariou,,,,,,,,,529.0,ITRA skipped because UTMB 529.0 <= threshold 680.0
Famibelle Dorian,529.0,Dorian FAMIBELLE,0.69375,https://utmb.world/runner/5698120.dorian.famibelle,,,,,,,,,529.0,ITRA skipped because UTMB 529.0 <= threshold 680.0
henrard adrien,529.0,Adrien HENRARD,0.6499999999999999,https://utmb.world/runner/8100078.adrien.henrard,,,,,,,,,529.0,ITRA skipped because UTMB 529.0 <= threshold 680.0
Krief Léni,529.0,Léni KRIEF,0.6499999999999999,https://utmb.world/runner/6645916.leni.krief,,,,,,,,,529.0,ITRA skipped because UTMB 529.0 <= threshold 680.0
Maillochon David,529.0,David MAILLOCHON,0.7375,https://utmb.world/runner/6810.david.maillochon,,,,,,,,,529.0,ITRA skipped because UTMB 529.0 <= threshold 680.0
Petit Christophe,529.0,Christophe PETIT,0.7375,https://utmb.world/runner/4772460.christophe.petit,,,,,,,,,529.0,ITRA skipped because UTMB 529.0 <= threshold 680.0
Carrasco André michel,528.0,Andre Michel CARRASCO,0.7,https://utmb.world/runner/4959103.andremichel.carrasco,,,,,,,,,528.0,ITRA skipped because UTMB 528.0 <= threshold 680.0
Durieux Grégoire,528.0,Grégoire DURIEUX,0.6499999999999999,https://utmb.world/runner/4163649.gregoire.durieux,,,,,,,,,528.0,ITRA skipped because UTMB 528.0 <= threshold 680.0
MONTANINO MATHIEU,528.0,Mathieu MONTANINO,0.6705882352941176,https://utmb.world/runner/3064443.mathieu.montanino,,,,,,,,,528.0,ITRA skipped because UTMB 528.0 <= threshold 680.0
MOUTAMA Laurent,528.0,Laurent MOUTAMA,0.6266666666666667,https://utmb.world/runner/3255945.laurent.moutama,,,,,,,,,528.0,ITRA skipped because UTMB 528.0 <= threshold 680.0
SABATIER JEREMIE,528.0,Jeremie SABATIER,0.6499999999999999,https://utmb.world/runner/694734.jeremie.sabatier,,,,,,,,,528.0,ITRA skipped because UTMB 528.0 <= threshold 680.0
Boisseau Rémi,527.0,Rémi BOISSEAU,0.7307692307692308,https://utmb.world/runner/4185069.remi.boisseau,,,,,,,,,527.0,ITRA skipped because UTMB 527.0 <= threshold 680.0
Capitaine theo,527.0,Theo CAPITAINE,0.75,https://utmb.world/runner/7556536.theo.capitaine,,,,,,,,,527.0,ITRA skipped because UTMB 527.0 <= threshold 680.0
Charles Donatien,527.0,Donatien CHARLES,0.6499999999999999,https://utmb.world/runner/4497862.donatien.charles,,,,,,,,,527.0,ITRA skipped because UTMB 527.0 <= threshold 680.0
DUROU ARNAUD,527.0,Arnaud DUROU,0.6499999999999999,https://utmb.world/runner/5359684.arnaud.durou,,,,,,,,,527.0,ITRA skipped because UTMB 527.0 <= threshold 680.0
Gardon Vincent,527.0,Vincent GARDON,0.6499999999999999,https://utmb.world/runner/6651444.vincent.gardon,,,,,,,,,527.0,ITRA skipped because UTMB 527.0 <= threshold 680.0
rauly sebastien,527.0,Sebastien RAULY,0.72,https://utmb.world/runner/3771759.sebastien.rauly,,,,,,,,,527.0,ITRA skipped because UTMB 527.0 <= threshold 680.0
Gautier Bernard,526.0,Gautier BERNARD,1.0,https://utmb.world/runner/7765266.gautier.bernard,,,,,,,,,526.0,ITRA skipped because UTMB 526.0 <= threshold 680.0
Métais Renaud,526.0,Renaud METAIS,0.6230769230769231,https://utmb.world/runner/3692895.renaud.metais,,,,,,,,,526.0,ITRA skipped because UTMB 526.0 <= threshold 680.0
Pointreau Benjamin,526.0,Benjamin POINTREAU,0.6499999999999999,https://utmb.world/runner/4490072.benjamin.pointreau,,,,,,,,,526.0,ITRA skipped because UTMB 526.0 <= threshold 680.0
SIMON Guylaine,526.0,Guylaine SIMON,0.7,https://utmb.world/runner/244439.guylaine.simon,,,,,,,,,526.0,ITRA skipped because UTMB 526.0 <= threshold 680.0
Winkin Elisabeth,526.0,Elisabeth WINKIN,0.69375,https://utmb.world/runner/4509914.elisabeth.winkin,,,,,,,,,526.0,ITRA skipped because UTMB 526.0 <= threshold 680.0
Burioni Benjamin,525.0,Benjamin BURIONI,0.6499999999999999,https://utmb.world/runner/6584466.benjamin.burioni,,,,,,,,,525.0,ITRA skipped because UTMB 525.0 <= threshold 680.0
Guillerault Steeve,525.0,Steeve GUILLERAULT,0.7277777777777779,https://utmb.world/runner/6468798.steeve.guillerault,,,,,,,,,525.0,ITRA skipped because UTMB 525.0 <= threshold 680.0
Lapostolle David,525.0,David LAPOSTOLLE,0.7375,https://utmb.world/runner/5627880.david.lapostolle,,,,,,,,,525.0,ITRA skipped because UTMB 525.0 <= threshold 680.0
Milcent Thomas,525.0,Thomas MILCENT,0.6499999999999999,https://utmb.world/runner/5956056.thomas.milcent,,,,,,,,,525.0,ITRA skipped because UTMB 525.0 <= threshold 680.0
PLICHARD Christophe,525.0,Christophe PLICHARD,0.6684210526315789,https://utmb.world/runner/275916.christophe.plichard,,,,,,,,,525.0,ITRA skipped because UTMB 525.0 <= threshold 680.0
Poupinet Benoit,525.0,Benoit POUPINET,0.6733333333333333,https://utmb.world/runner/75932.benoit.poupinet,,,,,,,,,525.0,ITRA skipped because UTMB 525.0 <= threshold 680.0
Scholler Pascal,525.0,Pascal SCHOLLER,0.6733333333333333,https://utmb.world/runner/2260609.pascal.scholler,,,,,,,,,525.0,ITRA skipped because UTMB 525.0 <= threshold 680.0
Ton Aurélie,525.0,Aurélie TON,0.7454545454545454,https://utmb.world/runner/5148386.aurelie.ton,,,,,,,,,525.0,ITRA skipped because UTMB 525.0 <= threshold 680.0
Vanderstocken Christophe,525.0,Christophe VANDERSTOCKEN,0.6791666666666666,https://utmb.world/runner/5901182.christophe.vanderstocken,,,,,,,,,525.0,ITRA skipped because UTMB 525.0 <= threshold 680.0
Godet Quentin,524.0,Quentin GODET,0.6769230769230768,https://utmb.world/runner/4258061.quentin.godet,,,,,,,,,524.0,ITRA skipped because UTMB 524.0 <= threshold 680.0
Legendre Quentin,524.0,Quentin LEGENDRE,0.6499999999999999,https://utmb.world/runner/3449095.quentin.legendre,,,,,,,,,524.0,ITRA skipped because UTMB 524.0 <= threshold 680.0
MILLET Quentin,524.0,Quentin MILLET,0.6499999999999999,https://utmb.world/runner/6266524.quentin.millet,,,,,,,,,524.0,ITRA skipped because UTMB 524.0 <= threshold 680.0
Ponce Loïc,524.0,Loïc PONCE,0.6499999999999999,https://utmb.world/runner/4618884.loic.ponce,,,,,,,,,524.0,ITRA skipped because UTMB 524.0 <= threshold 680.0
Régnier Enzo,524.0,Enzo REGNIER,0.7083333333333333,https://utmb.world/runner/5575878.enzo.regnier,,,,,,,,,524.0,ITRA skipped because UTMB 524.0 <= threshold 680.0
Sauvageot Philippe,524.0,Philippe SAUVAGEOT,0.6499999999999999,https://utmb.world/runner/5313570.philippe.sauvageot,,,,,,,,,524.0,ITRA skipped because UTMB 524.0 <= threshold 680.0
SBIK LARBI,524.0,Larbi SBIK,0.6499999999999999,https://utmb.world/runner/2316747.larbi.sbik,,,,,,,,,524.0,ITRA skipped because UTMB 524.0 <= threshold 680.0
Avignon Steve,523.0,Steve AVIGNON,0.6769230769230768,https://utmb.world/runner/4903076.steve.avignon,,,,,,,,,523.0,ITRA skipped because UTMB 523.0 <= threshold 680.0
Bornet Lucie,523.0,Lucie BORNET,0.6499999999999999,https://utmb.world/runner/5467561.lucie.bornet,,,,,,,,,523.0,ITRA skipped because UTMB 523.0 <= threshold 680.0
Duru Martine,523.0,Martine DURU,0.7083333333333333,https://utmb.world/runner/379354.martine.duru,,,,,,,,,523.0,ITRA skipped because UTMB 523.0 <= threshold 680.0
Dussartre Thomas,523.0,Thomas DUSSARTRE,0.69375,https://utmb.world/runner/5570121.thomas.dussartre,,,,,,,,,523.0,ITRA skipped because UTMB 523.0 <= threshold 680.0
HOARAU Yiannick,523.0,Yiannick HOARAU,0.6733333333333333,https://utmb.world/runner/4402286.yiannick.hoarau,,,,,,,,,523.0,ITRA skipped because UTMB 523.0 <= threshold 680.0
JUTTEAU Nicolas,523.0,Nicolas JUTTEAU,0.6266666666666667,https://utmb.world/runner/1750505.nicolas.jutteau,,,,,,,,,523.0,ITRA skipped because UTMB 523.0 <= threshold 680.0
Nicot Jeremy,523.0,Jérémy NICOT,0.6499999999999999,https://utmb.world/runner/5766648.jeremy.nicot,,,,,,,,,523.0,ITRA skipped because UTMB 523.0 <= threshold 680.0
Prigent Julien,523.0,Julien PRIGENT,0.6499999999999999,https://utmb.world/runner/480463.julien.prigent,,,,,,,,,523.0,ITRA skipped because UTMB 523.0 <= threshold 680.0
RANOUILLE LILIAN,523.0,Lilian RANOUILLE,0.69375,https://utmb.world/runner/5575792.lilian.ranouille,,,,,,,,,523.0,ITRA skipped because UTMB 523.0 <= threshold 680.0
Roudeau Ambroise,523.0,Ambroise ROUDEAU,0.6499999999999999,https://utmb.world/runner/5035118.ambroise.roudeau,,,,,,,,,523.0,ITRA skipped because UTMB 523.0 <= threshold 680.0
TAVERNIER Jérôme,523.0,Jérôme TAVERNIER,0.69375,https://utmb.world/runner/680390.jerome.tavernier,,,,,,,,,523.0,ITRA skipped because UTMB 523.0 <= threshold 680.0
Amiel Marjorie,522.0,Marjorie AMIEL,0.7,https://utmb.world/runner/4660480.marjorie.amiel,,,,,,,,,522.0,ITRA skipped because UTMB 522.0 <= threshold 680.0
Chopin Antoine,522.0,Antoine CHOPIN,0.6499999999999999,https://utmb.world/runner/3925749.antoine.chopin,,,,,,,,,522.0,ITRA skipped because UTMB 522.0 <= threshold 680.0
Dupré Stéphane,522.0,Stephane DUPRE,0.7,https://utmb.world/runner/639996.stephane.dupre,,,,,,,,,522.0,ITRA skipped because UTMB 522.0 <= threshold 680.0
Duval Nicolas,522.0,Nicolas DUVAL,0.6769230769230768,https://utmb.world/runner/1321697.nicolas.duval,,,,,,,,,522.0,ITRA skipped because UTMB 522.0 <= threshold 680.0
FOUDRIN jean roland,522.0,Jean-Roland FOUDRIN,0.7052631578947368,https://utmb.world/runner/641450.jeanroland.foudrin,,,,,,,,,522.0,ITRA skipped because UTMB 522.0 <= threshold 680.0
Galtié Jean-Baptiste,522.0,Jean-Baptiste GALTIE,0.7549999999999999,https://utmb.world/runner/1928425.jeanbaptiste.galtie,,,,,,,,,522.0,ITRA skipped because UTMB 522.0 <= threshold 680.0
Idjerouidene Issam,522.0,Issam IDJEROUIDENE,0.7666666666666666,https://utmb.world/runner/591930.issam.idjerouidene,,,,,,,,,522.0,ITRA skipped because UTMB 522.0 <= threshold 680.0
jaugey gregory,522.0,Gregory JAUGEY,0.6499999999999999,https://utmb.world/runner/5224618.gregory.jaugey,,,,,,,,,522.0,ITRA skipped because UTMB 522.0 <= threshold 680.0
Lamour Johann,522.0,Johann LAMOUR,0.6230769230769231,https://utmb.world/runner/8006247.johann.lamour,,,,,,,,,522.0,ITRA skipped because UTMB 522.0 <= threshold 680.0
Okmen Rosalyn,522.0,Rosalyn OKMEN,0.6769230769230768,https://utmb.world/runner/2015531.rosalyn.okmen,,,,,,,,,522.0,ITRA skipped because UTMB 522.0 <= threshold 680.0
Paquiry Willy,522.0,Willy PAQUIRY,0.6769230769230768,https://utmb.world/runner/5865732.willy.paquiry,,,,,,,,,522.0,ITRA skipped because UTMB 522.0 <= threshold 680.0
Redonnet Thibaud,522.0,Thibaud REDONNET,0.6499999999999999,https://utmb.world/runner/2689047.thibaud.redonnet,,,,,,,,,522.0,ITRA skipped because UTMB 522.0 <= threshold 680.0
ROSPIDE FREDERIC,522.0,Frederic ROSPIDE,0.6499999999999999,https://utmb.world/runner/658698.frederic.rospide,,,,,,,,,522.0,ITRA skipped because UTMB 522.0 <= threshold 680.0
Rothé David,522.0,David ROTHE,0.6181818181818182,https://utmb.world/runner/6717998.david.rothe,,,,,,,,,522.0,ITRA skipped because UTMB 522.0 <= threshold 680.0
Thornton Geoffrey,522.0,Geoffrey THORNTON,0.6294117647058823,https://utmb.world/runner/1931445.geoffrey.thornton,,,,,,,,,522.0,ITRA skipped because UTMB 522.0 <= threshold 680.0
Ceus Emmanuel,521.0,Emmanuel CEUS,0.7307692307692308,https://utmb.world/runner/4021117.emmanuel.ceus,,,,,,,,,521.0,ITRA skipped because UTMB 521.0 <= threshold 680.0
DUTOURON Sarah,521.0,Sarah DUTOURON,0.7,https://utmb.world/runner/697174.sarah.dutouron,,,,,,,,,521.0,ITRA skipped because UTMB 521.0 <= threshold 680.0
jullien benoit,521.0,Julien BENOIT,0.8240740740740741,https://utmb.world/runner/3232021.julien.benoit,,,,,,,,,521.0,ITRA skipped because UTMB 521.0 <= threshold 680.0
Ladeveze Fabien,521.0,Fabien LADEVEZE,0.6733333333333333,https://utmb.world/runner/133421.fabien.ladeveze,,,,,,,,,521.0,ITRA skipped because UTMB 521.0 <= threshold 680.0
Mabire Thibault,521.0,Thibault MABIRE,0.6733333333333333,https://utmb.world/runner/2688815.thibault.mabire,,,,,,,,,521.0,ITRA skipped because UTMB 521.0 <= threshold 680.0
Regnier Thierry,521.0,Thierry REGNIER,0.6266666666666667,https://utmb.world/runner/4020665.thierry.regnier,,,,,,,,,521.0,ITRA skipped because UTMB 521.0 <= threshold 680.0
roudaut philippe,521.0,Philippe ROUDAUT,0.6499999999999999,https://utmb.world/runner/436123.philippe.roudaut,,,,,,,,,521.0,ITRA skipped because UTMB 521.0 <= threshold 680.0
auffret sebastien,520.0,Sebastien AUFFRET,0.6705882352941176,https://utmb.world/runner/854038.sebastien.auffret,,,,,,,,,520.0,ITRA skipped because UTMB 520.0 <= threshold 680.0
Counil Mickaël,520.0,Mickael COUNIL,0.6499999999999999,https://utmb.world/runner/864097.mickael.counil,,,,,,,,,520.0,ITRA skipped because UTMB 520.0 <= threshold 680.0
Dissaux Arnaud,520.0,Arnaud DISSAUX,0.6499999999999999,https://utmb.world/runner/3438151.arnaud.dissaux,,,,,,,,,520.0,ITRA skipped because UTMB 520.0 <= threshold 680.0
Fery Léo,520.0,Léo FERY,0.6499999999999999,https://utmb.world/runner/6167072.leo.fery,,,,,,,,,520.0,ITRA skipped because UTMB 520.0 <= threshold 680.0
Fortin Marion,520.0,Marion FORTIN,0.6230769230769231,https://utmb.world/runner/820623.marion.fortin,,,,,,,,,520.0,ITRA skipped because UTMB 520.0 <= threshold 680.0
Garcia Stephane,520.0,Stephane GARCIA,0.6733333333333333,https://utmb.world/runner/6647.stephane.garcia,,,,,,,,,520.0,ITRA skipped because UTMB 520.0 <= threshold 680.0
Guralnik Stephan,520.0,Stephan GURALNIK,0.6499999999999999,https://utmb.world/runner/1460477.stephan.guralnik,,,,,,,,,520.0,ITRA skipped because UTMB 520.0 <= threshold 680.0
Joassart Martin,520.0,Martin JOASSART,0.6733333333333333,https://utmb.world/runner/656136.martin.joassart,,,,,,,,,520.0,ITRA skipped because UTMB 520.0 <= threshold 680.0
Leboucher Jean-Sébastien,520.0,Jean-Sebastien LEBOUCHER,0.7083333333333333,https://utmb.world/runner/1073131.jeansebastien.leboucher,,,,,,,,,520.0,ITRA skipped because UTMB 520.0 <= threshold 680.0
PROTON FLORENT,520.0,Florent PROTON,0.6499999999999999,https://utmb.world/runner/178556.florent.proton,,,,,,,,,520.0,ITRA skipped because UTMB 520.0 <= threshold 680.0
Sanséau Guilhem,520.0,Guilhem SANSEAU,0.6266666666666667,https://utmb.world/runner/4286108.guilhem.sanseau,,,,,,,,,520.0,ITRA skipped because UTMB 520.0 <= threshold 680.0
Serour David,520.0,David SEROUR,0.6499999999999999,https://utmb.world/runner/871231.david.serour,,,,,,,,,520.0,ITRA skipped because UTMB 520.0 <= threshold 680.0
THY-TINE FLORENT,520.0,Florent THY-TINE,0.6499999999999999,https://utmb.world/runner/5048872.florent.thytine,,,,,,,,,520.0,ITRA skipped because UTMB 520.0 <= threshold 680.0
Barry Alexandre,519.0,Alexandre BARRY,0.72,https://utmb.world/runner/6584512.alexandre.barry,,,,,,,,,519.0,ITRA skipped because UTMB 519.0 <= threshold 680.0
BOYELLE GUILLAUME,519.0,Guillaume BOYELLE,0.6705882352941176,https://utmb.world/runner/4008211.guillaume.boyelle,,,,,,,,,519.0,ITRA skipped because UTMB 519.0 <= threshold 680.0
Cardinael Sandy,519.0,Sandy CARDINAEL,0.72,https://utmb.world/runner/5908176.sandy.cardinael,,,,,,,,,519.0,ITRA skipped because UTMB 519.0 <= threshold 680.0
Chassier Fabien,519.0,Fabien CHASSIER,0.6733333333333333,https://utmb.world/runner/4374646.fabien.chassier,,,,,,,,,519.0,ITRA skipped because UTMB 519.0 <= threshold 680.0
dussault benjamin,519.0,Benjamin DUSSAULT,0.6294117647058823,https://utmb.world/runner/5482461.benjamin.dussault,,,,,,,,,519.0,ITRA skipped because UTMB 519.0 <= threshold 680.0
FATOL Brice,519.0,Brice FATOL,0.6181818181818182,https://utmb.world/runner/4799468.brice.fatol,,,,,,,,,519.0,ITRA skipped because UTMB 519.0 <= threshold 680.0
GRUFFAZ Corinne,519.0,Corinne GRUFFAZ,0.6266666666666667,https://utmb.world/runner/210.corinne.gruffaz,,,,,,,,,519.0,ITRA skipped because UTMB 519.0 <= threshold 680.0
Marsella Philippe,519.0,Philippe MARSELLA,0.6294117647058823,https://utmb.world/runner/5449016.philippe.marsella,,,,,,,,,519.0,ITRA skipped because UTMB 519.0 <= threshold 680.0
Nennig Lucas,519.0,Lucas NENNIG,0.6499999999999999,https://utmb.world/runner/7288556.lucas.nennig,,,,,,,,,519.0,ITRA skipped because UTMB 519.0 <= threshold 680.0
PAIN MELISSANDRE,519.0,Melissandre PAIN,0.78125,https://utmb.world/runner/4018988.melissandre.pain,,,,,,,,,519.0,ITRA skipped because UTMB 519.0 <= threshold 680.0
Payet Audric,519.0,Audric PAYET,0.6499999999999999,https://utmb.world/runner/5591029.audric.payet,,,,,,,,,519.0,ITRA skipped because UTMB 519.0 <= threshold 680.0
Rousseau Gabriel,519.0,Gabriel ROUSSEAU,0.6499999999999999,https://utmb.world/runner/7449584.gabriel.rousseau,,,,,,,,,519.0,ITRA skipped because UTMB 519.0 <= threshold 680.0
alleonard nicolas,518.0,Nicolas ALLEONARD,0.6705882352941176,https://utmb.world/runner/4149642.nicolas.alleonard,,,,,,,,,518.0,ITRA skipped because UTMB 518.0 <= threshold 680.0
Davy Charles,518.0,Charles DAVY,0.7083333333333333,https://utmb.world/runner/4514372.charles.davy,,,,,,,,,518.0,ITRA skipped because UTMB 518.0 <= threshold 680.0
Faussurier Pierre,518.0,Pierre FAUSSURIER,0.7117647058823529,https://utmb.world/runner/6132.pierre.faussurier,,,,,,,,,518.0,ITRA skipped because UTMB 518.0 <= threshold 680.0
Fournier delange Vanessa,518.0,Vanessa FOURNIER-DELANGE,0.7666666666666666,https://utmb.world/runner/767008.vanessa.fournierdelange,,,,,,,,,518.0,ITRA skipped because UTMB 518.0 <= threshold 680.0
Guilbert Henri,518.0,Henri GUILBERT,0.7,https://utmb.world/runner/5049714.henri.guilbert,,,,,,,,,518.0,ITRA skipped because UTMB 518.0 <= threshold 680.0
LECLAIR FABIEN,518.0,Fabien LECLAIR,0.6499999999999999,https://utmb.world/runner/942243.fabien.leclair,,,,,,,,,518.0,ITRA skipped because UTMB 518.0 <= threshold 680.0
Lorthios Nicolas,518.0,Nicolas LORTHIOS,0.6499999999999999,https://utmb.world/runner/3230799.nicolas.lorthios,,,,,,,,,518.0,ITRA skipped because UTMB 518.0 <= threshold 680.0
Martot Olivier,518.0,Olivier MARTOT,0.6499999999999999,https://utmb.world/runner/4051652.olivier.martot,,,,,,,,,518.0,ITRA skipped because UTMB 518.0 <= threshold 680.0
VIGNEAU Benoît,518.0,Benoit VIGNEAU,0.6499999999999999,https://utmb.world/runner/818883.benoit.vigneau,,,,,,,,,518.0,ITRA skipped because UTMB 518.0 <= threshold 680.0
VOURIOT Franck,518.0,Franck VOURIOT,0.6499999999999999,https://utmb.world/runner/3616769.franck.vouriot,,,,,,,,,518.0,ITRA skipped because UTMB 518.0 <= threshold 680.0
Algoet Alexandre,517.0,Alexandre ALGOET,0.69375,https://utmb.world/runner/4268881.alexandre.algoet,,,,,,,,,517.0,ITRA skipped because UTMB 517.0 <= threshold 680.0
Delesque LEO,517.0,Leo DELESQUE,0.7666666666666666,https://utmb.world/runner/5085595.leo.delesque,,,,,,,,,517.0,ITRA skipped because UTMB 517.0 <= threshold 680.0
FATOL Loïc,517.0,Loic FATOL,0.6499999999999999,https://utmb.world/runner/4509648.loic.fatol,,,,,,,,,517.0,ITRA skipped because UTMB 517.0 <= threshold 680.0
Jeannot Pierrick,517.0,Pierrick JEANNOT,0.6499999999999999,https://utmb.world/runner/2686723.pierrick.jeannot,,,,,,,,,517.0,ITRA skipped because UTMB 517.0 <= threshold 680.0
Latonnelle Richard,517.0,Richard LATONNELLE,0.6888888888888889,https://utmb.world/runner/319586.richard.latonnelle,,,,,,,,,517.0,ITRA skipped because UTMB 517.0 <= threshold 680.0
Lecomte Pierre,517.0,Pierre LECOMTE,0.6499999999999999,https://utmb.world/runner/4486696.pierre.lecomte,,,,,,,,,517.0,ITRA skipped because UTMB 517.0 <= threshold 680.0
MERY CHRISTOPHE,517.0,Christophe MERY,0.7666666666666666,https://utmb.world/runner/4536626.christophe.mery,,,,,,,,,517.0,ITRA skipped because UTMB 517.0 <= threshold 680.0
OYSEL Christophe,517.0,Christophe OYSEL,0.7375,https://utmb.world/runner/5703351.christophe.oysel,,,,,,,,,517.0,ITRA skipped because UTMB 517.0 <= threshold 680.0
Perrin Fabrice,517.0,Fabrice PERRIN,0.6499999999999999,https://utmb.world/runner/28172.fabrice.perrin,,,,,,,,,517.0,ITRA skipped because UTMB 517.0 <= threshold 680.0
PERRIN Gilbert,517.0,Gilbert PERRIN,0.6499999999999999,https://utmb.world/runner/157013.gilbert.perrin,,,,,,,,,517.0,ITRA skipped because UTMB 517.0 <= threshold 680.0
PUCHEU Christophe,517.0,Christophe PUCHEU,0.7117647058823529,https://utmb.world/runner/3851931.christophe.pucheu,,,,,,,,,517.0,ITRA skipped because UTMB 517.0 <= threshold 680.0
SIBI Dominique,517.0,Dominique SIBI,0.75,https://utmb.world/runner/352161.dominique.sibi,,,,,,,,,517.0,ITRA skipped because UTMB 517.0 <= threshold 680.0
VERBARD TONNY,517.0,Tonny VERBARD,0.6769230769230768,https://utmb.world/runner/2402515.tonny.verbard,,,,,,,,,517.0,ITRA skipped because UTMB 517.0 <= threshold 680.0
Bouquet Romain,516.0,Romain BOUQUET,0.6499999999999999,https://utmb.world/runner/6206297.romain.bouquet,,,,,,,,,516.0,ITRA skipped because UTMB 516.0 <= threshold 680.0
bourdicaud fabien,516.0,Fabien BOURDICAUD,0.7117647058823529,https://utmb.world/runner/3011513.fabien.bourdicaud,,,,,,,,,516.0,ITRA skipped because UTMB 516.0 <= threshold 680.0
Cateigne Yoann,516.0,Yoann CATEIGNE,0.7,https://utmb.world/runner/5233872.yoann.cateigne,,,,,,,,,516.0,ITRA skipped because UTMB 516.0 <= threshold 680.0
Chojnowski Andrzej,516.0,Andrzej CHOJNOWSKI,0.6888888888888889,https://utmb.world/runner/1733247.andrzej.chojnowski,,,,,,,,,516.0,ITRA skipped because UTMB 516.0 <= threshold 680.0
Dubas Pierre-Alexandre,516.0,Pierre-Alexandre DUBAS,0.8090909090909091,https://utmb.world/runner/7415248.pierrealexandre.dubas,,,,,,,,,516.0,ITRA skipped because UTMB 516.0 <= threshold 680.0
Humblot David,516.0,David HUMBLOT,0.6769230769230768,https://utmb.world/runner/6743748.david.humblot,,,,,,,,,516.0,ITRA skipped because UTMB 516.0 <= threshold 680.0
Laupie Vincent,516.0,Vincent LAUPIE,0.6499999999999999,https://utmb.world/runner/3926497.vincent.laupie,,,,,,,,,516.0,ITRA skipped because UTMB 516.0 <= threshold 680.0
Le Texier Sébastien,516.0,Sebastien LE TEXIER,0.631578947368421,https://utmb.world/runner/940861.sebastien.letexier,,,,,,,,,516.0,ITRA skipped because UTMB 516.0 <= threshold 680.0
LORET Mickael,516.0,Mickaël LORET,0.6769230769230768,https://utmb.world/runner/4020660.mickael.loret,,,,,,,,,516.0,ITRA skipped because UTMB 516.0 <= threshold 680.0
Maquet Gaëtan,516.0,Gaëtan MAQUET,0.6230769230769231,https://utmb.world/runner/6746326.gaetan.maquet,,,,,,,,,516.0,ITRA skipped because UTMB 516.0 <= threshold 680.0
Marchandeau Alexis,516.0,Alexis MARCHANDEAU,0.7277777777777779,https://utmb.world/runner/4798848.alexis.marchandeau,,,,,,,,,516.0,ITRA skipped because UTMB 516.0 <= threshold 680.0
Paris Cedric,516.0,Cedric PARIS,0.6499999999999999,https://utmb.world/runner/519245.cedric.paris,,,,,,,,,516.0,ITRA skipped because UTMB 516.0 <= threshold 680.0
crouzevialle aris,515.0,Aris CROUZEVIALLE,0.7941176470588236,https://utmb.world/runner/4162291.aris.crouzevialle,,,,,,,,,515.0,ITRA skipped because UTMB 515.0 <= threshold 680.0
DEJEAN Julien,515.0,Julien DEJEAN,0.6230769230769231,https://utmb.world/runner/3900865.julien.dejean,,,,,,,,,515.0,ITRA skipped because UTMB 515.0 <= threshold 680.0
FORTANNIER Johnny,515.0,Johnny FORTANNIER,0.7117647058823529,https://utmb.world/runner/1308949.johnny.fortannier,,,,,,,,,515.0,ITRA skipped because UTMB 515.0 <= threshold 680.0
roulleaux patrice,515.0,Patrice ROULLEAUX,0.6705882352941176,https://utmb.world/runner/487106.patrice.roulleaux,,,,,,,,,515.0,ITRA skipped because UTMB 515.0 <= threshold 680.0
Takeda Nobuyori,515.0,Nobuyori TAKEDA,0.6733333333333333,https://utmb.world/runner/1093645.nobuyori.takeda,,,,,,,,,515.0,ITRA skipped because UTMB 515.0 <= threshold 680.0
Bachelerie Marion,514.0,Marion BACHELERIE,0.7117647058823529,https://utmb.world/runner/7284748.marion.bachelerie,,,,,,,,,514.0,ITRA skipped because UTMB 514.0 <= threshold 680.0
Pollina Adrien,514.0,Adrien POLLINA,0.6499999999999999,https://utmb.world/runner/4045581.adrien.pollina,,,,,,,,,514.0,ITRA skipped because UTMB 514.0 <= threshold 680.0
CABOT MATHIEU,514.0,Mathieu CABOT,0.6769230769230768,https://utmb.world/runner/4267094.mathieu.cabot,,,,,,,,,514.0,ITRA skipped because UTMB 514.0 <= threshold 680.0
casanova joseph,514.0,Joseph CASANOVA,0.6733333333333333,https://utmb.world/runner/311555.joseph.casanova,,,,,,,,,514.0,ITRA skipped because UTMB 514.0 <= threshold 680.0
Courtot Pierre,514.0,Pierre COURTOT,0.6499999999999999,https://utmb.world/runner/5627978.pierre.courtot,,,,,,,,,514.0,ITRA skipped because UTMB 514.0 <= threshold 680.0
FOUGERES Jean-David,514.0,Jean-David FOUGERES,0.6684210526315789,https://utmb.world/runner/1392593.jeandavid.fougeres,,,,,,,,,514.0,ITRA skipped because UTMB 514.0 <= threshold 680.0
GABUCCI Hugo,514.0,Hugo GABUCCI,0.7083333333333333,https://utmb.world/runner/7338206.hugo.gabucci,,,,,,,,,514.0,ITRA skipped because UTMB 514.0 <= threshold 680.0
JEANNETEAU Julien,514.0,Julien JEANNETEAU,0.7117647058823529,https://utmb.world/runner/235616.julien.jeanneteau,,,,,,,,,514.0,ITRA skipped because UTMB 514.0 <= threshold 680.0
LE BLAYE JEREMIE,514.0,Jeremie LE BLAYE,0.6499999999999999,https://utmb.world/runner/658330.jeremie.leblaye,,,,,,,,,514.0,ITRA skipped because UTMB 514.0 <= threshold 680.0
Maitre Mathieu,514.0,Mathieu MAITRE,0.6499999999999999,https://utmb.world/runner/1404555.mathieu.maitre,,,,,,,,,514.0,ITRA skipped because UTMB 514.0 <= threshold 680.0
Mottez Hugo,514.0,Hugo MOTTEZ,0.6818181818181818,https://utmb.world/runner/4901550.hugo.mottez,,,,,,,,,514.0,ITRA skipped because UTMB 514.0 <= threshold 680.0
PERE-DESSUS Grégory,514.0,Grégory PERE DESSUS,0.7052631578947368,https://utmb.world/runner/4317542.gregory.peredessus,,,,,,,,,514.0,ITRA skipped because UTMB 514.0 <= threshold 680.0
Flahaut Alrik,513.0,Alrik FLAHAUT,0.6769230769230768,https://utmb.world/runner/1843869.alrik.flahaut,,,,,,,,,513.0,ITRA skipped because UTMB 513.0 <= threshold 680.0
RIGÉ Adrien,513.0,Adrien RIGE,0.6818181818181818,https://utmb.world/runner/2340769.adrien.rige,,,,,,,,,513.0,ITRA skipped because UTMB 513.0 <= threshold 680.0
Dwitiandi Dendi,513.0,Dendi DWITIANDI,0.72,https://utmb.world/runner/1394109.dendi.dwitiandi,,,,,,,,,513.0,ITRA skipped because UTMB 513.0 <= threshold 680.0
GERMAIN OPHELIA,513.0,Ophelia GERMAIN,0.6266666666666667,https://utmb.world/runner/1997157.ophelia.germain,,,,,,,,,513.0,ITRA skipped because UTMB 513.0 <= threshold 680.0
Gonnard Béal Jonathan,513.0,Jonathan GONNARD BÉAL,0.7,https://utmb.world/runner/4732916.jonathan.gonnardbeal,,,,,,,,,513.0,ITRA skipped because UTMB 513.0 <= threshold 680.0
Kossela Oskar,513.0,Oskar KOSSELA,0.6769230769230768,https://utmb.world/runner/1627245.oskar.kossela,,,,,,,,,513.0,ITRA skipped because UTMB 513.0 <= threshold 680.0
Le Meur Trystan,513.0,Trystan LE MEUR,0.6266666666666667,https://utmb.world/runner/4209897.trystan.lemeur,,,,,,,,,513.0,ITRA skipped because UTMB 513.0 <= threshold 680.0
Léauté Mathilde,513.0,Mathilde LÉAUTÉ,0.6733333333333333,https://utmb.world/runner/4798732.mathilde.leaute,,,,,,,,,513.0,ITRA skipped because UTMB 513.0 <= threshold 680.0
Martinelli Jessy,513.0,Martinelli JESSY,1.0,https://utmb.world/runner/5773915.martinelli.jessy,,,,,,,,,513.0,ITRA skipped because UTMB 513.0 <= threshold 680.0
Naudot Romuald,513.0,Romuald NAUDOT,0.6499999999999999,https://utmb.world/runner/517987.romuald.naudot,,,,,,,,,513.0,ITRA skipped because UTMB 513.0 <= threshold 680.0
PFEIFFER BENOIT,513.0,Benoit PFEIFFER,0.6733333333333333,https://utmb.world/runner/3396987.benoit.pfeiffer,,,,,,,,,513.0,ITRA skipped because UTMB 513.0 <= threshold 680.0
SACLIER Thomas,513.0,Thomas SACLIER,0.6499999999999999,https://utmb.world/runner/5766132.thomas.saclier,,,,,,,,,513.0,ITRA skipped because UTMB 513.0 <= threshold 680.0
Beloudini Fayssal,512.0,Fayssal BELOUDINI,0.6705882352941176,https://utmb.world/runner/5766174.fayssal.beloudini,,,,,,,,,512.0,ITRA skipped because UTMB 512.0 <= threshold 680.0
BOURQUARD VIRGILE,512.0,Virgile BOURQUARD,0.6705882352941176,https://utmb.world/runner/4199040.virgile.bourquard,,,,,,,,,512.0,ITRA skipped because UTMB 512.0 <= threshold 680.0
Buclin Vincent,512.0,Vincent BUCLIN,0.6499999999999999,https://utmb.world/runner/6652083.vincent.buclin,,,,,,,,,512.0,ITRA skipped because UTMB 512.0 <= threshold 680.0
DABERNAT david,512.0,David DABERNAT,0.7,https://utmb.world/runner/5487616.david.dabernat,,,,,,,,,512.0,ITRA skipped because UTMB 512.0 <= threshold 680.0
GASNOT Maxime,512.0,Maxime GASNOT,0.6230769230769231,https://utmb.world/runner/1162337.maxime.gasnot,,,,,,,,,512.0,ITRA skipped because UTMB 512.0 <= threshold 680.0
Gillet Yves,512.0,Yves GILLET,0.6818181818181818,https://utmb.world/runner/496886.yves.gillet,,,,,,,,,512.0,ITRA skipped because UTMB 512.0 <= threshold 680.0
Gonzague Valentin,512.0,Valentin GONZAGUE,0.6294117647058823,https://utmb.world/runner/6479080.valentin.gonzague,,,,,,,,,512.0,ITRA skipped because UTMB 512.0 <= threshold 680.0
Milcent Benjamin,512.0,Benjamin MILCENT,0.6499999999999999,https://utmb.world/runner/5613269.benjamin.milcent,,,,,,,,,512.0,ITRA skipped because UTMB 512.0 <= threshold 680.0
PELLETIER Stéphane,512.0,Stephane PELLETIER,0.6499999999999999,https://utmb.world/runner/8012052.stephane.pelletier,,,,,,,,,512.0,ITRA skipped because UTMB 512.0 <= threshold 680.0
Sadoulet Nicolas,512.0,Nicolas SADOULET,0.6499999999999999,https://utmb.world/runner/179680.nicolas.sadoulet,,,,,,,,,512.0,ITRA skipped because UTMB 512.0 <= threshold 680.0
BORDOT Johnny,511.0,Johnny BORDOT,0.6230769230769231,https://utmb.world/runner/660082.johnny.bordot,,,,,,,,,511.0,ITRA skipped because UTMB 511.0 <= threshold 680.0
Forat Manon,511.0,Manon FORAT,0.6181818181818182,https://utmb.world/runner/1795793.manon.forat,,,,,,,,,511.0,ITRA skipped because UTMB 511.0 <= threshold 680.0
FOREST Thierry,511.0,Thierry FOREST,0.6499999999999999,https://utmb.world/runner/5545478.thierry.forest,,,,,,,,,511.0,ITRA skipped because UTMB 511.0 <= threshold 680.0
HUTIN Michael,511.0,Michael HUTIN,0.6769230769230768,https://utmb.world/runner/289648.michael.hutin,,,,,,,,,511.0,ITRA skipped because UTMB 511.0 <= threshold 680.0
Lückert Mara,511.0,Mara LUCKERT,0.7083333333333333,https://utmb.world/runner/306727.mara.luckert,,,,,,,,,511.0,ITRA skipped because UTMB 511.0 <= threshold 680.0
Damour Bertrand,510.0,Bertrand DAMOUR,0.6733333333333333,https://utmb.world/runner/1312149.bertrand.damour,,,,,,,,,510.0,ITRA skipped because UTMB 510.0 <= threshold 680.0
GUENDAFA Paul,510.0,Paul GUENDAFA,0.7307692307692308,https://utmb.world/runner/3963621.paul.guendafa,,,,,,,,,510.0,ITRA skipped because UTMB 510.0 <= threshold 680.0
Guenegou Yann,510.0,Yann GUENEGOU,0.7307692307692308,https://utmb.world/runner/5769968.yann.guenegou,,,,,,,,,510.0,ITRA skipped because UTMB 510.0 <= threshold 680.0
GUIBAN JEAN-CHRISTOPHE,510.0,Jean-Christophe GUIBAN,0.7772727272727271,https://utmb.world/runner/319774.jeanchristophe.guiban,,,,,,,,,510.0,ITRA skipped because UTMB 510.0 <= threshold 680.0
LAMONGESSE Hervé,510.0,Herve LAMONGESSE,0.7375,https://utmb.world/runner/2098857.herve.lamongesse,,,,,,,,,510.0,ITRA skipped because UTMB 510.0 <= threshold 680.0
Safis Nicolas,510.0,Nicolas SAFIS,0.6769230769230768,https://utmb.world/runner/6983116.nicolas.safis,,,,,,,,,510.0,ITRA skipped because UTMB 510.0 <= threshold 680.0
Blanc-Gras Simon,509.0,Simon BLANC GRAS,0.7375,https://utmb.world/runner/7593058.simon.blanc-gras,,,,,,,,,509.0,ITRA skipped because UTMB 509.0 <= threshold 680.0
DUMONTIER Aurélien,509.0,Aurelien DUMONTIER,0.6499999999999999,https://utmb.world/runner/3231465.aurelien.dumontier,,,,,,,,,509.0,ITRA skipped because UTMB 509.0 <= threshold 680.0
Genin Jordan,509.0,Jordan GENIN,0.6499999999999999,https://utmb.world/runner/1251449.jordan.genin,,,,,,,,,509.0,ITRA skipped because UTMB 509.0 <= threshold 680.0
Malosse Christophe,509.0,Christophe MALOSSE,0.6888888888888889,https://utmb.world/runner/3111475.christophe.malosse,,,,,,,,,509.0,ITRA skipped because UTMB 509.0 <= threshold 680.0
Obligi Loucas,509.0,Loucas OBLIGI,0.6230769230769231,https://utmb.world/runner/6647466.loucas.obligi,,,,,,,,,509.0,ITRA skipped because UTMB 509.0 <= threshold 680.0
POUGET Tom,509.0,Tom POUGET,0.72,https://utmb.world/runner/6362637.tom.pouget,,,,,,,,,509.0,ITRA skipped because UTMB 509.0 <= threshold 680.0
Drianne Pierre-Matthias,508.0,Pierre-Matthias DRIANNE,0.7565217391304347,https://utmb.world/runner/5578692.pierrematthias.drianne,,,,,,,,,508.0,ITRA skipped because UTMB 508.0 <= threshold 680.0
Druinot hadrien,508.0,Hadrien DRUINOT,0.6266666666666667,https://utmb.world/runner/5148006.hadrien.druinot,,,,,,,,,508.0,ITRA skipped because UTMB 508.0 <= threshold 680.0
Dutoit Laurent,508.0,Laurent DUTOIT,0.6499999999999999,https://utmb.world/runner/4740114.laurent.dutoit,,,,,,,,,508.0,ITRA skipped because UTMB 508.0 <= threshold 680.0
JEAN Mathieu,508.0,Jean MATHIEU,1.0,https://utmb.world/runner/6315852.jean.mathieu,,,,,,,,,508.0,ITRA skipped because UTMB 508.0 <= threshold 680.0
Lemaistre Thomas,508.0,Thomas LEMAISTRE,0.69375,https://utmb.world/runner/2013907.thomas.lemaistre,,,,,,,,,508.0,ITRA skipped because UTMB 508.0 <= threshold 680.0
Peillon Mathieu,508.0,Mathieu PEILLON,0.6266666666666667,https://utmb.world/runner/1324835.mathieu.peillon,,,,,,,,,508.0,ITRA skipped because UTMB 508.0 <= threshold 680.0
Poignant Quentin,508.0,Quentin POIGNANT,0.6499999999999999,https://utmb.world/runner/2630345.quentin.poignant,,,,,,,,,508.0,ITRA skipped because UTMB 508.0 <= threshold 680.0
Pouchard Valentin,508.0,Valentin POUCHARD,0.6294117647058823,https://utmb.world/runner/4338560.valentin.pouchard,,,,,,,,,508.0,ITRA skipped because UTMB 508.0 <= threshold 680.0
VOIRIN Michaël,508.0,Michaël VOIRIN,0.6499999999999999,https://utmb.world/runner/2087211.michael.voirin,,,,,,,,,508.0,ITRA skipped because UTMB 508.0 <= threshold 680.0
ZYZAK olivier,508.0,Olivier ZYZAK,0.6769230769230768,https://utmb.world/runner/4902052.olivier.zyzak,,,,,,,,,508.0,ITRA skipped because UTMB 508.0 <= threshold 680.0
Basset Antoine,507.0,Marc-Antoine BASSET,0.6818181818181818,https://utmb.world/runner/4592448.marcantoine.basset,,,,,,,,,507.0,ITRA skipped because UTMB 507.0 <= threshold 680.0
BLARY Karine,507.0,Karine BLARY,0.6499999999999999,https://utmb.world/runner/2317371.karine.blary,,,,,,,,,507.0,ITRA skipped because UTMB 507.0 <= threshold 680.0
Edelin Lucas,507.0,Lucas EDELIN,0.6499999999999999,https://utmb.world/runner/5327094.lucas.edelin,,,,,,,,,507.0,ITRA skipped because UTMB 507.0 <= threshold 680.0
FOURNAISE JULIEN,507.0,Julien FOURNAISE,0.69375,https://utmb.world/runner/3509029.julien.fournaise,,,,,,,,,507.0,ITRA skipped because UTMB 507.0 <= threshold 680.0
Grondin Guillaume,507.0,Guillaume GRONDIN,0.6705882352941176,https://utmb.world/runner/246373.guillaume.grondin,,,,,,,,,507.0,ITRA skipped because UTMB 507.0 <= threshold 680.0
Louis Sébastien,507.0,Sébastien LOUIS,0.72,https://utmb.world/runner/1724939.sebastien.louis,,,,,,,,,507.0,ITRA skipped because UTMB 507.0 <= threshold 680.0
Pedro Henri,507.0,Henri PEDRO,0.6181818181818182,https://utmb.world/runner/1565645.henri.pedro,,,,,,,,,507.0,ITRA skipped because UTMB 507.0 <= threshold 680.0
SIMON Eric,507.0,Eric SIMON,0.6499999999999999,https://utmb.world/runner/1310373.eric.simon,,,,,,,,,507.0,ITRA skipped because UTMB 507.0 <= threshold 680.0
Bourgeois Nathalie,506.0,Nathalie BOURGEOIS,0.6499999999999999,https://utmb.world/runner/978737.nathalie.bourgeois,,,,,,,,,506.0,ITRA skipped because UTMB 506.0 <= threshold 680.0
defrance fabrice,506.0,Fabrice DEFRANCE,0.6499999999999999,https://utmb.world/runner/115661.fabrice.defrance,,,,,,,,,506.0,ITRA skipped because UTMB 506.0 <= threshold 680.0
DERAME ERIC,506.0,Eric DERAME,0.6818181818181818,https://utmb.world/runner/429315.eric.derame,,,,,,,,,506.0,ITRA skipped because UTMB 506.0 <= threshold 680.0
DESIGAUD Fabien,506.0,Fabien DESIGAUD,0.6733333333333333,https://utmb.world/runner/1175421.fabien.desigaud,,,,,,,,,506.0,ITRA skipped because UTMB 506.0 <= threshold 680.0
FIEY sebastien,506.0,Sebastien FIEY,0.75,https://utmb.world/runner/594647.sebastien.fiey,,,,,,,,,506.0,ITRA skipped because UTMB 506.0 <= threshold 680.0
Leclet Damien,506.0,Damien LECLET,0.6230769230769231,https://utmb.world/runner/491968.damien.leclet,,,,,,,,,506.0,ITRA skipped because UTMB 506.0 <= threshold 680.0
LOUIS Fabien,506.0,Fabien LOUIS,0.6499999999999999,https://utmb.world/runner/3692143.fabien.louis,,,,,,,,,506.0,ITRA skipped because UTMB 506.0 <= threshold 680.0
Porton Arnold,506.0,Arnold PORTON,0.6230769230769231,https://utmb.world/runner/940535.arnold.porton,,,,,,,,,506.0,ITRA skipped because UTMB 506.0 <= threshold 680.0
poullain manuel,506.0,Manuel POULLAIN,0.6733333333333333,https://utmb.world/runner/3205523.manuel.poullain,,,,,,,,,506.0,ITRA skipped because UTMB 506.0 <= threshold 680.0
Prelonge David,506.0,David PRELONGE,0.7,https://utmb.world/runner/128788.david.prelonge,,,,,,,,,506.0,ITRA skipped because UTMB 506.0 <= threshold 680.0
Roignant Julien,506.0,Julien ROIGNANT,0.6733333333333333,https://utmb.world/runner/5634628.julien.roignant,,,,,,,,,506.0,ITRA skipped because UTMB 506.0 <= threshold 680.0
Rousseau Antoine,506.0,Antoine ROUSSEAU,0.6499999999999999,https://utmb.world/runner/4741262.antoine.rousseau,,,,,,,,,506.0,ITRA skipped because UTMB 506.0 <= threshold 680.0
Vadamootoo Giovanni,506.0,Giovanni VADAMOOTOO,0.6684210526315789,https://utmb.world/runner/1721041.giovanni.vadamootoo,,,,,,,,,506.0,ITRA skipped because UTMB 506.0 <= threshold 680.0
Schlosser Lucas,505.0,Lucas SCHLOSSER,0.72,https://utmb.world/runner/4393284.lucas.schlosser,,,,,,,,,505.0,ITRA skipped because UTMB 505.0 <= threshold 680.0
BOILDIEU Ludovic,505.0,Ludovic BOILDIEU,0.6499999999999999,https://utmb.world/runner/5627882.ludovic.boildieu,,,,,,,,,505.0,ITRA skipped because UTMB 505.0 <= threshold 680.0
Della Aurélien,505.0,Aurélien DELLA,0.7,https://utmb.world/runner/5311933.aurelien.della,,,,,,,,,505.0,ITRA skipped because UTMB 505.0 <= threshold 680.0
Dubreuil Florent,505.0,Dubreuil FLORENT,1.0,https://utmb.world/runner/5614395.dubreuil.florent,,,,,,,,,505.0,ITRA skipped because UTMB 505.0 <= threshold 680.0
Mathy Philippe,505.0,Philippe MATHY,0.7,https://utmb.world/runner/443185.philippe.mathy,,,,,,,,,505.0,ITRA skipped because UTMB 505.0 <= threshold 680.0
Pouliquen Nathan,505.0,Nathan POULIQUEN,0.69375,https://utmb.world/runner/7731391.nathan.pouliquen,,,,,,,,,505.0,ITRA skipped because UTMB 505.0 <= threshold 680.0
VERGES Clement,505.0,Clément VERGES,0.6499999999999999,https://utmb.world/runner/5397122.clement.verges,,,,,,,,,505.0,ITRA skipped because UTMB 505.0 <= threshold 680.0
wiren mathieu,505.0,Mathieu WIREN,0.6769230769230768,https://utmb.world/runner/2564569.mathieu.wiren,,,,,,,,,505.0,ITRA skipped because UTMB 505.0 <= threshold 680.0
FOURNEL Loïc,504.0,Loïc FOURNEL,0.7083333333333333,https://utmb.world/runner/7940854.loic.fournel,,,,,,,,,504.0,ITRA skipped because UTMB 504.0 <= threshold 680.0
Pupier Samuel,504.0,Samuel PUPIER,0.6230769230769231,https://utmb.world/runner/134907.samuel.pupier,,,,,,,,,504.0,ITRA skipped because UTMB 504.0 <= threshold 680.0
Boulangé Olivier,504.0,Olivier BOULANGE,0.6499999999999999,https://utmb.world/runner/5575876.olivier.boulange,,,,,,,,,504.0,ITRA skipped because UTMB 504.0 <= threshold 680.0
Brillet François,504.0,Francois BRILLET,0.6499999999999999,https://utmb.world/runner/33352.francois.brillet,,,,,,,,,504.0,ITRA skipped because UTMB 504.0 <= threshold 680.0
De oliveira Christophe,504.0,Christophe DE OLIVEIRA,0.6499999999999999,https://utmb.world/runner/3192189.christophe.deoliveira,,,,,,,,,504.0,ITRA skipped because UTMB 504.0 <= threshold 680.0
Decon Laurent,504.0,Decon LAURENT,1.0,https://utmb.world/runner/6465941.decon.laurent,,,,,,,,,504.0,ITRA skipped because UTMB 504.0 <= threshold 680.0
Dos santos costa Cyril,504.0,Cyril DOS SANTOS COSTA,0.8090909090909091,https://utmb.world/runner/38730.cyril.dossantoscosta,,,,,,,,,504.0,ITRA skipped because UTMB 504.0 <= threshold 680.0
FONTAINE Jean Dominique,504.0,Jean-Dominique FONTAINE,0.7260869565217392,https://utmb.world/runner/579696.jeandominique.fontaine,,,,,,,,,504.0,ITRA skipped because UTMB 504.0 <= threshold 680.0
herve goulwenn,504.0,Goulwenn HERVE,0.7,https://utmb.world/runner/5845160.goulwenn.herve,,,,,,,,,504.0,ITRA skipped because UTMB 504.0 <= threshold 680.0
Jeannesson Jonathan,504.0,Jonathan JEANNESSON,0.6684210526315789,https://utmb.world/runner/342354.jonathan.jeannesson,,,,,,,,,504.0,ITRA skipped because UTMB 504.0 <= threshold 680.0
LASSUS Michael,504.0,Michael LASSUS,0.6499999999999999,https://utmb.world/runner/5346928.michael.lassus,,,,,,,,,504.0,ITRA skipped because UTMB 504.0 <= threshold 680.0
LELONG david,504.0,David LELONG,0.6499999999999999,https://utmb.world/runner/8042408.david.lelong,,,,,,,,,504.0,ITRA skipped because UTMB 504.0 <= threshold 680.0
Maghoo Jayprakashsingh,504.0,Jayprakashsingh MAGHOO,0.7772727272727271,https://utmb.world/runner/2085561.jayprakashsingh.maghoo,,,,,,,,,504.0,ITRA skipped because UTMB 504.0 <= threshold 680.0
MARCIACQ Arnaud,504.0,Arnaud MARCIACQ,0.6733333333333333,https://utmb.world/runner/141116.arnaud.marciacq,,,,,,,,,504.0,ITRA skipped because UTMB 504.0 <= threshold 680.0
VINCENT ROMAIN,504.0,Romain VINCENT,0.6499999999999999,https://utmb.world/runner/1277409.romain.vincent,,,,,,,,,504.0,ITRA skipped because UTMB 504.0 <= threshold 680.0
BUY Tom,503.0,Tom BUY,0.6,https://utmb.world/runner/6642444.tom.buy,,,,,,,,,503.0,ITRA skipped because UTMB 503.0 <= threshold 680.0
Cottereau Arnaud,503.0,Arnaud COTTEREAU,0.69375,https://utmb.world/runner/6354768.arnaud.cottereau,,,,,,,,,503.0,ITRA skipped because UTMB 503.0 <= threshold 680.0
DEVINE Thibaut,503.0,Thibaut DEVINE,0.6499999999999999,https://utmb.world/runner/1021435.thibaut.devine,,,,,,,,,503.0,ITRA skipped because UTMB 503.0 <= threshold 680.0
FROMENT Samuel,503.0,Samuel FROMENT,0.6499999999999999,https://utmb.world/runner/1486553.samuel.froment,,,,,,,,,503.0,ITRA skipped because UTMB 503.0 <= threshold 680.0
Gaucher Matthias,503.0,Matthias GAUCHER,0.6499999999999999,https://utmb.world/runner/4611804.matthias.gaucher,,,,,,,,,503.0,ITRA skipped because UTMB 503.0 <= threshold 680.0
Lecocq Sébastien,503.0,Sebastien LECOCQ,0.69375,https://utmb.world/runner/1573787.sebastien.lecocq,,,,,,,,,503.0,ITRA skipped because UTMB 503.0 <= threshold 680.0
NEGRO GILBERT,503.0,Gilbert NEGRO,0.6769230769230768,https://utmb.world/runner/41871.gilbert.negro,,,,,,,,,503.0,ITRA skipped because UTMB 503.0 <= threshold 680.0
Rodrigues François,503.0,François RODRIGUES,0.6499999999999999,https://utmb.world/runner/5042446.francois.rodrigues,,,,,,,,,503.0,ITRA skipped because UTMB 503.0 <= threshold 680.0
Vincent Félix,503.0,Vincent FELIX,1.0,https://utmb.world/runner/7274532.vincent.felix,,,,,,,,,503.0,ITRA skipped because UTMB 503.0 <= threshold 680.0
CLAIRON ERICK,502.0,Erick CLAIRON,0.6769230769230768,https://utmb.world/runner/33423.erick.clairon,,,,,,,,,502.0,ITRA skipped because UTMB 502.0 <= threshold 680.0
COUTON FABIEN,502.0,Fabien COUTON,0.6230769230769231,https://utmb.world/runner/4284480.fabien.couton,,,,,,,,,502.0,ITRA skipped because UTMB 502.0 <= threshold 680.0
Francois Florian,502.0,Francois FLORIN,0.8274193548387097,https://utmb.world/runner/2015811.francois.florin,,,,,,,,,502.0,ITRA skipped because UTMB 502.0 <= threshold 680.0
Henrard Marc,502.0,Marc HENRARD,0.7083333333333333,https://utmb.world/runner/428254.marc.henrard,,,,,,,,,502.0,ITRA skipped because UTMB 502.0 <= threshold 680.0
Hick François,502.0,François HICK,0.7307692307692308,https://utmb.world/runner/5677668.francois.hick,,,,,,,,,502.0,ITRA skipped because UTMB 502.0 <= threshold 680.0
LANDRY Nicolas,502.0,Nicolas LANDRY,0.6499999999999999,https://utmb.world/runner/2214019.nicolas.landry,,,,,,,,,502.0,ITRA skipped because UTMB 502.0 <= threshold 680.0
LEGRAND Charles Francois,502.0,Charles-François LEGRAND,0.7666666666666666,https://utmb.world/runner/6591050.charlesfrancois.legrand,,,,,,,,,502.0,ITRA skipped because UTMB 502.0 <= threshold 680.0
Merand YVES,502.0,Yves MERAND,0.6818181818181818,https://utmb.world/runner/27906.yves.merand,,,,,,,,,502.0,ITRA skipped because UTMB 502.0 <= threshold 680.0
MORIZOT Marc,502.0,Marc MORIZOT,0.7083333333333333,https://utmb.world/runner/4164226.marc.morizot,,,,,,,,,502.0,ITRA skipped because UTMB 502.0 <= threshold 680.0
Nivolies Chloé,502.0,Chloé NIVOLIES,0.7,https://utmb.world/runner/940363.chloe.nivolies,,,,,,,,,502.0,ITRA skipped because UTMB 502.0 <= threshold 680.0
SENANT BENOIT,502.0,Benoit SENANT,0.6230769230769231,https://utmb.world/runner/1521595.benoit.senant,,,,,,,,,502.0,ITRA skipped because UTMB 502.0 <= threshold 680.0
Zocca Stéphane,502.0,Stéphane ZOCCA,0.7,https://utmb.world/runner/946773.stephane.zocca,,,,,,,,,502.0,ITRA skipped because UTMB 502.0 <= threshold 680.0
caillet portillo Damien,501.0,Damien CAILLET PORTILLO,0.7869565217391303,https://utmb.world/runner/8028368.damien.cailletportillo,,,,,,,,,501.0,ITRA skipped because UTMB 501.0 <= threshold 680.0
Donnard kevin,501.0,Kevin DONNARD,0.6769230769230768,https://utmb.world/runner/6013388.kevin.donnard,,,,,,,,,501.0,ITRA skipped because UTMB 501.0 <= threshold 680.0
Dutheil Julien,501.0,Julien DUTHEIL,0.6499999999999999,https://utmb.world/runner/5548869.julien.dutheil,,,,,,,,,501.0,ITRA skipped because UTMB 501.0 <= threshold 680.0
Gy Jean-Marc,501.0,Jean-Marc GY,0.825,https://utmb.world/runner/640454.jeanmarc.gy,,,,,,,,,501.0,ITRA skipped because UTMB 501.0 <= threshold 680.0
KERNEIS Elodie,501.0,Elodie KERNEIS,0.6499999999999999,https://utmb.world/runner/633811.elodie.kerneis,,,,,,,,,501.0,ITRA skipped because UTMB 501.0 <= threshold 680.0
CARRON Florent,500.0,Florent CARRON,0.6499999999999999,https://utmb.world/runner/6652590.florent.carron,,,,,,,,,500.0,ITRA skipped because UTMB 500.0 <= threshold 680.0
COT Pierre-Jean,500.0,Pierre-Jean COT,0.8133333333333332,https://utmb.world/runner/644862.pierrejean.cot,,,,,,,,,500.0,ITRA skipped because UTMB 500.0 <= threshold 680.0
Dehaene Bram,500.0,Bram DEHAENE,0.7083333333333333,https://utmb.world/runner/4523716.bram.dehaene,,,,,,,,,500.0,ITRA skipped because UTMB 500.0 <= threshold 680.0
GINTZ Timothé,500.0,Timothé GINTZ,0.6769230769230768,https://utmb.world/runner/3847889.timothe.gintz,,,,,,,,,500.0,ITRA skipped because UTMB 500.0 <= threshold 680.0
GOUBAULT Kévin,500.0,Kévin GOUBAULT,0.7,https://utmb.world/runner/6647174.kevin.goubault,,,,,,,,,500.0,ITRA skipped because UTMB 500.0 <= threshold 680.0
Le Douarin Florian,500.0,Florian LE DOUARIN,0.6888888888888889,https://utmb.world/runner/4210681.florian.ledouarin,,,,,,,,,500.0,ITRA skipped because UTMB 500.0 <= threshold 680.0
LE MERCIER Emmanuel,500.0,Emmanuel LE MERCIER,0.6684210526315789,https://utmb.world/runner/4750116.emmanuel.lemercier,,,,,,,,,500.0,ITRA skipped because UTMB 500.0 <= threshold 680.0
Leroy Jordan,500.0,Jordan LEROY,0.6499999999999999,https://utmb.world/runner/5278804.jordan.leroy,,,,,,,,,500.0,ITRA skipped because UTMB 500.0 <= threshold 680.0
MUSSARD MATTHIEU,500.0,Matthieu MUSSARD,0.6499999999999999,https://utmb.world/runner/311389.matthieu.mussard,,,,,,,,,500.0,ITRA skipped because UTMB 500.0 <= threshold 680.0
barthelemy julien,499.0,Julien BARTHELEMY,0.7117647058823529,https://utmb.world/runner/467240.julien.barthelemy,,,,,,,,,499.0,ITRA skipped because UTMB 499.0 <= threshold 680.0
Bouet Frédéric,499.0,Frederic BOUET,0.7,https://utmb.world/runner/6260706.frederic.bouet,,,,,,,,,499.0,ITRA skipped because UTMB 499.0 <= threshold 680.0
COURTEAUD GUILLAUME,499.0,Guillaume COURTEAUD,0.631578947368421,https://utmb.world/runner/2402769.guillaume.courteaud,,,,,,,,,499.0,ITRA skipped because UTMB 499.0 <= threshold 680.0
dolet claude,499.0,Claude DOLET,0.6499999999999999,https://utmb.world/runner/78188.claude.dolet,,,,,,,,,499.0,ITRA skipped because UTMB 499.0 <= threshold 680.0
FAUTRAS Alexandre,499.0,Alexandre FAUTRAS,0.6705882352941176,https://utmb.world/runner/3924157.alexandre.fautras,,,,,,,,,499.0,ITRA skipped because UTMB 499.0 <= threshold 680.0
laurens lionel,499.0,Lionel LAURENS,0.6499999999999999,https://utmb.world/runner/543590.lionel.laurens,,,,,,,,,499.0,ITRA skipped because UTMB 499.0 <= threshold 680.0
Lecomte Jean-baptiste,499.0,Jean-Baptiste LECOMTE,0.7333333333333334,https://utmb.world/runner/2374109.jeanbaptiste.lecomte,,,,,,,,,499.0,ITRA skipped because UTMB 499.0 <= threshold 680.0
NOEL JACKY,499.0,Jacky NOEL,0.6499999999999999,https://utmb.world/runner/102771.jacky.noel,,,,,,,,,499.0,ITRA skipped because UTMB 499.0 <= threshold 680.0
VERNET Thibault,499.0,Thibault VERNET,0.6733333333333333,https://utmb.world/runner/4269140.thibault.vernet,,,,,,,,,499.0,ITRA skipped because UTMB 499.0 <= threshold 680.0
Warluzelle Maïlys,499.0,Maïlys WARLUZELLE,0.7117647058823529,https://utmb.world/runner/5241724.mailys.warluzelle,,,,,,,,,499.0,ITRA skipped because UTMB 499.0 <= threshold 680.0
Baluhet-Joanabat Paul,498.0,Paul BALUHET-JOANABAT,0.8333333333333333,https://utmb.world/runner/6180950.paul.baluhetjoanabat,,,,,,,,,498.0,ITRA skipped because UTMB 498.0 <= threshold 680.0
FONTAINE DAVID,498.0,David FONTAINE,0.7,https://utmb.world/runner/1837563.david.fontaine,,,,,,,,,498.0,ITRA skipped because UTMB 498.0 <= threshold 680.0
Humbert Lucie,498.0,Lucie HUMBERT,0.6769230769230768,https://utmb.world/runner/895209.lucie.humbert,,,,,,,,,498.0,ITRA skipped because UTMB 498.0 <= threshold 680.0
Mercier Christophe,498.0,Christophe MERCIER,0.6888888888888889,https://utmb.world/runner/871029.christophe.mercier,,,,,,,,,498.0,ITRA skipped because UTMB 498.0 <= threshold 680.0
MOSAKOWSKI FRANCK,498.0,Franck MOSAKOWSKI,0.7117647058823529,https://utmb.world/runner/279681.franck.mosakowski,,,,,,,,,498.0,ITRA skipped because UTMB 498.0 <= threshold 680.0
NOWICKI franck,498.0,Franck NOWICKI,0.6499999999999999,https://utmb.world/runner/128138.franck.nowicki,,,,,,,,,498.0,ITRA skipped because UTMB 498.0 <= threshold 680.0
PLUMEJAULT Raphaël,498.0,Raphael PLUMEJAULT,0.6888888888888889,https://utmb.world/runner/3569609.raphael.plumejault,,,,,,,,,498.0,ITRA skipped because UTMB 498.0 <= threshold 680.0
SOUFFES Clément,498.0,Clément SOUFFES,0.6266666666666667,https://utmb.world/runner/7889178.clement.souffes,,,,,,,,,498.0,ITRA skipped because UTMB 498.0 <= threshold 680.0
Stucchi jonathan,498.0,Jonathan STUCCHI,0.6499999999999999,https://utmb.world/runner/4232148.jonathan.stucchi,,,,,,,,,498.0,ITRA skipped because UTMB 498.0 <= threshold 680.0
Topart Nicolas,498.0,Nicolas TOPART,0.6499999999999999,https://utmb.world/runner/579624.nicolas.topart,,,,,,,,,498.0,ITRA skipped because UTMB 498.0 <= threshold 680.0
Vieira Dos Santos Abilio,498.0,Abilio VIEIRA DOS SANTOS,0.7958333333333334,https://utmb.world/runner/207606.abilio.vieiradossantos,,,,,,,,,498.0,ITRA skipped because UTMB 498.0 <= threshold 680.0
Ben zaki Fabienne,497.0,Fabienne BEN ZAKI,0.6294117647058823,https://utmb.world/runner/4420576.fabienne.benzaki,,,,,,,,,497.0,ITRA skipped because UTMB 497.0 <= threshold 680.0
Benoit Yoann,497.0,Yoann BENOIT,0.6499999999999999,https://utmb.world/runner/4897118.yoann.benoit,,,,,,,,,497.0,ITRA skipped because UTMB 497.0 <= threshold 680.0
Fontaine Caroline,497.0,Caroline FONTAINE,0.6294117647058823,https://utmb.world/runner/1226341.caroline.fontaine,,,,,,,,,497.0,ITRA skipped because UTMB 497.0 <= threshold 680.0
Hongne Stefan,497.0,Stefan HONGNE,0.6230769230769231,https://utmb.world/runner/1010355.stefan.hongne,,,,,,,,,497.0,ITRA skipped because UTMB 497.0 <= threshold 680.0
KOEHLER SYLVIE,497.0,Sylvie KOEHLER,0.6499999999999999,https://utmb.world/runner/8232.sylvie.koehler,,,,,,,,,497.0,ITRA skipped because UTMB 497.0 <= threshold 680.0
Le Roux Stephane,497.0,Stephane LE ROUX,0.6499999999999999,https://utmb.world/runner/4203453.stephane.leroux,,,,,,,,,497.0,ITRA skipped because UTMB 497.0 <= threshold 680.0
Malisse Marie,497.0,Marie MALISSE,0.6769230769230768,https://utmb.world/runner/3537977.marie.malisse,,,,,,,,,497.0,ITRA skipped because UTMB 497.0 <= threshold 680.0
NOEL Warren,497.0,Warren NOEL,0.6818181818181818,https://utmb.world/runner/3870105.warren.noel,,,,,,,,,497.0,ITRA skipped because UTMB 497.0 <= threshold 680.0
Aubert Julien,497.0,Julien AUBERT,0.6230769230769231,https://utmb.world/runner/6115186.julien.aubert,,,,,,,,,497.0,ITRA skipped because UTMB 497.0 <= threshold 680.0
BRIERE Bastien,496.0,Bastien BRIERE,0.6499999999999999,https://utmb.world/runner/3058571.bastien.briere,,,,,,,,,496.0,ITRA skipped because UTMB 496.0 <= threshold 680.0
Daou Nassore,496.0,Nassore DAOU,0.7083333333333333,https://utmb.world/runner/5358066.nassore.daou,,,,,,,,,496.0,ITRA skipped because UTMB 496.0 <= threshold 680.0
Dodard Charles,496.0,Charles DODARD,0.6499999999999999,https://utmb.world/runner/561152.charles.dodard,,,,,,,,,496.0,ITRA skipped because UTMB 496.0 <= threshold 680.0
Fatisson Annaelle,496.0,Annaelle FATISSON,0.6294117647058823,https://utmb.world/runner/5443794.annaelle.fatisson,,,,,,,,,496.0,ITRA skipped because UTMB 496.0 <= threshold 680.0
feraux benjamin,496.0,Benjamin FERAUX,0.6733333333333333,https://utmb.world/runner/324355.benjamin.feraux,,,,,,,,,496.0,ITRA skipped because UTMB 496.0 <= threshold 680.0
GUIGNOT FRANCOIS,496.0,Francois GUIGNOT,0.6499999999999999,https://utmb.world/runner/1324743.francois.guignot,,,,,,,,,496.0,ITRA skipped because UTMB 496.0 <= threshold 680.0
Hainaut Sébastien,496.0,Sébastien HAINAUT,0.6705882352941176,https://utmb.world/runner/1566111.sebastien.hainaut,,,,,,,,,496.0,ITRA skipped because UTMB 496.0 <= threshold 680.0
LOYAU ARNAUD,496.0,Arnaud LOYAU,0.6499999999999999,https://utmb.world/runner/592356.arnaud.loyau,,,,,,,,,496.0,ITRA skipped because UTMB 496.0 <= threshold 680.0
Arbez Maxime,495.0,Maxime ARBEZ,0.6499999999999999,https://utmb.world/runner/7607400.maxime.arbez,,,,,,,,,495.0,ITRA skipped because UTMB 495.0 <= threshold 680.0
Aufrere Lucile,495.0,Lucile AUFRERE,0.6499999999999999,https://utmb.world/runner/3259129.lucile.aufrere,,,,,,,,,495.0,ITRA skipped because UTMB 495.0 <= threshold 680.0
Dutz Olivier,495.0,Olivier DUTZ,0.7083333333333333,https://utmb.world/runner/41185.olivier.dutz,,,,,,,,,495.0,ITRA skipped because UTMB 495.0 <= threshold 680.0
Jonathas Sebastien,495.0,Sebastien JONATHAS,0.6499999999999999,https://utmb.world/runner/6885714.sebastien.jonathas,,,,,,,,,495.0,ITRA skipped because UTMB 495.0 <= threshold 680.0
Laplanche Cyrille,495.0,Cyrille LAPLANCHE,0.6705882352941176,https://utmb.world/runner/232296.cyrille.laplanche,,,,,,,,,495.0,ITRA skipped because UTMB 495.0 <= threshold 680.0
Maurel Thibaud,495.0,Thibaud MAUREL,0.6499999999999999,https://utmb.world/runner/4531354.thibaud.maurel,,,,,,,,,495.0,ITRA skipped because UTMB 495.0 <= threshold 680.0
NGUYEN ROBIN,495.0,Robin NGUYEN,0.6499999999999999,https://utmb.world/runner/2669117.robin.nguyen,,,,,,,,,495.0,ITRA skipped because UTMB 495.0 <= threshold 680.0
sauval laurent,495.0,Laurent SAUVAL,0.6499999999999999,https://utmb.world/runner/4269074.laurent.sauval,,,,,,,,,495.0,ITRA skipped because UTMB 495.0 <= threshold 680.0
AHMED Ben Ali,495.0,Ahmed BEN BRAHIM,0.7793103448275861,https://utmb.world/runner/5471141.ahmed.benbrahim,,,,,,,,,495.0,ITRA skipped because UTMB 495.0 <= threshold 680.0
BERTRAND Grégory,494.0,Grégory BERTRAND,0.6499999999999999,https://utmb.world/runner/1430569.gregory.bertrand,,,,,,,,,494.0,ITRA skipped because UTMB 494.0 <= threshold 680.0
Bonaventure Elodie,494.0,Elodie BONAVENTURE,0.7277777777777779,https://utmb.world/runner/6647312.elodie.bonaventure,,,,,,,,,494.0,ITRA skipped because UTMB 494.0 <= threshold 680.0
BRUN Catherine,494.0,Catherine BRUN,0.75,https://utmb.world/runner/1404633.catherine.brun,,,,,,,,,494.0,ITRA skipped because UTMB 494.0 <= threshold 680.0
Dano Mathieu,494.0,Mathieu DANO,0.7083333333333333,https://utmb.world/runner/758123.mathieu.dano,,,,,,,,,494.0,ITRA skipped because UTMB 494.0 <= threshold 680.0
Disteque Samuel,494.0,Samuel DISTEQUE,0.6733333333333333,https://utmb.world/runner/1388399.samuel.disteque,,,,,,,,,494.0,ITRA skipped because UTMB 494.0 <= threshold 680.0
Feroussier Elie-Romaric,494.0,Elie FEROUSSIER,0.5684210526315789,https://utmb.world/runner/1372027.elie.feroussier,,,,,,,,,494.0,UTMB low-confidence match; ITRA skipped because UTMB 494.0 <= threshold 680.0
GORECKI YANN,494.0,Yann GORECKI,0.7083333333333333,https://utmb.world/runner/5050852.yann.gorecki,,,,,,,,,494.0,ITRA skipped because UTMB 494.0 <= threshold 680.0
Legrand Jeremy,494.0,Jeremy LEGRAND,0.6499999999999999,https://utmb.world/runner/6480422.jeremy.legrand,,,,,,,,,494.0,ITRA skipped because UTMB 494.0 <= threshold 680.0
Martin Malo,494.0,Martin MALOT,0.8195652173913044,https://utmb.world/runner/7731810.martin.malot,,,,,,,,,494.0,ITRA skipped because UTMB 494.0 <= threshold 680.0
Nomdedeu Maxime,494.0,Maxime NOMDEDEU,0.6733333333333333,https://utmb.world/runner/4149604.maxime.nomdedeu,,,,,,,,,494.0,ITRA skipped because UTMB 494.0 <= threshold 680.0
TRIOULLIER Florence,494.0,Florence TRIOULLIER,0.6684210526315789,https://utmb.world/runner/5628168.florence.trioullier,,,,,,,,,494.0,ITRA skipped because UTMB 494.0 <= threshold 680.0
BAZIN ARNAUD,493.0,Arnaud BAZIN,0.6499999999999999,https://utmb.world/runner/179843.arnaud.bazin,,,,,,,,,493.0,ITRA skipped because UTMB 493.0 <= threshold 680.0
BETOULE Gregory,493.0,Gregory BETOULE,0.6266666666666667,https://utmb.world/runner/7889110.gregory.betoule,,,,,,,,,493.0,ITRA skipped because UTMB 493.0 <= threshold 680.0
CIBE YANNICK,493.0,Yannick CIBE,0.7083333333333333,https://utmb.world/runner/365304.yannick.cibe,,,,,,,,,493.0,ITRA skipped because UTMB 493.0 <= threshold 680.0
COUMAU Edouard,493.0,Edouard COUMAU,0.6499999999999999,https://utmb.world/runner/7040817.edouard.coumau,,,,,,,,,493.0,ITRA skipped because UTMB 493.0 <= threshold 680.0
Favasole Camille,493.0,Camille FAVASOLE,0.6499999999999999,https://utmb.world/runner/2646803.camille.favasole,,,,,,,,,493.0,ITRA skipped because UTMB 493.0 <= threshold 680.0
Giuffre Nicolas,493.0,Nicolas GIUFFRE,0.6266666666666667,https://utmb.world/runner/5782948.nicolas.giuffre,,,,,,,,,493.0,ITRA skipped because UTMB 493.0 <= threshold 680.0
Guyonnet Constantin,493.0,Constantin GUYONNET,0.6684210526315789,https://utmb.world/runner/4314166.constantin.guyonnet,,,,,,,,,493.0,ITRA skipped because UTMB 493.0 <= threshold 680.0
Tisserand Thierry,493.0,Thierry TISSERAND,0.6705882352941176,https://utmb.world/runner/193930.thierry.tisserand,,,,,,,,,493.0,ITRA skipped because UTMB 493.0 <= threshold 680.0
VINCENT Emmanuel,493.0,Emmanuel VINCENT,0.6499999999999999,https://utmb.world/runner/7240402.emmanuel.vincent,,,,,,,,,493.0,ITRA skipped because UTMB 493.0 <= threshold 680.0
BERTHILLOT FRANCK,492.0,Franck BERTHILLOT,0.7117647058823529,https://utmb.world/runner/38391.franck.berthillot,,,,,,,,,492.0,ITRA skipped because UTMB 492.0 <= threshold 680.0
Bonnemayre Pierre,492.0,Pierre BONNEMAYRE,0.7117647058823529,https://utmb.world/runner/726358.pierre.bonnemayre,,,,,,,,,492.0,ITRA skipped because UTMB 492.0 <= threshold 680.0
Broussaud Sylvain,492.0,Sylvain BROUSSAUD,0.6705882352941176,https://utmb.world/runner/3392163.sylvain.broussaud,,,,,,,,,492.0,ITRA skipped because UTMB 492.0 <= threshold 680.0
Cabanne Patrick,492.0,Patrick CABANNE,0.6266666666666667,https://utmb.world/runner/4715009.patrick.cabanne,,,,,,,,,492.0,ITRA skipped because UTMB 492.0 <= threshold 680.0
floch thierry,492.0,Thierry FLOCH,0.6769230769230768,https://utmb.world/runner/3026573.thierry.floch,,,,,,,,,492.0,ITRA skipped because UTMB 492.0 <= threshold 680.0
Josset Erwan,492.0,Erwan JOSSET,0.6499999999999999,https://utmb.world/runner/6314960.erwan.josset,,,,,,,,,492.0,ITRA skipped because UTMB 492.0 <= threshold 680.0
Nicolas Fabien,492.0,Fabien NICOLAS,0.6499999999999999,https://utmb.world/runner/7288806.fabien.nicolas,,,,,,,,,492.0,ITRA skipped because UTMB 492.0 <= threshold 680.0
oussad Frédéric,492.0,Fréderic OUSSAD,0.6733333333333333,https://utmb.world/runner/3696625.frederic.oussad,,,,,,,,,492.0,ITRA skipped because UTMB 492.0 <= threshold 680.0
Paris Mathieu,492.0,Mathieu PARIS,0.6769230769230768,https://utmb.world/runner/4584238.mathieu.paris,,,,,,,,,492.0,ITRA skipped because UTMB 492.0 <= threshold 680.0
Pessa Gustavo,492.0,Gustavo PESSA,0.6769230769230768,https://utmb.world/runner/1272211.gustavo.pessa,,,,,,,,,492.0,ITRA skipped because UTMB 492.0 <= threshold 680.0
Picart lauriane,492.0,Lauriane PICART,0.6733333333333333,https://utmb.world/runner/2053683.lauriane.picart,,,,,,,,,492.0,ITRA skipped because UTMB 492.0 <= threshold 680.0
STEPHAN Guillaume,492.0,Stéphane GUILLAUME,0.83,https://utmb.world/runner/2028257.stephane.guillaume,,,,,,,,,492.0,ITRA skipped because UTMB 492.0 <= threshold 680.0
Toard Georges,492.0,Georges TOARD,0.6769230769230768,https://utmb.world/runner/4798534.georges.toard,,,,,,,,,492.0,ITRA skipped because UTMB 492.0 <= threshold 680.0
Albert Cedric,491.0,Albert CEDRIC,1.0,https://utmb.world/runner/5616855.albert.cedric,,,,,,,,,491.0,ITRA skipped because UTMB 491.0 <= threshold 680.0
Klein bertrand,491.0,Bertrand KLEIN,0.7,https://utmb.world/runner/3051029.bertrand.klein,,,,,,,,,491.0,ITRA skipped because UTMB 491.0 <= threshold 680.0
Brut Hugo,491.0,Hugo BRUT,0.611111111111111,https://utmb.world/runner/4426208.hugo.brut,,,,,,,,,491.0,ITRA skipped because UTMB 491.0 <= threshold 680.0
CLOPON STEPHANE,491.0,Stephane CLOPON,0.6733333333333333,https://utmb.world/runner/11412.stephane.clopon,,,,,,,,,491.0,ITRA skipped because UTMB 491.0 <= threshold 680.0
Hilpert Arnaud,491.0,Arnaud HILPERT,0.6499999999999999,https://utmb.world/runner/521495.arnaud.hilpert,,,,,,,,,491.0,ITRA skipped because UTMB 491.0 <= threshold 680.0
Langevin Lucas,491.0,Lucas LANGEVIN,0.7,https://utmb.world/runner/5537845.lucas.langevin,,,,,,,,,491.0,ITRA skipped because UTMB 491.0 <= threshold 680.0
Lemière Yannick,491.0,Yannick LEMIERE,0.6266666666666667,https://utmb.world/runner/72.yannick.lemiere,,,,,,,,,491.0,ITRA skipped because UTMB 491.0 <= threshold 680.0
Picard-Turpin Emmanuel,491.0,Emmanuel PICARD-TURPIN,0.7136363636363636,https://utmb.world/runner/338498.emmanuel.picardturpin,,,,,,,,,491.0,ITRA skipped because UTMB 491.0 <= threshold 680.0
PICOT ERIC,491.0,Eric PICOT,0.6499999999999999,https://utmb.world/runner/7381572.eric.picot,,,,,,,,,491.0,ITRA skipped because UTMB 491.0 <= threshold 680.0
Schmitt Aurélien,491.0,Aurelien SCHMITT,0.6499999999999999,https://utmb.world/runner/3646731.aurelien.schmitt,,,,,,,,,491.0,ITRA skipped because UTMB 491.0 <= threshold 680.0
Baert Bourguignon Sidonie,490.0,Sidonie BAERT-BOURGUIGNON,0.776,https://utmb.world/runner/5928396.sidonie.baertbourguignon,,,,,,,,,490.0,ITRA skipped because UTMB 490.0 <= threshold 680.0
BAILLET Nadège,490.0,Nadege BAILLET,0.6499999999999999,https://utmb.world/runner/639833.nadege.baillet,,,,,,,,,490.0,ITRA skipped because UTMB 490.0 <= threshold 680.0
ETHEVE Olivier,490.0,Olivier ETHEVE,0.6499999999999999,https://utmb.world/runner/151367.olivier.etheve,,,,,,,,,490.0,ITRA skipped because UTMB 490.0 <= threshold 680.0
Gaillourdet Aurélien,490.0,Aurélien GAILLOURDET,0.685,https://utmb.world/runner/1721679.aurelien.gaillourdet,,,,,,,,,490.0,ITRA skipped because UTMB 490.0 <= threshold 680.0
JEAUNEAUX STEPHANIE,490.0,Stephanie JEAUNEAUX,0.631578947368421,https://utmb.world/runner/4497876.stephanie.jeauneaux,,,,,,,,,490.0,ITRA skipped because UTMB 490.0 <= threshold 680.0
lebon sergio,490.0,Sergio LEBON,0.6499999999999999,https://utmb.world/runner/2644735.sergio.lebon,,,,,,,,,490.0,ITRA skipped because UTMB 490.0 <= threshold 680.0
Louiso Teddy,490.0,Teddy LOUISO,0.6499999999999999,https://utmb.world/runner/4546438.teddy.louiso,,,,,,,,,490.0,ITRA skipped because UTMB 490.0 <= threshold 680.0
Pineda Vadillo Carlos,490.0,Carlos PINEDA VADILLO,0.7666666666666666,https://utmb.world/runner/3712411.carlos.pinedavadillo,,,,,,,,,490.0,ITRA skipped because UTMB 490.0 <= threshold 680.0
RAJAOSELIMIARAMANANA Hajanirina,490.0,Hajanirina RAJAOSELIMIARAMANANA,0.7516129032258063,https://utmb.world/runner/4788750.hajanirina.rajaoselimiaramanana,,,,,,,,,490.0,ITRA skipped because UTMB 490.0 <= threshold 680.0
RICHARD Michel,490.0,Michel RICHARD,0.6499999999999999,https://utmb.world/runner/4623928.michel.richard,,,,,,,,,490.0,ITRA skipped because UTMB 490.0 <= threshold 680.0
SAINT-ALME Christopher,490.0,Christopher SAINT-ALME,0.6499999999999999,https://utmb.world/runner/156811.christopher.saintalme,,,,,,,,,490.0,ITRA skipped because UTMB 490.0 <= threshold 680.0
BOURG JORDAN,489.0,Jordan BOURG,0.6499999999999999,https://utmb.world/runner/5143322.jordan.bourg,,,,,,,,,489.0,ITRA skipped because UTMB 489.0 <= threshold 680.0
Briand Anthony,489.0,Anthony BRIAND,0.6499999999999999,https://utmb.world/runner/5324188.anthony.briand,,,,,,,,,489.0,ITRA skipped because UTMB 489.0 <= threshold 680.0
Chivot Thomas,489.0,Chivot THOMAS (Thomas CHIVOT),0.7549999999999999,https://utmb.world/runner/5452729.thomas.chivot,,,,,,,,,489.0,ITRA skipped because UTMB 489.0 <= threshold 680.0
hetmanczyk margot,489.0,Margot HETMANCZYK,0.7117647058823529,https://utmb.world/runner/5758732.margot.hetmanczyk,,,,,,,,,489.0,ITRA skipped because UTMB 489.0 <= threshold 680.0
Le Cann Francois,489.0,François LE CANN,0.6499999999999999,https://utmb.world/runner/847849.francois.lecann,,,,,,,,,489.0,ITRA skipped because UTMB 489.0 <= threshold 680.0
LE MOING SEBASTIEN,489.0,Lemoine SEBASTIEN,0.7399999999999999,https://utmb.world/runner/6635047.lemoine.sebastien,,,,,,,,,489.0,ITRA skipped because UTMB 489.0 <= threshold 680.0
Pellier David,489.0,David PELLIER,0.6769230769230768,https://utmb.world/runner/6584496.david.pellier,,,,,,,,,489.0,ITRA skipped because UTMB 489.0 <= threshold 680.0
RIPAULT Jérôme,489.0,Jérôme RIPAULT,0.6499999999999999,https://utmb.world/runner/5440124.jerome.ripault,,,,,,,,,489.0,ITRA skipped because UTMB 489.0 <= threshold 680.0
TATEL Gary,489.0,Gary TATEL,0.6499999999999999,https://utmb.world/runner/3870165.gary.tatel,,,,,,,,,489.0,ITRA skipped because UTMB 489.0 <= threshold 680.0
TERRIEN Vincent,489.0,Vincent TERRIEN,0.6266666666666667,https://utmb.world/runner/6584542.vincent.terrien,,,,,,,,,489.0,ITRA skipped because UTMB 489.0 <= threshold 680.0
MELOBOSIS Gilbert,488.0,Gilbert MELOBOSIS,0.6705882352941176,https://utmb.world/runner/103596.gilbert.melobosis,,,,,,,,,488.0,ITRA skipped because UTMB 488.0 <= threshold 680.0
COTTEREAU Baptiste,488.0,Baptiste COTTEREAU,0.6499999999999999,https://utmb.world/runner/7891158.baptiste.cottereau,,,,,,,,,488.0,ITRA skipped because UTMB 488.0 <= threshold 680.0
Gaze Jeremy,488.0,Jeremy GAZE,0.6818181818181818,https://utmb.world/runner/4987742.jeremy.gaze,,,,,,,,,488.0,ITRA skipped because UTMB 488.0 <= threshold 680.0
GLATRE ARNAUD,488.0,Arnaud GLATRE,0.6230769230769231,https://utmb.world/runner/1531695.arnaud.glatre,,,,,,,,,488.0,ITRA skipped because UTMB 488.0 <= threshold 680.0
NAU Xavier,488.0,Xavier NAU,0.72,https://utmb.world/runner/197294.xavier.nau,,,,,,,,,488.0,ITRA skipped because UTMB 488.0 <= threshold 680.0
Rauber Benjamin,488.0,Benjamin RAUBER,0.6733333333333333,https://utmb.world/runner/5542814.benjamin.rauber,,,,,,,,,488.0,ITRA skipped because UTMB 488.0 <= threshold 680.0
REQUIRAND philippe,488.0,Philippe REQUIRAND,0.6499999999999999,https://utmb.world/runner/1093405.philippe.requirand,,,,,,,,,488.0,ITRA skipped because UTMB 488.0 <= threshold 680.0
Sophiyair Andy,488.0,Andy SOPHIYAIR,0.75,https://utmb.world/runner/6392230.andy.sophiyair,,,,,,,,,488.0,ITRA skipped because UTMB 488.0 <= threshold 680.0
VASSEUR Rémi,488.0,Rémi VASSEUR,0.7083333333333333,https://utmb.world/runner/7176836.remi.vasseur,,,,,,,,,488.0,ITRA skipped because UTMB 488.0 <= threshold 680.0
AUBERT Florian,488.0,Florian AUBERT,0.6499999999999999,https://utmb.world/runner/7966074.florian.aubert,,,,,,,,,488.0,ITRA skipped because UTMB 488.0 <= threshold 680.0
Aoustet Baptiste,487.0,Baptiste AOUSTET,0.6499999999999999,https://utmb.world/runner/7226590.baptiste.aoustet,,,,,,,,,487.0,ITRA skipped because UTMB 487.0 <= threshold 680.0
Boyer Thomas,487.0,Thomas BOYER,0.6499999999999999,https://utmb.world/runner/4798902.thomas.boyer,,,,,,,,,487.0,ITRA skipped because UTMB 487.0 <= threshold 680.0
Deshoulieres Margot,487.0,Margot DESHOULIERES,0.7421052631578946,https://utmb.world/runner/3664451.margot.deshoulieres,,,,,,,,,487.0,ITRA skipped because UTMB 487.0 <= threshold 680.0
Donnadieu Serena,487.0,Serena DONNADIEU,0.69375,https://utmb.world/runner/4903754.serena.donnadieu,,,,,,,,,487.0,ITRA skipped because UTMB 487.0 <= threshold 680.0
DUCHAINE PATRICK,487.0,Patrick DUCHAINE,0.6499999999999999,https://utmb.world/runner/506280.patrick.duchaine,,,,,,,,,487.0,ITRA skipped because UTMB 487.0 <= threshold 680.0
FORTENBACH Xavier,487.0,Xavier FORTENBACH,0.7117647058823529,https://utmb.world/runner/3360093.xavier.fortenbach,,,,,,,,,487.0,ITRA skipped because UTMB 487.0 <= threshold 680.0
Jeambon Hippolyte,487.0,Hippolyte JEAMBON,0.6705882352941176,https://utmb.world/runner/5313696.hippolyte.jeambon,,,,,,,,,487.0,ITRA skipped because UTMB 487.0 <= threshold 680.0
JORAM Brian,487.0,Brian JORAM,0.6181818181818182,https://utmb.world/runner/528083.brian.joram,,,,,,,,,487.0,ITRA skipped because UTMB 487.0 <= threshold 680.0
lacaze claude,487.0,Claude LACAZE,0.6230769230769231,https://utmb.world/runner/3004843.claude.lacaze,,,,,,,,,487.0,ITRA skipped because UTMB 487.0 <= threshold 680.0
MORIN LUDOVIC,487.0,Ludovic MORIN,0.6769230769230768,https://utmb.world/runner/2289493.ludovic.morin,,,,,,,,,487.0,ITRA skipped because UTMB 487.0 <= threshold 680.0
Rivière Mickael,487.0,Mickael RIVIÈRE,0.6266666666666667,https://utmb.world/runner/4268847.mickael.riviere,,,,,,,,,487.0,ITRA skipped because UTMB 487.0 <= threshold 680.0
Caqueux Yann,486.0,Yann CAQUEUX,0.7083333333333333,https://utmb.world/runner/6948956.yann.caqueux,,,,,,,,,486.0,ITRA skipped because UTMB 486.0 <= threshold 680.0
GREGORCZEK CHRISTOPHE,486.0,Christophe GREGORCZEK,0.6333333333333333,https://utmb.world/runner/141309.christophe.gregorczek,,,,,,,,,486.0,ITRA skipped because UTMB 486.0 <= threshold 680.0
HELIE Yohann,486.0,Yohann HELIE,0.6499999999999999,https://utmb.world/runner/2458653.yohann.helie,,,,,,,,,486.0,ITRA skipped because UTMB 486.0 <= threshold 680.0
MAD Grégory,486.0,Grégory MAD,0.7454545454545454,https://utmb.world/runner/974315.gregory.mad,,,,,,,,,486.0,ITRA skipped because UTMB 486.0 <= threshold 680.0
Nguyen-van Christophe,486.0,Sỹ Nguyễn Văn SỸ,0.654054054054054,https://utmb.world/runner/7736948.synguyenvan.sy,,,,,,,,,486.0,ITRA skipped because UTMB 486.0 <= threshold 680.0
PERRETTE Romain,486.0,Romain PERRETTE,0.6733333333333333,https://utmb.world/runner/1322301.romain.perrette,,,,,,,,,486.0,ITRA skipped because UTMB 486.0 <= threshold 680.0
raeth alexandre,486.0,Alexandre RAETH,0.72,https://utmb.world/runner/4217614.alexandre.raeth,,,,,,,,,486.0,ITRA skipped because UTMB 486.0 <= threshold 680.0
THOUN Jonathan,486.0,Jonathan THOUN,0.7,https://utmb.world/runner/2310929.jonathan.thoun,,,,,,,,,486.0,ITRA skipped because UTMB 486.0 <= threshold 680.0
Vergoz Alexis,486.0,Alexis VERGOZ,0.6230769230769231,https://utmb.world/runner/3977430.alexis.vergoz,,,,,,,,,486.0,ITRA skipped because UTMB 486.0 <= threshold 680.0
BREYTON BRUNO,485.0,Bruno BREYTON,0.6769230769230768,https://utmb.world/runner/6316.bruno.breyton,,,,,,,,,485.0,ITRA skipped because UTMB 485.0 <= threshold 680.0
CARLIER PHILIPPE,485.0,Philippe CARLIER,0.6499999999999999,https://utmb.world/runner/28362.philippe.carlier,,,,,,,,,485.0,ITRA skipped because UTMB 485.0 <= threshold 680.0
Caroff Noéline,485.0,Noéline CAROFF,0.6499999999999999,https://utmb.world/runner/6648022.noeline.caroff,,,,,,,,,485.0,ITRA skipped because UTMB 485.0 <= threshold 680.0
Clerc Pascal,485.0,Pascal CLERC,0.6499999999999999,https://utmb.world/runner/6003354.pascal.clerc,,,,,,,,,485.0,ITRA skipped because UTMB 485.0 <= threshold 680.0
Dufour Simon,485.0,Simon DUFOUR,0.6499999999999999,https://utmb.world/runner/6043976.simon.dufour,,,,,,,,,485.0,ITRA skipped because UTMB 485.0 <= threshold 680.0
Dupré Antoine,485.0,Antoine DUPRE,0.6769230769230768,https://utmb.world/runner/6076146.antoine.dupre,,,,,,,,,485.0,ITRA skipped because UTMB 485.0 <= threshold 680.0
FILIPPI Léa,485.0,Léa FILIPPI,0.7454545454545454,https://utmb.world/runner/1414883.lea.filippi,,,,,,,,,485.0,ITRA skipped because UTMB 485.0 <= threshold 680.0
FORTUMEAU CHARLES,485.0,Charles FORTUMEAU,0.6705882352941176,https://utmb.world/runner/1056551.charles.fortumeau,,,,,,,,,485.0,ITRA skipped because UTMB 485.0 <= threshold 680.0
PAIROT Florent,485.0,Florent PAIROT,0.6499999999999999,https://utmb.world/runner/1721053.florent.pairot,,,,,,,,,485.0,ITRA skipped because UTMB 485.0 <= threshold 680.0
Roche Thomas,485.0,Thomas ROCHE,0.6499999999999999,https://utmb.world/runner/6281742.thomas.roche,,,,,,,,,485.0,ITRA skipped because UTMB 485.0 <= threshold 680.0
ROUSSEL Victor,485.0,Victor ROUSSEL,0.6499999999999999,https://utmb.world/runner/6584532.victor.roussel,,,,,,,,,485.0,ITRA skipped because UTMB 485.0 <= threshold 680.0
Thiry Zoé,485.0,Zoé THIRY,0.6888888888888889,https://utmb.world/runner/7081656.zoe.thiry,,,,,,,,,485.0,ITRA skipped because UTMB 485.0 <= threshold 680.0
TRONCIN Joffrey,485.0,Joffrey TRONCIN,0.6266666666666667,https://utmb.world/runner/3327245.joffrey.troncin,,,,,,,,,485.0,ITRA skipped because UTMB 485.0 <= threshold 680.0
Vera Escobar Blanca,485.0,Blanca VERA ESCOBAR,0.7421052631578946,https://utmb.world/runner/7797136.blanca.veraescobar,,,,,,,,,485.0,ITRA skipped because UTMB 485.0 <= threshold 680.0
Beaudoin Gregory,484.0,Gregory BEAUDOIN,0.6499999999999999,https://utmb.world/runner/496181.gregory.beaudoin,,,,,,,,,484.0,ITRA skipped because UTMB 484.0 <= threshold 680.0
francisco david,484.0,Francisco David OTALEPO,0.8526315789473684,https://utmb.world/runner/8393992.franciscodavid.otalepo,,,,,,,,,484.0,ITRA skipped because UTMB 484.0 <= threshold 680.0
GHEWY Maxence,484.0,Maxence GHEWY,0.6769230769230768,https://utmb.world/runner/6653004.maxence.ghewy,,,,,,,,,484.0,ITRA skipped because UTMB 484.0 <= threshold 680.0
Gohier SYLVAIN,484.0,Sylvain GOHIER,0.6499999999999999,https://utmb.world/runner/1320153.sylvain.gohier,,,,,,,,,484.0,ITRA skipped because UTMB 484.0 <= threshold 680.0
GONTHIER Davy,484.0,Davy GONTHIER,0.7307692307692308,https://utmb.world/runner/4497986.davy.gonthier,,,,,,,,,484.0,ITRA skipped because UTMB 484.0 <= threshold 680.0
Hallenne Valery,484.0,Valery HALLENNE,0.6733333333333333,https://utmb.world/runner/3436967.valery.hallenne,,,,,,,,,484.0,ITRA skipped because UTMB 484.0 <= threshold 680.0
Husté Alexandre,484.0,Alexandre HUSTE,0.72,https://utmb.world/runner/864441.alexandre.huste,,,,,,,,,484.0,ITRA skipped because UTMB 484.0 <= threshold 680.0
STEPHAN Quentin,484.0,Stephane QUENTIN,0.8274193548387097,https://utmb.world/runner/2316189.stephane.quentin,,,,,68.81,STEPHAN QUENTIN,1.0,https://www.betrail.run/runner/stephan.quentin/overview,484.0,ITRA skipped because UTMB 484.0 <= threshold 680.0
THOMAS Arnold,484.0,Thomas ARNOLD,1.0,https://utmb.world/runner/6792374.thomas.arnold,,,,,,,,,484.0,ITRA skipped because UTMB 484.0 <= threshold 680.0
aragon arnaud,483.0,Arnaud ARAGON,0.6230769230769231,https://utmb.world/runner/3141107.arnaud.aragon,,,,,,,,,483.0,ITRA skipped because UTMB 483.0 <= threshold 680.0
Bienvenu Ludovic,483.0,Ludovic BIENVENU,0.6499999999999999,https://utmb.world/runner/6753666.ludovic.bienvenu,,,,,,,,,483.0,ITRA skipped because UTMB 483.0 <= threshold 680.0
Casimir Emmanuel,483.0,Emmanuel CASIMIR,0.6499999999999999,https://utmb.world/runner/7889476.emmanuel.casimir,,,,,,,,,483.0,ITRA skipped because UTMB 483.0 <= threshold 680.0
Fauré Yohan,483.0,Yohan FAURÉ,0.6181818181818182,https://utmb.world/runner/7492878.yohan.faure,,,,,,,,,483.0,ITRA skipped because UTMB 483.0 <= threshold 680.0
Gouin Frédéric,483.0,Frederic GOUIN,0.7,https://utmb.world/runner/5042518.frederic.gouin,,,,,,,,,483.0,ITRA skipped because UTMB 483.0 <= threshold 680.0
LASCOUX Jean-marc,483.0,Jean-Marc LASCOUX,0.6705882352941176,https://utmb.world/runner/3051743.jeanmarc.lascoux,,,,,,,,,483.0,ITRA skipped because UTMB 483.0 <= threshold 680.0
Porhel Laura,483.0,Laura PORHEL,0.6499999999999999,https://utmb.world/runner/7890928.laura.porhel,,,,,,,,,483.0,ITRA skipped because UTMB 483.0 <= threshold 680.0
REDONNET Christophe,483.0,Christophe REDONNET,0.6684210526315789,https://utmb.world/runner/40502.christophe.redonnet,,,,,,,,,483.0,ITRA skipped because UTMB 483.0 <= threshold 680.0
SOURICE Thomas,483.0,Thomas SOURICE,0.6499999999999999,https://utmb.world/runner/6647190.thomas.sourice,,,,,,,,,483.0,ITRA skipped because UTMB 483.0 <= threshold 680.0
BELANGER Mathias,482.0,Mathias BELANGER,0.6499999999999999,https://utmb.world/runner/1094759.mathias.belanger,,,,,,,,,482.0,ITRA skipped because UTMB 482.0 <= threshold 680.0
Bernard Julien,482.0,Julien BERNARD HERVE,0.6705882352941176,https://utmb.world/runner/5770542.julien.bernard-herve,,,,,,,,,482.0,ITRA skipped because UTMB 482.0 <= threshold 680.0
Fillon Dimitri,482.0,Dimitri FILLON,0.6499999999999999,https://utmb.world/runner/2432121.dimitri.fillon,,,,,,,,,482.0,ITRA skipped because UTMB 482.0 <= threshold 680.0
Nouveau Mathieu,482.0,Mathieu NOUVEAU,0.6266666666666667,https://utmb.world/runner/701730.mathieu.nouveau,,,,,,,,,482.0,ITRA skipped because UTMB 482.0 <= threshold 680.0
Ory Victor,482.0,Victor ORY,0.72,https://utmb.world/runner/983929.victor.ory,,,,,,,,,482.0,ITRA skipped because UTMB 482.0 <= threshold 680.0
RECORD JÉRÔME,482.0,Jerome RECORD,0.6230769230769231,https://utmb.world/runner/1277607.jerome.record,,,,,,,,,482.0,ITRA skipped because UTMB 482.0 <= threshold 680.0
Sicard Julien,482.0,Julien SICARD,0.6230769230769231,https://utmb.world/runner/7640490.julien.sicard,,,,,,,,,482.0,ITRA skipped because UTMB 482.0 <= threshold 680.0
boussard guillaume,481.0,Guillaume BOUSSARD,0.6499999999999999,https://utmb.world/runner/3559625.guillaume.boussard,,,,,,,,,481.0,ITRA skipped because UTMB 481.0 <= threshold 680.0
Davery Dimitri,481.0,Dimitri DAVERY,0.6499999999999999,https://utmb.world/runner/5035532.dimitri.davery,,,,,,,,,481.0,ITRA skipped because UTMB 481.0 <= threshold 680.0
fabregues sylvain,481.0,Sylvain FABREGUES,0.6705882352941176,https://utmb.world/runner/4904056.sylvain.fabregues,,,,,,,,,481.0,ITRA skipped because UTMB 481.0 <= threshold 680.0
FAIVRE AURELIEN,481.0,Aurelien FAIVRE,0.6733333333333333,https://utmb.world/runner/6170740.aurelien.faivre,,,,,,,,,481.0,ITRA skipped because UTMB 481.0 <= threshold 680.0
JACON David,481.0,David JACON,0.6181818181818182,https://utmb.world/runner/4173437.david.jacon,,,,,,,,,481.0,ITRA skipped because UTMB 481.0 <= threshold 680.0
LANNES Alexandre,481.0,Alexandre LANNES,0.69375,https://utmb.world/runner/7890790.alexandre.lannes,,,,,,,,,481.0,ITRA skipped because UTMB 481.0 <= threshold 680.0
LASFARGUE Bruno,481.0,Bruno LASFARGUE,0.72,https://utmb.world/runner/1732133.bruno.lasfargue,,,,,,,,,481.0,ITRA skipped because UTMB 481.0 <= threshold 680.0
MERANCIENNE Raphael,481.0,Raphaël MERANCIENNE,0.7052631578947368,https://utmb.world/runner/6286078.raphael.merancienne,,,,,,,,,481.0,ITRA skipped because UTMB 481.0 <= threshold 680.0
Nauté Jean-Michel,481.0,Jean-Michel NAUTÉ,0.7529411764705882,https://utmb.world/runner/4257477.jeanmichel.naute,,,,,,,,,481.0,ITRA skipped because UTMB 481.0 <= threshold 680.0
nourry henri,481.0,Henri NOURRY,0.6499999999999999,https://utmb.world/runner/103774.henri.nourry,,,,,,,,,481.0,ITRA skipped because UTMB 481.0 <= threshold 680.0
poulet antoine,481.0,Antoine POULET,0.6499999999999999,https://utmb.world/runner/8015370.antoine.poulet,,,,,,,,,481.0,ITRA skipped because UTMB 481.0 <= threshold 680.0
Boyer Mickaël,480.0,Mickael BOYER,0.6769230769230768,https://utmb.world/runner/7064242.mickael.boyer,,,,,,,,,480.0,ITRA skipped because UTMB 480.0 <= threshold 680.0
CLERC NICOLAS,480.0,Nicolas CLERC,0.6769230769230768,https://utmb.world/runner/773.nicolas.clerc,,,,,,,,,480.0,ITRA skipped because UTMB 480.0 <= threshold 680.0
Donnadieu Ludovic,480.0,Ludovic DONNADIEU,0.6705882352941176,https://utmb.world/runner/365895.ludovic.donnadieu,,,,,,,,,480.0,ITRA skipped because UTMB 480.0 <= threshold 680.0
Masset Pierre,480.0,Pierre MASSET,0.6230769230769231,https://utmb.world/runner/4517382.pierre.masset,,,,,,,,,480.0,ITRA skipped because UTMB 480.0 <= threshold 680.0
mathieu eric,480.0,Eric MATHIEU,0.7083333333333333,https://utmb.world/runner/858609.eric.mathieu,,,,,,,,,480.0,ITRA skipped because UTMB 480.0 <= threshold 680.0
ousty pierre,480.0,Pierre OUSTY,0.6499999999999999,https://utmb.world/runner/3977404.pierre.ousty,,,,,,,,,480.0,ITRA skipped because UTMB 480.0 <= threshold 680.0
Quéro Sébastien,480.0,Sebastien QUERO,0.72,https://utmb.world/runner/3154297.sebastien.quero,,,,,,,,,480.0,ITRA skipped because UTMB 480.0 <= threshold 680.0
Thiong-kay Adrien,480.0,Adrien THIONG KAY,0.7117647058823529,https://utmb.world/runner/5703732.adrien.thiongkay,,,,,,,,,480.0,ITRA skipped because UTMB 480.0 <= threshold 680.0
BAZIN Aubin,479.0,Aubin BAZIN,0.6181818181818182,https://utmb.world/runner/7889186.aubin.bazin,,,,,,,,,479.0,ITRA skipped because UTMB 479.0 <= threshold 680.0
Bertiau Richard,479.0,Richard BERTIAU,0.6266666666666667,https://utmb.world/runner/104488.richard.bertiau,,,,,,,,,479.0,ITRA skipped because UTMB 479.0 <= threshold 680.0
DE BOLLIVIER Claude,479.0,Claude DE BOLLIVIER,0.7421052631578946,https://utmb.world/runner/6647260.claude.debollivier,,,,,,,,,479.0,ITRA skipped because UTMB 479.0 <= threshold 680.0
Ducaruge Pierre,479.0,Pierre DUCARUGE,0.6733333333333333,https://utmb.world/runner/5491807.pierre.ducaruge,,,,,,,,,479.0,ITRA skipped because UTMB 479.0 <= threshold 680.0
Faure Lionel,479.0,Lionel FAURE,0.6499999999999999,https://utmb.world/runner/44642.lionel.faure,,,,,,,,,479.0,ITRA skipped because UTMB 479.0 <= threshold 680.0
HAFDI LILIA,479.0,Lilia HAFDI,0.6181818181818182,https://utmb.world/runner/3143647.lilia.hafdi,,,,,,,,,479.0,ITRA skipped because UTMB 479.0 <= threshold 680.0
Hervio Julien,479.0,Julien HERVIO,0.6230769230769231,https://utmb.world/runner/3560031.julien.hervio,,,,,,,,,479.0,ITRA skipped because UTMB 479.0 <= threshold 680.0
Le Joly Dominique,479.0,Dominique LE JOLY,0.6705882352941176,https://utmb.world/runner/578446.dominique.lejoly,,,,,,,,,479.0,ITRA skipped because UTMB 479.0 <= threshold 680.0
Marc Clément,479.0,Marc CLEMENT,1.0,https://utmb.world/runner/324352.marc.clement,,,,,,,,,479.0,ITRA skipped because UTMB 479.0 <= threshold 680.0
PERSEHAIE Laurent,479.0,Laurent PERSEHAIE,0.6705882352941176,https://utmb.world/runner/7063054.laurent.persehaie,,,,,,,,,479.0,ITRA skipped because UTMB 479.0 <= threshold 680.0
PICARD Jean-François,479.0,Jean-François PICARD,0.7549999999999999,https://utmb.world/runner/6558864.jeanfrancois.picard,,,,,,,,,479.0,ITRA skipped because UTMB 479.0 <= threshold 680.0
WYZEN Thierry,479.0,Thierry WYZEN,0.6769230769230768,https://utmb.world/runner/1388575.thierry.wyzen,,,,,,,,,479.0,ITRA skipped because UTMB 479.0 <= threshold 680.0
ABITBOL BAPTISTE,478.0,Baptiste ABITBOL,0.6499999999999999,https://utmb.world/runner/1357853.baptiste.abitbol,,,,,,,,,478.0,ITRA skipped because UTMB 478.0 <= threshold 680.0
BERTIN LUDOVIC,478.0,Ludovic BERTIN GUYON,0.6705882352941176,https://utmb.world/runner/4787044.ludovic.bertinguyon,,,,,,,,,478.0,ITRA skipped because UTMB 478.0 <= threshold 680.0
Beatrix Dominique,478.0,Dominique BEATRIX,0.6705882352941176,https://utmb.world/runner/5644844.dominique.beatrix,,,,,,,,,478.0,ITRA skipped because UTMB 478.0 <= threshold 680.0
cochard Fabiola Emmanuelle,478.0,Fabiola Emmanuelle COCHARD,0.7846153846153845,https://utmb.world/runner/4268662.fabiolaemmanuelle.cochard,,,,,,,,,478.0,ITRA skipped because UTMB 478.0 <= threshold 680.0
FONTAINE Sebastien,478.0,Sebastien FONTAINE,0.6499999999999999,https://utmb.world/runner/4858654.sebastien.fontaine,,,,,,,,,478.0,ITRA skipped because UTMB 478.0 <= threshold 680.0
Laynet anthony,478.0,Anthony LAYNET,0.6499999999999999,https://utmb.world/runner/132690.anthony.laynet,,,,,,,,,478.0,ITRA skipped because UTMB 478.0 <= threshold 680.0
LEROUX David,478.0,David LEROUX,0.6499999999999999,https://utmb.world/runner/3925715.david.leroux,,,,,,,,,478.0,ITRA skipped because UTMB 478.0 <= threshold 680.0
Maillot Guillaume,478.0,Guillaume MAILLOT,0.6705882352941176,https://utmb.world/runner/7793482.guillaume.maillot,,,,,,,,,478.0,ITRA skipped because UTMB 478.0 <= threshold 680.0
Payet Janick,478.0,Janick PAYET,0.6499999999999999,https://utmb.world/runner/1542353.janick.payet,,,,,,,,,478.0,ITRA skipped because UTMB 478.0 <= threshold 680.0
rausin Brice,478.0,Brice RAUSIN,0.6499999999999999,https://utmb.world/runner/1812741.brice.rausin,,,,,,,,,478.0,ITRA skipped because UTMB 478.0 <= threshold 680.0
Auziech Jerome,477.0,Jerome AUZIECH,0.6499999999999999,https://utmb.world/runner/1876035.jerome.auziech,,,,,,,,,477.0,ITRA skipped because UTMB 477.0 <= threshold 680.0
Camille Samuel Jean Richard,477.0,Samuel Jean Richard CAMILLE,0.7925925925925925,https://utmb.world/runner/7889188.samueljeanrichard.camille,,,,,,,,,477.0,ITRA skipped because UTMB 477.0 <= threshold 680.0
De Faria Philippe,477.0,Philippe DE FARIA,0.6294117647058823,https://utmb.world/runner/1610031.philippe.defaria,,,,,,,,,477.0,ITRA skipped because UTMB 477.0 <= threshold 680.0
DETRY Maxime,477.0,Maxime DETRY,0.6499999999999999,https://utmb.world/runner/7889190.maxime.detry,,,,,,,,,477.0,ITRA skipped because UTMB 477.0 <= threshold 680.0
ELOY Mathieu,477.0,Mathieu ELOY,0.7083333333333333,https://utmb.world/runner/596350.mathieu.eloy,,,,,,,,,477.0,ITRA skipped because UTMB 477.0 <= threshold 680.0
Gonneau Geoffrey,477.0,Geoffrey GONNEAU,0.6499999999999999,https://utmb.world/runner/1940495.geoffrey.gonneau,,,,,,,,,477.0,ITRA skipped because UTMB 477.0 <= threshold 680.0
gouilloux julien,477.0,Julien GOUILLOUX,0.69375,https://utmb.world/runner/7889192.julien.gouilloux,,,,,,,,,477.0,ITRA skipped because UTMB 477.0 <= threshold 680.0
Hugonot Yann,477.0,Yann HUGONOT,0.7083333333333333,https://utmb.world/runner/640028.yann.hugonot,,,,,,,,,477.0,ITRA skipped because UTMB 477.0 <= threshold 680.0
Masurel Margaux,477.0,Margaux MASUREL,0.6266666666666667,https://utmb.world/runner/6478970.margaux.masurel,,,,,,,,,477.0,ITRA skipped because UTMB 477.0 <= threshold 680.0
POITEVINEAU KEVIN,477.0,Kevin POITEVINEAU,0.7529411764705882,https://utmb.world/runner/6583164.kevin.poitevineau,,,,,,,,,477.0,ITRA skipped because UTMB 477.0 <= threshold 680.0
Roux Alexandre,477.0,Alexandre ROUX,0.75,https://utmb.world/runner/841824.alexandre.roux,,,,,,,,,477.0,ITRA skipped because UTMB 477.0 <= threshold 680.0
THIBAUT Jean-Charles,477.0,Thibaut JEAN,0.7249999999999999,https://utmb.world/runner/7084892.thibaut.jean,,,,,,,,,477.0,ITRA skipped because UTMB 477.0 <= threshold 680.0
Turban Johan,477.0,Johan TURBAN,0.6499999999999999,https://utmb.world/runner/23562.johan.turban,,,,,,,,,477.0,ITRA skipped because UTMB 477.0 <= threshold 680.0
WISSLER Patrice,477.0,Patrice WISSLER,0.6266666666666667,https://utmb.world/runner/2108171.patrice.wissler,,,,,,,,,477.0,ITRA skipped because UTMB 477.0 <= threshold 680.0
Barbaray François,476.0,François BARBARAY,0.6294117647058823,https://utmb.world/runner/6179614.francois.barbaray,,,,,,,,,476.0,ITRA skipped because UTMB 476.0 <= threshold 680.0
BEAUD Philippe,476.0,Philippe BEAUD,0.7,https://utmb.world/runner/1894073.philippe.beaud,,,,,,,,,476.0,ITRA skipped because UTMB 476.0 <= threshold 680.0
BEAUMONT Maxime,476.0,Maxime BEAUMONT,0.6733333333333333,https://utmb.world/runner/5957964.maxime.beaumont,,,,,,,,,476.0,ITRA skipped because UTMB 476.0 <= threshold 680.0
Beaux Emilie,476.0,Emilie BEAUX,0.6499999999999999,https://utmb.world/runner/3472769.emilie.beaux,,,,,,,,,476.0,ITRA skipped because UTMB 476.0 <= threshold 680.0
berdou romain,476.0,Romain BERDOU,0.6230769230769231,https://utmb.world/runner/7284792.romain.berdou,,,,,,,,,476.0,ITRA skipped because UTMB 476.0 <= threshold 680.0
FREDEFON Séverine,476.0,Severine FREDEFON,0.6294117647058823,https://utmb.world/runner/1928903.severine.fredefon,,,,,,,,,476.0,ITRA skipped because UTMB 476.0 <= threshold 680.0
GALLO Stéphane,476.0,Stephane GALLO,0.7,https://utmb.world/runner/140186.stephane.gallo,,,,,,,,,476.0,ITRA skipped because UTMB 476.0 <= threshold 680.0
GARCIA nicolas,476.0,Nicolás GARCÍA BUENO,0.6705882352941176,https://utmb.world/runner/6152054.nicolas.garciabueno,,,,,,,,,476.0,ITRA skipped because UTMB 476.0 <= threshold 680.0
Jérôme BERODE,476.0,Jerome BERODE,1.0,https://utmb.world/runner/150383.jerome.berode,,,,,,,,,476.0,ITRA skipped because UTMB 476.0 <= threshold 680.0
Reydel Thomas,476.0,Thomas REYDEL,0.6230769230769231,https://utmb.world/runner/3793543.thomas.reydel,,,,,,,,,476.0,ITRA skipped because UTMB 476.0 <= threshold 680.0
ZAMOURI Abderrazak,476.0,Abderrazak ZAMOURI,0.6888888888888889,https://utmb.world/runner/544995.abderrazak.zamouri,,,,,,,,,476.0,ITRA skipped because UTMB 476.0 <= threshold 680.0
Bertrand Faustin,475.0,Faustin BERTRAND,0.6499999999999999,https://utmb.world/runner/4252578.faustin.bertrand,,,,,,,,,475.0,ITRA skipped because UTMB 475.0 <= threshold 680.0
Brygo Adrien,475.0,Adrien BRYGO,0.6499999999999999,https://utmb.world/runner/5627910.adrien.brygo,,,,,,,,,475.0,ITRA skipped because UTMB 475.0 <= threshold 680.0
Deby Stanislas,475.0,Stanislas DEBY,0.75,https://utmb.world/runner/4731796.stanislas.deby,,,,,,,,,475.0,ITRA skipped because UTMB 475.0 <= threshold 680.0
Dourdaine Mickaël,475.0,Mickaël DOURDAINE,0.6705882352941176,https://utmb.world/runner/6647198.mickael.dourdaine,,,,,,,,,475.0,ITRA skipped because UTMB 475.0 <= threshold 680.0
Lamaud Christophe,475.0,Christophe LAMAUD,0.7117647058823529,https://utmb.world/runner/2351505.christophe.lamaud,,,,,,,,,475.0,ITRA skipped because UTMB 475.0 <= threshold 680.0
Mathias Vincent,475.0,Mathias VINCENT SABY,0.8999999999999999,https://utmb.world/runner/8200243.mathias.vincent--saby,,,,,,,,,475.0,ITRA skipped because UTMB 475.0 <= threshold 680.0
parrinello Gérard,475.0,Gerard PARRINELLO,0.7117647058823529,https://utmb.world/runner/151066.gerard.parrinello,,,,,,,,,475.0,ITRA skipped because UTMB 475.0 <= threshold 680.0
RACINE THIERRY,475.0,Thierry RACINE,0.6499999999999999,https://utmb.world/runner/4203446.thierry.racine,,,,,,,,,475.0,ITRA skipped because UTMB 475.0 <= threshold 680.0
Stoffel Arnaud,475.0,Arnaud STOFFEL,0.6499999999999999,https://utmb.world/runner/5570318.arnaud.stoffel,,,,,,,,,475.0,ITRA skipped because UTMB 475.0 <= threshold 680.0
Tornay Bertrand,475.0,Bertrand TORNAY,0.6733333333333333,https://utmb.world/runner/3537975.bertrand.tornay,,,,,,,,,475.0,ITRA skipped because UTMB 475.0 <= threshold 680.0
Bou Julien,474.0,Julien BOU,0.72,https://utmb.world/runner/4490514.julien.bou,,,,,,,,,474.0,ITRA skipped because UTMB 474.0 <= threshold 680.0
Faverjon Marc,474.0,Marc FAVERJON,0.7307692307692308,https://utmb.world/runner/177808.marc.faverjon,,,,,,,,,474.0,ITRA skipped because UTMB 474.0 <= threshold 680.0
Jandon Sylvain,474.0,Sylvain JANDON,0.6499999999999999,https://utmb.world/runner/4508310.sylvain.jandon,,,,,,,,,474.0,ITRA skipped because UTMB 474.0 <= threshold 680.0
Morada Carolyn,474.0,Carolyn MORADA,0.6499999999999999,https://utmb.world/runner/1323825.carolyn.morada,,,,,,,,,474.0,ITRA skipped because UTMB 474.0 <= threshold 680.0
PIOTROWSKI SANDY,474.0,Sandy PIOTROWSKI,0.7375,https://utmb.world/runner/4292860.sandy.piotrowski,,,,,,,,,474.0,ITRA skipped because UTMB 474.0 <= threshold 680.0
Sempé Romain,474.0,Romain SEMPE,0.6499999999999999,https://utmb.world/runner/2650655.romain.sempe,,,,,,,,,474.0,ITRA skipped because UTMB 474.0 <= threshold 680.0
Vyplasil Nicolas,474.0,Nicolas VYPLASIL,0.6499999999999999,https://utmb.world/runner/103310.nicolas.vyplasil,,,,,,,,,474.0,ITRA skipped because UTMB 474.0 <= threshold 680.0
BAUMANN MATTHIEU,473.0,Matthieu BAUMANN,0.6499999999999999,https://utmb.world/runner/2267917.matthieu.baumann,,,,,,,,,473.0,ITRA skipped because UTMB 473.0 <= threshold 680.0
CHAUVAT Bertrand,473.0,Bertrand CHAUVAT,0.6499999999999999,https://utmb.world/runner/561122.bertrand.chauvat,,,,,,,,,473.0,ITRA skipped because UTMB 473.0 <= threshold 680.0
Dusseau Laurent,473.0,Laurent DUSSEAU,0.6266666666666667,https://utmb.world/runner/2399383.laurent.dusseau,,,,,,,,,473.0,ITRA skipped because UTMB 473.0 <= threshold 680.0
GODEFROY Anne,473.0,Anne GODEFROY,0.7307692307692308,https://utmb.world/runner/4210124.anne.godefroy,,,,,,,,,473.0,ITRA skipped because UTMB 473.0 <= threshold 680.0
Lefebvre Mathieu,473.0,Mathieu LEFEBVRE,0.6499999999999999,https://utmb.world/runner/3437969.mathieu.lefebvre,,,,,,,,,473.0,ITRA skipped because UTMB 473.0 <= threshold 680.0
magnant thibaud,473.0,Thibaud MAGNANT,0.6266666666666667,https://utmb.world/runner/725301.thibaud.magnant,,,,,,,,,473.0,ITRA skipped because UTMB 473.0 <= threshold 680.0
PATTYN Antoine,473.0,Antoine PATTYN,0.6499999999999999,https://utmb.world/runner/4170811.antoine.pattyn,,,,,,,,,473.0,ITRA skipped because UTMB 473.0 <= threshold 680.0
RACINNE Gérard,473.0,Gerard RACINNE,0.6499999999999999,https://utmb.world/runner/95.gerard.racinne,,,,,,,,,473.0,ITRA skipped because UTMB 473.0 <= threshold 680.0
SOLER Jean Sébastien,473.0,Jean Sebastien SOLER,0.7899999999999999,https://utmb.world/runner/4071575.jeansebastien.soler,,,,,,,,,473.0,ITRA skipped because UTMB 473.0 <= threshold 680.0
ASSASSA YANN JOEL,472.0,Yann Joel ASSASSA,0.6705882352941176,https://utmb.world/runner/1522581.yannjoel.assassa,,,,,,,,,472.0,ITRA skipped because UTMB 472.0 <= threshold 680.0
Andrieux Philippe,472.0,Philippe ANDRIEUX,0.6294117647058823,https://utmb.world/runner/3812511.philippe.andrieux,,,,,,,,,472.0,ITRA skipped because UTMB 472.0 <= threshold 680.0
BROTHIER Emmanuelle,472.0,Emmanuelle BROTHIER,0.6684210526315789,https://utmb.world/runner/6685966.emmanuelle.brothier,,,,,,,,,472.0,ITRA skipped because UTMB 472.0 <= threshold 680.0
croquelois nicolas,472.0,Nicolas CROQUELOIS,0.6888888888888889,https://utmb.world/runner/1201397.nicolas.croquelois,,,,,,,,,472.0,ITRA skipped because UTMB 472.0 <= threshold 680.0
CUVELIER Philippe,472.0,Philippe CUVELIER,0.6294117647058823,https://utmb.world/runner/4509890.philippe.cuvelier,,,,,,,,,472.0,ITRA skipped because UTMB 472.0 <= threshold 680.0
Fontaine Jean,472.0,Jean Max FONTAINE,0.6733333333333333,https://utmb.world/runner/4509718.jeanmax.fontaine,,,,,,,,,472.0,ITRA skipped because UTMB 472.0 <= threshold 680.0
HERNANDEZ Patrick,472.0,Patrick HERNANDEZ,0.6705882352941176,https://utmb.world/runner/1610195.patrick.hernandez,,,,,,,,,472.0,ITRA skipped because UTMB 472.0 <= threshold 680.0
Lebreton Jerôme,472.0,Jerome LEBRETON,0.6733333333333333,https://utmb.world/runner/4534298.jerome.lebreton,,,,,,,,,472.0,ITRA skipped because UTMB 472.0 <= threshold 680.0
Lemaire cedric,472.0,Cédric LEMAIRE,0.6499999999999999,https://utmb.world/runner/4815822.cedric.lemaire,,,,,,,,,472.0,ITRA skipped because UTMB 472.0 <= threshold 680.0
Massari Cyril,472.0,Cyril MASSARI,0.6769230769230768,https://utmb.world/runner/2528459.cyril.massari,,,,,,,,,472.0,ITRA skipped because UTMB 472.0 <= threshold 680.0
PERIE Francois,472.0,Francois PERIE,0.7,https://utmb.world/runner/1651179.francois.perie,,,,,,,,,472.0,ITRA skipped because UTMB 472.0 <= threshold 680.0
Razier Thierry,472.0,Thierry RAZIER,0.6499999999999999,https://utmb.world/runner/2252945.thierry.razier,,,,,,,,,472.0,ITRA skipped because UTMB 472.0 <= threshold 680.0
Salvatge Laurent,472.0,Laurent SALVATGE,0.6499999999999999,https://utmb.world/runner/4752858.laurent.salvatge,,,,,,,,,472.0,ITRA skipped because UTMB 472.0 <= threshold 680.0
BILLY Elodie,471.0,Elodie BILLY,0.6499999999999999,https://utmb.world/runner/6668762.elodie.billy,,,,,,,,,471.0,ITRA skipped because UTMB 471.0 <= threshold 680.0
Bloc Céline,471.0,Celine BLOC,0.6818181818181818,https://utmb.world/runner/5035318.celine.bloc,,,,,,,,,471.0,ITRA skipped because UTMB 471.0 <= threshold 680.0
BOURRIE FRANÇOIS,471.0,François BOURRIE,0.6499999999999999,https://utmb.world/runner/4253894.francois.bourrie,,,,,,,,,471.0,ITRA skipped because UTMB 471.0 <= threshold 680.0
Dastrevigne Florian,471.0,Florian DASTREVIGNE,0.7052631578947368,https://utmb.world/runner/4163322.florian.dastrevigne,,,,,,,,,471.0,ITRA skipped because UTMB 471.0 <= threshold 680.0
Foulou David,471.0,David FOULOU,0.6499999999999999,https://utmb.world/runner/6057388.david.foulou,,,,,,,,,471.0,ITRA skipped because UTMB 471.0 <= threshold 680.0
GOURVILLE Jean Luc,471.0,Jean-Luc GOURVILLE,0.6499999999999999,https://utmb.world/runner/102914.jeanluc.gourville,,,,,,,,,471.0,ITRA skipped because UTMB 471.0 <= threshold 680.0
Guyot Emmanuel,471.0,Emmanuel GUYOT,0.7,https://utmb.world/runner/4255286.emmanuel.guyot,,,,,,,,,471.0,ITRA skipped because UTMB 471.0 <= threshold 680.0
Lange Viard Céline,471.0,Celine LANGE VIARD,0.7277777777777779,https://utmb.world/runner/6993352.celine.langeviard,,,,,,,,,471.0,ITRA skipped because UTMB 471.0 <= threshold 680.0
Laubé Léo,471.0,Léo LAUBÉ,0.6888888888888889,https://utmb.world/runner/6413950.leo.laube,,,,,,,,,471.0,ITRA skipped because UTMB 471.0 <= threshold 680.0
Lebreton Loïc,471.0,Loïc LEBRETON,0.7307692307692308,https://utmb.world/runner/5035526.loic.lebreton,,,,,,,,,471.0,ITRA skipped because UTMB 471.0 <= threshold 680.0
Liégeois Arnaud,471.0,Arnaud LIEGEOIS,0.6733333333333333,https://utmb.world/runner/7652132.arnaud.liegeois,,,,,,,,,471.0,ITRA skipped because UTMB 471.0 <= threshold 680.0
Lombardo Bastien,471.0,Bastien LOMBARDO,0.6499999999999999,https://utmb.world/runner/8029839.bastien.lombardo,,,,,,,,,471.0,ITRA skipped because UTMB 471.0 <= threshold 680.0
montgaillard gilles,471.0,Gilles MONTGAILLARD,0.7421052631578946,https://utmb.world/runner/79061.gilles.montgaillard,,,,,,,,,471.0,ITRA skipped because UTMB 471.0 <= threshold 680.0
SORNAY Xavier,471.0,Xavier SORNAY,0.6230769230769231,https://utmb.world/runner/1431731.xavier.sornay,,,,,,,,,471.0,ITRA skipped because UTMB 471.0 <= threshold 680.0
VIEIRA Pascal,471.0,Pascal VIEIRA,0.6230769230769231,https://utmb.world/runner/7318.pascal.vieira,,,,,,,,,471.0,ITRA skipped because UTMB 471.0 <= threshold 680.0
Bardot Jean-Baptiste,470.0,Jean-Baptiste BARDOT,0.7549999999999999,https://utmb.world/runner/1248235.jeanbaptiste.bardot,,,,,,,,,470.0,ITRA skipped because UTMB 470.0 <= threshold 680.0
BEGUE RIEUL,470.0,Rieul BEGUE,0.6181818181818182,https://utmb.world/runner/3646685.rieul.begue,,,,,,,,,470.0,ITRA skipped because UTMB 470.0 <= threshold 680.0
Blondin Vincent,470.0,Vincent BLONDIN,0.6266666666666667,https://utmb.world/runner/4932230.vincent.blondin,,,,,,,,,470.0,ITRA skipped because UTMB 470.0 <= threshold 680.0
EVENAS Cédric,470.0,Cédric EVENAS,0.6230769230769231,https://utmb.world/runner/7288522.cedric.evenas,,,,,,,,,470.0,ITRA skipped because UTMB 470.0 <= threshold 680.0
Gysen MAXIM,470.0,Maxim GYSEN,0.6181818181818182,https://utmb.world/runner/2239681.maxim.gysen,,,,,,,,,470.0,ITRA skipped because UTMB 470.0 <= threshold 680.0
Jugan David,470.0,David JUGAN,0.6181818181818182,https://utmb.world/runner/146500.david.jugan,,,,,,,,,470.0,ITRA skipped because UTMB 470.0 <= threshold 680.0
LEVEQUE Clément,470.0,Clément LEVEQUE,0.6266666666666667,https://utmb.world/runner/6591042.clement.leveque,,,,,,,,,470.0,ITRA skipped because UTMB 470.0 <= threshold 680.0
OUDIN Jean Louis,470.0,Jean-Louis OUDIN,0.7375,https://utmb.world/runner/538161.jeanlouis.oudin,,,,,,,,,470.0,ITRA skipped because UTMB 470.0 <= threshold 680.0
Schori Sébastien,470.0,Sébastien SCHORI,0.69375,https://utmb.world/runner/926651.sebastien.schori,,,,,,,,,470.0,ITRA skipped because UTMB 470.0 <= threshold 680.0
TELLIER Richard,470.0,Richard TELLIER,0.6266666666666667,https://utmb.world/runner/4355704.richard.tellier,,,,,,,,,470.0,ITRA skipped because UTMB 470.0 <= threshold 680.0
BARON Fabrice,469.0,Fabrice BARON,0.6769230769230768,https://utmb.world/runner/595479.fabrice.baron,,,,,,,,,469.0,ITRA skipped because UTMB 469.0 <= threshold 680.0
BONALD Ghislain,469.0,Ghislain BONALD,0.6733333333333333,https://utmb.world/runner/5231498.ghislain.bonald,,,,,,,,,469.0,ITRA skipped because UTMB 469.0 <= threshold 680.0
Brosse Benoit,469.0,Benoit BROSSE,0.6230769230769231,https://utmb.world/runner/6489227.benoit.brosse,,,,,,,,,469.0,ITRA skipped because UTMB 469.0 <= threshold 680.0
Doclot Alexis,469.0,Alexis DOCLOT,0.6230769230769231,https://utmb.world/runner/2040911.alexis.doclot,,,,,,,,,469.0,ITRA skipped because UTMB 469.0 <= threshold 680.0
Faustin Stephane,469.0,Stephane FAUSTIN,0.6499999999999999,https://utmb.world/runner/1179873.stephane.faustin,,,,,,,,,469.0,ITRA skipped because UTMB 469.0 <= threshold 680.0
Fremaux Matthieu,469.0,Matthieu FREMAUX,0.6499999999999999,https://utmb.world/runner/4531612.matthieu.fremaux,,,,,,,,,469.0,ITRA skipped because UTMB 469.0 <= threshold 680.0
Haenni Yann,469.0,Yann HAENNI,0.6818181818181818,https://utmb.world/runner/971013.yann.haenni,,,,,,,,,469.0,ITRA skipped because UTMB 469.0 <= threshold 680.0
Lourtie Thibaut,469.0,Thibaut LOURTIE,0.6266666666666667,https://utmb.world/runner/480378.thibaut.lourtie,,,,,,,,,469.0,ITRA skipped because UTMB 469.0 <= threshold 680.0
Niravong Adrien,469.0,Adrien NIRAVONG,0.6733333333333333,https://utmb.world/runner/4772988.adrien.niravong,,,,,,,,,469.0,ITRA skipped because UTMB 469.0 <= threshold 680.0
osiecki kevin,469.0,Kevin OSIECKI,0.6769230769230768,https://utmb.world/runner/6079326.kevin.osiecki,,,,,,,,,469.0,ITRA skipped because UTMB 469.0 <= threshold 680.0
Rondel Romain,469.0,Romain RONDEL,0.6230769230769231,https://utmb.world/runner/5648082.romain.rondel,,,,,,,,,469.0,ITRA skipped because UTMB 469.0 <= threshold 680.0
Berweiller Damien,468.0,Damien BERWEILLER,0.7117647058823529,https://utmb.world/runner/166741.damien.berweiller,,,,,,,,,468.0,ITRA skipped because UTMB 468.0 <= threshold 680.0
Bosredon Anthony,468.0,Anthony BOSREDON,0.6499999999999999,https://utmb.world/runner/4207234.anthony.bosredon,,,,,,,,,468.0,ITRA skipped because UTMB 468.0 <= threshold 680.0
FERNANDES FABRICE,468.0,Fabrice FERNANDES,0.6705882352941176,https://utmb.world/runner/3560361.fabrice.fernandes,,,,,,,,,468.0,ITRA skipped because UTMB 468.0 <= threshold 680.0
Lanardonne Damien,468.0,Damien LANARDONNE,0.7117647058823529,https://utmb.world/runner/1522263.damien.lanardonne,,,,,,,,,468.0,ITRA skipped because UTMB 468.0 <= threshold 680.0
LinE Guillaume,468.0,Guillaume LINE,0.75,https://utmb.world/runner/30789.guillaume.line,,,,,,,,,468.0,ITRA skipped because UTMB 468.0 <= threshold 680.0
RIGARDIE MARTIN,468.0,Martin RIGARDIE,0.6733333333333333,https://utmb.world/runner/470664.martin.rigardie,,,,,,,,,468.0,ITRA skipped because UTMB 468.0 <= threshold 680.0
Szustak Steve,468.0,Steve SZUSTAK,0.6769230769230768,https://utmb.world/runner/1458321.steve.szustak,,,,,,,,,468.0,ITRA skipped because UTMB 468.0 <= threshold 680.0
ASSOUMANI Alexandra,467.0,Alexandra ASSOUMANI,0.631578947368421,https://utmb.world/runner/7749984.alexandra.assoumani,,,,,,,,,467.0,ITRA skipped because UTMB 467.0 <= threshold 680.0
brasseur marie,467.0,Marie BRASSEUR,0.7,https://utmb.world/runner/4293310.marie.brasseur,,,,,,,,,467.0,ITRA skipped because UTMB 467.0 <= threshold 680.0
Cassan Sébastien,467.0,Sebastien CASSAN,0.69375,https://utmb.world/runner/6042864.sebastien.cassan,,,,,,,,,467.0,ITRA skipped because UTMB 467.0 <= threshold 680.0
DELSERIES Christian,467.0,Christian DELSERIES,0.631578947368421,https://utmb.world/runner/1020043.christian.delseries,,,,,,,,,467.0,ITRA skipped because UTMB 467.0 <= threshold 680.0
Le Bihan Loïc,467.0,Loic LE BIHAN,0.7307692307692308,https://utmb.world/runner/8031656.loic.lebihan,,,,,,,,,467.0,ITRA skipped because UTMB 467.0 <= threshold 680.0
MAHE HELENE,467.0,Hélène MAHÉ,0.6818181818181818,https://utmb.world/runner/5030876.helene.mahe,,,,,,,,,467.0,ITRA skipped because UTMB 467.0 <= threshold 680.0
Marguerite Lylian,467.0,Lylian MARGUERITE,0.7117647058823529,https://utmb.world/runner/152525.lylian.marguerite,,,,,,,,,467.0,ITRA skipped because UTMB 467.0 <= threshold 680.0
Podgoursky Wladimir,467.0,Wladimir PODGOURSKY,0.6684210526315789,https://utmb.world/runner/8028386.wladimir.podgoursky,,,,,,,,,467.0,ITRA skipped because UTMB 467.0 <= threshold 680.0
Steinbrenner Marko,467.0,Marko STEINBRENNER,0.7666666666666666,https://utmb.world/runner/1719857.marko.steinbrenner,,,,,,,,,467.0,ITRA skipped because UTMB 467.0 <= threshold 680.0
LENOT Dominique,466.0,Dominique LENOT,0.72,https://utmb.world/runner/3487229.dominique.lenot,,,,,,,,,466.0,ITRA skipped because UTMB 466.0 <= threshold 680.0
BAUDOUIN Dimitri,466.0,Dimitri BAUDOUIN,0.6499999999999999,https://utmb.world/runner/4561134.dimitri.baudouin,,,,,,,,,466.0,ITRA skipped because UTMB 466.0 <= threshold 680.0
COULOMB Sebastien,466.0,Sebastien COULOMB,0.6705882352941176,https://utmb.world/runner/9132.sebastien.coulomb,,,,,,,,,466.0,ITRA skipped because UTMB 466.0 <= threshold 680.0
DEGRYSE ERIC,466.0,Eric DEGRYSE,0.7083333333333333,https://utmb.world/runner/3227181.eric.degryse,,,,,,,,,466.0,ITRA skipped because UTMB 466.0 <= threshold 680.0
MABILLE Thomas,466.0,Thomas MABILLE,0.6499999999999999,https://utmb.world/runner/6584800.thomas.mabille,,,,,,,,,466.0,ITRA skipped because UTMB 466.0 <= threshold 680.0
Michaud-Monvoisin Sylvain,466.0,Sylvain MICHAUD-MONVOISIN,0.776,https://utmb.world/runner/8030690.sylvain.michaudmonvoisin,,,,,,,,,466.0,ITRA skipped because UTMB 466.0 <= threshold 680.0
Pazos Maya,466.0,Maya PAZOS,0.6499999999999999,https://utmb.world/runner/809820.maya.pazos,,,,,,,,,466.0,ITRA skipped because UTMB 466.0 <= threshold 680.0
Pesenti Lucas,466.0,Lucas PESENTI,0.6769230769230768,https://utmb.world/runner/7341026.lucas.pesenti,,,,,,,,,466.0,ITRA skipped because UTMB 466.0 <= threshold 680.0
SUILS PORTE SYLVAIN,466.0,Sylvain SUILS PORTE,0.7052631578947368,https://utmb.world/runner/4267754.sylvain.suilsporte,,,,,,,,,466.0,ITRA skipped because UTMB 466.0 <= threshold 680.0
AMIN Alexandre,465.0,Alexandre AMIN,0.75,https://utmb.world/runner/4099452.alexandre.amin,,,,,,,,,465.0,ITRA skipped because UTMB 465.0 <= threshold 680.0
Cutté Mickaël,465.0,Mickael CUTTE,0.6769230769230768,https://utmb.world/runner/419826.mickael.cutte,,,,,,,,,465.0,ITRA skipped because UTMB 465.0 <= threshold 680.0
Berthier François,465.0,Jean-François BERTHIER,0.6589743589743589,https://utmb.world/runner/3436999.jeanfrancois.berthier,,,,,,,,,465.0,ITRA skipped because UTMB 465.0 <= threshold 680.0
CANDON Timothy,465.0,Timothy CANDON,0.6499999999999999,https://utmb.world/runner/6049214.timothy.candon,,,,,,,,,465.0,ITRA skipped because UTMB 465.0 <= threshold 680.0
Cher Antoine,465.0,Antoine CHER,0.7083333333333333,https://utmb.world/runner/3428699.antoine.cher,,,,,,,,,465.0,ITRA skipped because UTMB 465.0 <= threshold 680.0
Durr Jessica,465.0,Jessica DURR,0.7083333333333333,https://utmb.world/runner/4851319.jessica.durr,,,,,,,,,465.0,ITRA skipped because UTMB 465.0 <= threshold 680.0
FARZA Skander,465.0,Skander FARZA,0.6769230769230768,https://utmb.world/runner/6584590.skander.farza,,,,,,,,,465.0,ITRA skipped because UTMB 465.0 <= threshold 680.0
Lebon Jérôme,465.0,Jérôme LEBON,0.6499999999999999,https://utmb.world/runner/5889666.jerome.lebon,,,,,,,,,465.0,ITRA skipped because UTMB 465.0 <= threshold 680.0
Montarnal Yohan,465.0,Yohan MONTARNAL,0.72,https://utmb.world/runner/1963293.yohan.montarnal,,,,,,,,,465.0,ITRA skipped because UTMB 465.0 <= threshold 680.0
Sénat Marc,465.0,Marc SENAT,0.6499999999999999,https://utmb.world/runner/4328374.marc.senat,,,,,,,,,465.0,ITRA skipped because UTMB 465.0 <= threshold 680.0
VERCKENS JEAN-CHRISTOPHE,465.0,Jean-Christophe VERCKENS,0.7375,https://utmb.world/runner/1321255.jeanchristophe.verckens,,,,,,,,,465.0,ITRA skipped because UTMB 465.0 <= threshold 680.0
WINKLER Marc,465.0,Marc WINKLER,0.7083333333333333,https://utmb.world/runner/4019192.marc.winkler,,,,,,,,,465.0,ITRA skipped because UTMB 465.0 <= threshold 680.0
Bui Chi-Minh,464.0,Chi Minh BUI,0.7666666666666666,https://utmb.world/runner/5519669.chiminh.bui,,,,,,,,,464.0,ITRA skipped because UTMB 464.0 <= threshold 680.0
CANALE Maxime,464.0,Maxime CANALE,0.6230769230769231,https://utmb.world/runner/725286.maxime.canale,,,,,,,,,464.0,ITRA skipped because UTMB 464.0 <= threshold 680.0
DUBOC Tony,464.0,Tony DUBOC,0.6499999999999999,https://utmb.world/runner/431205.tony.duboc,,,,,,,,,464.0,ITRA skipped because UTMB 464.0 <= threshold 680.0
Feutry Tommy,464.0,Tommy FEUTRY,0.6499999999999999,https://utmb.world/runner/8436762.tommy.feutry,,,,,,,,,464.0,ITRA skipped because UTMB 464.0 <= threshold 680.0
Maltaverne Dan,464.0,Dan MALTAVERNE,0.8,https://utmb.world/runner/4260710.dan.maltaverne,,,,,,,,,464.0,ITRA skipped because UTMB 464.0 <= threshold 680.0
MARTIN Cédric,464.0,Cédric MARTIN,0.6230769230769231,https://utmb.world/runner/5766468.cedric.martin,,,,,,,,,464.0,ITRA skipped because UTMB 464.0 <= threshold 680.0
Vavelin Jean François,464.0,Jean-Francois VAVELIN,0.7333333333333334,https://utmb.world/runner/581069.jeanfrancois.vavelin,,,,,,,,,464.0,ITRA skipped because UTMB 464.0 <= threshold 680.0
Woods Christine,464.0,Christine WOODS,0.72,https://utmb.world/runner/1841677.christine.woods,,,,,,,,,464.0,ITRA skipped because UTMB 464.0 <= threshold 680.0
Jesuran Benjamin,463.0,Benjamin JESURAN,0.6499999999999999,https://utmb.world/runner/5318198.benjamin.jesuran,,,,,,,,,463.0,ITRA skipped because UTMB 463.0 <= threshold 680.0
BENEAT Emmanuel,463.0,Emmanuel BENEAT,0.6733333333333333,https://utmb.world/runner/2163409.emmanuel.beneat,,,,,,,,,463.0,ITRA skipped because UTMB 463.0 <= threshold 680.0
Costa Daniel,463.0,Daniel COSTA SOARES,0.6612903225806451,https://utmb.world/runner/2475625.daniel.costasoares,,,,,,,,,463.0,ITRA skipped because UTMB 463.0 <= threshold 680.0
de Préville Solène,463.0,Solene DE PREVILLE,0.7277777777777779,https://utmb.world/runner/868162.solene.depreville,,,,,,,,,463.0,ITRA skipped because UTMB 463.0 <= threshold 680.0
Fouqueray Martin,463.0,Martin FOUQUERAY,0.69375,https://utmb.world/runner/1066731.martin.fouqueray,,,,,,,,,463.0,ITRA skipped because UTMB 463.0 <= threshold 680.0
mutelet olivier,463.0,Olivier MUTELET,0.6266666666666667,https://utmb.world/runner/553216.olivier.mutelet,,,,,,,,,463.0,ITRA skipped because UTMB 463.0 <= threshold 680.0
WALTER Yves,463.0,Yves WALTER,0.6818181818181818,https://utmb.world/runner/4023523.yves.walter,,,,,,,,,463.0,ITRA skipped because UTMB 463.0 <= threshold 680.0
BRUCKMANN Sylvain,462.0,Sylvain BRUCKMANN,0.6705882352941176,https://utmb.world/runner/4163038.sylvain.bruckmann,,,,,,,,,462.0,ITRA skipped because UTMB 462.0 <= threshold 680.0
Vaillant Bruno,462.0,Bruno VAILLANT,0.7,https://utmb.world/runner/289593.bruno.vaillant,,,,,,,,,462.0,ITRA skipped because UTMB 462.0 <= threshold 680.0
Veau de Lanouvelle Arthur,462.0,Arthur VEAU DE LANOUVELLE,0.804,https://utmb.world/runner/4788744.arthur.veaudelanouvelle,,,,,,,,,462.0,ITRA skipped because UTMB 462.0 <= threshold 680.0
choron Fleurine,461.0,Fleurine CHORON,0.6733333333333333,https://utmb.world/runner/5353348.fleurine.choron,,,,,,,,,461.0,ITRA skipped because UTMB 461.0 <= threshold 680.0
Choron Sebastien,461.0,Sébastien CHORON,0.69375,https://utmb.world/runner/1254843.sebastien.choron,,,,,,,,,461.0,ITRA skipped because UTMB 461.0 <= threshold 680.0
Mazuir Pierre,461.0,Pierre MAZUIR,0.6230769230769231,https://utmb.world/runner/3870171.pierre.mazuir,,,,,,,,,461.0,ITRA skipped because UTMB 461.0 <= threshold 680.0
Peters Quentin,461.0,Quentin PETERS,0.6499999999999999,https://utmb.world/runner/7889202.quentin.peters,,,,,,,,,461.0,ITRA skipped because UTMB 461.0 <= threshold 680.0
POUZADOUX RICHARD,461.0,Richard POUZADOUX,0.6705882352941176,https://utmb.world/runner/656526.richard.pouzadoux,,,,,,,,,461.0,ITRA skipped because UTMB 461.0 <= threshold 680.0
Roque Régis,461.0,Regis ROQUE,0.6181818181818182,https://utmb.world/runner/4280117.regis.roque,,,,,,,,,461.0,ITRA skipped because UTMB 461.0 <= threshold 680.0
Sandanon Nicolas,461.0,Nicolas SANDANON,0.6499999999999999,https://utmb.world/runner/5628036.nicolas.sandanon,,,,,,,,,461.0,ITRA skipped because UTMB 461.0 <= threshold 680.0
THIEBAUT Cédric,461.0,Cedric THIEBAUT,0.6733333333333333,https://utmb.world/runner/42821.cedric.thiebaut,,,,,,,,,461.0,ITRA skipped because UTMB 461.0 <= threshold 680.0
VIBERT Vincent,461.0,Vincent VIBERT,0.6499999999999999,https://utmb.world/runner/6745984.vincent.vibert,,,,,,,,,461.0,ITRA skipped because UTMB 461.0 <= threshold 680.0
YUEN Brian,461.0,Yuen Kiu Brian TSO,0.8,https://utmb.world/runner/2421553.yuenkiubrian.tso,,,,,,,,,461.0,ITRA skipped because UTMB 461.0 <= threshold 680.0
PARSY Sébastien,460.0,Sébastien PARSY,0.72,https://utmb.world/runner/245632.sebastien.parsy,,,,,,,,,460.0,ITRA skipped because UTMB 460.0 <= threshold 680.0
Rochais Clément,460.0,Clement ROCHAIS,0.6266666666666667,https://utmb.world/runner/5345708.clement.rochais,,,,,,,,,460.0,ITRA skipped because UTMB 460.0 <= threshold 680.0
TAOCHY PAUL,460.0,Paul TAOCHY,0.6818181818181818,https://utmb.world/runner/3908567.paul.taochy,,,,,,,,,460.0,ITRA skipped because UTMB 460.0 <= threshold 680.0
techer said,460.0,Said TECHER,0.6818181818181818,https://utmb.world/runner/5628112.said.techer,,,,,,,,,460.0,ITRA skipped because UTMB 460.0 <= threshold 680.0
Vichier-guerre Francois,460.0,François VICHIER GUERRE,0.7260869565217392,https://utmb.world/runner/1054569.francois.vichierguerre,,,,,,,,,460.0,ITRA skipped because UTMB 460.0 <= threshold 680.0
Bellier Pierre,459.0,Pierre BELLIER,0.6499999999999999,https://utmb.world/runner/1388763.pierre.bellier,,,,,,,,,459.0,ITRA skipped because UTMB 459.0 <= threshold 680.0
BÉNIER JEROME,459.0,Jerome BENIER,0.6230769230769231,https://utmb.world/runner/4732918.jerome.benier,,,,,,,,,459.0,ITRA skipped because UTMB 459.0 <= threshold 680.0
broggi Anne,459.0,Anne BROGGI,0.6818181818181818,https://utmb.world/runner/5873818.anne.broggi,,,,,,,,,459.0,ITRA skipped because UTMB 459.0 <= threshold 680.0
CADIOU Aurélien,459.0,Aurélien CADIOU,0.6733333333333333,https://utmb.world/runner/6647226.aurelien.cadiou,,,,,,,,,459.0,ITRA skipped because UTMB 459.0 <= threshold 680.0
Charton Korantin,459.0,Korantin CHARTON,0.6499999999999999,https://utmb.world/runner/7301290.korantin.charton,,,,,,,,,459.0,ITRA skipped because UTMB 459.0 <= threshold 680.0
Gasior David,459.0,David GASIOR,0.6499999999999999,https://utmb.world/runner/4558228.david.gasior,,,,,,,,,459.0,ITRA skipped because UTMB 459.0 <= threshold 680.0
LE POULIQUEN Yann,459.0,Yann LE POULIQUEN,0.7941176470588236,https://utmb.world/runner/3712597.yann.lepouliquen,,,,,,,,,459.0,ITRA skipped because UTMB 459.0 <= threshold 680.0
Lechantre Sylvette,459.0,Sylvette LECHANTRE,0.6499999999999999,https://utmb.world/runner/1458361.sylvette.lechantre,,,,,,,,,459.0,ITRA skipped because UTMB 459.0 <= threshold 680.0
ROUHET Benjamin,459.0,Benjamin ROUHET,0.6733333333333333,https://utmb.world/runner/7655862.benjamin.rouhet,,,,,,,,,459.0,ITRA skipped because UTMB 459.0 <= threshold 680.0
Teruel Stéphanie,459.0,Stephanie TERUEL,0.69375,https://utmb.world/runner/3431719.stephanie.teruel,,,,,,,,,459.0,ITRA skipped because UTMB 459.0 <= threshold 680.0
UYTTENHOVE Yann,459.0,Yann UYTTENHOVE,0.7666666666666666,https://utmb.world/runner/3559821.yann.uyttenhove,,,,,,,,,459.0,ITRA skipped because UTMB 459.0 <= threshold 680.0
Babé Pascal,458.0,Pascal BABE,0.6818181818181818,https://utmb.world/runner/942257.pascal.babe,,,,,,,,,458.0,ITRA skipped because UTMB 458.0 <= threshold 680.0
Jouffroy Romain,458.0,Romain JOUFFROY,0.6733333333333333,https://utmb.world/runner/1609.romain.jouffroy,,,,,,,,,458.0,ITRA skipped because UTMB 458.0 <= threshold 680.0
LABERHEIM LAURENCE,458.0,Laurence LABERHEIM,0.6499999999999999,https://utmb.world/runner/423886.laurence.laberheim,,,,,,,,,458.0,ITRA skipped because UTMB 458.0 <= threshold 680.0
Bertrand David,458.0,Bertrand DAVID,1.0,https://utmb.world/runner/7727116.bertrand.david,,,,,,,,,458.0,ITRA skipped because UTMB 458.0 <= threshold 680.0
Bousquet Arnaud,458.0,Arnaud BOUSQUET,0.6733333333333333,https://utmb.world/runner/5956072.arnaud.bousquet,,,,,,,,,458.0,ITRA skipped because UTMB 458.0 <= threshold 680.0
DEMANGE Sylvain,458.0,Sylvain DEMANGE,0.6266666666666667,https://utmb.world/runner/2686841.sylvain.demange,,,,,,,,,458.0,ITRA skipped because UTMB 458.0 <= threshold 680.0
IMBERT NICOLAS,458.0,Nicolas IMBERT,0.6499999999999999,https://utmb.world/runner/4189441.nicolas.imbert,,,,,,,,,458.0,ITRA skipped because UTMB 458.0 <= threshold 680.0
Servajean-Hilst Grégoire,458.0,Grégoire SERVAJEAN-HILST,0.7375,https://utmb.world/runner/4402446.gregoire.servajeanhilst,,,,,,,,,458.0,ITRA skipped because UTMB 458.0 <= threshold 680.0
Vandeputte Fabrice,458.0,Fabrice VANDEPUTTE,0.6888888888888889,https://utmb.world/runner/141307.fabrice.vandeputte,,,,,,,,,458.0,ITRA skipped because UTMB 458.0 <= threshold 680.0
GAUTIER Mélina,457.0,Mélina GAUTIER,0.6499999999999999,https://utmb.world/runner/7889510.melina.gautier,,,,,,,,,457.0,ITRA skipped because UTMB 457.0 <= threshold 680.0
MAILLOTTE Franck,457.0,Franck MAILLOTTE,0.69375,https://utmb.world/runner/5096481.franck.maillotte,,,,,,,,,457.0,ITRA skipped because UTMB 457.0 <= threshold 680.0
BOULESTIER Sylvie,456.0,Sylvie BOULESTIER,0.7117647058823529,https://utmb.world/runner/1894083.sylvie.boulestier,,,,,,,,,456.0,ITRA skipped because UTMB 456.0 <= threshold 680.0
CATAN Axel-Gianni,456.0,Axel-Gianni CATAN,0.7529411764705882,https://utmb.world/runner/5928392.axelgianni.catan,,,,,,,,,456.0,ITRA skipped because UTMB 456.0 <= threshold 680.0
FORTIN Caroline,456.0,Caroline FORTIN,0.6733333333333333,https://utmb.world/runner/4549065.caroline.fortin,,,,,,,,,456.0,ITRA skipped because UTMB 456.0 <= threshold 680.0
HERBEZ BASTIEN,456.0,Herbez Bastien HERBEZ BASTIEN,0.7558139534883721,https://utmb.world/runner/6177064.herbezbastien.herbezbastien,,,,,,,,,456.0,ITRA skipped because UTMB 456.0 <= threshold 680.0
Motte Samuel,456.0,Samuel MOTTE,0.6499999999999999,https://utmb.world/runner/834798.samuel.motte,,,,,,,,,456.0,ITRA skipped because UTMB 456.0 <= threshold 680.0
Muntz Lucie,456.0,Lucie MUNTZ,0.6181818181818182,https://utmb.world/runner/1893689.lucie.muntz,,,,,,,,,456.0,ITRA skipped because UTMB 456.0 <= threshold 680.0
Raas Thomas,456.0,Thomas RAAS,0.6818181818181818,https://utmb.world/runner/5647972.thomas.raas,,,,,,,,,456.0,ITRA skipped because UTMB 456.0 <= threshold 680.0
RAZANAMALALA NIRY,456.0,Niry RAZANAMALALA,0.7941176470588236,https://utmb.world/runner/4788764.niry.razanamalala,,,,,,,,,456.0,ITRA skipped because UTMB 456.0 <= threshold 680.0
Richter Torsten,456.0,Torsten RICHTER,0.6266666666666667,https://utmb.world/runner/45286.torsten.richter,,,,,,,,,456.0,ITRA skipped because UTMB 456.0 <= threshold 680.0
Rullaud Arnaud,456.0,Arnaud RULLAUD,0.6499999999999999,https://utmb.world/runner/1276875.arnaud.rullaud,,,,,,,,,456.0,ITRA skipped because UTMB 456.0 <= threshold 680.0
DECAP Laurent,455.0,Laurent DECAP,0.6769230769230768,https://utmb.world/runner/608741.laurent.decap,,,,,,,,,455.0,ITRA skipped because UTMB 455.0 <= threshold 680.0
GEORGES Thibaud,455.0,Damien-Georges THIBAUD,0.8675675675675676,https://utmb.world/runner/7255466.damiengeorges.thibaud,,,,,,,,,455.0,ITRA skipped because UTMB 455.0 <= threshold 680.0
Jouault Nicolas,455.0,Nicolas JOUAULT,0.6266666666666667,https://utmb.world/runner/1954493.nicolas.jouault,,,,,,,,,455.0,ITRA skipped because UTMB 455.0 <= threshold 680.0
KURFURST Nicolas,455.0,Nicolas KURFURST,0.6499999999999999,https://utmb.world/runner/6263812.nicolas.kurfurst,,,,,,,,,455.0,ITRA skipped because UTMB 455.0 <= threshold 680.0
lajus fabrice,455.0,Fabrice LAJUS,0.6769230769230768,https://utmb.world/runner/314053.fabrice.lajus,,,,,,,,,455.0,ITRA skipped because UTMB 455.0 <= threshold 680.0
LEROUXEL Benoît,455.0,Benoit LEROUXEL,0.6733333333333333,https://utmb.world/runner/6843144.benoit.lerouxel,,,,,,,,,455.0,ITRA skipped because UTMB 455.0 <= threshold 680.0
MAHAVE Jean Louis,455.0,Jean-Louis MAHAVE,0.7117647058823529,https://utmb.world/runner/23609.jeanlouis.mahave,,,,,,,,,455.0,ITRA skipped because UTMB 455.0 <= threshold 680.0
Michoud Guillaume,455.0,Guillaume MICHOUD,0.6705882352941176,https://utmb.world/runner/5680954.guillaume.michoud,,,,,,,,,455.0,ITRA skipped because UTMB 455.0 <= threshold 680.0
PAYET JOSIAN,455.0,Josian PAYET,0.6499999999999999,https://utmb.world/runner/23838.josian.payet,,,,,,,,,455.0,ITRA skipped because UTMB 455.0 <= threshold 680.0
Anfrye Xavier,454.0,Xavier ANFRYE,0.6230769230769231,https://utmb.world/runner/5321704.xavier.anfrye,,,,,,,,,454.0,ITRA skipped because UTMB 454.0 <= threshold 680.0
Beguerie Edouard,454.0,Edouard BEGUERIE,0.6499999999999999,https://utmb.world/runner/4489564.edouard.beguerie,,,,,,,,,454.0,ITRA skipped because UTMB 454.0 <= threshold 680.0
BILLUART Lucas,454.0,Billuart LUCAS,1.0,https://utmb.world/runner/6773738.billuart.lucas,,,,,,,,,454.0,ITRA skipped because UTMB 454.0 <= threshold 680.0
BOUSQUET Franck,454.0,Franck BOUSQUET,0.6733333333333333,https://utmb.world/runner/460571.franck.bousquet,,,,,,,,,454.0,ITRA skipped because UTMB 454.0 <= threshold 680.0
FACONNIER Sandy,454.0,Sandy FACONNIER,0.72,https://utmb.world/runner/1072165.sandy.faconnier,,,,,,,,,454.0,ITRA skipped because UTMB 454.0 <= threshold 680.0
FOURNIER PIERRE,454.0,Louis FOURNIER PIERRE,0.8833333333333333,https://utmb.world/runner/6259684.louis.fournierpierre,,,,,,,,,454.0,ITRA skipped because UTMB 454.0 <= threshold 680.0
Garcia Alexis,454.0,Alexis GARCIA GARCIA,0.6818181818181818,https://utmb.world/runner/6710204.alexis.garciagarcia,,,,,,,,,454.0,ITRA skipped because UTMB 454.0 <= threshold 680.0
Gonier Olivier,454.0,Olivier GONIER,0.6499999999999999,https://utmb.world/runner/4204509.olivier.gonier,,,,,,,,,454.0,ITRA skipped because UTMB 454.0 <= threshold 680.0
LEGOIX Cédric,454.0,Cédric LEGOIX,0.6230769230769231,https://utmb.world/runner/841862.cedric.legoix,,,,,,,,,454.0,ITRA skipped because UTMB 454.0 <= threshold 680.0
Perrine Joany,454.0,Joany PERRINE,0.6769230769230768,https://utmb.world/runner/4798900.joany.perrine,,,,,,,,,454.0,ITRA skipped because UTMB 454.0 <= threshold 680.0
Porte Jeremy,454.0,Jérémy LA PORTE,0.611111111111111,https://utmb.world/runner/6375078.jeremy.laporte,,,,,,,,,454.0,ITRA skipped because UTMB 454.0 <= threshold 680.0
sance tanguy,454.0,Tanguy SANCE,0.6499999999999999,https://utmb.world/runner/6584620.tanguy.sance,,,,,,,,,454.0,ITRA skipped because UTMB 454.0 <= threshold 680.0
Tabutaud Ludovic,454.0,Ludovic TABUTAUD,0.6499999999999999,https://utmb.world/runner/4292859.ludovic.tabutaud,,,,,,,,,454.0,ITRA skipped because UTMB 454.0 <= threshold 680.0
BÉLAND Eve,453.0,Eve BELAND,0.72,https://utmb.world/runner/2312567.eve.beland,,,,,,,,,453.0,ITRA skipped because UTMB 453.0 <= threshold 680.0
de la Fontaine Lionel,453.0,Lionel DE LA FONTAINE,0.7666666666666666,https://utmb.world/runner/2034369.lionel.delafontaine,,,,,,,,,453.0,ITRA skipped because UTMB 453.0 <= threshold 680.0
Grisard Jérémy,453.0,Jeremy GRISARD,0.6499999999999999,https://utmb.world/runner/6955590.jeremy.grisard,,,,,,,,,453.0,ITRA skipped because UTMB 453.0 <= threshold 680.0
LAFRECHOUX clement,453.0,Clement LAFRECHOUX,0.6888888888888889,https://utmb.world/runner/884989.clement.lafrechoux,,,,,,,,,453.0,ITRA skipped because UTMB 453.0 <= threshold 680.0
Massart Grégory,453.0,Gregory MASSART,0.6266666666666667,https://utmb.world/runner/362028.gregory.massart,,,,,,,,,453.0,ITRA skipped because UTMB 453.0 <= threshold 680.0
MONDIA Elisabeth,453.0,Élisabeth MONDIA (Elisabeth MONDIA),0.7571428571428571,https://utmb.world/runner/4509752.elisabeth.mondia,,,,,,,,,453.0,ITRA skipped because UTMB 453.0 <= threshold 680.0
saboureau nicolas,453.0,Nicolas SABOUREAU,0.6705882352941176,https://utmb.world/runner/1893777.nicolas.saboureau,,,,,,,,,453.0,ITRA skipped because UTMB 453.0 <= threshold 680.0
Xia Frederic,453.0,Frederic XIA,0.7666666666666666,https://utmb.world/runner/4509802.frederic.xia,,,,,,,,,453.0,ITRA skipped because UTMB 453.0 <= threshold 680.0
Aliphon Gael,453.0,Gael ALIPHON,0.7083333333333333,https://utmb.world/runner/284744.gael.aliphon,,,,,,,,,453.0,ITRA skipped because UTMB 453.0 <= threshold 680.0
AGUITON Tristan,452.0,Tristan AGUITON,0.6266666666666667,https://utmb.world/runner/4317839.tristan.aguiton,,,,,,,,,452.0,ITRA skipped because UTMB 452.0 <= threshold 680.0
benoist philippe,452.0,Benoît PHILIPPE,0.8274193548387097,https://utmb.world/runner/8173174.benoit.philippe,,,,,,,,,452.0,ITRA skipped because UTMB 452.0 <= threshold 680.0
FAYOLLE ROLAND,452.0,Roland FAYOLLE,0.6499999999999999,https://utmb.world/runner/6051.roland.fayolle,,,,,,,,,452.0,ITRA skipped because UTMB 452.0 <= threshold 680.0
incamps guillaume,452.0,Guillaume INCAMPS,0.6705882352941176,https://utmb.world/runner/2175537.guillaume.incamps,,,,,,,,,452.0,ITRA skipped because UTMB 452.0 <= threshold 680.0
Labouyrie Marine,452.0,Marine LABOUYRIE,0.69375,https://utmb.world/runner/5255298.marine.labouyrie,,,,,,,,,452.0,ITRA skipped because UTMB 452.0 <= threshold 680.0
lacaze coralie,452.0,Coralie LACAZE,0.6499999999999999,https://utmb.world/runner/5353736.coralie.lacaze,,,,,,,,,452.0,ITRA skipped because UTMB 452.0 <= threshold 680.0
LE FALHER Hugues,452.0,Hugues LE FALHER,0.69375,https://utmb.world/runner/85074.hugues.lefalher,,,,,,,,,452.0,ITRA skipped because UTMB 452.0 <= threshold 680.0
bonneton florian,451.0,Florian BONNETON,0.6499999999999999,https://utmb.world/runner/445618.florian.bonneton,,,,,,,,,451.0,ITRA skipped because UTMB 451.0 <= threshold 680.0
CHAUVIERE Juliette,451.0,Juliette CHAUVIERE,0.6499999999999999,https://utmb.world/runner/7364784.juliette.chauviere,,,,,,,,,451.0,ITRA skipped because UTMB 451.0 <= threshold 680.0
COGNEE Mickaël,451.0,Mickael COGNEE,0.6499999999999999,https://utmb.world/runner/73387.mickael.cognee,,,,,,,,,451.0,ITRA skipped because UTMB 451.0 <= threshold 680.0
Drouard Romuald,451.0,Romuald DROUARD,0.6266666666666667,https://utmb.world/runner/820553.romuald.drouard,,,,,,,,,451.0,ITRA skipped because UTMB 451.0 <= threshold 680.0
GUYOT Daniel,451.0,Daniel GUYOT,0.6499999999999999,https://utmb.world/runner/102989.daniel.guyot,,,,,,,,,451.0,ITRA skipped because UTMB 451.0 <= threshold 680.0
Lebeau Sylvain,451.0,Sylvain LEBEAU,0.6499999999999999,https://utmb.world/runner/3409865.sylvain.lebeau,,,,,,,,,451.0,ITRA skipped because UTMB 451.0 <= threshold 680.0
MAILLARD Philippe,451.0,Philippe MAILLARD,0.6294117647058823,https://utmb.world/runner/4559148.philippe.maillard,,,,,,,,,451.0,ITRA skipped because UTMB 451.0 <= threshold 680.0
Michot Tifanny,451.0,Tifanny MICHOT,0.6499999999999999,https://utmb.world/runner/5758202.tifanny.michot,,,,,,,,,451.0,ITRA skipped because UTMB 451.0 <= threshold 680.0
Pacory Marius,451.0,Marius PACORY,0.6230769230769231,https://utmb.world/runner/7889624.marius.pacory,,,,,,,,,451.0,ITRA skipped because UTMB 451.0 <= threshold 680.0
Papin Gwenael,451.0,Gwenael PAPIN,0.6769230769230768,https://utmb.world/runner/1384691.gwenael.papin,,,,,,,,,451.0,ITRA skipped because UTMB 451.0 <= threshold 680.0
Pillet Mathilde,451.0,Mathilde PILLET,0.6733333333333333,https://utmb.world/runner/3162887.mathilde.pillet,,,,,,,,,451.0,ITRA skipped because UTMB 451.0 <= threshold 680.0
Achemoukh Jean Claude,450.0,Jean-Claude ACHEMOUKH,0.6666666666666666,https://utmb.world/runner/470652.jeanclaude.achemoukh,,,,,,,,,450.0,ITRA skipped because UTMB 450.0 <= threshold 680.0
Adriaens Elisabeth,450.0,Elisabeth ADRIAENS,0.6499999999999999,https://utmb.world/runner/6647298.elisabeth.adriaens,,,,,,,,,450.0,ITRA skipped because UTMB 450.0 <= threshold 680.0
Bekaert Nicolas,450.0,Nicolas BEKAERT,0.6266666666666667,https://utmb.world/runner/2595693.nicolas.bekaert,,,,,,,,,450.0,ITRA skipped because UTMB 450.0 <= threshold 680.0
benyahia Ramiz,450.0,Ramiz BENYAHIA,0.7,https://utmb.world/runner/5397364.ramiz.benyahia,,,,,,,,,450.0,ITRA skipped because UTMB 450.0 <= threshold 680.0
MAURISSE FREDERIC,450.0,Frederic MAURISSE,0.6294117647058823,https://utmb.world/runner/151519.frederic.maurisse,,,,,,,,,450.0,ITRA skipped because UTMB 450.0 <= threshold 680.0
MEZIERE Stéphane,450.0,Stéphane MEZIERE,0.6499999999999999,https://utmb.world/runner/658293.stephane.meziere,,,,,,,,,450.0,ITRA skipped because UTMB 450.0 <= threshold 680.0
Michoud Benoît,450.0,Benoît MICHOUD,0.6499999999999999,https://utmb.world/runner/7011436.benoit.michoud,,,,,,,,,450.0,ITRA skipped because UTMB 450.0 <= threshold 680.0
Rampelbergs Vincent,450.0,Vincent RAMPELBERGS,0.7052631578947368,https://utmb.world/runner/1143885.vincent.rampelbergs,,,,,,,,,450.0,ITRA skipped because UTMB 450.0 <= threshold 680.0
Robino Emmanuel,450.0,Emmanuel ROBINO,0.6733333333333333,https://utmb.world/runner/725421.emmanuel.robino,,,,,,,,,450.0,ITRA skipped because UTMB 450.0 <= threshold 680.0
Dubillot Florent,449.0,Florent DUBILLOT,0.6499999999999999,https://utmb.world/runner/8102482.florent.dubillot,,,,,,,,,449.0,ITRA skipped because UTMB 449.0 <= threshold 680.0
DUPEYRE CHRISTOPHE,449.0,Christophe DUPEYRE,0.6888888888888889,https://utmb.world/runner/1827873.christophe.dupeyre,,,,,,,,,449.0,ITRA skipped because UTMB 449.0 <= threshold 680.0
FAURIAT José,449.0,José FAURIAT,0.7083333333333333,https://utmb.world/runner/1804379.jose.fauriat,,,,,,,,,449.0,ITRA skipped because UTMB 449.0 <= threshold 680.0
Glanowski Marek,449.0,Marek GLANOWSKI,0.72,https://utmb.world/runner/507738.marek.glanowski,,,,,,,,,449.0,ITRA skipped because UTMB 449.0 <= threshold 680.0
ALONSO MATHIEU,448.0,Mathieu ALONSO,0.6499999999999999,https://utmb.world/runner/1162311.mathieu.alonso,,,,,,,,,448.0,ITRA skipped because UTMB 448.0 <= threshold 680.0
Chaouat Maxime,448.0,Maxime CHAOUAT,0.6499999999999999,https://utmb.world/runner/5202682.maxime.chaouat,,,,,,,,,448.0,ITRA skipped because UTMB 448.0 <= threshold 680.0
Chavent Agnes,448.0,Agnès CHAVENT,0.6769230769230768,https://utmb.world/runner/1357945.agnes.chavent,,,,,,,,,448.0,ITRA skipped because UTMB 448.0 <= threshold 680.0
Gasmi Souleymane,448.0,Souleymane GASMI,0.7375,https://utmb.world/runner/2060571.souleymane.gasmi,,,,,,,,,448.0,ITRA skipped because UTMB 448.0 <= threshold 680.0
LEJUS didier,448.0,Didier LEJUS,0.6499999999999999,https://utmb.world/runner/4393234.didier.lejus,,,,,,,,,448.0,ITRA skipped because UTMB 448.0 <= threshold 680.0
Priem Valérie,448.0,Valerie PRIEM,0.6769230769230768,https://utmb.world/runner/4278882.valerie.priem,,,,,,,,,448.0,ITRA skipped because UTMB 448.0 <= threshold 680.0
Rocher Hugo,448.0,Hugo ROCHER,0.6818181818181818,https://utmb.world/runner/6843102.hugo.rocher,,,,,,,,,448.0,ITRA skipped because UTMB 448.0 <= threshold 680.0
BENCE EMMANUELLE,447.0,Emmanuelle BENCE,0.7375,https://utmb.world/runner/4317725.emmanuelle.bence,,,,,,,,,447.0,ITRA skipped because UTMB 447.0 <= threshold 680.0
Bernard Antoine,447.0,Bernard ANTOINE,1.0,https://utmb.world/runner/78139.bernard.antoine,,,,,,,,,447.0,ITRA skipped because UTMB 447.0 <= threshold 680.0
CAPITAINE DIDIER,447.0,Didier CAPITAINE,0.69375,https://utmb.world/runner/115521.didier.capitaine,,,,,,,,,447.0,ITRA skipped because UTMB 447.0 <= threshold 680.0
CONTE PATRICE,447.0,Patrice CONTE,0.6769230769230768,https://utmb.world/runner/3289241.patrice.conte,,,,,,,,,447.0,ITRA skipped because UTMB 447.0 <= threshold 680.0
Dubois Pierre-André,447.0,Pierre-André DUBOIS,0.7421052631578946,https://utmb.world/runner/6584550.pierreandre.dubois,,,,,,,,,447.0,ITRA skipped because UTMB 447.0 <= threshold 680.0
Gruhl Thomas,447.0,Thomas GRUHL,0.6499999999999999,https://utmb.world/runner/4951998.thomas.gruhl,,,,,,,,,447.0,ITRA skipped because UTMB 447.0 <= threshold 680.0
VINCENT Jerome,447.0,Vincent JEROME,1.0,https://utmb.world/runner/6785404.vincent.jerome,,,,,,,,,447.0,ITRA skipped because UTMB 447.0 <= threshold 680.0
collin stephan,446.0,Stephan COLLIN,0.6499999999999999,https://utmb.world/runner/138916.stephan.collin,,,,,,,,,446.0,ITRA skipped because UTMB 446.0 <= threshold 680.0
COME OLIVIER,446.0,Olivier COME,0.7083333333333333,https://utmb.world/runner/5628144.olivier.come,,,,,,,,,446.0,ITRA skipped because UTMB 446.0 <= threshold 680.0
de Rodellec du Porzic Henri,446.0,Loane DE RODELLEC DU PORZIC,0.7844444444444444,https://utmb.world/runner/7727134.loane.derodellecduporzic,,,,,,,,,446.0,ITRA skipped because UTMB 446.0 <= threshold 680.0
GACEL Fabrice,446.0,Fabrice GACEL,0.6769230769230768,https://utmb.world/runner/1157999.fabrice.gacel,,,,,,,,,446.0,ITRA skipped because UTMB 446.0 <= threshold 680.0
SIENG TI WOANE Matthieu,446.0,Matthieu SIENG TI WOANE,0.7260869565217392,https://utmb.world/runner/5628264.matthieu.siengtiwoane,,,,,,,,,446.0,ITRA skipped because UTMB 446.0 <= threshold 680.0
GERBET Maxime,445.0,Maxime GERBET,0.6230769230769231,https://utmb.world/runner/7889550.maxime.gerbet,,,,,,,,,445.0,ITRA skipped because UTMB 445.0 <= threshold 680.0
Le Barzic Alexandre,445.0,Alexandre LE BARZIC,0.631578947368421,https://utmb.world/runner/6648164.alexandre.lebarzic,,,,,,,,,445.0,ITRA skipped because UTMB 445.0 <= threshold 680.0
OUDIN GEORGES MARIE,445.0,Georges Marie OUDIN,0.7789473684210526,https://utmb.world/runner/4985730.georgesmarie.oudin,,,,,,,,,445.0,ITRA skipped because UTMB 445.0 <= threshold 680.0
Reinson Nicolas,445.0,Nicolas REINSON,0.6266666666666667,https://utmb.world/runner/2187205.nicolas.reinson,,,,,,,,,445.0,ITRA skipped because UTMB 445.0 <= threshold 680.0
Ribet Yannick,445.0,Yannick RIBET,0.6769230769230768,https://utmb.world/runner/1669111.yannick.ribet,,,,,,,,,445.0,ITRA skipped because UTMB 445.0 <= threshold 680.0
Tervimont Stéphane,445.0,Stéphane TERVIMONT,0.6499999999999999,https://utmb.world/runner/5628256.stephane.tervimont,,,,,,,,,445.0,ITRA skipped because UTMB 445.0 <= threshold 680.0
Wuidart Christel,445.0,Christel WUIDART,0.6499999999999999,https://utmb.world/runner/1388585.christel.wuidart,,,,,,,,,445.0,ITRA skipped because UTMB 445.0 <= threshold 680.0
Jacques Katrien,444.0,Katrien JACQUES,0.6266666666666667,https://utmb.world/runner/1018101.katrien.jacques,,,,,,,,,444.0,ITRA skipped because UTMB 444.0 <= threshold 680.0
Pajon Lea,444.0,Lea PAJON,0.6888888888888889,https://utmb.world/runner/4289276.lea.pajon,,,,,,,,,444.0,ITRA skipped because UTMB 444.0 <= threshold 680.0
prianon frantz,444.0,Frantz PRIANON,0.6499999999999999,https://utmb.world/runner/6259252.frantz.prianon,,,,,,,,,444.0,ITRA skipped because UTMB 444.0 <= threshold 680.0
Sarem Nawid,444.0,Nawid SAREM,0.6181818181818182,https://utmb.world/runner/5627470.nawid.sarem,,,,,,,,,444.0,ITRA skipped because UTMB 444.0 <= threshold 680.0
COLLE Laurent,443.0,Laurent COLLE,0.6769230769230768,https://utmb.world/runner/79502.laurent.colle,,,,,,,,,443.0,ITRA skipped because UTMB 443.0 <= threshold 680.0
DEGRAVE Rémi,443.0,Remi DEGRAVE,0.7083333333333333,https://utmb.world/runner/140458.remi.degrave,,,,,,,,,443.0,ITRA skipped because UTMB 443.0 <= threshold 680.0
Mah-Chak Harry,443.0,Harry MAH CHAK,0.7,https://utmb.world/runner/103046.harry.mahchak,,,,,,,,,443.0,ITRA skipped because UTMB 443.0 <= threshold 680.0
Pierre Baptiste,443.0,Pierre-Baptiste DUFAU,0.8833333333333333,https://utmb.world/runner/7044452.pierrebaptiste.dufau,,,,,,,,,443.0,ITRA skipped because UTMB 443.0 <= threshold 680.0
Quillet Grégoire,443.0,Grégoire QUILLET,0.6499999999999999,https://utmb.world/runner/5750558.gregoire.quillet,,,,,,,,,443.0,ITRA skipped because UTMB 443.0 <= threshold 680.0
Sigrist Frédéric,443.0,Frédéric SIGRIST,0.6499999999999999,https://utmb.world/runner/2028859.frederic.sigrist,,,,,,,,,443.0,ITRA skipped because UTMB 443.0 <= threshold 680.0
TEIXEIRA Fatima,443.0,Fatima TEIXEIRA VALMORI,0.7052631578947368,https://utmb.world/runner/6843146.fatima.teixeiravalmori,,,,,,,,,443.0,ITRA skipped because UTMB 443.0 <= threshold 680.0
Anquetil Tom,442.0,Tom ANQUETIL,0.7666666666666666,https://utmb.world/runner/6843524.tom.anquetil,,,,,,,,,442.0,ITRA skipped because UTMB 442.0 <= threshold 680.0
Betschen Christophe,442.0,Christophe BETSCHEN,0.6684210526315789,https://utmb.world/runner/42666.christophe.betschen,,,,,,,,,442.0,ITRA skipped because UTMB 442.0 <= threshold 680.0
CASTEL Olivier,442.0,Olivier CASTEL,0.6499999999999999,https://utmb.world/runner/7176848.olivier.castel,,,,,,,,,442.0,ITRA skipped because UTMB 442.0 <= threshold 680.0
Ducos Lanson Stéphane,442.0,Stephane DUCOS-LANSON,0.7,https://utmb.world/runner/38180.stephane.ducoslanson,,,,,,,,,442.0,ITRA skipped because UTMB 442.0 <= threshold 680.0
RANIVOSON Tina,442.0,Tina RANIVOSON,0.75,https://utmb.world/runner/4788808.tina.ranivoson,,,,,,,,,442.0,ITRA skipped because UTMB 442.0 <= threshold 680.0
Sacrias Andreas,442.0,Andréas SACRIAS,0.6266666666666667,https://utmb.world/runner/6583632.andreas.sacrias,,,,,,,,,442.0,ITRA skipped because UTMB 442.0 <= threshold 680.0
CARON Benjamin,441.0,Benjamin CARON,0.7,https://utmb.world/runner/7419270.benjamin.caron,,,,,,,,,441.0,ITRA skipped because UTMB 441.0 <= threshold 680.0
Delande Sébastien,441.0,Sebastien DELANDE,0.6705882352941176,https://utmb.world/runner/386421.sebastien.delande,,,,,,,,,441.0,ITRA skipped because UTMB 441.0 <= threshold 680.0
DILIGENT Dominique,441.0,Dominique DILIGENT,0.6499999999999999,https://utmb.world/runner/470748.dominique.diligent,,,,,,,,,441.0,ITRA skipped because UTMB 441.0 <= threshold 680.0
HERINANTENAINA Ony Sezara,441.0,Ony Sezara HERINANTENAINA,0.692,https://utmb.world/runner/4788754.onysezara.herinantenaina,,,,,,,,,441.0,ITRA skipped because UTMB 441.0 <= threshold 680.0
LEMBROUCK Charlotte,441.0,Charlotte LEMBROUCK,0.631578947368421,https://utmb.world/runner/629529.charlotte.lembrouck,,,,,,,,,441.0,ITRA skipped because UTMB 441.0 <= threshold 680.0
Martin Rodolphe,441.0,Rodolphe MARTIN-ROCHE,0.7277777777777779,https://utmb.world/runner/3374747.rodolphe.martinroche,,,,,,,,,441.0,ITRA skipped because UTMB 441.0 <= threshold 680.0
Parisot Cyriac,441.0,Cyriac PARISOT,0.6499999999999999,https://utmb.world/runner/2655925.cyriac.parisot,,,,,,,,,441.0,ITRA skipped because UTMB 441.0 <= threshold 680.0
Tahinjanahary Antokiniaina,441.0,Antokiniaina TAHINJANAHARY,0.6499999999999999,https://utmb.world/runner/5793686.antokiniaina.tahinjanahary,,,,,,,,,441.0,ITRA skipped because UTMB 441.0 <= threshold 680.0
VALETTE Mélissa,441.0,Melissa VALETTE,0.6266666666666667,https://utmb.world/runner/10507.melissa.valette,,,,,,,,,441.0,ITRA skipped because UTMB 441.0 <= threshold 680.0
DOMINGET Clément,440.0,Clement DOMINGET,0.6499999999999999,https://utmb.world/runner/157658.clement.dominget,,,,,,,,,440.0,ITRA skipped because UTMB 440.0 <= threshold 680.0
Press Sandra,440.0,Sandra PRESS,0.6499999999999999,https://utmb.world/runner/81347.sandra.press,,,,,,,,,440.0,ITRA skipped because UTMB 440.0 <= threshold 680.0
QUEMADES William,440.0,William QUEMADES,0.6499999999999999,https://utmb.world/runner/7556546.william.quemades,,,,,,,,,440.0,ITRA skipped because UTMB 440.0 <= threshold 680.0
Raufer Mario,440.0,Mario RAUFER,0.6499999999999999,https://utmb.world/runner/143273.mario.raufer,,,,,,,,,440.0,ITRA skipped because UTMB 440.0 <= threshold 680.0
Schmitt Paul,440.0,Paul SCHMITT BAILER,0.7516129032258063,https://utmb.world/runner/6133168.paul.schmittbailer,,,,,,,,,440.0,ITRA skipped because UTMB 440.0 <= threshold 680.0
ARTIAGA ALICE,439.0,Alice ARTIAGA,0.6769230769230768,https://utmb.world/runner/2400245.alice.artiaga,,,,,,,,,439.0,ITRA skipped because UTMB 439.0 <= threshold 680.0
BARRET DAVID,439.0,David BARRET,0.6499999999999999,https://utmb.world/runner/128709.david.barret,,,,,,,,,439.0,ITRA skipped because UTMB 439.0 <= threshold 680.0
Bernard Christophe,439.0,Jean-Christophe BERNARD,0.7439024390243902,https://utmb.world/runner/8513470.jeanchristophe.bernard,,,,,,,,,439.0,ITRA skipped because UTMB 439.0 <= threshold 680.0
Boom Sander,439.0,Sander BOOM,0.6818181818181818,https://utmb.world/runner/448673.sander.boom,,,,,,,,,439.0,ITRA skipped because UTMB 439.0 <= threshold 680.0
Damour Cédric,439.0,Cedric DAMOUR,0.6230769230769231,https://utmb.world/runner/7556538.cedric.damour,,,,,,,,,439.0,ITRA skipped because UTMB 439.0 <= threshold 680.0
Dardour Jérôme,439.0,Jerome DARDOUR,0.6499999999999999,https://utmb.world/runner/5758436.jerome.dardour,,,,,,,,,439.0,ITRA skipped because UTMB 439.0 <= threshold 680.0
FELIDE GUILLAUME,439.0,Guillaume FELIDE,0.69375,https://utmb.world/runner/6683.guillaume.felide,,,,,,,,,439.0,ITRA skipped because UTMB 439.0 <= threshold 680.0
Gilbert Mickaël,439.0,Mickael GILBERT,0.6266666666666667,https://utmb.world/runner/1150769.mickael.gilbert,,,,,,,,,439.0,ITRA skipped because UTMB 439.0 <= threshold 680.0
GIRARD Ali-Zo,439.0,Ali-Zo GIRARD,0.6230769230769231,https://utmb.world/runner/4212813.alizo.girard,,,,,,,,,439.0,ITRA skipped because UTMB 439.0 <= threshold 680.0
Granier Clément,439.0,Clément GRANIER,0.6266666666666667,https://utmb.world/runner/429320.clement.granier,,,,,,,,,439.0,ITRA skipped because UTMB 439.0 <= threshold 680.0
HUART alain,439.0,Alain HUART,0.6181818181818182,https://utmb.world/runner/78754.alain.huart,,,,,,,,,439.0,ITRA skipped because UTMB 439.0 <= threshold 680.0
LAUR CHRISTOPHE,439.0,Christophe LAUR,0.7666666666666666,https://utmb.world/runner/6036451.christophe.laur,,,,,,,,,439.0,ITRA skipped because UTMB 439.0 <= threshold 680.0
Puren Jean-Marie,439.0,Jean-Marie PUREN,0.7375,https://utmb.world/runner/210377.jeanmarie.puren,,,,,,,,,439.0,ITRA skipped because UTMB 439.0 <= threshold 680.0
Rodriguez Coralie,439.0,Coralie RODRIGUEZ,0.6705882352941176,https://utmb.world/runner/2366351.coralie.rodriguez,,,,,,,,,439.0,ITRA skipped because UTMB 439.0 <= threshold 680.0
saffre antoine,439.0,Antoine SAFFRE,0.6499999999999999,https://utmb.world/runner/3142879.antoine.saffre,,,,,,,,,439.0,ITRA skipped because UTMB 439.0 <= threshold 680.0
TESSIER SEBASTIEN,439.0,Sébastien TESSIER,0.6705882352941176,https://utmb.world/runner/5638870.sebastien.tessier,,,,,,,,,439.0,ITRA skipped because UTMB 439.0 <= threshold 680.0
VOURIOT Cédric,439.0,Cédric VOURIOT,0.6499999999999999,https://utmb.world/runner/4531618.cedric.vouriot,,,,,,,,,439.0,ITRA skipped because UTMB 439.0 <= threshold 680.0
Fougeras Pierre,438.0,Pierre FOUGERAS,0.6733333333333333,https://utmb.world/runner/2432229.pierre.fougeras,,,,,,,,,438.0,ITRA skipped because UTMB 438.0 <= threshold 680.0
jouhannet benoist,438.0,Benoist JOUHANNET,0.6705882352941176,https://utmb.world/runner/842263.benoist.jouhannet,,,,,,,,,438.0,ITRA skipped because UTMB 438.0 <= threshold 680.0
LANDRIAUD Philippe,438.0,Philippe LANDRIAUD,0.6499999999999999,https://utmb.world/runner/3051759.philippe.landriaud,,,,,,,,,438.0,ITRA skipped because UTMB 438.0 <= threshold 680.0
Magnain Alexis,438.0,Alexis MAGNAIN,0.6499999999999999,https://utmb.world/runner/6647262.alexis.magnain,,,,,,,,,438.0,ITRA skipped because UTMB 438.0 <= threshold 680.0
Vera Mathilde,438.0,Mathilde VERA,0.7307692307692308,https://utmb.world/runner/5313738.mathilde.vera,,,,,,,,,438.0,ITRA skipped because UTMB 438.0 <= threshold 680.0
VIDOINE Christophe,438.0,Christophe VIDOINE,0.6888888888888889,https://utmb.world/runner/904473.christophe.vidoine,,,,,,,,,438.0,ITRA skipped because UTMB 438.0 <= threshold 680.0
Gerber Julien,437.0,Julien GERBER,0.6230769230769231,https://utmb.world/runner/5770594.julien.gerber,,,,,,,,,437.0,ITRA skipped because UTMB 437.0 <= threshold 680.0
Herpeux Kévin,437.0,Kévin HERPEUX,0.6769230769230768,https://utmb.world/runner/5322042.kevin.herpeux,,,,,,,,,437.0,ITRA skipped because UTMB 437.0 <= threshold 680.0
Leblanc Marine,437.0,Marine LEBLANC,0.6499999999999999,https://utmb.world/runner/4811016.marine.leblanc,,,,,,,,,437.0,ITRA skipped because UTMB 437.0 <= threshold 680.0
LEVENEUR Guy thierry,437.0,Guy-Thierry LEVENEUR,0.685,https://utmb.world/runner/102872.guythierry.leveneur,,,,,,,,,437.0,ITRA skipped because UTMB 437.0 <= threshold 680.0
MARTIAL Thibault,437.0,Thibault MARTIAL,0.6499999999999999,https://utmb.world/runner/5255296.thibault.martial,,,,,,,,,437.0,ITRA skipped because UTMB 437.0 <= threshold 680.0
Molin Pierre,437.0,Pierre MOLIN,0.6499999999999999,https://utmb.world/runner/4352208.pierre.molin,,,,,,,,,437.0,ITRA skipped because UTMB 437.0 <= threshold 680.0
Rodrigues Patrick,437.0,Patrick RODRIGUES,0.6705882352941176,https://utmb.world/runner/594248.patrick.rodrigues,,,,,,,,,437.0,ITRA skipped because UTMB 437.0 <= threshold 680.0
SUPPLISSON BRUNO,437.0,Supplissson BRUNO,0.8287878787878787,https://utmb.world/runner/7434918.supplissson.bruno,,,,,,,,,437.0,ITRA skipped because UTMB 437.0 <= threshold 680.0
VERGUET stephane,437.0,Stephane VERGUET,0.6499999999999999,https://utmb.world/runner/1948947.stephane.verguet,,,,,,,,,437.0,ITRA skipped because UTMB 437.0 <= threshold 680.0
Charel Caroline,436.0,Caroline CHAREL,0.6733333333333333,https://utmb.world/runner/1179859.caroline.charel,,,,,,,,,436.0,ITRA skipped because UTMB 436.0 <= threshold 680.0
de La Cotardière Géraud,436.0,Geraud DE LA COTARDIERE,0.7869565217391303,https://utmb.world/runner/6584572.geraud.delacotardiere,,,,,,,,,436.0,ITRA skipped because UTMB 436.0 <= threshold 680.0
GAPAILLARD KATIA,436.0,Katia GAPAILLARD,0.7375,https://utmb.world/runner/592049.katia.gapaillard,,,,,,,,,436.0,ITRA skipped because UTMB 436.0 <= threshold 680.0
HUMBERT Christian,436.0,Christian HUMBERT,0.6705882352941176,https://utmb.world/runner/3067853.christian.humbert,,,,,,,,,436.0,ITRA skipped because UTMB 436.0 <= threshold 680.0
JAOUEN FABRICE,436.0,Fabrice JAOUEN,0.6499999999999999,https://utmb.world/runner/572011.fabrice.jaouen,,,,,,,,,436.0,ITRA skipped because UTMB 436.0 <= threshold 680.0
Landresse Christian,436.0,Christian LANDRESSE,0.631578947368421,https://utmb.world/runner/72483.christian.landresse,,,,,,,,,436.0,ITRA skipped because UTMB 436.0 <= threshold 680.0
Terradas Lola,436.0,Lola TERRADAS,0.7307692307692308,https://utmb.world/runner/4811400.lola.terradas,,,,,,,,,436.0,ITRA skipped because UTMB 436.0 <= threshold 680.0
Alamelou Gilbert Patrick,435.0,Gilbert Patrick ALAMELOU,0.7375,https://utmb.world/runner/3977330.gilbertpatrick.alamelou,,,,,,,,,435.0,ITRA skipped because UTMB 435.0 <= threshold 680.0
Béchard Robin,435.0,Robin BECHARD,0.6769230769230768,https://utmb.world/runner/5628332.robin.bechard,,,,,,,,,435.0,ITRA skipped because UTMB 435.0 <= threshold 680.0
Benmammar Abdennour,435.0,Abdennour BENMAMMAR,0.631578947368421,https://utmb.world/runner/245329.abdennour.benmammar,,,,,,,,,435.0,ITRA skipped because UTMB 435.0 <= threshold 680.0
Boyé Frédéric,435.0,Frédéric BOYE,0.7307692307692308,https://utmb.world/runner/1918729.frederic.boye,,,,,,,,,435.0,ITRA skipped because UTMB 435.0 <= threshold 680.0
Cayet William,435.0,William CAYET,0.6769230769230768,https://utmb.world/runner/4213351.william.cayet,,,,,,,,,435.0,ITRA skipped because UTMB 435.0 <= threshold 680.0
Delplan Michael,435.0,Michael DELPLAN,0.6266666666666667,https://utmb.world/runner/4230749.michael.delplan,,,,,,,,,435.0,ITRA skipped because UTMB 435.0 <= threshold 680.0
JOSCET ROMUALD,435.0,Romuald JOSCET,0.6499999999999999,https://utmb.world/runner/147118.romuald.joscet,,,,,,,,,435.0,ITRA skipped because UTMB 435.0 <= threshold 680.0
Kopp Grégory,435.0,Grégory KOPP,0.7083333333333333,https://utmb.world/runner/3011429.gregory.kopp,,,,,,,,,435.0,ITRA skipped because UTMB 435.0 <= threshold 680.0
Marot Benjamin,435.0,Benjamin MAROT,0.7,https://utmb.world/runner/4903232.benjamin.marot,,,,,,,,,435.0,ITRA skipped because UTMB 435.0 <= threshold 680.0
Parisot Tristan,435.0,Tristan PARISOT,0.6266666666666667,https://utmb.world/runner/128063.tristan.parisot,,,,,,,,,435.0,ITRA skipped because UTMB 435.0 <= threshold 680.0
Prugneres Laurent,435.0,Laurent PRUGNERES,0.6705882352941176,https://utmb.world/runner/7889026.laurent.prugneres,,,,,,,,,435.0,ITRA skipped because UTMB 435.0 <= threshold 680.0
Sénardière LOUIS JEANNICK,435.0,Louis Jeannick SENARDIERE,0.692,https://utmb.world/runner/7269480.louisjeannick.senardiere,,,,,,,,,435.0,ITRA skipped because UTMB 435.0 <= threshold 680.0
Accardo Thomas,434.0,Thomas ACCARDO,0.6499999999999999,https://utmb.world/runner/8028420.thomas.accardo,,,,,,,,,434.0,ITRA skipped because UTMB 434.0 <= threshold 680.0
Lainé Numa,434.0,Numa LAINE,0.6499999999999999,https://utmb.world/runner/3259067.numa.laine,,,,,,,,,434.0,ITRA skipped because UTMB 434.0 <= threshold 680.0
MAROT Guillaume,434.0,Guillaume MAROT,0.72,https://utmb.world/runner/6647422.guillaume.marot,,,,,,,,,434.0,ITRA skipped because UTMB 434.0 <= threshold 680.0
THOMAS Christophe,434.0,Thomas-Christophe VAN WAMBEKE,0.817391304347826,https://utmb.world/runner/7343888.thomaschristophe.vanwambeke,,,,,,,,,434.0,ITRA skipped because UTMB 434.0 <= threshold 680.0
Zirnheld Léa,433.0,Lea ZIRNHELD,0.7666666666666666,https://utmb.world/runner/4393446.lea.zirnheld,,,,,,,,,433.0,ITRA skipped because UTMB 433.0 <= threshold 680.0
CHRISTINA Stecy,433.0,Stecy CHRISTINA,0.72,https://utmb.world/runner/8028668.stecy.christina,,,,,,,,,433.0,ITRA skipped because UTMB 433.0 <= threshold 680.0
CORMIER Antoine,433.0,Antoine CORMIER,0.6266666666666667,https://utmb.world/runner/7720198.antoine.cormier,,,,,,,,,433.0,ITRA skipped because UTMB 433.0 <= threshold 680.0
ESPERT PIERRE,433.0,Pierre ESPERT,0.6230769230769231,https://utmb.world/runner/654584.pierre.espert,,,,,,,,,433.0,ITRA skipped because UTMB 433.0 <= threshold 680.0
FAUPIN Damien,433.0,Damien FAUPIN,0.6230769230769231,https://utmb.world/runner/7560480.damien.faupin,,,,,,,,,433.0,ITRA skipped because UTMB 433.0 <= threshold 680.0
GENAIS Yann,433.0,Yann GENAIS,0.6818181818181818,https://utmb.world/runner/1870761.yann.genais,,,,,,,,,433.0,ITRA skipped because UTMB 433.0 <= threshold 680.0
houtman victor,433.0,Victor HOUTMAN,0.6499999999999999,https://utmb.world/runner/7889698.victor.houtman,,,,,,,,,433.0,ITRA skipped because UTMB 433.0 <= threshold 680.0
Koch Manon,433.0,Manon KOCH,0.6499999999999999,https://utmb.world/runner/7072424.manon.koch,,,,,,,,,433.0,ITRA skipped because UTMB 433.0 <= threshold 680.0
POIRAULT Emilie,433.0,Emilie POIRAULT,0.6733333333333333,https://utmb.world/runner/7018668.emilie.poirault,,,,,,,,,433.0,ITRA skipped because UTMB 433.0 <= threshold 680.0
willems Gaetan,433.0,Gaetan WILLEMS,0.6499999999999999,https://utmb.world/runner/1115627.gaetan.willems,,,,,,,,,433.0,ITRA skipped because UTMB 433.0 <= threshold 680.0
ALQUIER THIBAULT Aude,432.0,Aude ALQUIER THIBAULT,0.8333333333333333,https://utmb.world/runner/7556544.aude.alquier-thibault,,,,,,,,,432.0,ITRA skipped because UTMB 432.0 <= threshold 680.0
CLEMENT Arnaud,432.0,Clément ARNAUD,1.0,https://utmb.world/runner/8000806.clement.arnaud,,,,,,,,,432.0,ITRA skipped because UTMB 432.0 <= threshold 680.0
FONTAINE FREDERIC,432.0,Jean Frederic FONTAINE,0.6589743589743589,https://utmb.world/runner/814211.jeanfrederic.fontaine,,,,,,,,,432.0,ITRA skipped because UTMB 432.0 <= threshold 680.0
GARRIGUES Raphaël,432.0,Raphael GARRIGUES,0.6705882352941176,https://utmb.world/runner/8029424.raphael.garrigues,,,,,,,,,432.0,ITRA skipped because UTMB 432.0 <= threshold 680.0
Letoupin Puchala Christine,432.0,Christine LETOUPIN PUCHALA,0.7307692307692308,https://utmb.world/runner/4584264.christine.letoupinpuchala,,,,,,,,,432.0,ITRA skipped because UTMB 432.0 <= threshold 680.0
Mairé Jean-David,432.0,Jean-David MAIRE,0.7375,https://utmb.world/runner/440821.jeandavid.maire,,,,,,,,,432.0,ITRA skipped because UTMB 432.0 <= threshold 680.0
MAUNY Raymond,432.0,Raymond MAUNY,0.6769230769230768,https://utmb.world/runner/1725627.raymond.mauny,,,,,,,,,432.0,ITRA skipped because UTMB 432.0 <= threshold 680.0
MAURY jean-marc,432.0,Jean-Marc MAURY,0.72,https://utmb.world/runner/103927.jeanmarc.maury,,,,,,,,,432.0,ITRA skipped because UTMB 432.0 <= threshold 680.0
MINIER MICKAEL,432.0,Mickael MINIER,0.6499999999999999,https://utmb.world/runner/5035272.mickael.minier,,,,,,,,,432.0,ITRA skipped because UTMB 432.0 <= threshold 680.0
paterni romain,432.0,Romain PATERNI,0.6499999999999999,https://utmb.world/runner/2661077.romain.paterni,,,,,,,,,432.0,ITRA skipped because UTMB 432.0 <= threshold 680.0
RIU Flavien,432.0,Flavien RIU,0.7454545454545454,https://utmb.world/runner/4483890.flavien.riu,,,,,,,,,432.0,ITRA skipped because UTMB 432.0 <= threshold 680.0
Rozet Denis,432.0,Denis ROZET,0.6181818181818182,https://utmb.world/runner/389107.denis.rozet,,,,,,,,,432.0,ITRA skipped because UTMB 432.0 <= threshold 680.0
Bosly Victoria,431.0,Victoria BOSLY,0.7,https://utmb.world/runner/5575674.victoria.bosly,,,,,,,,,431.0,ITRA skipped because UTMB 431.0 <= threshold 680.0
Chalmé Mehdi,431.0,Mehdi CHALME,0.6499999999999999,https://utmb.world/runner/1090719.mehdi.chalme,,,,,,,,,431.0,ITRA skipped because UTMB 431.0 <= threshold 680.0
Coquelin Jordan,431.0,Jordan COQUELIN,0.6733333333333333,https://utmb.world/runner/5333106.jordan.coquelin,,,,,,,,,431.0,ITRA skipped because UTMB 431.0 <= threshold 680.0
Deblangy Arnaud,431.0,Arnaud DEBLANGY,0.6733333333333333,https://utmb.world/runner/4317738.arnaud.deblangy,,,,,,,,,431.0,ITRA skipped because UTMB 431.0 <= threshold 680.0
JACQUIN MICHAEL,431.0,Michael JACQUIN,0.6266666666666667,https://utmb.world/runner/5627812.michael.jacquin,,,,,,,,,431.0,ITRA skipped because UTMB 431.0 <= threshold 680.0
Juban Pierrick,431.0,Pierrick JUBAN,0.7,https://utmb.world/runner/3255881.pierrick.juban,,,,,,,,,431.0,ITRA skipped because UTMB 431.0 <= threshold 680.0
Kondratieva IRINA,431.0,Irina KONDRATIEVA,0.7529411764705882,https://utmb.world/runner/3207573.irina.kondratieva,,,,,,,,,431.0,ITRA skipped because UTMB 431.0 <= threshold 680.0
McGee Eric,431.0,Eric MCGEE,0.6499999999999999,https://utmb.world/runner/1698735.eric.mcgee,,,,,,,,,431.0,ITRA skipped because UTMB 431.0 <= threshold 680.0
Vandevelde Thierry,431.0,Thierry VANDEVELDE,0.6888888888888889,https://utmb.world/runner/3030331.thierry.vandevelde,,,,,,,,,431.0,ITRA skipped because UTMB 431.0 <= threshold 680.0
Delpierre Mael,430.0,Mael DELPIERRE,0.75,https://utmb.world/runner/4799162.mael.delpierre,,,,,,,,,430.0,ITRA skipped because UTMB 430.0 <= threshold 680.0
Destrez Thomas,430.0,Thomas DESTREZ,0.6499999999999999,https://utmb.world/runner/6584638.thomas.destrez,,,,,,,,,430.0,ITRA skipped because UTMB 430.0 <= threshold 680.0
GALERNE Guillaume,430.0,Guillaume GALERNE,0.6705882352941176,https://utmb.world/runner/3534925.guillaume.galerne,,,,,,,,,430.0,ITRA skipped because UTMB 430.0 <= threshold 680.0
GUERIN Noëlle,430.0,Noelle GUERIN,0.6230769230769231,https://utmb.world/runner/6078178.noelle.guerin,,,,,,,,,430.0,ITRA skipped because UTMB 430.0 <= threshold 680.0
Hodoul GUILLAUME,430.0,Guillaume HODOUL,0.69375,https://utmb.world/runner/4164679.guillaume.hodoul,,,,,,,,,430.0,ITRA skipped because UTMB 430.0 <= threshold 680.0
nouveau jean luc,430.0,Jean-Luc NOUVEAU,0.6499999999999999,https://utmb.world/runner/33092.jeanluc.nouveau,,,,,,,,,430.0,ITRA skipped because UTMB 430.0 <= threshold 680.0
Piaud Malaury,430.0,Malaury PIAUD,0.6769230769230768,https://utmb.world/runner/5397274.malaury.piaud,,,,,,,,,430.0,ITRA skipped because UTMB 430.0 <= threshold 680.0
Salas Tomy,430.0,Tomy SALAS,0.6499999999999999,https://utmb.world/runner/7889602.tomy.salas,,,,,,,,,430.0,ITRA skipped because UTMB 430.0 <= threshold 680.0
Warnauts Geoffroy,430.0,Geoffroy WARNAUTS,0.6294117647058823,https://utmb.world/runner/4231186.geoffroy.warnauts,,,,,,,,,430.0,ITRA skipped because UTMB 430.0 <= threshold 680.0
WINTZER Tanguy,430.0,Tanguy WINTZER,0.6499999999999999,https://utmb.world/runner/5628096.tanguy.wintzer,,,,,,,,,430.0,ITRA skipped because UTMB 430.0 <= threshold 680.0
Carvalho Dylan,429.0,Dylan CARVALHO,0.7,https://utmb.world/runner/3870079.dylan.carvalho,,,,,,,,,429.0,ITRA skipped because UTMB 429.0 <= threshold 680.0
HAUTBOIS Yannick,429.0,Yannick HAUTBOIS,0.6499999999999999,https://utmb.world/runner/4901992.yannick.hautbois,,,,,,,,,429.0,ITRA skipped because UTMB 429.0 <= threshold 680.0
LAFOND Pierre,429.0,Pierre LAFOND,0.6230769230769231,https://utmb.world/runner/6647868.pierre.lafond,,,,,,,,,429.0,ITRA skipped because UTMB 429.0 <= threshold 680.0
MEHLING Jérôme,429.0,Jérôme MEHLING,0.6499999999999999,https://utmb.world/runner/4788732.jerome.mehling,,,,,,,,,429.0,ITRA skipped because UTMB 429.0 <= threshold 680.0
PAYET JOACKIM,429.0,Joackim PAYET,0.6769230769230768,https://utmb.world/runner/7041420.joackim.payet,,,,,,,,,429.0,ITRA skipped because UTMB 429.0 <= threshold 680.0
GODEFROY STEPHANE,428.0,Stephane GODEFROY,0.6294117647058823,https://utmb.world/runner/4387218.stephane.godefroy,,,,,,,,,428.0,ITRA skipped because UTMB 428.0 <= threshold 680.0
Darpeix Léa,428.0,Lea DARPEIX,0.7454545454545454,https://utmb.world/runner/4037692.lea.darpeix,,,,,,,,,428.0,ITRA skipped because UTMB 428.0 <= threshold 680.0
de Ducla Hubert,428.0,Hubert DE DUCLA,0.6733333333333333,https://utmb.world/runner/186267.hubert.deducla,,,,,,,,,428.0,ITRA skipped because UTMB 428.0 <= threshold 680.0
Lefeuvre Aurélien,428.0,Aurélien LEFEUVRE,0.6294117647058823,https://utmb.world/runner/6314388.aurelien.lefeuvre,,,,,,,,,428.0,ITRA skipped because UTMB 428.0 <= threshold 680.0
Olivier Bastien,428.0,Olivier BASTIN,0.8258620689655173,https://utmb.world/runner/3607755.olivier.bastin,,,,,,,,,428.0,ITRA skipped because UTMB 428.0 <= threshold 680.0
Paul Nathalie,428.0,Nathalie PAUL,0.7307692307692308,https://utmb.world/runner/3301893.nathalie.paul,,,,,,,,,428.0,ITRA skipped because UTMB 428.0 <= threshold 680.0
descamps denis,427.0,Denis DESCAMPS,0.7,https://utmb.world/runner/4934451.denis.descamps,,,,,,,,,427.0,ITRA skipped because UTMB 427.0 <= threshold 680.0
BARTHES FABIEN,427.0,Fabien BARTHES,0.6499999999999999,https://utmb.world/runner/5663896.fabien.barthes,,,,,,,,,427.0,ITRA skipped because UTMB 427.0 <= threshold 680.0
Benoit Elliot,427.0,Elliot BENOIT,0.6230769230769231,https://utmb.world/runner/6432420.elliot.benoit,,,,,,,,,427.0,ITRA skipped because UTMB 427.0 <= threshold 680.0
BIBRE MICHEL,427.0,Bibré MICHEL (Michel BIBRE),0.754054054054054,https://utmb.world/runner/5000257.michel.bibre,,,,,,,,,427.0,ITRA skipped because UTMB 427.0 <= threshold 680.0
Boutoille Damien,427.0,Damien BOUTOILLE,0.69375,https://utmb.world/runner/7804432.damien.boutoille,,,,,,,,,427.0,ITRA skipped because UTMB 427.0 <= threshold 680.0
CAUMONT Dimitri,427.0,Dimitri CAUMONT,0.6266666666666667,https://utmb.world/runner/6491799.dimitri.caumont,,,,,,,,,427.0,ITRA skipped because UTMB 427.0 <= threshold 680.0
Cazanove Sébastien,427.0,Sébastien CAZANOVE,0.6499999999999999,https://utmb.world/runner/5645032.sebastien.cazanove,,,,,,,,,427.0,ITRA skipped because UTMB 427.0 <= threshold 680.0
CHENE ALEXANDRE,427.0,Alexandre CHENE,0.72,https://utmb.world/runner/7207250.alexandre.chene,,,,,,,,,427.0,ITRA skipped because UTMB 427.0 <= threshold 680.0
Colombier Nicolas,427.0,Nicolas COLOMBIER,0.6705882352941176,https://utmb.world/runner/4534382.nicolas.colombier,,,,,,,,,427.0,ITRA skipped because UTMB 427.0 <= threshold 680.0
grondin jimmy,427.0,Jimmy GRONDIN,0.6769230769230768,https://utmb.world/runner/1162351.jimmy.grondin,,,,,,,,,427.0,ITRA skipped because UTMB 427.0 <= threshold 680.0
Le Tallec Loann,427.0,Loann LE TALLEC,0.72,https://utmb.world/runner/3549019.loann.letallec,,,,,,,,,427.0,ITRA skipped because UTMB 427.0 <= threshold 680.0
Lebreton François,427.0,Francois LEBRETON,0.6294117647058823,https://utmb.world/runner/4210740.francois.lebreton,,,,,,,,,427.0,ITRA skipped because UTMB 427.0 <= threshold 680.0
Tison Damien,427.0,Damien TISON,0.6499999999999999,https://utmb.world/runner/1906163.damien.tison,,,,,,,,,427.0,ITRA skipped because UTMB 427.0 <= threshold 680.0
BAUCHET LUDOVIC,426.0,Ludovic BAUCHET,0.6266666666666667,https://utmb.world/runner/6125978.ludovic.bauchet,,,,,,,,,426.0,ITRA skipped because UTMB 426.0 <= threshold 680.0
Butez Sebastien,426.0,Sebastien BUTEZ,0.72,https://utmb.world/runner/2187719.sebastien.butez,,,,,,,,,426.0,ITRA skipped because UTMB 426.0 <= threshold 680.0
Delessert Yann,426.0,Yann DELESSERT,0.75,https://utmb.world/runner/4020689.yann.delessert,,,,,,,,,426.0,ITRA skipped because UTMB 426.0 <= threshold 680.0
DROUET thierry,426.0,Thierry DROUET,0.6499999999999999,https://utmb.world/runner/341518.thierry.drouet,,,,,,,,,426.0,ITRA skipped because UTMB 426.0 <= threshold 680.0
Kerroux Sandrine,426.0,Sandrine KERROUX,0.6499999999999999,https://utmb.world/runner/4473197.sandrine.kerroux,,,,,,,,,426.0,ITRA skipped because UTMB 426.0 <= threshold 680.0
Rivallain Yann,426.0,Yann RIVALLAIN,0.75,https://utmb.world/runner/6313236.yann.rivallain,,,,,,,,,426.0,ITRA skipped because UTMB 426.0 <= threshold 680.0
SEGURO Stéphane,426.0,Stephane SEGURO,0.6733333333333333,https://utmb.world/runner/621019.stephane.seguro,,,,,,,,,426.0,ITRA skipped because UTMB 426.0 <= threshold 680.0
Ammendola Antonio,425.0,Antonio AMMENDOLA,0.6705882352941176,https://utmb.world/runner/992157.antonio.ammendola,,,,,,,,,425.0,ITRA skipped because UTMB 425.0 <= threshold 680.0
Bartolucci Laurent,425.0,Laurent BARTOLUCCI,0.6888888888888889,https://utmb.world/runner/1918123.laurent.bartolucci,,,,,,,,,425.0,ITRA skipped because UTMB 425.0 <= threshold 680.0
Bertrand Arnaud,425.0,Bertrand ARNAUD,1.0,https://utmb.world/runner/6230906.bertrand.arnaud,,,,,,,,,425.0,ITRA skipped because UTMB 425.0 <= threshold 680.0
depeche mathieu,425.0,Mathieu DEPECHE,0.6266666666666667,https://utmb.world/runner/5628236.mathieu.depeche,,,,,,,,,425.0,ITRA skipped because UTMB 425.0 <= threshold 680.0
FAROUN CÉLINE,425.0,Celine FAROUN,0.6230769230769231,https://utmb.world/runner/1277169.celine.faroun,,,,,,,,,425.0,ITRA skipped because UTMB 425.0 <= threshold 680.0
foliard le gal sebastien,425.0,Sebastien FOLIARD-LE GAL,0.7083333333333333,https://utmb.world/runner/319923.sebastien.foliardlegal,,,,,,,,,425.0,ITRA skipped because UTMB 425.0 <= threshold 680.0
LE MERCIER Michel,425.0,Michel LE MERCIER,0.7117647058823529,https://utmb.world/runner/27021.michel.lemercier,,,,,,,,,425.0,ITRA skipped because UTMB 425.0 <= threshold 680.0
PAUSE Marc,425.0,Marc PAUSE,0.6499999999999999,https://utmb.world/runner/371639.marc.pause,,,,,,,,,425.0,ITRA skipped because UTMB 425.0 <= threshold 680.0
PAYET DAVID,425.0,Payet DAVID JOSEPH,0.8310344827586207,https://utmb.world/runner/6967211.payet.davidjoseph,,,,,,,,,425.0,ITRA skipped because UTMB 425.0 <= threshold 680.0
PAYET David Joseph,425.0,Payet DAVID JOSEPH,1.0,https://utmb.world/runner/6967211.payet.davidjoseph,,,,,,,,,425.0,ITRA skipped because UTMB 425.0 <= threshold 680.0
beaufay angelo,424.0,Angelo BEAUFAY,0.6499999999999999,https://utmb.world/runner/1373253.angelo.beaufay,,,,,,,,,424.0,ITRA skipped because UTMB 424.0 <= threshold 680.0
Driver James Percy,424.0,James Percy DRIVER,0.7277777777777779,https://utmb.world/runner/4788638.jamespercy.driver,,,,,,,,,424.0,ITRA skipped because UTMB 424.0 <= threshold 680.0
Guilbert Victor,424.0,Guilbert VICTOR,1.0,https://utmb.world/runner/7972895.guilbert.victor,,,,,,,,,424.0,ITRA skipped because UTMB 424.0 <= threshold 680.0
Langevillier Jhoan,424.0,Jhoan LANGEVILLIER,0.7666666666666666,https://utmb.world/runner/4509932.jhoan.langevillier,,,,,,,,,424.0,ITRA skipped because UTMB 424.0 <= threshold 680.0
laudy benoit,424.0,Benoit LAUDY,0.6499999999999999,https://utmb.world/runner/831483.benoit.laudy,,,,,,,,,424.0,ITRA skipped because UTMB 424.0 <= threshold 680.0
morin daniel,424.0,Daniel MORIN,0.6499999999999999,https://utmb.world/runner/5628086.daniel.morin,,,,,,,,,424.0,ITRA skipped because UTMB 424.0 <= threshold 680.0
Paulcan Damien,424.0,Damien PAULCAN,0.6499999999999999,https://utmb.world/runner/5617385.damien.paulcan,,,,,,,,,424.0,ITRA skipped because UTMB 424.0 <= threshold 680.0
Pommier damien,424.0,Damien POMMIER,0.6499999999999999,https://utmb.world/runner/7176820.damien.pommier,,,,,,,,,424.0,ITRA skipped because UTMB 424.0 <= threshold 680.0
Pontiac Alexandre,424.0,Alexandre PONTIAC,0.6705882352941176,https://utmb.world/runner/5627530.alexandre.pontiac,,,,,,,,,424.0,ITRA skipped because UTMB 424.0 <= threshold 680.0
Révillion Christophe,424.0,Revillion CHRISTOPHE,1.0,https://utmb.world/runner/725295.revillion.christophe,,,,,,,,,424.0,ITRA skipped because UTMB 424.0 <= threshold 680.0
Thomson Frédéric,424.0,Francois-Frederic THOMSON,0.6756097560975609,https://utmb.world/runner/723927.francoisfrederic.thomson,,,,,,,,,424.0,ITRA skipped because UTMB 424.0 <= threshold 680.0
Ayllon Louis,423.0,Louis AYLLON,0.6499999999999999,https://utmb.world/runner/7093214.louis.ayllon,,,,,,,,,423.0,ITRA skipped because UTMB 423.0 <= threshold 680.0
CHENE Christophe,423.0,Christophe CHENE,0.7375,https://utmb.world/runner/2014203.christophe.chene,,,,,,,,,423.0,ITRA skipped because UTMB 423.0 <= threshold 680.0
Desir Xavier,423.0,Xavier DESIR,0.6499999999999999,https://utmb.world/runner/4174489.xavier.desir,,,,,,,,,423.0,ITRA skipped because UTMB 423.0 <= threshold 680.0
FAIDY DOM,423.0,Dom FAIDY,0.6888888888888889,https://utmb.world/runner/6172.dom.faidy,,,,,,,,,423.0,ITRA skipped because UTMB 423.0 <= threshold 680.0
chamarande Jean-Pierre,422.0,Jean-Pierre CHAMARANDE,0.6499999999999999,https://utmb.world/runner/2655639.jeanpierre.chamarande,,,,,,,,,422.0,ITRA skipped because UTMB 422.0 <= threshold 680.0
DUBAS MATTHIEU,422.0,Matthieu DUBAS,0.7,https://utmb.world/runner/7762058.matthieu.dubas,,,,,,,,,422.0,ITRA skipped because UTMB 422.0 <= threshold 680.0
DUCHEMANN SULLY,422.0,Sully DUCHEMANN,0.72,https://utmb.world/runner/3847855.sully.duchemann,,,,,,,,,422.0,ITRA skipped because UTMB 422.0 <= threshold 680.0
LARDANT Philippe,422.0,Philippe LARDANT,0.6499999999999999,https://utmb.world/runner/3392191.philippe.lardant,,,,,,,,,422.0,ITRA skipped because UTMB 422.0 <= threshold 680.0
Robert Tom,422.0,Tom ROBERT,0.72,https://utmb.world/runner/5035564.tom.robert,,,,,,,,,422.0,ITRA skipped because UTMB 422.0 <= threshold 680.0
CHEVILLARD Mickaël,421.0,Mickael CHEVILLARD,0.6888888888888889,https://utmb.world/runner/4754576.mickael.chevillard,,,,,,,,,421.0,ITRA skipped because UTMB 421.0 <= threshold 680.0
ENGUERRAND BRICE,421.0,Brice ENGUERRAND,0.7375,https://utmb.world/runner/5644892.brice.enguerrand,,,,,,,,,421.0,ITRA skipped because UTMB 421.0 <= threshold 680.0
RAULT Timothée,421.0,Timothée RAULT,0.7,https://utmb.world/runner/6829430.timothee.rault,,,,,,,,,421.0,ITRA skipped because UTMB 421.0 <= threshold 680.0
SANTIAGO Philippe,421.0,Philippe SANTIAGO,0.6294117647058823,https://utmb.world/runner/8122.philippe.santiago,,,,,,,,,421.0,ITRA skipped because UTMB 421.0 <= threshold 680.0
VERDURE LAURENT,421.0,Laurent VERDURE,0.6266666666666667,https://utmb.world/runner/467996.laurent.verdure,,,,,,,,,421.0,ITRA skipped because UTMB 421.0 <= threshold 680.0
Bonere thierry jean pascal,420.0,Thierry Jean Pascal BONERE,0.8115384615384615,https://utmb.world/runner/3847693.thierryjeanpascal.bonere,,,,,,,,,420.0,ITRA skipped because UTMB 420.0 <= threshold 680.0
DEVOLDER Jérôme,420.0,Jérôme DEVOLDER,0.6733333333333333,https://utmb.world/runner/586044.jerome.devolder,,,,,,,,,420.0,ITRA skipped because UTMB 420.0 <= threshold 680.0
fauvarque thierry,420.0,Thierry FAUVARQUE,0.6705882352941176,https://utmb.world/runner/79316.thierry.fauvarque,,,,,,,,,420.0,ITRA skipped because UTMB 420.0 <= threshold 680.0
LASSERRE Jean-Jacques,420.0,Jean-Jacques LASSERRE,0.7,https://utmb.world/runner/7165882.jeanjacques.lasserre,,,,,,,,,420.0,ITRA skipped because UTMB 420.0 <= threshold 680.0
poissonneau Marie-Christine,420.0,Marie-Christine POISSONNEAU,0.6888888888888889,https://utmb.world/runner/4954483.mariechristine.poissonneau,,,,,,,,,420.0,ITRA skipped because UTMB 420.0 <= threshold 680.0
TAVIAUX Romane,420.0,Romane TAVIAUX,0.6499999999999999,https://utmb.world/runner/4268835.romane.taviaux,,,,,,,,,420.0,ITRA skipped because UTMB 420.0 <= threshold 680.0
ANDROVICH Grégory,419.0,Grégory ANDROVICH,0.6705882352941176,https://utmb.world/runner/6647434.gregory.androvich,,,,,,,,,419.0,ITRA skipped because UTMB 419.0 <= threshold 680.0
Aulong-Gerboin Antoine,419.0,Antoine AULONG GERBOIN,0.7454545454545454,https://utmb.world/runner/6843390.antoine.aulong-gerboin,,,,,,,,,419.0,ITRA skipped because UTMB 419.0 <= threshold 680.0
BADOUX Gaël,419.0,Gael BADOUX,0.6818181818181818,https://utmb.world/runner/44080.gael.badoux,,,,,,,,,419.0,ITRA skipped because UTMB 419.0 <= threshold 680.0
BARDEAU Serge,419.0,Serge BARDEAU,0.6769230769230768,https://utmb.world/runner/73578.serge.bardeau,,,,,,,,,419.0,ITRA skipped because UTMB 419.0 <= threshold 680.0
Blandeau Rodolphe,419.0,Rodolphe BLANDEAU,0.6294117647058823,https://utmb.world/runner/758590.rodolphe.blandeau,,,,,,,,,419.0,ITRA skipped because UTMB 419.0 <= threshold 680.0
d’abrigeon mathis,419.0,Dabrigeon MATHIS,0.7787878787878787,https://utmb.world/runner/7320346.dabrigeon.mathis,,,,,,,,,419.0,ITRA skipped because UTMB 419.0 <= threshold 680.0
daney laurent,419.0,Danny LAURENT,0.7961538461538462,https://utmb.world/runner/7041326.danny.laurent,,,,,,,,,419.0,ITRA skipped because UTMB 419.0 <= threshold 680.0
Fock Emmanuel,419.0,Emmanuel FOCK,0.7307692307692308,https://utmb.world/runner/4509964.emmanuel.fock,,,,,,,,,419.0,ITRA skipped because UTMB 419.0 <= threshold 680.0
PITARQUE JEAN CHRISTOPHE,419.0,Jean-Christophe PITARQUE,0.7375,https://utmb.world/runner/102769.jeanchristophe.pitarque,,,,,,,,,419.0,ITRA skipped because UTMB 419.0 <= threshold 680.0
Avinash Mattarooa,418.0,Avinash MATTAROOA,1.0,https://utmb.world/runner/3656077.avinash.mattarooa,,,,,,,,,418.0,ITRA skipped because UTMB 418.0 <= threshold 680.0
BELFALI Ilyesse,418.0,Ilyesse BELFALI,0.6266666666666667,https://utmb.world/runner/2641957.ilyesse.belfali,,,,,,,,,418.0,ITRA skipped because UTMB 418.0 <= threshold 680.0
Berry Sheena,418.0,Sheena BERRY,0.6499999999999999,https://utmb.world/runner/5632644.sheena.berry,,,,,,,,,418.0,ITRA skipped because UTMB 418.0 <= threshold 680.0
Bourcheix Charles,418.0,Charles BOURCHEIX,0.6705882352941176,https://utmb.world/runner/6901141.charles.bourcheix,,,,,,,,,418.0,ITRA skipped because UTMB 418.0 <= threshold 680.0
collin sandrine,418.0,Sandrine COLLIN,0.6733333333333333,https://utmb.world/runner/473777.sandrine.collin,,,,,,,,,418.0,ITRA skipped because UTMB 418.0 <= threshold 680.0
Dulau Jean Baptiste,418.0,Jean-Baptiste DULAU,0.7789473684210526,https://utmb.world/runner/76560.jeanbaptiste.dulau,,,,,,,,,418.0,ITRA skipped because UTMB 418.0 <= threshold 680.0
GENDRE Aymeric,418.0,Aymeric GENDRE,0.6499999999999999,https://utmb.world/runner/1857127.aymeric.gendre,,,,,,,,,418.0,ITRA skipped because UTMB 418.0 <= threshold 680.0
Grilly Antoine,418.0,Antoine GRILLY,0.6499999999999999,https://utmb.world/runner/547563.antoine.grilly,,,,,,,,,418.0,ITRA skipped because UTMB 418.0 <= threshold 680.0
ICHAMBE Pascal,418.0,Pascal ICHAMBE,0.6499999999999999,https://utmb.world/runner/102726.pascal.ichambe,,,,,,,,,418.0,ITRA skipped because UTMB 418.0 <= threshold 680.0
KUHN Damien,418.0,Damien KUHN,0.6818181818181818,https://utmb.world/runner/468110.damien.kuhn,,,,,,,,,418.0,ITRA skipped because UTMB 418.0 <= threshold 680.0
LORELLA MATTHIEU,418.0,Matthieu LORELLA,0.6499999999999999,https://utmb.world/runner/726278.matthieu.lorella,,,,,,,,,418.0,ITRA skipped because UTMB 418.0 <= threshold 680.0
MOULIN MARYLINE,418.0,Maryline MOULIN,0.6733333333333333,https://utmb.world/runner/2013041.maryline.moulin,,,,,,,,,418.0,ITRA skipped because UTMB 418.0 <= threshold 680.0
Sedilot Manuel,418.0,Manuel SEDILOT,0.6499999999999999,https://utmb.world/runner/429327.manuel.sedilot,,,,,,,,,418.0,ITRA skipped because UTMB 418.0 <= threshold 680.0
ACADINE Kevin,417.0,Kevin ACADINE,0.6769230769230768,https://utmb.world/runner/2402573.kevin.acadine,,,,,,,,,417.0,ITRA skipped because UTMB 417.0 <= threshold 680.0
BERGOT Jean-christophe,417.0,Jean-Christophe BERGOT,0.7772727272727271,https://utmb.world/runner/145638.jeanchristophe.bergot,,,,,,,,,417.0,ITRA skipped because UTMB 417.0 <= threshold 680.0
BORGHESE Vincent,417.0,Vincent BORGHESE,0.6499999999999999,https://utmb.world/runner/757728.vincent.borghese,,,,,,,,,417.0,ITRA skipped because UTMB 417.0 <= threshold 680.0
de Jong Floor,417.0,Floor DE JONG,0.6769230769230768,https://utmb.world/runner/6037374.floor.dejong,,,,,,,,,417.0,ITRA skipped because UTMB 417.0 <= threshold 680.0
Dijol Antoine,417.0,Antoine DIJOL,0.6769230769230768,https://utmb.world/runner/5512400.antoine.dijol,,,,,,,,,417.0,ITRA skipped because UTMB 417.0 <= threshold 680.0
HOERTH Anne-Laure,417.0,Anne-Laure HOERTH,0.7117647058823529,https://utmb.world/runner/4234156.annelaure.hoerth,,,,,,,,,417.0,ITRA skipped because UTMB 417.0 <= threshold 680.0
MARMASSE didier,417.0,Didier MARMASSE,0.6733333333333333,https://utmb.world/runner/4497436.didier.marmasse,,,,,,,,,417.0,ITRA skipped because UTMB 417.0 <= threshold 680.0
Silberschmidt Manon,417.0,Manon SILBERSCHMIDT,0.7789473684210526,https://utmb.world/runner/6647054.manon.silberschmidt,,,,,,,,,417.0,ITRA skipped because UTMB 417.0 <= threshold 680.0
bagage sabrina,415.0,Sabrina BAGAGE,0.6499999999999999,https://utmb.world/runner/572138.sabrina.bagage,,,,,,,,,415.0,ITRA skipped because UTMB 415.0 <= threshold 680.0
Bhaukaurally Nazir,415.0,Nazir BHAUKAURALLY,0.7666666666666666,https://utmb.world/runner/5500568.nazir.bhaukaurally,,,,,,,,,415.0,ITRA skipped because UTMB 415.0 <= threshold 680.0
BOUDRAOU HAFIDA,415.0,Hafida BOUDRAOU,0.6733333333333333,https://utmb.world/runner/4683995.hafida.boudraou,,,,,,,,,415.0,ITRA skipped because UTMB 415.0 <= threshold 680.0
BOUKHE BRAHIM,415.0,Brahim BOUKHE,0.6230769230769231,https://utmb.world/runner/300833.brahim.boukhe,,,,,,,,,415.0,ITRA skipped because UTMB 415.0 <= threshold 680.0
CHAUSSIN PHILIPPE,415.0,Philippe CHAUSSIN,0.6294117647058823,https://utmb.world/runner/1466681.philippe.chaussin,,,,,,,,,415.0,ITRA skipped because UTMB 415.0 <= threshold 680.0
Couty Eric,415.0,Eric COUTY,0.6499999999999999,https://utmb.world/runner/2619081.eric.couty,,,,,,,,,415.0,ITRA skipped because UTMB 415.0 <= threshold 680.0
Durand Benoit,415.0,Jean-Benoît DURAND,0.7064516129032258,https://utmb.world/runner/1902325.jeanbenoit.durand,,,,,,,,,415.0,ITRA skipped because UTMB 415.0 <= threshold 680.0
fontaine johnny,415.0,Johnny FONTAINE,0.6733333333333333,https://utmb.world/runner/103064.johnny.fontaine,,,,,,,,,415.0,ITRA skipped because UTMB 415.0 <= threshold 680.0
GEORGIOU Lise,415.0,Lise GEORGIOU,0.7307692307692308,https://utmb.world/runner/4798486.lise.georgiou,,,,,,,,,415.0,ITRA skipped because UTMB 415.0 <= threshold 680.0
Mulheim Pierre,415.0,Pierre MULHEIM,0.6499999999999999,https://utmb.world/runner/7889224.pierre.mulheim,,,,,,,,,415.0,ITRA skipped because UTMB 415.0 <= threshold 680.0
Picard Eric,415.0,Eric PICARD,0.6818181818181818,https://utmb.world/runner/26986.eric.picard,,,,,,,,,415.0,ITRA skipped because UTMB 415.0 <= threshold 680.0
SAILLARD Maxime,415.0,Maxime SAILLARD,0.6733333333333333,https://utmb.world/runner/270317.maxime.saillard,,,,,,,,,415.0,ITRA skipped because UTMB 415.0 <= threshold 680.0
ANSART Virginie,414.0,Virginie ANSART,0.6733333333333333,https://utmb.world/runner/4930682.virginie.ansart,,,,,,,,,414.0,ITRA skipped because UTMB 414.0 <= threshold 680.0
belnat guillaume,414.0,Guillaume BELNAT,0.69375,https://utmb.world/runner/3115713.guillaume.belnat,,,,,,,,,414.0,ITRA skipped because UTMB 414.0 <= threshold 680.0
Decouty Aymard,414.0,Aymard DECOUTY,0.6499999999999999,https://utmb.world/runner/7508896.aymard.decouty,,,,,,,,,414.0,ITRA skipped because UTMB 414.0 <= threshold 680.0
HALBARDIER karine,414.0,Karine HALBARDIER,0.7117647058823529,https://utmb.world/runner/3174359.karine.halbardier,,,,,,,,,414.0,ITRA skipped because UTMB 414.0 <= threshold 680.0
LE COUEDIC Gwladys,414.0,Gwladys LE COUEDIC,0.6888888888888889,https://utmb.world/runner/1542505.gwladys.lecouedic,,,,,,,,,414.0,ITRA skipped because UTMB 414.0 <= threshold 680.0
VALIGNY NICOLAS,414.0,Nicolas VALIGNY,0.6266666666666667,https://utmb.world/runner/574525.nicolas.valigny,,,,,,,,,414.0,ITRA skipped because UTMB 414.0 <= threshold 680.0
VIENNE Daniel,414.0,Jean-Daniel VIENNE,0.7064516129032258,https://utmb.world/runner/151385.jeandaniel.vienne,,,,,,,,,414.0,ITRA skipped because UTMB 414.0 <= threshold 680.0
Besnard Henry-Claude,413.0,Henry-Claude BESNARD,0.72,https://utmb.world/runner/3233849.henryclaude.besnard,,,,,,,,,413.0,ITRA skipped because UTMB 413.0 <= threshold 680.0
FLEGEAU Sophie,413.0,Sophie FLEGEAU,0.6499999999999999,https://utmb.world/runner/4099774.sophie.flegeau,,,,,,,,,413.0,ITRA skipped because UTMB 413.0 <= threshold 680.0
LEVIONNOIS Richard,413.0,Richard LEVIONNOIS,0.6888888888888889,https://utmb.world/runner/7165978.richard.levionnois,,,,,,,,,413.0,ITRA skipped because UTMB 413.0 <= threshold 680.0
TECHER JEAN FRANCOIS,413.0,Jean-Francois TECHER,0.7549999999999999,https://utmb.world/runner/246294.jeanfrancois.techer,,,,,,,,,413.0,ITRA skipped because UTMB 413.0 <= threshold 680.0
Weclewski Stephane,413.0,Stephane WECLEWSKI,0.6499999999999999,https://utmb.world/runner/44052.stephane.weclewski,,,,,,,,,413.0,ITRA skipped because UTMB 413.0 <= threshold 680.0
Boljanic Ivan,412.0,Ivan BOLJANIC,0.7307692307692308,https://utmb.world/runner/499275.ivan.boljanic,,,,,,,,,412.0,ITRA skipped because UTMB 412.0 <= threshold 680.0
Georgelin Lucas,412.0,Lucas GEORGELIN,0.72,https://utmb.world/runner/5758796.lucas.georgelin,,,,,,,,,412.0,ITRA skipped because UTMB 412.0 <= threshold 680.0
Hoarau Martine,412.0,Martine HOARAU,0.6499999999999999,https://utmb.world/runner/4269117.martine.hoarau,,,,,,,,,412.0,ITRA skipped because UTMB 412.0 <= threshold 680.0
Laffitte Lola,412.0,Lola LAFFITTE,0.7307692307692308,https://utmb.world/runner/5758762.lola.laffitte,,,,,,,,,412.0,ITRA skipped because UTMB 412.0 <= threshold 680.0
Lazizi Tahar,412.0,Tahar LAZIZI,0.6499999999999999,https://utmb.world/runner/7461856.tahar.lazizi,,,,,,,,,412.0,ITRA skipped because UTMB 412.0 <= threshold 680.0
MAILLOT Rodrigues,412.0,Rodrigues MAILLOT,0.6705882352941176,https://utmb.world/runner/6647334.rodrigues.maillot,,,,,,,,,412.0,ITRA skipped because UTMB 412.0 <= threshold 680.0
MOAL michel,412.0,Jean-Michel MOAL,0.7148148148148148,https://utmb.world/runner/837433.jeanmichel.moal,,,,,,,,,412.0,ITRA skipped because UTMB 412.0 <= threshold 680.0
Piette César,412.0,César PIETTE,0.6499999999999999,https://utmb.world/runner/4824916.cesar.piette,,,,,,,,,412.0,ITRA skipped because UTMB 412.0 <= threshold 680.0
PIOT MURIELLE,412.0,Murielle PIOT,0.7307692307692308,https://utmb.world/runner/104035.murielle.piot,,,,,,,,,412.0,ITRA skipped because UTMB 412.0 <= threshold 680.0
Verdier Julien,412.0,Julien VERDIER,0.6499999999999999,https://utmb.world/runner/7889226.julien.verdier,,,,,,,,,412.0,ITRA skipped because UTMB 412.0 <= threshold 680.0
AUGUSTINE JEAN LUCO,411.0,Jean Luco AUGUSTINE,0.631578947368421,https://utmb.world/runner/3392203.jeanluco.augustine,,,,,,,,,411.0,ITRA skipped because UTMB 411.0 <= threshold 680.0
BAREYRE Cyril,411.0,Cyril BAREYRE,0.6769230769230768,https://utmb.world/runner/726222.cyril.bareyre,,,,,,,,,411.0,ITRA skipped because UTMB 411.0 <= threshold 680.0
BAUCHET Alexis,411.0,Alexis BAUCHET,0.6499999999999999,https://utmb.world/runner/6125976.alexis.bauchet,,,,,,,,,411.0,ITRA skipped because UTMB 411.0 <= threshold 680.0
COUVREUR Benjamin,411.0,Benjamin COUVREUR,0.6294117647058823,https://utmb.world/runner/5645010.benjamin.couvreur,,,,,,,,,411.0,ITRA skipped because UTMB 411.0 <= threshold 680.0
DUPONT Luc,411.0,Luc DUPONT,0.72,https://utmb.world/runner/102866.luc.dupont,,,,,,,,,411.0,ITRA skipped because UTMB 411.0 <= threshold 680.0
GENRIES CHRISTIAN,411.0,Christian GENRIES,0.6705882352941176,https://utmb.world/runner/758344.christian.genries,,,,,,,,,411.0,ITRA skipped because UTMB 411.0 <= threshold 680.0
Matrat Adrien,411.0,Adrien MATRAT,0.6230769230769231,https://utmb.world/runner/4352070.adrien.matrat,,,,,,,,,411.0,ITRA skipped because UTMB 411.0 <= threshold 680.0
thepaut jeremy,411.0,Jeremy THEPAUT,0.6499999999999999,https://utmb.world/runner/390407.jeremy.thepaut,,,,,,,,,411.0,ITRA skipped because UTMB 411.0 <= threshold 680.0
Thevenot Nicolas,411.0,Nicolas THEVENOT,0.6499999999999999,https://utmb.world/runner/7889064.nicolas.thevenot,,,,,,,,,411.0,ITRA skipped because UTMB 411.0 <= threshold 680.0
BERTHILLOT CAROLINE,410.0,Caroline BERTHILLOT,0.6684210526315789,https://utmb.world/runner/767171.caroline.berthillot,,,,,,,,,410.0,ITRA skipped because UTMB 410.0 <= threshold 680.0
CHIRON XAVIER,410.0,Xavier CHIRON,0.6230769230769231,https://utmb.world/runner/198940.xavier.chiron,,,,,,,,,410.0,ITRA skipped because UTMB 410.0 <= threshold 680.0
DOULET Frédéric,410.0,Frederic DOULET,0.6733333333333333,https://utmb.world/runner/110931.frederic.doulet,,,,,,,,,410.0,ITRA skipped because UTMB 410.0 <= threshold 680.0
Duquenne Mickael,410.0,Mickaël DUQUENNE,0.6499999999999999,https://utmb.world/runner/4510082.mickael.duquenne,,,,,,,,,410.0,ITRA skipped because UTMB 410.0 <= threshold 680.0
Marillier Jérémy,410.0,Jeremy MARILLIER,0.69375,https://utmb.world/runner/1227857.jeremy.marillier,,,,,,,,,410.0,ITRA skipped because UTMB 410.0 <= threshold 680.0
Marsande Nicolas,410.0,Nicolas MARSANDE,0.6499999999999999,https://utmb.world/runner/4442350.nicolas.marsande,,,,,,,,,410.0,ITRA skipped because UTMB 410.0 <= threshold 680.0
ANDRIAMBOLOLONA Haja,410.0,Haja ANDRIAMBOLOLONA,0.825,https://utmb.world/runner/6940788.haja.andriambololona,,,,,,,,,410.0,ITRA skipped because UTMB 410.0 <= threshold 680.0
HUBER Alexandre,409.0,Alexandre HUBER,0.72,https://utmb.world/runner/2506655.alexandre.huber,,,,,,,,,409.0,ITRA skipped because UTMB 409.0 <= threshold 680.0
Repplinger Stéphane,409.0,Stephane REPPLINGER,0.6684210526315789,https://utmb.world/runner/8028444.stephane.repplinger,,,,,,,,,409.0,ITRA skipped because UTMB 409.0 <= threshold 680.0
TECHER Florence,409.0,Florence TECHER,0.6733333333333333,https://utmb.world/runner/2402819.florence.techer,,,,,,,,,409.0,ITRA skipped because UTMB 409.0 <= threshold 680.0
Captier Emilien,408.0,Emilien CAPTIER,0.6266666666666667,https://utmb.world/runner/7347184.emilien.captier,,,,,,,,,408.0,ITRA skipped because UTMB 408.0 <= threshold 680.0
CHEUNG-AH-SEUNG Jean,408.0,Jean CHEUNG AH SEUNG,0.825,https://utmb.world/runner/4509872.jean.cheung-ah-seung,,,,,,,,,408.0,ITRA skipped because UTMB 408.0 <= threshold 680.0
LECAREUX CHARLES,408.0,Charles LECAREUX,0.6499999999999999,https://utmb.world/runner/4210859.charles.lecareux,,,,,,,,,408.0,ITRA skipped because UTMB 408.0 <= threshold 680.0
Lepretre Laura,408.0,Laura LEPRETRE,0.7,https://utmb.world/runner/5758630.laura.lepretre,,,,,,,,,408.0,ITRA skipped because UTMB 408.0 <= threshold 680.0
MERLE Marie-Isabelle,408.0,Marie-Isabelle MERLE,0.7899999999999999,https://utmb.world/runner/1539145.marieisabelle.merle,,,,,,,,,408.0,ITRA skipped because UTMB 408.0 <= threshold 680.0
MUSSARD Anne,408.0,Anne MUSSARD,0.7083333333333333,https://utmb.world/runner/5758636.anne.mussard,,,,,,,,,408.0,ITRA skipped because UTMB 408.0 <= threshold 680.0
DEFLORENNE Dominique,407.0,Dominique DEFLORENNE,0.6499999999999999,https://utmb.world/runner/2091325.dominique.deflorenne,,,,,,,,,407.0,ITRA skipped because UTMB 407.0 <= threshold 680.0
deflorenne nathalie,407.0,Nathalie DEFLORENNE,0.6684210526315789,https://utmb.world/runner/429480.nathalie.deflorenne,,,,,,,,,407.0,ITRA skipped because UTMB 407.0 <= threshold 680.0
desfossez Loïc,407.0,Loïc DESFOSSEZ,0.75,https://utmb.world/runner/3870081.loic.desfossez,,,,,,,,,407.0,ITRA skipped because UTMB 407.0 <= threshold 680.0
Mauras Julien,407.0,Julien MAURAS,0.6230769230769231,https://utmb.world/runner/4510098.julien.mauras,,,,,,,,,407.0,ITRA skipped because UTMB 407.0 <= threshold 680.0
ROUX MIKAEL,407.0,Mikael ROUX,0.6818181818181818,https://utmb.world/runner/5767054.mikael.roux,,,,,,,,,407.0,ITRA skipped because UTMB 407.0 <= threshold 680.0
SALLÉ Ted,407.0,Ted SALLE,0.6888888888888889,https://utmb.world/runner/2053741.ted.salle,,,,,,,,,407.0,ITRA skipped because UTMB 407.0 <= threshold 680.0
DOMERGUE KEVIN,406.0,Kevin DOMERGUE,0.7,https://utmb.world/runner/5627592.kevin.domergue,,,,,,,,,406.0,ITRA skipped because UTMB 406.0 <= threshold 680.0
Guenoun Jerome,406.0,Jerome GUENOUN,0.6499999999999999,https://utmb.world/runner/914677.jerome.guenoun,,,,,,,,,406.0,ITRA skipped because UTMB 406.0 <= threshold 680.0
leocadie lucien,406.0,Lucien LEOCADIE,0.6733333333333333,https://utmb.world/runner/157709.lucien.leocadie,,,,,,,,,406.0,ITRA skipped because UTMB 406.0 <= threshold 680.0
TESSIER JEAN MARIE,406.0,Jean-Marie TESSIER,0.6888888888888889,https://utmb.world/runner/159785.jeanmarie.tessier,,,,,,,,,406.0,ITRA skipped because UTMB 406.0 <= threshold 680.0
Bagage Charles,405.0,Charles BAGAGE,0.6499999999999999,https://utmb.world/runner/836.charles.bagage,,,,,,,,,405.0,ITRA skipped because UTMB 405.0 <= threshold 680.0
GIRAL DEBOISVILLIERS Yoen,405.0,Yoen GIRAL-DEBOISVILLIERS,0.8599999999999999,https://utmb.world/runner/1073399.yoen.giraldeboisvilliers,,,,,,,,,405.0,ITRA skipped because UTMB 405.0 <= threshold 680.0
KAMAL Anais,405.0,Anais KAMAL,0.6181818181818182,https://utmb.world/runner/4230490.anais.kamal,,,,,,,,,405.0,ITRA skipped because UTMB 405.0 <= threshold 680.0
MAHE Benjamin,405.0,Mahé BENJAMIN,1.0,https://utmb.world/runner/6348698.mahe.benjamin,,,,,,,,,405.0,ITRA skipped because UTMB 405.0 <= threshold 680.0
Massart Pascal,405.0,Pascal MASSART,0.6499999999999999,https://utmb.world/runner/1016543.pascal.massart,,,,,,,,,405.0,ITRA skipped because UTMB 405.0 <= threshold 680.0
VENNAT Cédric,405.0,Vennat CEDRIC,1.0,https://utmb.world/runner/5401209.vennat.cedric,,,,,,,,,405.0,ITRA skipped because UTMB 405.0 <= threshold 680.0
Lebon Lucien,404.0,Lucien LEBON,0.6499999999999999,https://utmb.world/runner/6553056.lucien.lebon,,,,,,,,,404.0,ITRA skipped because UTMB 404.0 <= threshold 680.0
Marseille Arnaud,404.0,Arnaud MARSEILLE,0.69375,https://utmb.world/runner/7889374.arnaud.marseille,,,,,,,,,404.0,ITRA skipped because UTMB 404.0 <= threshold 680.0
TOUTIRAIS OLIVIER,404.0,Olivier TOUTIRAIS,0.6705882352941176,https://utmb.world/runner/1097979.olivier.toutirais,,,,,,,,,404.0,ITRA skipped because UTMB 404.0 <= threshold 680.0
Belotti Loic,403.0,Loic BELOTTI,0.7083333333333333,https://utmb.world/runner/758970.loic.belotti,,,,,,,,,403.0,ITRA skipped because UTMB 403.0 <= threshold 680.0
Kervella Guillaume,403.0,Guillaume KERVELLA,0.6499999999999999,https://utmb.world/runner/2353183.guillaume.kervella,,,,,,,,,403.0,ITRA skipped because UTMB 403.0 <= threshold 680.0
Parise Frederic,403.0,Frederic PARISE,0.6733333333333333,https://utmb.world/runner/553709.frederic.parise,,,,,,,,,403.0,ITRA skipped because UTMB 403.0 <= threshold 680.0
Picard Marceau,403.0,Marceau PICARD,0.6499999999999999,https://utmb.world/runner/4387268.marceau.picard,,,,,,,,,403.0,ITRA skipped because UTMB 403.0 <= threshold 680.0
BAJYANA SONGA Eugène,402.0,Eugène BAJYANA SONGA,0.7549999999999999,https://utmb.world/runner/2402985.eugene.bajyanasonga,,,,,,,,,402.0,ITRA skipped because UTMB 402.0 <= threshold 680.0
Bodin Nicolas,402.0,Nicolas BODIN,0.6769230769230768,https://utmb.world/runner/7358980.nicolas.bodin,,,,,,,,,402.0,ITRA skipped because UTMB 402.0 <= threshold 680.0
Poupard Géraldine,402.0,Geraldine POUPARD,0.6705882352941176,https://utmb.world/runner/6078926.geraldine.poupard,,,,,,,,,402.0,ITRA skipped because UTMB 402.0 <= threshold 680.0
romain rudi,402.0,Rudi ROMAIN,0.6818181818181818,https://utmb.world/runner/732548.rudi.romain,,,,,,,,,402.0,ITRA skipped because UTMB 402.0 <= threshold 680.0
Gereone Emmanuel,401.0,Emmanuel GEREONE,0.6499999999999999,https://utmb.world/runner/6647332.emmanuel.gereone,,,,,,,,,401.0,ITRA skipped because UTMB 401.0 <= threshold 680.0
Hoarau Sandrine,401.0,Sandrine HOARAU,0.6733333333333333,https://utmb.world/runner/5648192.sandrine.hoarau,,,,,,,,,401.0,ITRA skipped because UTMB 401.0 <= threshold 680.0
LAW-HANG Frédéric,401.0,Frederic LAW HANG,0.6294117647058823,https://utmb.world/runner/153940.frederic.lawhang,,,,,,,,,401.0,ITRA skipped because UTMB 401.0 <= threshold 680.0
Meurice Isabelle,401.0,Isabelle MEURICE,0.6499999999999999,https://utmb.world/runner/1998839.isabelle.meurice,,,,,,,,,401.0,ITRA skipped because UTMB 401.0 <= threshold 680.0
Laffitte Arnaud,400.0,Arnaud LAFFITTE,0.6733333333333333,https://utmb.world/runner/6604605.arnaud.laffitte,,,,,,,,,400.0,ITRA skipped because UTMB 400.0 <= threshold 680.0
LATUILIERE DIDIER,400.0,Didier LATUILIERE,0.7117647058823529,https://utmb.world/runner/8651.didier.latuiliere,,,,,,,,,400.0,ITRA skipped because UTMB 400.0 <= threshold 680.0
Le Gouez Jean-Christophe,400.0,Jean-Christophe LE GOUEZ,0.7375,https://utmb.world/runner/6584666.jeanchristophe.legouez,,,,,,,,,400.0,ITRA skipped because UTMB 400.0 <= threshold 680.0
Parmanum Didier,400.0,Didier PARMANUM,0.6733333333333333,https://utmb.world/runner/5627518.didier.parmanum,,,,,,,,,400.0,ITRA skipped because UTMB 400.0 <= threshold 680.0
Pollier Joan,400.0,Joan POLLIER,0.7083333333333333,https://utmb.world/runner/6647658.joan.pollier,,,,,,,,,400.0,ITRA skipped because UTMB 400.0 <= threshold 680.0
SORNOM Joachim,400.0,Joachim SORNOM,0.6499999999999999,https://utmb.world/runner/7889156.joachim.sornom,,,,,,,,,400.0,ITRA skipped because UTMB 400.0 <= threshold 680.0
BECQ PATRICK,399.0,Patrick BECQ,0.7083333333333333,https://utmb.world/runner/72602.patrick.becq,,,,,,,,,399.0,ITRA skipped because UTMB 399.0 <= threshold 680.0
CADIGNAN Denis,399.0,Denis CADIGNAN,0.7,https://utmb.world/runner/1721877.denis.cadignan,,,,,,,,,399.0,ITRA skipped because UTMB 399.0 <= threshold 680.0
Cadoret Guillaume,399.0,Guillaume CADORET,0.6705882352941176,https://utmb.world/runner/659216.guillaume.cadoret,,,,,,,,,399.0,ITRA skipped because UTMB 399.0 <= threshold 680.0
Carles Guillaume,399.0,Charles GUILLAUME,0.8287878787878787,https://utmb.world/runner/6930720.charles.guillaume,,,,,,,,,399.0,ITRA skipped because UTMB 399.0 <= threshold 680.0
Coothoopermal Didier,399.0,Didier COOTHOOPERMAL,0.7549999999999999,https://utmb.world/runner/633796.didier.coothoopermal,,,,,,,,,399.0,ITRA skipped because UTMB 399.0 <= threshold 680.0
CROSNIER Théo,399.0,Théo CROSNIER,0.7307692307692308,https://utmb.world/runner/6479022.theo.crosnier,,,,,,,,,399.0,ITRA skipped because UTMB 399.0 <= threshold 680.0
Delaunay Mickael,399.0,Mickael DELAUNAY,0.6499999999999999,https://utmb.world/runner/7467006.mickael.delaunay,,,,,,,,,399.0,ITRA skipped because UTMB 399.0 <= threshold 680.0
DUCHAUSSOY BRUNO,399.0,Bruno DUCHAUSSOY,0.7375,https://utmb.world/runner/1094841.bruno.duchaussoy,,,,,,,,,399.0,ITRA skipped because UTMB 399.0 <= threshold 680.0
GALTIER Samuel,399.0,Samuel GALTIER,0.6499999999999999,https://utmb.world/runner/2656411.samuel.galtier,,,,,,,,,399.0,ITRA skipped because UTMB 399.0 <= threshold 680.0
Le Gall Clemence,399.0,Clémence LE GALL,0.6499999999999999,https://utmb.world/runner/4561562.clemence.legall,,,,,,,,,399.0,ITRA skipped because UTMB 399.0 <= threshold 680.0
mondehard elodie,399.0,Elodie MONDEHARD,0.69375,https://utmb.world/runner/3062555.elodie.mondehard,,,,,,,,,399.0,ITRA skipped because UTMB 399.0 <= threshold 680.0
monier gilles,399.0,Gilles MONIER,0.6230769230769231,https://utmb.world/runner/5379576.gilles.monier,,,,,,,,,399.0,ITRA skipped because UTMB 399.0 <= threshold 680.0
Sautron Jean francois,399.0,Jean-Francois SAUTRON,0.7333333333333334,https://utmb.world/runner/533420.jeanfrancois.sautron,,,,,,,,,399.0,ITRA skipped because UTMB 399.0 <= threshold 680.0
Ayllon Jean Christophe,398.0,Jean-Christophe AYLLON,0.7772727272727271,https://utmb.world/runner/127944.jeanchristophe.ayllon,,,,,,,,,398.0,ITRA skipped because UTMB 398.0 <= threshold 680.0
HENRIET Loïc,398.0,Loic HENRIET,0.7083333333333333,https://utmb.world/runner/7830962.loic.henriet,,,,,,,,,398.0,ITRA skipped because UTMB 398.0 <= threshold 680.0
Betancourt Marie,398.0,Marie BETANCOURT,0.7375,https://utmb.world/runner/7761494.marie.betancourt,,,,,,,,,398.0,ITRA skipped because UTMB 398.0 <= threshold 680.0
Claire Jérôme,398.0,Jerome CLAIRE,0.6230769230769231,https://utmb.world/runner/1610393.jerome.claire,,,,,,,,,398.0,ITRA skipped because UTMB 398.0 <= threshold 680.0
Debat Victor,398.0,Victor DEBAT,0.6499999999999999,https://utmb.world/runner/5648024.victor.debat,,,,,,,,,398.0,ITRA skipped because UTMB 398.0 <= threshold 680.0
Fleury Cindy,398.0,Cindy FLEURY,0.6499999999999999,https://utmb.world/runner/7889724.cindy.fleury,,,,,,,,,398.0,ITRA skipped because UTMB 398.0 <= threshold 680.0
Garin Vincent,398.0,Gabin VINCENT,0.7961538461538462,https://utmb.world/runner/6406238.gabin.vincent,,,,,,,,,398.0,ITRA skipped because UTMB 398.0 <= threshold 680.0
Lanne Michel,398.0,Anne MICHEL,0.8195652173913044,https://utmb.world/runner/5930046.anne.michel,,,,,,,,,398.0,ITRA skipped because UTMB 398.0 <= threshold 680.0
Pépers Fabien,398.0,Fabien PEPERS,0.6230769230769231,https://utmb.world/runner/4202114.fabien.pepers,,,,,,,,,398.0,ITRA skipped because UTMB 398.0 <= threshold 680.0
Ranson Ninon,398.0,Ninon RANSON,0.6499999999999999,https://utmb.world/runner/1277721.ninon.ranson,,,,,,,,,398.0,ITRA skipped because UTMB 398.0 <= threshold 680.0
RAONIMANANA Vola Mahery Hasina,398.0,Vola Mahery Hasina RAONIMANANA,0.72,https://utmb.world/runner/7889234.volamaheryhasina.raonimanana,,,,,,,,,398.0,ITRA skipped because UTMB 398.0 <= threshold 680.0
Salambron Julien,398.0,Julien SALAMBRON,0.69375,https://utmb.world/runner/5627556.julien.salambron,,,,,,,,,398.0,ITRA skipped because UTMB 398.0 <= threshold 680.0
Schneider Luka,398.0,Luka SCHNEIDER,0.75,https://utmb.world/runner/7088762.luka.schneider,,,,,,,,,398.0,ITRA skipped because UTMB 398.0 <= threshold 680.0
CAQUERET Jean,397.0,Jean CAQUERET,0.7307692307692308,https://utmb.world/runner/4352658.jean.caqueret,,,,,,,,,397.0,ITRA skipped because UTMB 397.0 <= threshold 680.0
CECCHINEL Marc,397.0,Marc CECCHINEL,0.75,https://utmb.world/runner/7889236.marc.cecchinel,,,,,,,,,397.0,ITRA skipped because UTMB 397.0 <= threshold 680.0
Maugain Carole,397.0,Carole MAUGAIN,0.6499999999999999,https://utmb.world/runner/65702.carole.maugain,,,,,,,,,397.0,ITRA skipped because UTMB 397.0 <= threshold 680.0
Ribiollet Stephanie,397.0,Stephanie RIBIOLLET,0.631578947368421,https://utmb.world/runner/707852.stephanie.ribiollet,,,,,,,,,397.0,ITRA skipped because UTMB 397.0 <= threshold 680.0
MOISSON JEAN WILLY,396.0,Jean Willy MOISSON,0.6888888888888889,https://utmb.world/runner/4509956.jeanwilly.moisson,,,,,,,,,396.0,ITRA skipped because UTMB 396.0 <= threshold 680.0
Placzek Stephane,396.0,Stephane PLACZEK,0.6499999999999999,https://utmb.world/runner/6061478.stephane.placzek,,,,,,,,,396.0,ITRA skipped because UTMB 396.0 <= threshold 680.0
Rebillard Quentin,396.0,Quentin REBILLARD,0.6705882352941176,https://utmb.world/runner/7889238.quentin.rebillard,,,,,,,,,396.0,ITRA skipped because UTMB 396.0 <= threshold 680.0
SIVAGNANAM Bala,396.0,Bala SIVAGNANAM,0.7666666666666666,https://utmb.world/runner/8485.bala.sivagnanam,,,,,,,,,396.0,ITRA skipped because UTMB 396.0 <= threshold 680.0
BOURRELLY Ghislaine,395.0,Ghislaine BOURRELLY,0.631578947368421,https://utmb.world/runner/4811494.ghislaine.bourrelly,,,,,,,,,395.0,ITRA skipped because UTMB 395.0 <= threshold 680.0
BRUTSAERT FRANCK,395.0,Franck BRUTSAERT,0.69375,https://utmb.world/runner/1202409.franck.brutsaert,,,,,,,,,395.0,ITRA skipped because UTMB 395.0 <= threshold 680.0
GRAND Romain,395.0,Romain GRAND,0.6499999999999999,https://utmb.world/runner/2363303.romain.grand,,,,,,,,,395.0,ITRA skipped because UTMB 395.0 <= threshold 680.0
LEHOUX Patrick,395.0,Patrick LEHOUX,0.6499999999999999,https://utmb.world/runner/825671.patrick.lehoux,,,,,75.17,LEHOUX-GAGNON PATRICK,0.8599999999999999,https://www.betrail.run/runner/lehoux-gagnon.patrick/overview,395.0,ITRA skipped because UTMB 395.0 <= threshold 680.0; Betrail catalog fuzzy match; Betrail catalog fuzzy match
MELER Corentin,395.0,Corentin MELER,0.7,https://utmb.world/runner/4837184.corentin.meler,,,,,,,,,395.0,ITRA skipped because UTMB 395.0 <= threshold 680.0
Rollin Geoffrey,395.0,Geoffrey ROLLIN,0.6733333333333333,https://utmb.world/runner/8485936.geoffrey.rollin,,,,,,,,,395.0,ITRA skipped because UTMB 395.0 <= threshold 680.0
Therin Johan,395.0,Johan THERIN,0.6499999999999999,https://utmb.world/runner/6647024.johan.therin,,,,,,,,,395.0,ITRA skipped because UTMB 395.0 <= threshold 680.0
Lefebvre du grosriez Alain,394.0,Alain LEFEBVRE DU GROSRIEZ,0.8384615384615384,https://utmb.world/runner/4510854.alain.lefebvredugrosriez,,,,,,,,,394.0,ITRA skipped because UTMB 394.0 <= threshold 680.0
MANSARD YOHAN,394.0,Yohan MANSARD,0.6769230769230768,https://utmb.world/runner/6647348.yohan.mansard,,,,,,,,,394.0,ITRA skipped because UTMB 394.0 <= threshold 680.0
MARTIN Gaëtan,394.0,Martin GAETANI,0.8240740740740741,https://utmb.world/runner/6517444.martin.gaetani,,,,,,,,,394.0,ITRA skipped because UTMB 394.0 <= threshold 680.0
NAZE Florian,394.0,Florian NAZE,0.7083333333333333,https://utmb.world/runner/6647344.florian.naze,,,,,,,,,394.0,ITRA skipped because UTMB 394.0 <= threshold 680.0
Ragot Tom,394.0,Tom RAGOT,0.6888888888888889,https://utmb.world/runner/8028482.tom.ragot,,,,,,,,,394.0,ITRA skipped because UTMB 394.0 <= threshold 680.0
Saint-Hillier Périne,394.0,Perine SAINT HILLIER,0.7549999999999999,https://utmb.world/runner/6584664.perine.saint-hillier,,,,,,,,,394.0,ITRA skipped because UTMB 394.0 <= threshold 680.0
Tricot Anatole,394.0,Anatole TRICOT,0.6499999999999999,https://utmb.world/runner/7803124.anatole.tricot,,,,,,,,,394.0,ITRA skipped because UTMB 394.0 <= threshold 680.0
Elias Pierre,393.0,Pierre ELIAS,0.6499999999999999,https://utmb.world/runner/7501450.pierre.elias,,,,,,,,,393.0,ITRA skipped because UTMB 393.0 <= threshold 680.0
Galant Willy,393.0,Willy GALANT,0.6499999999999999,https://utmb.world/runner/3257843.willy.galant,,,,,,,,,393.0,ITRA skipped because UTMB 393.0 <= threshold 680.0
quaretti alexis,393.0,Alexis QUARETTI,0.6733333333333333,https://utmb.world/runner/579817.alexis.quaretti,,,,,,,,,393.0,ITRA skipped because UTMB 393.0 <= threshold 680.0
Garreau Anouck,392.0,Anouck GARREAU,0.6499999999999999,https://utmb.world/runner/1310255.anouck.garreau,,,,,,,,,392.0,ITRA skipped because UTMB 392.0 <= threshold 680.0
Huquebart Christophe,392.0,Christophe HUQUEBART,0.6499999999999999,https://utmb.world/runner/4232367.christophe.huquebart,,,,,,,,,392.0,ITRA skipped because UTMB 392.0 <= threshold 680.0
Langevillier Jean max,392.0,Jean Max LANGEVILLIER,0.7,https://utmb.world/runner/2053821.jeanmax.langevillier,,,,,,,,,392.0,ITRA skipped because UTMB 392.0 <= threshold 680.0
LHOTE Clément,392.0,Clement LHOTE,0.6769230769230768,https://utmb.world/runner/3963587.clement.lhote,,,,,,,,,392.0,ITRA skipped because UTMB 392.0 <= threshold 680.0
MALIGNE Vincent,392.0,Vincent MALIGNE,0.6266666666666667,https://utmb.world/runner/5959336.vincent.maligne,,,,,,,,,392.0,ITRA skipped because UTMB 392.0 <= threshold 680.0
Overmeer Anthony,392.0,Anthony OVERMEER,0.6499999999999999,https://utmb.world/runner/8044718.anthony.overmeer,,,,,,,,,392.0,ITRA skipped because UTMB 392.0 <= threshold 680.0
POISSON Servane,392.0,Servane POISSON,0.6266666666666667,https://utmb.world/runner/5767128.servane.poisson,,,,,,,,,392.0,ITRA skipped because UTMB 392.0 <= threshold 680.0
RIU Nathalie,392.0,Nathalie RIU,0.7666666666666666,https://utmb.world/runner/4522262.nathalie.riu,,,,,,,,,392.0,ITRA skipped because UTMB 392.0 <= threshold 680.0
TAOCHY Nicolas,392.0,Nicolas TAOCHY,0.6499999999999999,https://utmb.world/runner/8029648.nicolas.taochy,,,,,,,,,392.0,ITRA skipped because UTMB 392.0 <= threshold 680.0
CARCANY Alain,391.0,Alain CARCANY,0.6769230769230768,https://utmb.world/runner/103781.alain.carcany,,,,,,,,,391.0,ITRA skipped because UTMB 391.0 <= threshold 680.0
GIPOULOU Enzo,391.0,Enzo GIPOULOU,0.7307692307692308,https://utmb.world/runner/7343259.enzo.gipoulou,,,,,,,,,391.0,ITRA skipped because UTMB 391.0 <= threshold 680.0
Grondin Georget michel,391.0,Georget Michel GRONDIN,0.7454545454545454,https://utmb.world/runner/4269106.georgetmichel.grondin,,,,,,,,,391.0,ITRA skipped because UTMB 391.0 <= threshold 680.0
Larichaudy Damien,391.0,Damien LARICHAUDY,0.7117647058823529,https://utmb.world/runner/282840.damien.larichaudy,,,,,,,,,391.0,ITRA skipped because UTMB 391.0 <= threshold 680.0
PERRINE HENRI-MICHEL,391.0,Henri-Michel PERRINE,0.72,https://utmb.world/runner/725475.henrimichel.perrine,,,,,,,,,391.0,ITRA skipped because UTMB 391.0 <= threshold 680.0
Tegon Sébastien,391.0,Sébastien TEGON,0.72,https://utmb.world/runner/7889746.sebastien.tegon,,,,,,,,,391.0,ITRA skipped because UTMB 391.0 <= threshold 680.0
BAILLAIS FRANCK,390.0,Franck BAILLAIS,0.6733333333333333,https://utmb.world/runner/5956328.franck.baillais,,,,,,,,,390.0,ITRA skipped because UTMB 390.0 <= threshold 680.0
Gourlay Jean-Christophe,390.0,Jean-Christophe GOURLAY,0.7565217391304347,https://utmb.world/runner/7889758.jeanchristophe.gourlay,,,,,,,,,390.0,ITRA skipped because UTMB 390.0 <= threshold 680.0
Hudon Romane,390.0,Romane HUDON,0.6499999999999999,https://utmb.world/runner/7556596.romane.hudon,,,,,,,,,390.0,ITRA skipped because UTMB 390.0 <= threshold 680.0
LACOUR sebastien,390.0,Sebastien LACOUR,0.69375,https://utmb.world/runner/5646436.sebastien.lacour,,,,,,,,,390.0,ITRA skipped because UTMB 390.0 <= threshold 680.0
Le Bihan Stéphane,390.0,Stephane LE BIHAN,0.6294117647058823,https://utmb.world/runner/146433.stephane.lebihan,,,,,,,,,390.0,ITRA skipped because UTMB 390.0 <= threshold 680.0
MAILLOT Didier,390.0,Didier MAILLOT,0.6499999999999999,https://utmb.world/runner/7889756.didier.maillot,,,,,,,,,390.0,ITRA skipped because UTMB 390.0 <= threshold 680.0
VITY JEREMY,390.0,Jeremy VITY,0.6818181818181818,https://utmb.world/runner/2402217.jeremy.vity,,,,,,,,,390.0,ITRA skipped because UTMB 390.0 <= threshold 680.0
Conrozier Remi,389.0,Remi CONROZIER,0.75,https://utmb.world/runner/6647368.remi.conrozier,,,,,,,,,389.0,ITRA skipped because UTMB 389.0 <= threshold 680.0
de Hulster Arnaud,389.0,Arnaud DE HULSTER,0.7117647058823529,https://utmb.world/runner/1815007.arnaud.dehulster,,,,,,,,,389.0,ITRA skipped because UTMB 389.0 <= threshold 680.0
maillot francois alix,389.0,Francois-Alix MAILLOT,0.7333333333333334,https://utmb.world/runner/282848.francoisalix.maillot,,,,,,,,,389.0,ITRA skipped because UTMB 389.0 <= threshold 680.0
MUSSARD Alexandre,389.0,Alexandre MUSSARD,0.6705882352941176,https://utmb.world/runner/3559743.alexandre.mussard,,,,,,,,,389.0,ITRA skipped because UTMB 389.0 <= threshold 680.0
Mussard William,389.0,William MUSSARD,0.6266666666666667,https://utmb.world/runner/1721551.william.mussard,,,,,,,,,389.0,ITRA skipped because UTMB 389.0 <= threshold 680.0
Ondet Nelly,389.0,Nelly ONDET,0.6181818181818182,https://utmb.world/runner/1668583.nelly.ondet,,,,,,,,,389.0,ITRA skipped because UTMB 389.0 <= threshold 680.0
BAFCOP Nicolas,388.0,Nicolas BAFCOP,0.6499999999999999,https://utmb.world/runner/194732.nicolas.bafcop,,,,,,,,,388.0,ITRA skipped because UTMB 388.0 <= threshold 680.0
DAGORNE JULIEN,388.0,Julien DAGORNE,0.6499999999999999,https://utmb.world/runner/5665858.julien.dagorne,,,,,,,,,388.0,ITRA skipped because UTMB 388.0 <= threshold 680.0
Vaillant Emeric,388.0,Emeric VAILLANT,0.6733333333333333,https://utmb.world/runner/25632.emeric.vaillant,,,,,,,,,388.0,ITRA skipped because UTMB 388.0 <= threshold 680.0
BEGUE Grégory,387.0,Gregory BEGUE,0.6769230769230768,https://utmb.world/runner/2403101.gregory.begue,,,,,,,,,387.0,ITRA skipped because UTMB 387.0 <= threshold 680.0
Bob Arnaud,387.0,Arnaud BOB,0.72,https://utmb.world/runner/141079.arnaud.bob,,,,,,,,,387.0,ITRA skipped because UTMB 387.0 <= threshold 680.0
DEMANGE PASCAL,387.0,Pascal DEMANGE,0.6499999999999999,https://utmb.world/runner/157968.pascal.demange,,,,,,,,,387.0,ITRA skipped because UTMB 387.0 <= threshold 680.0
GARCON Paolo,387.0,Paolo GARCON,0.6499999999999999,https://utmb.world/runner/1927497.paolo.garcon,,,,,,,,,387.0,ITRA skipped because UTMB 387.0 <= threshold 680.0
RELLAND Carole,387.0,Carole RELLAND,0.6499999999999999,https://utmb.world/runner/317857.carole.relland,,,,,,,,,387.0,ITRA skipped because UTMB 387.0 <= threshold 680.0
TAVERNIER Cédric,387.0,Cedric TAVERNIER,0.69375,https://utmb.world/runner/5758936.cedric.tavernier,,,,,,,,,387.0,ITRA skipped because UTMB 387.0 <= threshold 680.0
Tse Pen Ki Mico,387.0,Mico TSE PEN KI,0.7666666666666666,https://utmb.world/runner/6553066.mico.tsepenki,,,,,,,,,387.0,ITRA skipped because UTMB 387.0 <= threshold 680.0
ANDRIANALY Lucas,386.0,Lucas ANDRIANALY,0.7375,https://utmb.world/runner/7950652.lucas.andrianaly,,,,,,,,,386.0,ITRA skipped because UTMB 386.0 <= threshold 680.0
Luppi Julien,386.0,Julien LUPPI,0.6499999999999999,https://utmb.world/runner/897947.julien.luppi,,,,,,,,,386.0,ITRA skipped because UTMB 386.0 <= threshold 680.0
Humblot Johnatan,385.0,Johnatan HUMBLOT,0.6499999999999999,https://utmb.world/runner/3560055.johnatan.humblot,,,,,,,,,385.0,ITRA skipped because UTMB 385.0 <= threshold 680.0
OHANIAN Frederic,385.0,Frédéric OHANIAN,0.6499999999999999,https://utmb.world/runner/410780.frederic.ohanian,,,,,,,,,385.0,ITRA skipped because UTMB 385.0 <= threshold 680.0
Planton Francis,385.0,Francis PLANTON,0.6266666666666667,https://utmb.world/runner/2399493.francis.planton,,,,,,,,,385.0,ITRA skipped because UTMB 385.0 <= threshold 680.0
Courtel Jules,384.0,Jules COURTEL,0.6769230769230768,https://utmb.world/runner/8115148.jules.courtel,,,,,,,,,384.0,ITRA skipped because UTMB 384.0 <= threshold 680.0
DUCHAUSSOY Albin,384.0,Albin DUCHAUSSOY,0.7375,https://utmb.world/runner/1655819.albin.duchaussoy,,,,,,,,,384.0,ITRA skipped because UTMB 384.0 <= threshold 680.0
ECORMIER Viviane,384.0,Viviane ECORMIER,0.6499999999999999,https://utmb.world/runner/23755.viviane.ecormier,,,,,,,,,384.0,ITRA skipped because UTMB 384.0 <= threshold 680.0
ISSOP Isaac,383.0,Issop ISAAC,1.0,https://utmb.world/runner/7288822.issop.isaac,,,,,,,,,383.0,ITRA skipped because UTMB 383.0 <= threshold 680.0
Le Gurun Pierre-Yves,383.0,Pierre-Yves LE GURUN,0.685,https://utmb.world/runner/941031.pierreyves.legurun,,,,,,,,,383.0,ITRA skipped because UTMB 383.0 <= threshold 680.0
LIVERSET-CASSIANI SYLVAIN,383.0,Sylvain LIVERSET-CASSIANI,0.776,https://utmb.world/runner/7886476.sylvain.liversetcassiani,,,,,,,,,383.0,ITRA skipped because UTMB 383.0 <= threshold 680.0
Parisot Matthis,383.0,Matthis PARISOT,0.6266666666666667,https://utmb.world/runner/6928247.matthis.parisot,,,,,,,,,383.0,ITRA skipped because UTMB 383.0 <= threshold 680.0
DURAND Pierre,382.0,Jean-Pierre DURAND,0.7064516129032258,https://utmb.world/runner/5516104.jeanpierre.durand,,,,,,,,,382.0,ITRA skipped because UTMB 382.0 <= threshold 680.0
FIGUET Christophe,382.0,Christophe FIGUET,0.7117647058823529,https://utmb.world/runner/6949010.christophe.figuet,,,,,,,,,382.0,ITRA skipped because UTMB 382.0 <= threshold 680.0
HAUTBOIS Lucie,382.0,Lucie HAUTBOIS,0.7,https://utmb.world/runner/3231135.lucie.hautbois,,,,,,,,,382.0,ITRA skipped because UTMB 382.0 <= threshold 680.0
tachet suzanne,382.0,Suzanne TACHET,0.6499999999999999,https://utmb.world/runner/554148.suzanne.tachet,,,,,,,,,382.0,ITRA skipped because UTMB 382.0 <= threshold 680.0
Vanderstukken Andréa,382.0,Andrea VANDERSTUKKEN,0.7549999999999999,https://utmb.world/runner/5560379.andrea.vanderstukken,,,,,,,,,382.0,ITRA skipped because UTMB 382.0 <= threshold 680.0
BRETON Aurélien,381.0,Aurelien BRETON,0.6733333333333333,https://utmb.world/runner/7695110.aurelien.breton,,,,,,,,,381.0,ITRA skipped because UTMB 381.0 <= threshold 680.0
Esturgie Julien,381.0,Julien ESTURGIE,0.6733333333333333,https://utmb.world/runner/1493137.julien.esturgie,,,,,,,,,381.0,ITRA skipped because UTMB 381.0 <= threshold 680.0
Honorine Jean-claude,381.0,Jean Claude HONORINE,0.685,https://utmb.world/runner/6584690.jeanclaude.honorine,,,,,,,,,381.0,ITRA skipped because UTMB 381.0 <= threshold 680.0
LARAVINE CLAUDE,381.0,Claude LARAVINE,0.6733333333333333,https://utmb.world/runner/4268812.claude.laravine,,,,,,,,,381.0,ITRA skipped because UTMB 381.0 <= threshold 680.0
LESPINAS Stephane,381.0,Stephane LESPINAS,0.6294117647058823,https://utmb.world/runner/572120.stephane.lespinas,,,,,,,,,381.0,ITRA skipped because UTMB 381.0 <= threshold 680.0
Goblet Maxence,380.0,Maxence GOBLET,0.6499999999999999,https://utmb.world/runner/7284820.maxence.goblet,,,,,,,,,380.0,ITRA skipped because UTMB 380.0 <= threshold 680.0
BRIERE CHRISTINE,379.0,Christine BRIERE,0.69375,https://utmb.world/runner/467370.christine.briere,,,,,,,,,379.0,ITRA skipped because UTMB 379.0 <= threshold 680.0
CANN Laurent,379.0,Laurent CANN,0.7083333333333333,https://utmb.world/runner/4487388.laurent.cann,,,,,,,,,379.0,ITRA skipped because UTMB 379.0 <= threshold 680.0
de Freitas Michael John,379.0,Michael John DE FREITAS,0.6652173913043478,https://utmb.world/runner/5444.michaeljohn.defreitas,,,,,,,,,379.0,ITRA skipped because UTMB 379.0 <= threshold 680.0
ETESSE Mathieu,379.0,Mathieu ETESSE,0.6499999999999999,https://utmb.world/runner/5035406.mathieu.etesse,,,,,,,,,379.0,ITRA skipped because UTMB 379.0 <= threshold 680.0
Lhersonneau Patrick,379.0,Patrick LHERSONNEAU,0.7052631578947368,https://utmb.world/runner/641795.patrick.lhersonneau,,,,,,,,,379.0,ITRA skipped because UTMB 379.0 <= threshold 680.0
RANGGEH Sabine,379.0,Sabine RANGGEH,0.6499999999999999,https://utmb.world/runner/5627598.sabine.ranggeh,,,,,,,,,379.0,ITRA skipped because UTMB 379.0 <= threshold 680.0
SARHADIAN ERIC,379.0,Eric SARHADIAN,0.75,https://utmb.world/runner/5690305.eric.sarhadian,,,,,,,,,379.0,ITRA skipped because UTMB 379.0 <= threshold 680.0
Tanné Tangi,379.0,Tangi TANNÉ,0.6181818181818182,https://utmb.world/runner/4510188.tangi.tanne,,,,,,,,,379.0,ITRA skipped because UTMB 379.0 <= threshold 680.0
Vauthrin Guillaume,379.0,Guillaume VAUTHRIN,0.6499999999999999,https://utmb.world/runner/2349997.guillaume.vauthrin,,,,,,,,,379.0,ITRA skipped because UTMB 379.0 <= threshold 680.0
DELACROIX dominique,378.0,Dominique DELACROIX,0.631578947368421,https://utmb.world/runner/1721587.dominique.delacroix,,,,,,,,,378.0,ITRA skipped because UTMB 378.0 <= threshold 680.0
ÉLÉONORE dominique,378.0,Dominique ELEONORE,0.6499999999999999,https://utmb.world/runner/3858279.dominique.eleonore,,,,,,,,,378.0,ITRA skipped because UTMB 378.0 <= threshold 680.0
Simhon Tomi,378.0,Tomi SIMHON,0.6818181818181818,https://utmb.world/runner/3707839.tomi.simhon,,,,,,,,,378.0,ITRA skipped because UTMB 378.0 <= threshold 680.0
vinel sebastien,378.0,Sebastien VINEL,0.72,https://utmb.world/runner/1180075.sebastien.vinel,,,,,,,,,378.0,ITRA skipped because UTMB 378.0 <= threshold 680.0
COISSARD Fabrice,377.0,Fabrice COISSARD,0.6499999999999999,https://utmb.world/runner/4447698.fabrice.coissard,,,,,,,,,377.0,ITRA skipped because UTMB 377.0 <= threshold 680.0
Marie-Luce Jean-Marc,377.0,Marie-Luce EVAIN,0.6944444444444444,https://utmb.world/runner/1776753.marieluce.evain,,,,,,,,,377.0,ITRA skipped because UTMB 377.0 <= threshold 680.0
QUERON Maxime,377.0,Maxime QUERON,0.6230769230769231,https://utmb.world/runner/640215.maxime.queron,,,,,,,,,377.0,ITRA skipped because UTMB 377.0 <= threshold 680.0
Roques Valentin,377.0,Valentin ROQUES,0.6733333333333333,https://utmb.world/runner/6647886.valentin.roques,,,,,,,,,377.0,ITRA skipped because UTMB 377.0 <= threshold 680.0
ROUSSEL Louis,377.0,Louis ROUSSEL-GOBE,0.7064516129032258,https://utmb.world/runner/8117656.louis.rousselgobe,,,,,,,,,377.0,ITRA skipped because UTMB 377.0 <= threshold 680.0
DELAUNAY Régis,376.0,Regis DELAUNAY,0.7,https://utmb.world/runner/3231723.regis.delaunay,,,,,,,,,376.0,ITRA skipped because UTMB 376.0 <= threshold 680.0
FRECHON CAMILLE,376.0,Camille FRECHON,0.6266666666666667,https://utmb.world/runner/4289391.camille.frechon,,,,,,,,,376.0,ITRA skipped because UTMB 376.0 <= threshold 680.0
HUETTE Jean-Paul,376.0,Paul HUETTE JEAN,0.78125,https://utmb.world/runner/7373930.paul.huettejean,,,,,,,,,376.0,ITRA skipped because UTMB 376.0 <= threshold 680.0
Le Bianic nicolas,376.0,Nicolas LE BIANIC,0.6705882352941176,https://utmb.world/runner/151782.nicolas.lebianic,,,,,,,,,376.0,ITRA skipped because UTMB 376.0 <= threshold 680.0
Mardia Stephane,376.0,Stephane MARDIA,0.6733333333333333,https://utmb.world/runner/6648118.stephane.mardia,,,,,,,,,376.0,ITRA skipped because UTMB 376.0 <= threshold 680.0
Petitjean Patrick,376.0,Patrick PETITJEAN,0.6705882352941176,https://utmb.world/runner/5029324.patrick.petitjean,,,,,,,,,376.0,ITRA skipped because UTMB 376.0 <= threshold 680.0
Simonin Aurelie,376.0,Aurelie SIMONIN,0.6266666666666667,https://utmb.world/runner/6647404.aurelie.simonin,,,,,,,,,376.0,ITRA skipped because UTMB 376.0 <= threshold 680.0
SLOBODZIAN FABIEN,376.0,Fabien SLOBODZIAN,0.7117647058823529,https://utmb.world/runner/485174.fabien.slobodzian,,,,,,,,,376.0,ITRA skipped because UTMB 376.0 <= threshold 680.0
BERTRAND Stéphane,375.0,Bertrand STEPHAN,0.8287878787878787,https://utmb.world/runner/7274852.bertrand.stephan,,,,,,,,,375.0,ITRA skipped because UTMB 375.0 <= threshold 680.0
DERAND Jean-Fred,375.0,Jean-Fred DERAND,0.69375,https://utmb.world/runner/6647890.jeanfred.derand,,,,,,,,,375.0,ITRA skipped because UTMB 375.0 <= threshold 680.0
LE PROVOST Corentin,375.0,Corentin LE PROVOST,0.6684210526315789,https://utmb.world/runner/5628230.corentin.leprovost,,,,,,,,,375.0,ITRA skipped because UTMB 375.0 <= threshold 680.0
SIMONTE NATHANAEL,375.0,Nathanael SIMONTE,0.6705882352941176,https://utmb.world/runner/5627572.nathanael.simonte,,,,,,,,,375.0,ITRA skipped because UTMB 375.0 <= threshold 680.0
Boesch Thomas,374.0,Thomas BOESCH,0.6230769230769231,https://utmb.world/runner/6584704.thomas.boesch,,,,,,,,,374.0,ITRA skipped because UTMB 374.0 <= threshold 680.0
Pacreau Priscilla,374.0,Priscilla PACREAU,0.6705882352941176,https://utmb.world/runner/2165835.priscilla.pacreau,,,,,,,,,374.0,ITRA skipped because UTMB 374.0 <= threshold 680.0
VASSE David,374.0,David VASSE,0.6181818181818182,https://utmb.world/runner/3688269.david.vasse,,,,,,,,,374.0,ITRA skipped because UTMB 374.0 <= threshold 680.0
blanchet rodolphe,373.0,Rodolphe BLANCHET,0.6294117647058823,https://utmb.world/runner/2669353.rodolphe.blanchet,,,,,,,,,373.0,ITRA skipped because UTMB 373.0 <= threshold 680.0
Hoarau Cindy,373.0,Cindy HOARAU,0.6499999999999999,https://utmb.world/runner/2025297.cindy.hoarau,,,,,,,,,373.0,ITRA skipped because UTMB 373.0 <= threshold 680.0
POILPRE Florian,373.0,Florian POILPRE,0.6266666666666667,https://utmb.world/runner/3559813.florian.poilpre,,,,,,,,,373.0,ITRA skipped because UTMB 373.0 <= threshold 680.0
Quemeneur Bernard,373.0,Bernard QUEMENEUR,0.6705882352941176,https://utmb.world/runner/1997537.bernard.quemeneur,,,,,,,,,373.0,ITRA skipped because UTMB 373.0 <= threshold 680.0
Renimel Bruno,373.0,Bruno RENIMEL,0.6769230769230768,https://utmb.world/runner/725517.bruno.renimel,,,,,,,,,373.0,ITRA skipped because UTMB 373.0 <= threshold 680.0
WIEGERT MARIE,373.0,Marie WIEGERT,0.6769230769230768,https://utmb.world/runner/1650903.marie.wiegert,,,,,,,,,373.0,ITRA skipped because UTMB 373.0 <= threshold 680.0
Hernandez Graciliano,372.0,Graciliano HERNANDEZ,0.6499999999999999,https://utmb.world/runner/7556548.graciliano.hernandez,,,,,,,,,372.0,ITRA skipped because UTMB 372.0 <= threshold 680.0
Iziddine Mkadara,372.0,Mkadara IZIDDINE,0.6499999999999999,https://utmb.world/runner/4798946.mkadara.iziddine,,,,,,,,,372.0,ITRA skipped because UTMB 372.0 <= threshold 680.0
Jonquille Florent,372.0,Florent JONQUILLE,0.6705882352941176,https://utmb.world/runner/5627582.florent.jonquille,,,,,,,,,372.0,ITRA skipped because UTMB 372.0 <= threshold 680.0
Lauret Clement,372.0,Laurent CLEMENT,0.8258620689655173,https://utmb.world/runner/3891481.laurent.clement,,,,,,,,,372.0,ITRA skipped because UTMB 372.0 <= threshold 680.0
RABESA Aymar,372.0,Aymar RABESA,0.6499999999999999,https://utmb.world/runner/103723.aymar.rabesa,,,,,,,,,372.0,ITRA skipped because UTMB 372.0 <= threshold 680.0
BALAHACHI ISSA,371.0,Issa BALAHACHI,0.75,https://utmb.world/runner/336965.issa.balahachi,,,,,,,,,371.0,ITRA skipped because UTMB 371.0 <= threshold 680.0
GEYER Véronique,371.0,Véronique GEYER,0.72,https://utmb.world/runner/3870655.veronique.geyer,,,,,,,,,371.0,ITRA skipped because UTMB 371.0 <= threshold 680.0
HOARAU Didier,371.0,Hoarau DIDIER ALBERT,0.8515151515151513,https://utmb.world/runner/7269528.hoarau.didieralbert,,,,,,,,,371.0,ITRA skipped because UTMB 371.0 <= threshold 680.0
Hoarau Didier Albert,371.0,Hoarau DIDIER ALBERT,1.0,https://utmb.world/runner/7269528.hoarau.didieralbert,,,,,,,,,371.0,ITRA skipped because UTMB 371.0 <= threshold 680.0
PAYET KELLY,371.0,Kelly PAYET,0.6181818181818182,https://utmb.world/runner/3560153.kelly.payet,,,,,,,,,371.0,ITRA skipped because UTMB 371.0 <= threshold 680.0
CORNIC DAVID,370.0,David CORNIC,0.6499999999999999,https://utmb.world/runner/8028532.david.cornic,,,,,,,,,370.0,ITRA skipped because UTMB 370.0 <= threshold 680.0
Gaudens Gino,370.0,Gino GAUDENS,0.7083333333333333,https://utmb.world/runner/7889848.gino.gaudens,,,,,,,,,370.0,ITRA skipped because UTMB 370.0 <= threshold 680.0
PAPA Dimitri,370.0,Dimitri PAPA,0.7083333333333333,https://utmb.world/runner/6647430.dimitri.papa,,,,,,,,,370.0,ITRA skipped because UTMB 370.0 <= threshold 680.0
pouliquen dominique,370.0,Dominique POULIQUEN,0.631578947368421,https://utmb.world/runner/26080.dominique.pouliquen,,,,,,,,,370.0,ITRA skipped because UTMB 370.0 <= threshold 680.0
Sinama Charles Romain,370.0,Charles Romain SINAMA,0.7666666666666666,https://utmb.world/runner/6647082.charlesromain.sinama,,,,,,,,,370.0,ITRA skipped because UTMB 370.0 <= threshold 680.0
Hoellinger Lionel,369.0,Lionel HOELLINGER,0.7117647058823529,https://utmb.world/runner/480921.lionel.hoellinger,,,,,,,,,369.0,ITRA skipped because UTMB 369.0 <= threshold 680.0
DEBOUCHE GERARD,368.0,Gerard DEBOUCHE,0.6733333333333333,https://utmb.world/runner/207923.gerard.debouche,,,,,,,,,368.0,ITRA skipped because UTMB 368.0 <= threshold 680.0
FERRANDON Jean baptiste,368.0,Jean Baptiste FERRANDON,0.6956521739130435,https://utmb.world/runner/7889864.jeanbaptiste.ferrandon,,,,,,,,,368.0,ITRA skipped because UTMB 368.0 <= threshold 680.0
FILLATRE Thomas,368.0,Thomas FILLATRE,0.6733333333333333,https://utmb.world/runner/5956416.thomas.fillatre,,,,,,,,,368.0,ITRA skipped because UTMB 368.0 <= threshold 680.0
GESBERT KEVIN,368.0,Kevin GESBERT,0.6769230769230768,https://utmb.world/runner/7889254.kevin.gesbert,,,,,,,,,368.0,ITRA skipped because UTMB 368.0 <= threshold 680.0
Boivin Samuel,367.0,Samuel BOIVIN,0.6230769230769231,https://utmb.world/runner/3560003.samuel.boivin,,,,,,,,,367.0,ITRA skipped because UTMB 367.0 <= threshold 680.0
BOUCHACOT JEROME,367.0,Jerome BOUCHACOT,0.69375,https://utmb.world/runner/314539.jerome.bouchacot,,,,,,,,,367.0,ITRA skipped because UTMB 367.0 <= threshold 680.0
Gamblin Denis,367.0,Denis GAMBLIN,0.6769230769230768,https://utmb.world/runner/1927353.denis.gamblin,,,,,,,,,367.0,ITRA skipped because UTMB 367.0 <= threshold 680.0
GIGAN Martine,367.0,Martine GIGAN,0.6769230769230768,https://utmb.world/runner/3256067.martine.gigan,,,,,,,,,367.0,ITRA skipped because UTMB 367.0 <= threshold 680.0
Heng Chanthou,367.0,Chanthou HENG,0.7307692307692308,https://utmb.world/runner/243563.chanthou.heng,,,,,,,,,367.0,ITRA skipped because UTMB 367.0 <= threshold 680.0
Kbidi Eric,367.0,Eric KBIDI,0.6499999999999999,https://utmb.world/runner/7556592.eric.kbidi,,,,,,,,,367.0,ITRA skipped because UTMB 367.0 <= threshold 680.0
Portemer Sébastien,367.0,Sebastien PORTEMER,0.6499999999999999,https://utmb.world/runner/418994.sebastien.portemer,,,,,,,,,367.0,ITRA skipped because UTMB 367.0 <= threshold 680.0
RABENOAVY Ando Nelly,367.0,Ando Nelly RABENOAVY,0.6499999999999999,https://utmb.world/runner/5793704.andonelly.rabenoavy,,,,,,,,,367.0,ITRA skipped because UTMB 367.0 <= threshold 680.0
ROBERT Roinito,367.0,Roinito ROBERT,0.6499999999999999,https://utmb.world/runner/338628.roinito.robert,,,,,,,,,367.0,ITRA skipped because UTMB 367.0 <= threshold 680.0
Sigrist Michelle,367.0,Michelle SIGRIST,0.6499999999999999,https://utmb.world/runner/6647130.michelle.sigrist,,,,,,,,,367.0,ITRA skipped because UTMB 367.0 <= threshold 680.0
BOYER Claude Patrick,366.0,Claude Patrick BOYER,0.7899999999999999,https://utmb.world/runner/5628234.claudepatrick.boyer,,,,,,,,,366.0,ITRA skipped because UTMB 366.0 <= threshold 680.0
LINAS Florent,366.0,Florent LINAS,0.6769230769230768,https://utmb.world/runner/3870321.florent.linas,,,,,,,,,366.0,ITRA skipped because UTMB 366.0 <= threshold 680.0
RASOANATOANDRO Zafizanajanaka,366.0,Zafizanajanaka RASOANATOANDRO,0.6379310344827587,https://utmb.world/runner/7556608.zafizanajanaka.rasoanatoandro,,,,,,,,,366.0,ITRA skipped because UTMB 366.0 <= threshold 680.0
ANDA DAVID,365.0,David ANDA,0.6499999999999999,https://utmb.world/runner/5035372.david.anda,,,,,,,,,365.0,ITRA skipped because UTMB 365.0 <= threshold 680.0
Berthier Florian,365.0,Didier Berhier FLORIAN,0.7026315789473684,https://utmb.world/runner/6134048.didierberhier.florian,,,,,,,,,365.0,ITRA skipped because UTMB 365.0 <= threshold 680.0
Cretier Maxime,365.0,Maxime CRETIER,0.6499999999999999,https://utmb.world/runner/4592624.maxime.cretier,,,,,,,,,365.0,ITRA skipped because UTMB 365.0 <= threshold 680.0
gopaul stephan,365.0,Stephan GOPAUL,0.6499999999999999,https://utmb.world/runner/1841493.stephan.gopaul,,,,,,,,,365.0,ITRA skipped because UTMB 365.0 <= threshold 680.0
QUESNE Thierry,365.0,Thierry QUESNE,0.6499999999999999,https://utmb.world/runner/73199.thierry.quesne,,,,,,,,,365.0,ITRA skipped because UTMB 365.0 <= threshold 680.0
Renauld Violaine,365.0,Violaine RENAULD,0.6499999999999999,https://utmb.world/runner/5854246.violaine.renauld,,,,,,,,,365.0,ITRA skipped because UTMB 365.0 <= threshold 680.0
FUCHS Michel,364.0,Michel FUCHS,0.6499999999999999,https://utmb.world/runner/5513401.michel.fuchs,,,,,,,,,364.0,ITRA skipped because UTMB 364.0 <= threshold 680.0
Gachet Patrick,364.0,Patrick GACHET,0.6499999999999999,https://utmb.world/runner/40875.patrick.gachet,,,,,,,,,364.0,ITRA skipped because UTMB 364.0 <= threshold 680.0
Aguilar Richard,363.0,Richard AGUILAR,0.6266666666666667,https://utmb.world/runner/6584752.richard.aguilar,,,,,,,,,363.0,ITRA skipped because UTMB 363.0 <= threshold 680.0
Bournez Romain,363.0,Romain BOURNEZ,0.6499999999999999,https://utmb.world/runner/8029582.romain.bournez,,,,,,,,,363.0,ITRA skipped because UTMB 363.0 <= threshold 680.0
leblanc thomas,363.0,Thomas LEBLANC,0.6499999999999999,https://utmb.world/runner/5628260.thomas.leblanc,,,,,,,,,363.0,ITRA skipped because UTMB 363.0 <= threshold 680.0
Maurisse Isabelle,363.0,Isabelle MAURISSE,0.6294117647058823,https://utmb.world/runner/3847949.isabelle.maurisse,,,,,,,,,363.0,ITRA skipped because UTMB 363.0 <= threshold 680.0
Sababady Jean claude,363.0,Jean Claude SABABADY,0.685,https://utmb.world/runner/2402825.jeanclaude.sababady,,,,,,,,,363.0,ITRA skipped because UTMB 363.0 <= threshold 680.0
Alef Jean philippe,362.0,Jean Philippe ALEF,0.8055555555555556,https://utmb.world/runner/5627632.jeanphilippe.alef,,,,,,,,,362.0,ITRA skipped because UTMB 362.0 <= threshold 680.0
CADAR Georges,362.0,Georges CADAR,0.6769230769230768,https://utmb.world/runner/581177.georges.cadar,,,,,,,,,362.0,ITRA skipped because UTMB 362.0 <= threshold 680.0
LANDOUCH FRANCK,362.0,Franck LANDOUCH,0.6733333333333333,https://utmb.world/runner/1321345.franck.landouch,,,,,,,,,362.0,ITRA skipped because UTMB 362.0 <= threshold 680.0
Moutoussamy Virgile,362.0,Virgile MOUTOUSSAMY,0.7052631578947368,https://utmb.world/runner/485370.virgile.moutoussamy,,,,,,,,,362.0,ITRA skipped because UTMB 362.0 <= threshold 680.0
VENET valentin,362.0,Valentin VENET,0.7,https://utmb.world/runner/4230197.valentin.venet,,,,,,,,,362.0,ITRA skipped because UTMB 362.0 <= threshold 680.0
AH-KIT Xavier,361.0,Xavier AH KIT,0.6230769230769231,https://utmb.world/runner/7889258.xavier.ah-kit,,,,,,,,,361.0,ITRA skipped because UTMB 361.0 <= threshold 680.0
Fortanier Aurélie,361.0,Aurélie FORTANIER,0.6705882352941176,https://utmb.world/runner/7891218.aurelie.fortanier,,,,,,,,,361.0,ITRA skipped because UTMB 361.0 <= threshold 680.0
Gador Vincent,361.0,Vincent GADOR,0.6769230769230768,https://utmb.world/runner/4269123.vincent.gador,,,,,,,,,361.0,ITRA skipped because UTMB 361.0 <= threshold 680.0
Gilles Camille,361.0,Camille GILLES,0.6499999999999999,https://utmb.world/runner/4799046.camille.gilles,,,,,,,,,361.0,ITRA skipped because UTMB 361.0 <= threshold 680.0
LARGEAU Arthur,361.0,Arthur LARGEAU,0.6499999999999999,https://utmb.world/runner/7889934.arthur.largeau,,,,,,,,,361.0,ITRA skipped because UTMB 361.0 <= threshold 680.0
Bompard Arnaud,360.0,Arnaud BOMPARD,0.6499999999999999,https://utmb.world/runner/5758622.arnaud.bompard,,,,,,,,,360.0,ITRA skipped because UTMB 360.0 <= threshold 680.0
Laguerre Margaux,360.0,Margaux LAGUERRE,0.6499999999999999,https://utmb.world/runner/6584786.margaux.laguerre,,,,,,,,,360.0,ITRA skipped because UTMB 360.0 <= threshold 680.0
ABRAHAM CLAIRE,359.0,Claire ABRAHAM,0.6499999999999999,https://utmb.world/runner/3870725.claire.abraham,,,,,,,,,359.0,ITRA skipped because UTMB 359.0 <= threshold 680.0
Champagnat Benjamin,359.0,Benjamin CHAMPAGNAT,0.6684210526315789,https://utmb.world/runner/3870519.benjamin.champagnat,,,,,,,,,359.0,ITRA skipped because UTMB 359.0 <= threshold 680.0
DE QUATREBARBES THOMAS,359.0,Thomas DE QUATREBARBES,0.7772727272727271,https://utmb.world/runner/942.thomas.dequatrebarbes,,,,,,,,,359.0,ITRA skipped because UTMB 359.0 <= threshold 680.0
ETHEVE Thierry,359.0,Thierry ETHEVE,0.6499999999999999,https://utmb.world/runner/155387.thierry.etheve,,,,,,,,,359.0,ITRA skipped because UTMB 359.0 <= threshold 680.0
VERDIER Nicolas,358.0,Nicolas VERDIER,0.6266666666666667,https://utmb.world/runner/672237.nicolas.verdier,,,,,,,,,358.0,ITRA skipped because UTMB 358.0 <= threshold 680.0
Voisenet Cédric,358.0,Cédric VOISENET,0.6733333333333333,https://utmb.world/runner/5042482.cedric.voisenet,,,,,,,,,358.0,ITRA skipped because UTMB 358.0 <= threshold 680.0
BLAS Maurice,357.0,Maurice BLAS,0.7083333333333333,https://utmb.world/runner/5035308.maurice.blas,,,,,,,,,357.0,ITRA skipped because UTMB 357.0 <= threshold 680.0
TESTAN FREDY CLAUDE,357.0,Fredy Claude TESTAN,0.7421052631578946,https://utmb.world/runner/6647006.fredyclaude.testan,,,,,,,,,357.0,ITRA skipped because UTMB 357.0 <= threshold 680.0
galant franck,356.0,Franck GALANT,0.6230769230769231,https://utmb.world/runner/103708.franck.galant,,,,,,,,,356.0,ITRA skipped because UTMB 356.0 <= threshold 680.0
JEANNETTE GUY,356.0,Guy JEANNETTE,0.7846153846153845,https://utmb.world/runner/103447.guy.jeannette,,,,,,,,,356.0,ITRA skipped because UTMB 356.0 <= threshold 680.0
Payet Fabrice,356.0,Jean Fabrice PAYET,0.7064516129032258,https://utmb.world/runner/4799120.jeanfabrice.payet,,,,,88.4,PAYET FABRICE,1.0,https://www.betrail.run/runner/payet.fabrice.3/overview,356.0,ITRA skipped because UTMB 356.0 <= threshold 680.0
RAFALIARIMANANA Tsiferana,356.0,Tsiferana RAFALIARIMANANA,0.72,https://utmb.world/runner/156943.tsiferana.rafaliarimanana,,,,,,,,,356.0,ITRA skipped because UTMB 356.0 <= threshold 680.0
RASOAZANAMELINA Ursula,356.0,Ursula RASOAZANAMELINA,0.7772727272727271,https://utmb.world/runner/1803753.ursula.rasoazanamelina,,,,,,,,,356.0,ITRA skipped because UTMB 356.0 <= threshold 680.0
Buisson Olivier,355.0,Olivier BUISSON,0.6266666666666667,https://utmb.world/runner/2366937.olivier.buisson,,,,,,,,,355.0,ITRA skipped because UTMB 355.0 <= threshold 680.0
DEMARET GILLES,355.0,Gilles DEMARET,0.6499999999999999,https://utmb.world/runner/599220.gilles.demaret,,,,,,,,,355.0,ITRA skipped because UTMB 355.0 <= threshold 680.0
Foussard Etienne,355.0,Etienne FOUSSARD,0.6499999999999999,https://utmb.world/runner/3559889.etienne.foussard,,,,,,,,,355.0,ITRA skipped because UTMB 355.0 <= threshold 680.0
GUYET Dimitri,355.0,Dimitri GUYET,0.6769230769230768,https://utmb.world/runner/5648144.dimitri.guyet,,,,,,,,,355.0,ITRA skipped because UTMB 355.0 <= threshold 680.0
MAIRESSE Jean-Baptiste,355.0,Jean-Baptiste MAIRESSE,0.7136363636363636,https://utmb.world/runner/166912.jeanbaptiste.mairesse,,,,,,,,,355.0,ITRA skipped because UTMB 355.0 <= threshold 680.0
Paccioni Nicolas,355.0,Nicolas PACCIONI,0.6499999999999999,https://utmb.world/runner/7088912.nicolas.paccioni,,,,,,,,,355.0,ITRA skipped because UTMB 355.0 <= threshold 680.0
TURPIN Ericka,354.0,Ericka TURPIN,0.6230769230769231,https://utmb.world/runner/282881.ericka.turpin,,,,,,,,,354.0,ITRA skipped because UTMB 354.0 <= threshold 680.0
Viscart Caroline,354.0,Caroline VISCART,0.6499999999999999,https://utmb.world/runner/6652728.caroline.viscart,,,,,,,,,354.0,ITRA skipped because UTMB 354.0 <= threshold 680.0
Boulliat Marie,353.0,Marie BOULLIAT,0.7,https://utmb.world/runner/4034432.marie.boulliat,,,,,,,,,353.0,ITRA skipped because UTMB 353.0 <= threshold 680.0
Dobaria Pablito,353.0,Pablito DOBARIA,0.6266666666666667,https://utmb.world/runner/5758448.pablito.dobaria,,,,,,,,,353.0,ITRA skipped because UTMB 353.0 <= threshold 680.0
DEVIN stéphane,352.0,Stephane DEVIN,0.7,https://utmb.world/runner/5758656.stephane.devin,,,,,,,,,352.0,ITRA skipped because UTMB 352.0 <= threshold 680.0
BARTHEL Lucas,351.0,Lucas BARTHEL,0.6769230769230768,https://utmb.world/runner/7889300.lucas.barthel,,,,,,,,,351.0,ITRA skipped because UTMB 351.0 <= threshold 680.0
Bertail Brice,351.0,Brice BERTAIL,0.6769230769230768,https://utmb.world/runner/1470321.brice.bertail,,,,,,,,,351.0,ITRA skipped because UTMB 351.0 <= threshold 680.0
Clain Emmanuel,351.0,Emmanuel CLAIN,0.7,https://utmb.world/runner/3870345.emmanuel.clain,,,,,,,,,351.0,ITRA skipped because UTMB 351.0 <= threshold 680.0
Lenclu Paulin,351.0,Lenclu PAULIN,1.0,https://utmb.world/runner/2417707.lenclu.paulin,,,,,,,,,351.0,ITRA skipped because UTMB 351.0 <= threshold 680.0
Martin Yannick,351.0,Peter Yannick MARTIN,0.6705882352941176,https://utmb.world/runner/1841389.peteryannick.martin,,,,,,,,,351.0,ITRA skipped because UTMB 351.0 <= threshold 680.0
MIGNON STEPHANE,351.0,Stéphane MIGNON,0.6733333333333333,https://utmb.world/runner/4210893.stephane.mignon,,,,,,,,,351.0,ITRA skipped because UTMB 351.0 <= threshold 680.0
ROBERT Julien,351.0,Robert JULIEN,1.0,https://utmb.world/runner/6343600.robert.julien,,,,,,,,,351.0,ITRA skipped because UTMB 351.0 <= threshold 680.0
Faltrauer Frederic,350.0,Frederic FALTRAUER,0.6499999999999999,https://utmb.world/runner/76307.frederic.faltrauer,,,,,,,,,350.0,ITRA skipped because UTMB 350.0 <= threshold 680.0
JEAN MARIE Roger,350.0,Jean Marie ROGER,1.0,https://utmb.world/runner/7915998.jeanmarie.roger,,,,,,,,,350.0,ITRA skipped because UTMB 350.0 <= threshold 680.0
Valcy Laurent,350.0,Laurent VALCY,0.6769230769230768,https://utmb.world/runner/1721123.laurent.valcy,,,,,,,,,350.0,ITRA skipped because UTMB 350.0 <= threshold 680.0
Barret Valentin,349.0,Valentin BARRET,0.6733333333333333,https://utmb.world/runner/4510008.valentin.barret,,,,,,,,,349.0,ITRA skipped because UTMB 349.0 <= threshold 680.0
Calicharane Klement,349.0,Klement CALICHARANE,0.7052631578947368,https://utmb.world/runner/8028568.klement.calicharane,,,,,,,,,349.0,ITRA skipped because UTMB 349.0 <= threshold 680.0
Hardy-marchand Veronique,349.0,Veronique HARDY-MARCHAND,0.7083333333333333,https://utmb.world/runner/941491.veronique.hardymarchand,,,,,,,,,349.0,ITRA skipped because UTMB 349.0 <= threshold 680.0
Adda Norman,347.0,Norman ADDA,0.6818181818181818,https://utmb.world/runner/994239.norman.adda,,,,,,,,,347.0,ITRA skipped because UTMB 347.0 <= threshold 680.0
gambee johanna,347.0,Johanna GAMBEE,0.6499999999999999,https://utmb.world/runner/2528613.johanna.gambee,,,,,,,,,347.0,ITRA skipped because UTMB 347.0 <= threshold 680.0
le gal David,347.0,David LE GAL,0.6499999999999999,https://utmb.world/runner/2115421.david.legal,,,,,,,,,347.0,ITRA skipped because UTMB 347.0 <= threshold 680.0
LEFRANÇOIS Romain,347.0,Romain LEFRANCOIS,0.7117647058823529,https://utmb.world/runner/6636226.romain.lefrancois,,,,,,,,,347.0,ITRA skipped because UTMB 347.0 <= threshold 680.0
Mothé Axelle,347.0,Axelle MOTHE,0.6499999999999999,https://utmb.world/runner/5647764.axelle.mothe,,,,,,,,,347.0,ITRA skipped because UTMB 347.0 <= threshold 680.0
Balgobin Shekarsingh,346.0,Shekarsingh BALGOBIN,0.685,https://utmb.world/runner/1841637.shekarsingh.balgobin,,,,,,,,,346.0,ITRA skipped because UTMB 346.0 <= threshold 680.0
BOUTTIER Christophe,346.0,Christophe BOUTTIER,0.6684210526315789,https://utmb.world/runner/4510056.christophe.bouttier,,,,,,,,,346.0,ITRA skipped because UTMB 346.0 <= threshold 680.0
HUCHET Virginie,346.0,Virginie HUCHET,0.6733333333333333,https://utmb.world/runner/5035386.virginie.huchet,,,,,,,,,346.0,ITRA skipped because UTMB 346.0 <= threshold 680.0
Lardal Nicolas,346.0,Lardal NICOLAS,1.0,https://utmb.world/runner/7284822.lardal.nicolas,,,,,,,,,346.0,ITRA skipped because UTMB 346.0 <= threshold 680.0
Seetaram Ashwin kumar,346.0,Ashwin Kumar SEETARAM,0.7,https://utmb.world/runner/3089553.ashwinkumar.seetaram,,,,,,,,,346.0,ITRA skipped because UTMB 346.0 <= threshold 680.0
charuel annie,345.0,Annie CHARUEL,0.6769230769230768,https://utmb.world/runner/145509.annie.charuel,,,,,,,,,345.0,ITRA skipped because UTMB 345.0 <= threshold 680.0
LOUIS FREDERIC,345.0,Louis-Fréderic BAERT,0.8764705882352941,https://utmb.world/runner/7890512.louisfrederic.baert,,,,,,,,,345.0,ITRA skipped because UTMB 345.0 <= threshold 680.0
Saunier Manon,345.0,Manon SAUNIER,0.6769230769230768,https://utmb.world/runner/6868403.manon.saunier,,,,,,,,,345.0,ITRA skipped because UTMB 345.0 <= threshold 680.0
COURTOIS Rémy,344.0,Rémy COURTOIS,0.7307692307692308,https://utmb.world/runner/202826.remy.courtois,,,,,,,,,344.0,ITRA skipped because UTMB 344.0 <= threshold 680.0
boyer joel,343.0,Joel BOYER,0.6499999999999999,https://utmb.world/runner/6583240.joel.boyer,,,,,,,,,343.0,ITRA skipped because UTMB 343.0 <= threshold 680.0
Deprez Maxence,343.0,Maxence DEPREZ,0.6499999999999999,https://utmb.world/runner/7284828.maxence.deprez,,,,,,,,,343.0,ITRA skipped because UTMB 343.0 <= threshold 680.0
EGIPPA Charles,343.0,Charles EGIPPA,0.6499999999999999,https://utmb.world/runner/1374341.charles.egippa,,,,,,,,,343.0,ITRA skipped because UTMB 343.0 <= threshold 680.0
Haddaoui Abdelraouf,343.0,Abdelraouf HADDAOUI,0.6684210526315789,https://utmb.world/runner/2336999.abdelraouf.haddaoui,,,,,,,,,343.0,ITRA skipped because UTMB 343.0 <= threshold 680.0
Huchet Guillaume,343.0,Guillaume HUCHET,0.69375,https://utmb.world/runner/4268946.guillaume.huchet,,,,,,,,,343.0,ITRA skipped because UTMB 343.0 <= threshold 680.0
Ingar Idriss,343.0,Idriss INGAR,0.6499999999999999,https://utmb.world/runner/4799082.idriss.ingar,,,,,,,,,343.0,ITRA skipped because UTMB 343.0 <= threshold 680.0
COLOGON MOREAU Catherine,342.0,Catherine COLOGON MOREAU,0.7083333333333333,https://utmb.world/runner/6583272.catherine.cologonmoreau,,,,,,,,,342.0,ITRA skipped because UTMB 342.0 <= threshold 680.0
Garcia Emmanuelle,342.0,Emmanuelle GARCIA,0.7117647058823529,https://utmb.world/runner/4799176.emmanuelle.garcia,,,,,,,,,342.0,ITRA skipped because UTMB 342.0 <= threshold 680.0
Maurer Mickael,342.0,Mickael MAURER,0.6499999999999999,https://utmb.world/runner/6600499.mickael.maurer,,,,,,,,,342.0,ITRA skipped because UTMB 342.0 <= threshold 680.0
PANEL Axel,342.0,Axel PANEL,0.6499999999999999,https://utmb.world/runner/7889086.axel.panel,,,,,,,,,342.0,ITRA skipped because UTMB 342.0 <= threshold 680.0
ROCOCO CORALIE,342.0,Coralie ROCOCO,0.6499999999999999,https://utmb.world/runner/5758446.coralie.rococo,,,,,,,,,342.0,ITRA skipped because UTMB 342.0 <= threshold 680.0
DEUNINCK Véronique,341.0,Veronique DEUNINCK,0.6499999999999999,https://utmb.world/runner/2025323.veronique.deuninck,,,,,,,,,341.0,ITRA skipped because UTMB 341.0 <= threshold 680.0
Guillo Christophe,341.0,Christophe GUILLO,0.7117647058823529,https://utmb.world/runner/243229.christophe.guillo,,,,,,,,,341.0,ITRA skipped because UTMB 341.0 <= threshold 680.0
Castells Emmanuel,340.0,Emmanuel CASTELLS,0.6294117647058823,https://utmb.world/runner/4799210.emmanuel.castells,,,,,,,,,340.0,ITRA skipped because UTMB 340.0 <= threshold 680.0
RIZZO Laurent,340.0,Laurent RIZZO,0.6769230769230768,https://utmb.world/runner/8030796.laurent.rizzo,,,,,,,,,340.0,ITRA skipped because UTMB 340.0 <= threshold 680.0
Chryssopoulos-Boudet Dimitri,339.0,Dimitri CHRYSSOPOULOS BOUDET,0.8,https://utmb.world/runner/7889286.dimitri.chryssopoulos-boudet,,,,,,,,,339.0,ITRA skipped because UTMB 339.0 <= threshold 680.0
DUFOUR Georges,339.0,Georges DUFOUR,0.6499999999999999,https://utmb.world/runner/308933.georges.dufour,,,,,,,,,339.0,ITRA skipped because UTMB 339.0 <= threshold 680.0
Huet Steeve,339.0,Steeve HUET,0.6818181818181818,https://utmb.world/runner/370804.steeve.huet,,,,,,,,,339.0,ITRA skipped because UTMB 339.0 <= threshold 680.0
dijoux Laetitia,338.0,Laetitia DIJOUX,0.6733333333333333,https://utmb.world/runner/3870701.laetitia.dijoux,,,,,,,,,338.0,ITRA skipped because UTMB 338.0 <= threshold 680.0
Escoute Quentin,338.0,Quentin ESCOUTE,0.6266666666666667,https://utmb.world/runner/7889088.quentin.escoute,,,,,,,,,338.0,ITRA skipped because UTMB 338.0 <= threshold 680.0
MAHAFE KARIBY Januel,338.0,Januel MAHAFE KARIBY,0.7549999999999999,https://utmb.world/runner/4509992.januel.mahafekariby,,,,,,,,,338.0,ITRA skipped because UTMB 338.0 <= threshold 680.0
plais marie jeanne,338.0,Marie-Jeanne PLAIS,0.7666666666666666,https://utmb.world/runner/1299329.mariejeanne.plais,,,,,,,,,338.0,ITRA skipped because UTMB 338.0 <= threshold 680.0
Rohon Jules,338.0,Jules ROHON,0.6181818181818182,https://utmb.world/runner/7890010.jules.rohon,,,,,,,,,338.0,ITRA skipped because UTMB 338.0 <= threshold 680.0
Siong Florent,338.0,Florent SIONG,0.6769230769230768,https://utmb.world/runner/579678.florent.siong,,,,,,,,,338.0,ITRA skipped because UTMB 338.0 <= threshold 680.0
CARTELLA Laurent,337.0,Laurent CARTELLA,0.6499999999999999,https://utmb.world/runner/4510092.laurent.cartella,,,,,,,,,337.0,ITRA skipped because UTMB 337.0 <= threshold 680.0
Forest Jean Philippe,337.0,Jean Philippe FOREST,0.7549999999999999,https://utmb.world/runner/5758954.jeanphilippe.forest,,,,,,,,,337.0,ITRA skipped because UTMB 337.0 <= threshold 680.0
christien Arnaud,336.0,Christian ARNAUD,0.80625,https://utmb.world/runner/727982.christian.arnaud,,,,,,,,,336.0,ITRA skipped because UTMB 336.0 <= threshold 680.0
Gouvernet Guillaume,336.0,Guillaume GOUVERNET,0.631578947368421,https://utmb.world/runner/344489.guillaume.gouvernet,,,,,,,,,336.0,ITRA skipped because UTMB 336.0 <= threshold 680.0
madani stephanie,336.0,Stephanie MADANI,0.69375,https://utmb.world/runner/554216.stephanie.madani,,,,,,,,,336.0,ITRA skipped because UTMB 336.0 <= threshold 680.0
Pisson-Lahonda Baptiste,336.0,Baptiste PISSON-LAHONDA,0.7260869565217392,https://utmb.world/runner/8028584.baptiste.pissonlahonda,,,,,,,,,336.0,ITRA skipped because UTMB 336.0 <= threshold 680.0
RIPPE-LASCOUT Guillaume,336.0,Guillaume RIPPE LASCOUT,0.6956521739130435,https://utmb.world/runner/7284850.guillaume.rippelascout,,,,,,,,,336.0,ITRA skipped because UTMB 336.0 <= threshold 680.0
LEVRIER JEAN MARC,335.0,Jean Marc LEVRIER,0.6705882352941176,https://utmb.world/runner/7269434.jeanmarc.levrier,,,,,,,,,335.0,ITRA skipped because UTMB 335.0 <= threshold 680.0
LUCIAN Jean-Francois,335.0,Jean-François LUCIAN,0.7549999999999999,https://utmb.world/runner/153992.jeanfrancois.lucian,,,,,,,,,335.0,ITRA skipped because UTMB 335.0 <= threshold 680.0
Meciste Gregory,335.0,Gregory MECISTE,0.6266666666666667,https://utmb.world/runner/5758960.gregory.meciste,,,,,,,,,335.0,ITRA skipped because UTMB 335.0 <= threshold 680.0
RAFFRAY Walé,335.0,Walé RAFFRAY,0.7083333333333333,https://utmb.world/runner/4799086.wale.raffray,,,,,,,,,335.0,ITRA skipped because UTMB 335.0 <= threshold 680.0
RAMOUNE Thierry J. Patrice,335.0,Thierry J. Patrice RAMOUNE,0.776,https://utmb.world/runner/4268675.thierryjpatrice.ramoune,,,,,,,,,335.0,ITRA skipped because UTMB 335.0 <= threshold 680.0
EYHORN Philippe,334.0,Philippe EYHORN,0.6733333333333333,https://utmb.world/runner/6646666.philippe.eyhorn,,,,,,,,,334.0,ITRA skipped because UTMB 334.0 <= threshold 680.0
Hernandez Boris,334.0,Boris HERNANDEZ (Hernandez BORIS),0.7565217391304347,https://utmb.world/runner/3560325.hernandez.boris,,,,,,,,,334.0,ITRA skipped because UTMB 334.0 <= threshold 680.0
NEDELEC philippe,334.0,Philippe NEDELEC,0.6499999999999999,https://utmb.world/runner/6647944.philippe.nedelec,,,,,,,,,334.0,ITRA skipped because UTMB 334.0 <= threshold 680.0
PORTE Pascal,334.0,Pascal PORTE,0.6499999999999999,https://utmb.world/runner/3560359.pascal.porte,,,,,,,,,334.0,ITRA skipped because UTMB 334.0 <= threshold 680.0
cuvillier françois,333.0,Francois CUVILLIER,0.6499999999999999,https://utmb.world/runner/8029712.francois.cuvillier,,,,,,,,,333.0,ITRA skipped because UTMB 333.0 <= threshold 680.0
Dagorne Hugo,333.0,Hugo DAGORNE,0.7083333333333333,https://utmb.world/runner/7462042.hugo.dagorne,,,,,,,,,333.0,ITRA skipped because UTMB 333.0 <= threshold 680.0
Bordier Jean eric,332.0,Jean-Eric BORDIER,0.6705882352941176,https://utmb.world/runner/308903.jeaneric.bordier,,,,,,,,,332.0,ITRA skipped because UTMB 332.0 <= threshold 680.0
Omarjee Reyhana,332.0,Reyhana OMARJEE,0.6266666666666667,https://utmb.world/runner/5758456.reyhana.omarjee,,,,,,,,,332.0,ITRA skipped because UTMB 332.0 <= threshold 680.0
Ramboasolo Tolotra,332.0,Tolotra RAMBOASOLO,0.6888888888888889,https://utmb.world/runner/8111496.tolotra.ramboasolo,,,,,,,,,332.0,ITRA skipped because UTMB 332.0 <= threshold 680.0
venzi jeremy,332.0,Jeremy VENZI,0.6499999999999999,https://utmb.world/runner/370755.jeremy.venzi,,,,,,,,,332.0,ITRA skipped because UTMB 332.0 <= threshold 680.0
CADET DELPHINE,331.0,Delphine CADET,0.7,https://utmb.world/runner/6647566.delphine.cadet,,,,,,,,,331.0,ITRA skipped because UTMB 331.0 <= threshold 680.0
Juvénal Harry,331.0,Harry JUVENAL,0.6769230769230768,https://utmb.world/runner/6647568.harry.juvenal,,,,,,,,,331.0,ITRA skipped because UTMB 331.0 <= threshold 680.0
LEBEAU MARINE,330.0,Marine LEBEAU,0.6230769230769231,https://utmb.world/runner/2402731.marine.lebeau,,,,,,,,,330.0,ITRA skipped because UTMB 330.0 <= threshold 680.0
vingadassalom allan,330.0,Allan VINGADASSALOM,0.7789473684210526,https://utmb.world/runner/6648276.allan.vingadassalom,,,,,,,,,330.0,ITRA skipped because UTMB 330.0 <= threshold 680.0
Virama coutaye gosselin Urielle,330.0,Urielle VIRAMA COUTAYE GOSSELIN,0.8193548387096774,https://utmb.world/runner/5628430.urielle.viramacoutayegosselin,,,,,,,,,330.0,ITRA skipped because UTMB 330.0 <= threshold 680.0
Da Silva Nicolas,329.0,Nicolas DA SILVA NICOLAS,0.8599999999999999,https://utmb.world/runner/6845836.nicolas.dasilvanicolas,,,,,,,,,329.0,ITRA skipped because UTMB 329.0 <= threshold 680.0
Harcaut Helene,329.0,Helene HARCAUT,0.6499999999999999,https://utmb.world/runner/5628466.helene.harcaut,,,,,,,,,329.0,ITRA skipped because UTMB 329.0 <= threshold 680.0
Lapoterie Marvin,329.0,Marvin LAPOTERIE,0.69375,https://utmb.world/runner/6647918.marvin.lapoterie,,,,,,,,,329.0,ITRA skipped because UTMB 329.0 <= threshold 680.0
Manzoni Evan,329.0,Evan MANZONI,0.7083333333333333,https://utmb.world/runner/6647040.evan.manzoni,,,,,,,,,329.0,ITRA skipped because UTMB 329.0 <= threshold 680.0
Try Julien,329.0,Julien TRY,0.72,https://utmb.world/runner/6647612.julien.try,,,,,,,,,329.0,ITRA skipped because UTMB 329.0 <= threshold 680.0
Jeelall Yogendra Koomar(Anoop,328.0,Yogendra Koomar(Anoop) JEELALL,0.806896551724138,https://utmb.world/runner/6647578.yogendrakoomaranoop.jeelall,,,,,,,,,328.0,ITRA skipped because UTMB 328.0 <= threshold 680.0
Lenne Christophe,328.0,Christophe LENNE,0.7375,https://utmb.world/runner/3926457.christophe.lenne,,,,,,,,,328.0,ITRA skipped because UTMB 328.0 <= threshold 680.0
Turpin Marie Priscilla,328.0,Marie Priscilla TURPIN,0.7772727272727271,https://utmb.world/runner/5035278.mariepriscilla.turpin,,,,,,,,,328.0,ITRA skipped because UTMB 328.0 <= threshold 680.0
Gibralta Ulrich,326.0,Ulrich GIBRALTA,0.6733333333333333,https://utmb.world/runner/2053967.ulrich.gibralta,,,,,,,,,326.0,ITRA skipped because UTMB 326.0 <= threshold 680.0
Bonneau Lisa,325.0,Lisa BONNEAU,0.7083333333333333,https://utmb.world/runner/6647590.lisa.bonneau,,,,,,,,,325.0,ITRA skipped because UTMB 325.0 <= threshold 680.0
DAOUDOU Anli-ben,325.0,Anli-Ben DAOUDOU,0.6499999999999999,https://utmb.world/runner/5873844.anliben.daoudou,,,,,,,,,325.0,ITRA skipped because UTMB 325.0 <= threshold 680.0
GUGLIELMACCI -TROADEC stephane,325.0,Stephane GUGLIELMACCI TROADEC,0.7827586206896552,https://utmb.world/runner/1721737.stephane.guglielmaccitroadec,,,,,,,,,325.0,ITRA skipped because UTMB 325.0 <= threshold 680.0
MAMMOSA Jean-Patrice,325.0,Jean Patrice MAMMOSA,0.72,https://utmb.world/runner/1722019.jeanpatrice.mammosa,,,,,,,,,325.0,ITRA skipped because UTMB 325.0 <= threshold 680.0
CALPETARD Jean Cyrille,324.0,Jean Cyrille CALPETARD,0.6818181818181818,https://utmb.world/runner/7889294.jeancyrille.calpetard,,,,,,,,,324.0,ITRA skipped because UTMB 324.0 <= threshold 680.0
JEGO ALAIN,323.0,Alain JEGO,0.6499999999999999,https://utmb.world/runner/1941755.alain.jego,,,,,,,,,323.0,ITRA skipped because UTMB 323.0 <= threshold 680.0
Mégret Pierre,323.0,Pierre MEGRET,0.6230769230769231,https://utmb.world/runner/6584854.pierre.megret,,,,,,,,,323.0,ITRA skipped because UTMB 323.0 <= threshold 680.0
Siddarmya Amine,322.0,Amine SIDDARMYA,0.72,https://utmb.world/runner/1721743.amine.siddarmya,,,,,,,,,322.0,ITRA skipped because UTMB 322.0 <= threshold 680.0
Vialle Adrien,322.0,Adrien VIALLE,0.6230769230769231,https://utmb.world/runner/6623559.adrien.vialle,,,,,,,,,322.0,ITRA skipped because UTMB 322.0 <= threshold 680.0
CHAGUE LUC,321.0,Luc CHAGUE,0.72,https://utmb.world/runner/7889342.luc.chague,,,,,,,,,321.0,ITRA skipped because UTMB 321.0 <= threshold 680.0
MARTINS Fernando,321.0,Antonio Fernando MARTINS NETO,0.6733333333333333,https://utmb.world/runner/7199860.antoniofernando.martinsneto,,,,,,,,,321.0,ITRA skipped because UTMB 321.0 <= threshold 680.0
Rouyer Melissa,321.0,Melissa ROUYER,0.6499999999999999,https://utmb.world/runner/7889336.melissa.rouyer,,,,,,,,,321.0,ITRA skipped because UTMB 321.0 <= threshold 680.0
Coquillaud Helene,320.0,Helene COQUILLAUD,0.7117647058823529,https://utmb.world/runner/5648202.helene.coquillaud,,,,,,,,,320.0,ITRA skipped because UTMB 320.0 <= threshold 680.0
Degand Martin,320.0,Martin DEGAND,0.6230769230769231,https://utmb.world/runner/4268889.martin.degand,,,,,,,,,320.0,ITRA skipped because UTMB 320.0 <= threshold 680.0
RUSZCZYNSKI Pierre,320.0,Pierre RUSZCZYNSKI,0.7277777777777779,https://utmb.world/runner/7890142.pierre.ruszczynski,,,,,,,,,320.0,ITRA skipped because UTMB 320.0 <= threshold 680.0
Fontaine Christophe,319.0,Jean-Christophe FONTAINE,0.6906976744186046,https://utmb.world/runner/8028610.jeanchristophe.fontaine,,,,,,,,,319.0,ITRA skipped because UTMB 319.0 <= threshold 680.0
Fontaine Jean-Christophe,319.0,Jean-Christophe FONTAINE,0.7375,https://utmb.world/runner/8028610.jeanchristophe.fontaine,,,,,,,,,319.0,ITRA skipped because UTMB 319.0 <= threshold 680.0
MARMASSE KEVIN,319.0,Kevin MARMASSE,0.7,https://utmb.world/runner/5758468.kevin.marmasse,,,,,,,,,319.0,ITRA skipped because UTMB 319.0 <= threshold 680.0
MOUROUVIN Cédric,319.0,Cedric MOUROUVIN,0.69375,https://utmb.world/runner/3870705.cedric.mourouvin,,,,,,,,,319.0,ITRA skipped because UTMB 319.0 <= threshold 680.0
Carpaye Idriss,318.0,Idriss CARPAYE,0.6499999999999999,https://utmb.world/runner/8028612.idriss.carpaye,,,,,,,,,318.0,ITRA skipped because UTMB 318.0 <= threshold 680.0
CHELMI JULIEN,318.0,Julien CHELMI,0.6230769230769231,https://utmb.world/runner/5627814.julien.chelmi,,,,,,,,,318.0,ITRA skipped because UTMB 318.0 <= threshold 680.0
Sinimalé Bertrand,318.0,Bertrand SINIMALE,0.6294117647058823,https://utmb.world/runner/2402419.bertrand.sinimale,,,,,,,,,318.0,ITRA skipped because UTMB 318.0 <= threshold 680.0
Bense Pauline,317.0,Pauline BENSE,0.6769230769230768,https://utmb.world/runner/1566037.pauline.bense,,,,,,,,,317.0,ITRA skipped because UTMB 317.0 <= threshold 680.0
FILAIN Marie-Pierre,317.0,Marie-Pierre FILAIN,0.7421052631578946,https://utmb.world/runner/4268955.mariepierre.filain,,,,,,,,,317.0,ITRA skipped because UTMB 317.0 <= threshold 680.0
PAYET Marie-Pierre,317.0,Marie-Pierre PAYET,0.7666666666666666,https://utmb.world/runner/6647654.mariepierre.payet,,,,,,,,,317.0,ITRA skipped because UTMB 317.0 <= threshold 680.0
Meudec Romain,316.0,Romain MEUDEC,0.6230769230769231,https://utmb.world/runner/6647684.romain.meudec,,,,,,,,,316.0,ITRA skipped because UTMB 316.0 <= threshold 680.0
MAILLOT Patrick,315.0,Patrick MAILLOT,0.6266666666666667,https://utmb.world/runner/8028622.patrick.maillot,,,,,,,,,315.0,ITRA skipped because UTMB 315.0 <= threshold 680.0
Soupeaux Freddy,315.0,Freddy SOUPEAUX,0.6733333333333333,https://utmb.world/runner/7889304.freddy.soupeaux,,,,,,,,,315.0,ITRA skipped because UTMB 315.0 <= threshold 680.0
HOARAU CHARLES,313.0,Jean Charles HOARAU,0.6818181818181818,https://utmb.world/runner/7813116.jeancharles.hoarau,,,,,,,,,313.0,ITRA skipped because UTMB 313.0 <= threshold 680.0
Lardeur Olivier,313.0,Olivier LARDEUR,0.6266666666666667,https://utmb.world/runner/7889358.olivier.lardeur,,,,,,,,,313.0,ITRA skipped because UTMB 313.0 <= threshold 680.0
Calicharane Yohan,312.0,Yohan CALICHARANE,0.7529411764705882,https://utmb.world/runner/8028626.yohan.calicharane,,,,,,,,,312.0,ITRA skipped because UTMB 312.0 <= threshold 680.0
Leveneur Sébastien,312.0,Sébastien LEVENEUR,0.6499999999999999,https://utmb.world/runner/7288704.sebastien.leveneur,,,,,,,,,312.0,ITRA skipped because UTMB 312.0 <= threshold 680.0
Verhelst Laura,312.0,Laura VERHELST,0.7,https://utmb.world/runner/7890622.laura.verhelst,,,,,,,,,312.0,ITRA skipped because UTMB 312.0 <= threshold 680.0
Bornet Pierre,310.0,Pierre BORNET,0.6230769230769231,https://utmb.world/runner/20893.pierre.bornet,,,,,,,,,310.0,ITRA skipped because UTMB 310.0 <= threshold 680.0
KAISSE ERIC,310.0,Eric KAISSE,0.6818181818181818,https://utmb.world/runner/590627.eric.kaisse,,,,,,,,,310.0,ITRA skipped because UTMB 310.0 <= threshold 680.0
BRUCKERT Jonathan,309.0,Jonathan BRUCKERT,0.6294117647058823,https://utmb.world/runner/7889168.jonathan.bruckert,,,,,,,,,309.0,ITRA skipped because UTMB 309.0 <= threshold 680.0
faufron christophe,308.0,Christophe Jean Laurent FAUFRON,0.5857142857142856,https://utmb.world/runner/6583330.christophejeanlaurent.faufron,,,,,,,,,308.0,UTMB low-confidence match; ITRA skipped because UTMB 308.0 <= threshold 680.0
JUZWISZYN Philippe,308.0,Philippe JUZWISZYN,0.6499999999999999,https://utmb.world/runner/5758670.philippe.juzwiszyn,,,,,,,,,308.0,ITRA skipped because UTMB 308.0 <= threshold 680.0
LEBIAN Jean-François,308.0,Jean-Francois LEBIAN,0.7549999999999999,https://utmb.world/runner/4268925.jeanfrancois.lebian,,,,,,,,,308.0,ITRA skipped because UTMB 308.0 <= threshold 680.0
AUDUREAU Sebastien,304.0,Sebastien AUDUREAU,0.6499999999999999,https://utmb.world/runner/7889324.sebastien.audureau,,,,,,,,,304.0,ITRA skipped because UTMB 304.0 <= threshold 680.0
Boyer Teddy,304.0,Teddy BOYER,0.6181818181818182,https://utmb.world/runner/4799006.teddy.boyer,,,,,,,,,304.0,ITRA skipped because UTMB 304.0 <= threshold 680.0
Dijoux Mathieu,304.0,Mathieu DIJOUX,0.6499999999999999,https://utmb.world/runner/7889322.mathieu.dijoux,,,,,,,,,304.0,ITRA skipped because UTMB 304.0 <= threshold 680.0
Corbier Nadege,302.0,Nadege CORBIER,0.6499999999999999,https://utmb.world/runner/2402263.nadege.corbier,,,,,,,,,302.0,ITRA skipped because UTMB 302.0 <= threshold 680.0
LEPINAY JOEL,301.0,Joel LEPINAY,0.7083333333333333,https://utmb.world/runner/283106.joel.lepinay,,,,,,,,,301.0,ITRA skipped because UTMB 301.0 <= threshold 680.0
PUYRAVEAU Julien,297.0,Julien PUYRAVEAU,0.69375,https://utmb.world/runner/371070.julien.puyraveau,,,,,,,,,297.0,ITRA skipped because UTMB 297.0 <= threshold 680.0
Boulvais Frédéric,296.0,Frédéric BOULVAIS,0.6294117647058823,https://utmb.world/runner/658542.frederic.boulvais,,,,,,,,,296.0,ITRA skipped because UTMB 296.0 <= threshold 680.0
KERMOUNE Frédéric,295.0,Frederic KERMOUNE,0.6294117647058823,https://utmb.world/runner/314147.frederic.kermoune,,,,,,,,,295.0,ITRA skipped because UTMB 295.0 <= threshold 680.0
Fradelin Alex,294.0,Alex FRADELIN,0.7307692307692308,https://utmb.world/runner/7889338.alex.fradelin,,,,,,,,,294.0,ITRA skipped because UTMB 294.0 <= threshold 680.0
LIEVRE JEROME,293.0,Jerome LIEVRE,0.6230769230769231,https://utmb.world/runner/520559.jerome.lievre,,,,,,,,,293.0,ITRA skipped because UTMB 293.0 <= threshold 680.0
CALIMOUTOU THIERRY,292.0,Thierry CALIMOUTOU,0.6888888888888889,https://utmb.world/runner/2528583.thierry.calimoutou,,,,,,,,,292.0,ITRA skipped because UTMB 292.0 <= threshold 680.0
PAUVREZE Julien,292.0,Julien PAUVREZE,0.6733333333333333,https://utmb.world/runner/7889340.julien.pauvreze,,,,,,,,,292.0,ITRA skipped because UTMB 292.0 <= threshold 680.0
Ambrosi Christophe,290.0,Christophe AMBROSI,0.6888888888888889,https://utmb.world/runner/7675370.christophe.ambrosi,,,,,,,,,290.0,ITRA skipped because UTMB 290.0 <= threshold 680.0
Blanca Serge,290.0,Serge BLANCA,0.6499999999999999,https://utmb.world/runner/814263.serge.blanca,,,,,,,,,290.0,ITRA skipped because UTMB 290.0 <= threshold 680.0
JUDITH Joey Jean-Luc,290.0,Joey Jean Luc JUDITH,0.7549999999999999,https://utmb.world/runner/7288868.joeyjeanluc.judith,,,,,,,,,290.0,ITRA skipped because UTMB 290.0 <= threshold 680.0
Bernuzzi Sophia,285.0,Sophia BERNUZZI,0.6733333333333333,https://utmb.world/runner/7889348.sophia.bernuzzi,,,,,,,,,285.0,ITRA skipped because UTMB 285.0 <= threshold 680.0
Guness Pravesh Kumar,285.0,Pravesh Kumar GUNESS,0.7549999999999999,https://utmb.world/runner/5557671.praveshkumar.guness,,,,,,,,,285.0,ITRA skipped because UTMB 285.0 <= threshold 680.0
mounoussamy guillaume,284.0,Guillaume MOUNOUSSAMY,0.6666666666666666,https://utmb.world/runner/5645046.guillaume.mounoussamy,,,,,,,,,284.0,ITRA skipped because UTMB 284.0 <= threshold 680.0
rafaralahy mathieu,281.0,Mathieu RAFARALAHY,0.6888888888888889,https://utmb.world/runner/7889126.mathieu.rafaralahy,,,,,,,,,281.0,ITRA skipped because UTMB 281.0 <= threshold 680.0
Butigieg Helena,278.0,Helena BUTIGIEG,0.6733333333333333,https://utmb.world/runner/7889354.helena.butigieg,,,,,,,,,278.0,ITRA skipped because UTMB 278.0 <= threshold 680.0
LOCARNI Eric,277.0,Eric LOCARNI,0.7083333333333333,https://utmb.world/runner/6583332.eric.locarni,,,,,,,,,277.0,ITRA skipped because UTMB 277.0 <= threshold 680.0
VIDOT Yoan,277.0,Yoan VIDOT,0.6499999999999999,https://utmb.world/runner/7889356.yoan.vidot,,,,,,,,,277.0,ITRA skipped because UTMB 277.0 <= threshold 680.0
usciati adeline,276.0,Adeline USCIATI,0.6266666666666667,https://utmb.world/runner/3565253.adeline.usciati,,,,,,,,,276.0,ITRA skipped because UTMB 276.0 <= threshold 680.0
JEANNESSON Eric,275.0,Eric JEANNESSON,0.7666666666666666,https://utmb.world/runner/103302.eric.jeannesson,,,,,,,,,275.0,ITRA skipped because UTMB 275.0 <= threshold 680.0
Lebon Renaud,275.0,Renaud LEBON,0.6499999999999999,https://utmb.world/runner/4289237.renaud.lebon,,,,,,,,,275.0,ITRA skipped because UTMB 275.0 <= threshold 680.0
ZIBEL Georges,275.0,Georges ZIBEL,0.6769230769230768,https://utmb.world/runner/105289.georges.zibel,,,,,,,,,275.0,ITRA skipped because UTMB 275.0 <= threshold 680.0
MONTSERAT DANIEL,274.0,Daniel MONTSERAT,0.69375,https://utmb.world/runner/309008.daniel.montserat,,,,,,,,,274.0,ITRA skipped because UTMB 274.0 <= threshold 680.0
Lafosse Thierry,270.0,Thierry LAFOSSE,0.6266666666666667,https://utmb.world/runner/641432.thierry.lafosse,,,,,,,,,270.0,ITRA skipped because UTMB 270.0 <= threshold 680.0
HOAREAU Catherine,267.0,Catherine HOAREAU,0.6705882352941176,https://utmb.world/runner/7679806.catherine.hoareau,,,,,,,,,267.0,ITRA skipped because UTMB 267.0 <= threshold 680.0
Bregent Pascal,265.0,Pascal BREGENT,0.6499999999999999,https://utmb.world/runner/2163341.pascal.bregent,,,,,,,,,265.0,ITRA skipped because UTMB 265.0 <= threshold 680.0
CAIRA MORGAN,252.0,Cara MORGAN,0.8195652173913044,https://utmb.world/runner/6309550.cara.morgan,,,,,,,,,252.0,ITRA skipped because UTMB 252.0 <= threshold 680.0
Telmart Karine,251.0,Karine TELMART,0.6499999999999999,https://utmb.world/runner/1312339.karine.telmart,,,,,,,,,251.0,ITRA skipped because UTMB 251.0 <= threshold 680.0
Ecormier Jacques,246.0,Jacques ECORMIER,0.6499999999999999,https://utmb.world/runner/104841.jacques.ecormier,,,,,,,,,246.0,ITRA skipped because UTMB 246.0 <= threshold 680.0
SELLIER gilbert,232.0,Gilbert SELLIER,0.6266666666666667,https://utmb.world/runner/3977458.gilbert.sellier,,,,,,,,,232.0,ITRA skipped because UTMB 232.0 <= threshold 680.0
Wahren Martin,227.0,Warren MARTIN,0.7961538461538462,https://utmb.world/runner/7294020.warren.martin,,,,,,,,,227.0,ITRA skipped because UTMB 227.0 <= threshold 680.0
GABRIEL Jimmy,206.0,Gabriel Jimmy MARTINEZ,0.8200000000000001,https://utmb.world/runner/6167594.gabrieljimmy.martinez,,,,,,,,,206.0,ITRA skipped because UTMB 206.0 <= threshold 680.0
AVANTURIER Lucien,,,,,,,,,,,,,0.0,UTMB not found; ITRA unavailable: ITRA lookup failed: /api/runner/find HTTP 403; /api/runner/findByName HTTP 403 (stopped after 8 consecutive failures)
Amossé Ewen,,,,,,,,,,,,,0.0,UTMB not found; ITRA unavailable: ITRA lookup failed: /api/runner/find HTTP 403; /api/runner/findByName HTTP 403 (stopped after 8 consecutive failures)
Araye Jonathan,,,,,,,,,,,,,0.0,UTMB not found; ITRA unavailable: ITRA lookup failed: /api/runner/find HTTP 403; /api/runner/findByName HTTP 403 (stopped after 8 consecutive failures)
Amélineau Tristan,,,,,,,,,,,,,0.0,UTMB not found; ITRA unavailable: ITRA lookup failed: /api/runner/find HTTP 403; /api/runner/findByName HTTP 403 (stopped after 8 consecutive failures)
Anessi Pierre,,,,,,,,,,,,,0.0,UTMB not found; ITRA unavailable: ITRA lookup failed: /api/runner/find HTTP 403; /api/runner/findByName HTTP 403 (stopped after 8 consecutive failures)
Lafitte Nicolas,0.0,Nicolas Lafitte NICOLAS,0.8526315789473684,https://utmb.world/runner/8524004.nicolaslafitte.nicolas,,,,,,,,,0.0,ITRA skipped because UTMB 0.0 <= threshold 680.0
Alvaro José,0.0,Alvaro Jose CASES GARCIA,0.74,https://utmb.world/runner/5122958.alvarojose.casesgarcia,,,,,,,,,0.0,ITRA skipped because UTMB 0.0 <= threshold 680.0
Assing Anthony,0.0,Anthony ASSING,0.6499999999999999,https://utmb.world/runner/157630.anthony.assing,,,,,,,,,0.0,ITRA skipped because UTMB 0.0 <= threshold 680.0
richauvet Emmanuel,0.0,Emmanuel RICHAUVET,0.6499999999999999,https://utmb.world/runner/533413.emmanuel.richauvet,,,,,,,,,0.0,ITRA skipped because UTMB 0.0 <= threshold 680.0
AVRIL Jean François,0.0,Jean-Francois AVRIL,0.7789473684210526,https://utmb.world/runner/1094819.jeanfrancois.avril,,,,,,,,,0.0,ITRA skipped because UTMB 0.0 <= threshold 680.0
Abrousse Jérôme,0.0,Jérôme ABROUSSE,0.6733333333333333,https://utmb.world/runner/5035296.jerome.abrousse,,,,,,,,,0.0,ITRA skipped because UTMB 0.0 <= threshold 680.0
Aipar Ludovic,0.0,Ludovic AIPAR,0.6769230769230768,https://utmb.world/runner/569237.ludovic.aipar,,,,,,,,,0.0,ITRA skipped because UTMB 0.0 <= threshold 680.0
ARNOULD MATHIEU,0.0,Arnauld MATHIEU,0.8033333333333333,https://utmb.world/runner/3050897.arnauld.mathieu,,,,,,,,,0.0,ITRA skipped because UTMB 0.0 <= threshold 680.0
Aymar Nicolas,0.0,Nicolas AYMAR,0.6769230769230768,https://utmb.world/runner/2646487.nicolas.aymar,,,,,,,,,0.0,ITRA skipped because UTMB 0.0 <= threshold 680.0
Arminjon Eloi,0.0,Eloi ARMINJON,0.7307692307692308,https://utmb.world/runner/112584.eloi.arminjon,,,,,,,,,0.0,ITRA skipped because UTMB 0.0 <= threshold 680.0
ASSASSA Georges,0.0,Georges ASSASSA,0.6266666666666667,https://utmb.world/runner/103504.georges.assassa,,,,,,,,,0.0,ITRA skipped because UTMB 0.0 <= threshold 680.0
Aissa Nabil,0.0,Nabil AISSA-MAMOUNE,0.6266666666666667,https://utmb.world/runner/8124625.nabil.aissamamoune,,,,,,,,,0.0,ITRA skipped because UTMB 0.0 <= threshold 680.0
Wendling Michael,,,,,,,,,,,,,0.0,UTMB not found; ITRA unavailable: ITRA lookup failed: /api/runner/find HTTP 403; /api/runner/findByName HTTP 403 (stopped after 8 consecutive failures)
AH-FANE Alexandre,,,,,,,,,,,,,0.0,UTMB not found; ITRA unavailable: ITRA lookup failed: /api/runner/find HTTP 403; /api/runner/findByName HTTP 403 (stopped after 8 consecutive failures)
Akhannouss Massine,,,,,,,,,,,,,0.0,UTMB not found; ITRA unavailable: ITRA lookup failed: /api/runner/find HTTP 403; /api/runner/findByName HTTP 403 (stopped after 8 consecutive failures)
ALCINOÜS Emmanuel,,,,,,,,,,,,,0.0,UTMB not found; ITRA unavailable: ITRA lookup failed: /api/runner/find HTTP 403; /api/runner/findByName HTTP 403 (stopped after 8 consecutive failures)
ANANI DAMIEN,0.0,Damien ANANI,0.6499999999999999,https://utmb.world/runner/155234.damien.anani,,,,,,,,,0.0,ITRA skipped because UTMB 0.0 <= threshold 680.0
ANDICHY Freddy,0.0,Freddy ANDICHY,0.6499999999999999,https://utmb.world/runner/151548.freddy.andichy,,,,,,,,,0.0,ITRA skipped because UTMB 0.0 <= threshold 680.0
Arhuis Florent,0.0,Florent ARHUIS,0.6499999999999999,https://utmb.world/runner/940907.florent.arhuis,,,,,,,,,0.0,ITRA skipped because UTMB 0.0 <= threshold 680.0
Arnold Franck,0.0,Arnold FRANCK,1.0,https://utmb.world/runner/5447282.arnold.franck,,,,,,,,,0.0,ITRA skipped because UTMB 0.0 <= threshold 680.0
Arrizabalaga Imanol,0.0,Imanol ARRIZABALAGA OSTOLAZA,0.7468085106382978,https://utmb.world/runner/1564965.imanol.arrizabalagaostolaza,,,,,,,,,0.0,ITRA skipped because UTMB 0.0 <= threshold 680.0
Aubert Vincent,0.0,Pierre-Vincent AUBERT,0.7,https://utmb.world/runner/232249.pierrevincent.aubert,,,,,,,,,0.0,ITRA skipped because UTMB 0.0 <= threshold 680.0
BACLES Yann,0.0,Yann BACLES,0.6818181818181818,https://utmb.world/runner/7889144.yann.bacles,,,,,,,,,0.0,ITRA skipped because UTMB 0.0 <= threshold 680.0
Bailly Francois,0.0,Cailly FRANCOIS,0.8033333333333333,https://utmb.world/runner/319517.cailly.francois,,,,,,,,,0.0,ITRA skipped because UTMB 0.0 <= threshold 680.0
Baratier Guillaume,0.0,Guillaume BARATIER,0.6499999999999999,https://utmb.world/runner/766893.guillaume.baratier,,,,,,,,,0.0,ITRA skipped because UTMB 0.0 <= threshold 680.0
Barbanchon Charlie,,,,,,,,,,,,,0.0,UTMB not found; ITRA unavailable: ITRA lookup failed: /api/runner/find HTTP 403; /api/runner/findByName HTTP 403 (stopped after 8 consecutive failures)
BARBIRA Vincent,0.0,Barbara VINCENT,0.8033333333333333,https://utmb.world/runner/3873403.barbara.vincent,,,,,,,,,0.0,ITRA skipped because UTMB 0.0 <= threshold 680.0
Bastien Benoit,0.0,Bastien BENOIT,1.0,https://utmb.world/runner/5958412.bastien.benoit,,,,,,,,,0.0,ITRA skipped because UTMB 0.0 <= threshold 680.0
BAUDE Mboahangy,,,,,,,,,,,,,0.0,UTMB not found; ITRA unavailable: ITRA lookup failed: /api/runner/find HTTP 403; /api/runner/findByName HTTP 403 (stopped after 8 consecutive failures)
BEAUBERT Benoit,0.0,Benoit BEAUBERT,0.6733333333333333,https://utmb.world/runner/8514590.benoit.beaubert,,,,,,,,,0.0,ITRA skipped because UTMB 0.0 <= threshold 680.0
Beaudry Mathieu,0.0,Mathieu BEAUDRY,0.6266666666666667,https://utmb.world/runner/2035011.mathieu.beaudry,,,,,,,,,0.0,ITRA skipped because UTMB 0.0 <= threshold 680.0
Belabdi Bernard,0.0,Bernard BELABDI,0.6266666666666667,https://utmb.world/runner/520131.bernard.belabdi,,,,,,,,,0.0,ITRA skipped because UTMB 0.0 <= threshold 680.0
BERGIER KEVIN,,,,,,,,,,,,,0.0,UTMB not found; ITRA unavailable: ITRA lookup failed: /api/runner/find HTTP 403; /api/runner/findByName HTTP 403 (stopped after 8 consecutive failures)
bernard pascal,0.0,Bernard PASCAL,1.0,https://utmb.world/runner/6378.bernard.pascal,,,,,,,,,0.0,ITRA skipped because UTMB 0.0 <= threshold 680.0
BERTEAU FRANCK,0.0,Franck BERTEAU-BECH,0.6818181818181818,https://utmb.world/runner/3504293.franck.berteaubech,,,,,,,,,0.0,ITRA skipped because UTMB 0.0 <= threshold 680.0
Besnier Julien,0.0,Julien BESNIER-LACOUR,0.6599999999999999,https://utmb.world/runner/6003070.julien.besnierlacour,,,,,,,,,0.0,ITRA skipped because UTMB 0.0 <= threshold 680.0
BEULIER JEROME,0.0,Jerome BEULIER,0.6499999999999999,https://utmb.world/runner/1321107.jerome.beulier,,,,,,,,,0.0,ITRA skipped because UTMB 0.0 <= threshold 680.0
Biasino Fabrice,0.0,Fabrice BIASINO,0.6266666666666667,https://utmb.world/runner/655379.fabrice.biasino,,,,,,,,,0.0,ITRA skipped because UTMB 0.0 <= threshold 680.0
Billot Daniel,0.0,Daniel BILLOT,0.6230769230769231,https://utmb.world/runner/839175.daniel.billot,,,,,,,,,0.0,ITRA skipped because UTMB 0.0 <= threshold 680.0
BILLY Vincent,0.0,Willy VINCENT,0.7961538461538462,https://utmb.world/runner/553389.willy.vincent,,,,,,,,,0.0,ITRA skipped because UTMB 0.0 <= threshold 680.0
Blanc Florent,0.0,Blanc FLORENT,1.0,https://utmb.world/runner/6970672.blanc.florent,,,,,,,,,0.0,ITRA skipped because UTMB 0.0 <= threshold 680.0
BOBATE RESHAD,0.0,Ganny-Reshad BOBATE,0.6499999999999999,https://utmb.world/runner/921465.gannyreshad.bobate,,,,,,,,,0.0,ITRA skipped because UTMB 0.0 <= threshold 680.0
BODARD Lilian,0.0,Lilian BODARD,0.6230769230769231,https://utmb.world/runner/3559781.lilian.bodard,,,,,,,,,0.0,ITRA skipped because UTMB 0.0 <= threshold 680.0
Bommel Nicolas,0.0,Nicolas BOMMEL,0.6499999999999999,https://utmb.world/runner/970317.nicolas.bommel,,,,,,,,,0.0,ITRA skipped because UTMB 0.0 <= threshold 680.0
Bonhomme Louis,,,,,,,,,,,,,0.0,UTMB not found; ITRA unavailable: ITRA lookup failed: /api/runner/find HTTP 403; /api/runner/findByName HTTP 403 (stopped after 8 consecutive failures)
Bonnot Manuel,0.0,Manuel BONNOT,0.6230769230769231,https://utmb.world/runner/42177.manuel.bonnot,,,,,,,,,0.0,ITRA skipped because UTMB 0.0 <= threshold 680.0
BOUAICHA Sonia,,,,,,,,,,,,,0.0,UTMB not found; ITRA unavailable: ITRA lookup failed: /api/runner/find HTTP 403; /api/runner/findByName HTTP 403 (stopped after 8 consecutive failures)
Bourchany Ewen,,,,,,,,,,,,,0.0,UTMB not found; ITRA unavailable: ITRA lookup failed: /api/runner/find HTTP 403; /api/runner/findByName HTTP 403 (stopped after 8 consecutive failures)
Bouteiller Nicolas,0.0,Nicolas BOUTEILLER,0.6888888888888889,https://utmb.world/runner/7461558.nicolas.bouteiller,,,,,,,,,0.0,ITRA skipped because UTMB 0.0 <= threshold 680.0
Brabant Daniela,0.0,Daniela BRABANT,0.6266666666666667,https://utmb.world/runner/2528637.daniela.brabant,,,,,,,,,0.0,ITRA skipped because UTMB 0.0 <= threshold 680.0
Bret Remi,,,,,,,,,,,,,0.0,UTMB not found; ITRA unavailable: ITRA lookup failed: /api/runner/find HTTP 403; /api/runner/findByName HTTP 403 (stopped after 8 consecutive failures)
BRETON JOFFREY,0.0,Joffrey BRETON,0.6499999999999999,https://utmb.world/runner/572126.joffrey.breton,,,,,,,,,0.0,ITRA skipped because UTMB 0.0 <= threshold 680.0
Broca Christophe,0.0,Christophe BROCA,0.7375,https://utmb.world/runner/620908.christophe.broca,,,,,,,,,0.0,ITRA skipped because UTMB 0.0 <= threshold 680.0
BRUNET Christophe,0.0,Jean-Christophe BRUNET,0.7307692307692308,https://utmb.world/runner/2965567.jeanchristophe.brunet,,,,,,,,,0.0,ITRA skipped because UTMB 0.0 <= threshold 680.0
BRUSAUD Thomas,,,,,,,,,,,,,0.0,UTMB not found; ITRA unavailable: ITRA lookup failed: /api/runner/find HTTP 403; /api/runner/findByName HTTP 403 (stopped after 8 consecutive failures)
Brutyn Simon,,,,,,,,,,,,,0.0,UTMB not found; ITRA unavailable: ITRA lookup failed: /api/runner/find HTTP 403; /api/runner/findByName HTTP 403 (stopped after 8 consecutive failures)
Buffet Nicolas,0.0,Nicolas BUFFET,0.6499999999999999,https://utmb.world/runner/26005.nicolas.buffet,,,,,,,,,0.0,ITRA skipped because UTMB 0.0 <= threshold 680.0
BURG Camille,0.0,Camille BURG,0.7083333333333333,https://utmb.world/runner/6647100.camille.burg,,,,,,,,,0.0,ITRA skipped because UTMB 0.0 <= threshold 680.0
CADET Steve,,,,,,,,,,,,,0.0,UTMB not found; ITRA unavailable: ITRA lookup failed: /api/runner/find HTTP 403; /api/runner/findByName HTTP 403 (stopped after 8 consecutive failures)
CAILLE SEBASTIEN,0.0,Caille SEBASTIEN,1.0,https://utmb.world/runner/8243695.caille.sebastien,,,,,,,,,0.0,ITRA skipped because UTMB 0.0 <= threshold 680.0
CAULIER Michael,0.0,Michael CAULIER,0.6266666666666667,https://utmb.world/runner/5628342.michael.caulier,,,,,,,,,0.0,ITRA skipped because UTMB 0.0 <= threshold 680.0
Cellier Greg,0.0,Greg CELLIER,0.7083333333333333,https://utmb.world/runner/102991.greg.cellier,,,,,,,,,0.0,ITRA skipped because UTMB 0.0 <= threshold 680.0
CHAILLOT JULIEN,0.0,Julien CHAILLOT,0.6733333333333333,https://utmb.world/runner/1798319.julien.chaillot,,,,,,,,,0.0,ITRA skipped because UTMB 0.0 <= threshold 680.0
Chamussy Morgane,0.0,Morgane CHAMUSSY,0.6499999999999999,https://utmb.world/runner/4289195.morgane.chamussy,,,,,,,,,0.0,ITRA skipped because UTMB 0.0 <= threshold 680.0
Chapel Adrien,0.0,Adrien CHAPEL,0.6230769230769231,https://utmb.world/runner/2550231.adrien.chapel,,,,,,,,,0.0,ITRA skipped because UTMB 0.0 <= threshold 680.0
Chartier Jeremy,0.0,Jeremy CHARTIER,0.6733333333333333,https://utmb.world/runner/7695578.jeremy.chartier,,,,,,,,,0.0,ITRA skipped because UTMB 0.0 <= threshold 680.0
CLAIN ERIC JOSEPH,0.0,Eric Joesph CLAIN,0.6117647058823529,https://utmb.world/runner/4269141.ericjoesph.clain,,,,,,,,,0.0,ITRA skipped because UTMB 0.0 <= threshold 680.0
CLENET Gary,,,,,,,,,,,,,0.0,UTMB not found; ITRA unavailable: ITRA lookup failed: /api/runner/find HTTP 403; /api/runner/findByName HTTP 403 (stopped after 8 consecutive failures)
CLOSVIROLA Arnaud,,,,,,,,,,,,,0.0,UTMB not found; ITRA unavailable: ITRA lookup failed: /api/runner/find HTTP 403; /api/runner/findByName HTTP 403 (stopped after 8 consecutive failures)
Colomb Julien,0.0,Julien COLOMB,0.6230769230769231,https://utmb.world/runner/2504529.julien.colomb,,,,,,,,,0.0,ITRA skipped because UTMB 0.0 <= threshold 680.0
Combret Eric,,,,,,,,,,,,,0.0,UTMB not found; ITRA unavailable: ITRA lookup failed: /api/runner/find HTTP 403; /api/runner/findByName HTTP 403 (stopped after 8 consecutive failures)
Coninck Fabian,,,,,,,,,,,,,0.0,UTMB not found; ITRA unavailable: ITRA lookup failed: /api/runner/find HTTP 403; /api/runner/findByName HTTP 403 (stopped after 8 consecutive failures)
CORMARY Morgan,,,,,,,,,,,,,0.0,UTMB not found; ITRA unavailable: ITRA lookup failed: /api/runner/find HTTP 403; /api/runner/findByName HTTP 403 (stopped after 8 consecutive failures)
Corre Jules,,,,,,,,,,,,,0.0,UTMB not found; ITRA unavailable: ITRA lookup failed: /api/runner/find HTTP 403; /api/runner/findByName HTTP 403 (stopped after 8 consecutive failures)
COSTA Célestin,,,,,,,,,,,,,0.0,UTMB not found; ITRA unavailable: ITRA lookup failed: /api/runner/find HTTP 403; /api/runner/findByName HTTP 403 (stopped after 8 consecutive failures)
Couraye Valentin,,,,,,,,,,,,,0.0,UTMB not found; ITRA unavailable: ITRA lookup failed: /api/runner/find HTTP 403; /api/runner/findByName HTTP 403 (stopped after 8 consecutive failures)
courville wesley,0.0,Wesley COURVILLE,0.69375,https://utmb.world/runner/8501636.wesley.courville,,,,,,,,,0.0,ITRA skipped because UTMB 0.0 <= threshold 680.0
Da Rocha Charles,0.0,Jean-Charles DA ROCHA,0.6027027027027028,https://utmb.world/runner/222365.jeancharles.da-rocha,,,,,,,,,0.0,ITRA skipped because UTMB 0.0 <= threshold 680.0
Da silva Philippe,0.0,Jean-Philippe DA SILVA,0.6589743589743589,https://utmb.world/runner/1374025.jeanphilippe.dasilva,,,,,,,,,0.0,ITRA skipped because UTMB 0.0 <= threshold 680.0
DACHRAOUI Mares,,,,,,,,,,,,,0.0,UTMB not found; ITRA unavailable: ITRA lookup failed: /api/runner/find HTTP 403; /api/runner/findByName HTTP 403 (stopped after 8 consecutive failures)
Dadoumont Marc,0.0,Marc DADOUMONT,0.75,https://utmb.world/runner/1072245.marc.dadoumont,,,,,,,,,0.0,ITRA skipped because UTMB 0.0 <= threshold 680.0
Dagneaux Axel,0.0,Dagneaux AXEL,1.0,https://utmb.world/runner/7994215.dagneaux.axel,,,,,,,,,0.0,ITRA skipped because UTMB 0.0 <= threshold 680.0
Damour Paul,0.0,Paul DAMOUR,0.6818181818181818,https://utmb.world/runner/155277.paul.damour,,,,,,,,,0.0,ITRA skipped because UTMB 0.0 <= threshold 680.0
De Boisvilliers Darryl,0.0,Darryl DE BOISVILLIERS,0.7772727272727271,https://utmb.world/runner/2053963.darryl.deboisvilliers,,,,,,,,,0.0,ITRA skipped because UTMB 0.0 <= threshold 680.0
de Mones del Pujol mathis,0.0,Mathis DE MONES DEL PUJOL,0.804,https://utmb.world/runner/6801979.mathis.demonesdelpujol,,,,,,,,,0.0,ITRA skipped because UTMB 0.0 <= threshold 680.0
De Saint Pol Tugdual,0.0,Tugdual DE SAINT POL,0.72,https://utmb.world/runner/1918865.tugdual.desaintpol,,,,,,,,,0.0,ITRA skipped because UTMB 0.0 <= threshold 680.0
de VILLENEUVE hervé,,,,,,,,,,,,,0.0,UTMB not found; ITRA unavailable: ITRA lookup failed: /api/runner/find HTTP 403; /api/runner/findByName HTTP 403 (stopped after 8 consecutive failures)
DEBAT Jean - Marie,0.0,Jean - Marie DEBAT,0.7375,https://utmb.world/runner/5648196.jeanmarie.debat,,,,,,,,,0.0,ITRA skipped because UTMB 0.0 <= threshold 680.0
dechavanne stephane,,,,,,,,,,,,,0.0,UTMB not found; ITRA unavailable: ITRA lookup failed: /api/runner/find HTTP 403; /api/runner/findByName HTTP 403 (stopped after 8 consecutive failures)
Decosterd Victor,,,,,,,,,,,,,0.0,UTMB not found; ITRA unavailable: ITRA lookup failed: /api/runner/find HTTP 403; /api/runner/findByName HTTP 403 (stopped after 8 consecutive failures)
Defassiau Louis,0.0,Louis DEFASSIAU,0.72,https://utmb.world/runner/1075207.louis.defassiau,,,,,,,,,0.0,ITRA skipped because UTMB 0.0 <= threshold 680.0
Defix Nicolas,,,,,,,,,,,,,0.0,UTMB not found; ITRA unavailable: ITRA lookup failed: /api/runner/find HTTP 403; /api/runner/findByName HTTP 403 (stopped after 8 consecutive failures)
DEJEAN Frédéric Nelson,0.0,Frederic-Nelson DEJEAN,0.7772727272727271,https://utmb.world/runner/23724.fredericnelson.dejean,,,,,,,,,0.0,ITRA skipped because UTMB 0.0 <= threshold 680.0
DELAGNEAU Jean-Charles,0.0,Jean-Charles DELAGNEAU,0.6818181818181818,https://utmb.world/runner/694615.jeancharles.delagneau,,,,,,,,,0.0,ITRA skipped because UTMB 0.0 <= threshold 680.0
Denis Florent,0.0,Denis FLORENT,1.0,https://utmb.world/runner/5695266.denis.florent,,,,,,,,,0.0,ITRA skipped because UTMB 0.0 <= threshold 680.0
desmidt thomas,0.0,Thomas DESMIDT,0.6499999999999999,https://utmb.world/runner/828767.thomas.desmidt,,,,,,,,,0.0,ITRA skipped because UTMB 0.0 <= threshold 680.0
DIGEOS David,,,,,,,,,,,,,0.0,UTMB not found; ITRA unavailable: ITRA lookup failed: /api/runner/find HTTP 403; /api/runner/findByName HTTP 403 (stopped after 8 consecutive failures)
DIJOUX Julien,0.0,Julien DIJOUX,0.6230769230769231,https://utmb.world/runner/1074929.julien.dijoux,,,,,,,,,0.0,ITRA skipped because UTMB 0.0 <= threshold 680.0
Dromain Hervé,0.0,Romain HERVE,0.822,https://utmb.world/runner/2663775.romain.herve,,,,,,,,,0.0,ITRA skipped because UTMB 0.0 <= threshold 680.0
DROUT alain,0.0,Alain DROUT,0.6181818181818182,https://utmb.world/runner/102939.alain.drout,,,,,,,,,0.0,ITRA skipped because UTMB 0.0 <= threshold 680.0
Dubosq Lucie,,,,,,,,,,,,,0.0,UTMB not found; ITRA unavailable: ITRA lookup failed: /api/runner/find HTTP 403; /api/runner/findByName HTTP 403 (stopped after 8 consecutive failures)
DUNAC MATTHIAS,0.0,Matthias DUNAC,0.7,https://utmb.world/runner/1949155.matthias.dunac,,,,,,,,,0.0,ITRA skipped because UTMB 0.0 <= threshold 680.0
Dutel Franck,0.0,Franck DUTEL,0.6499999999999999,https://utmb.world/runner/7288738.franck.dutel,,,,,,,,,0.0,ITRA skipped because UTMB 0.0 <= threshold 680.0
Duyck Andy,0.0,Andy DUYCK,0.6499999999999999,https://utmb.world/runner/8485994.andy.duyck,,,,,,,,,0.0,ITRA skipped because UTMB 0.0 <= threshold 680.0
D’Export Sébastien,0.0,Sébastien D’EXPORT,0.6499999999999999,https://utmb.world/runner/4788748.sebastien.dexport,,,,,,,,,0.0,ITRA skipped because UTMB 0.0 <= threshold 680.0
EON Yann,,,,,,,,,,,,,0.0,UTMB not found; ITRA unavailable: ITRA lookup failed: /api/runner/find HTTP 403; /api/runner/findByName HTTP 403 (stopped after 8 consecutive failures)
ESPARON Jean-Noël,0.0,Jean-Noel ESPARON,0.6705882352941176,https://utmb.world/runner/105542.jeannoel.esparon,,,,,,,,,0.0,ITRA skipped because UTMB 0.0 <= threshold 680.0
ESTELLE PASCAL,0.0,Estelle PASCUAL,0.8258620689655173,https://utmb.world/runner/768324.estelle.pascual,,,,,,,,,0.0,ITRA skipped because UTMB 0.0 <= threshold 680.0
everitt antton,,,,,,,,,,,,,0.0,UTMB not found; ITRA unavailable: ITRA lookup failed: /api/runner/find HTTP 403; /api/runner/findByName HTTP 403 (stopped after 8 consecutive failures)
Evrin Cedric,,,,,,,,,,,,,0.0,UTMB not found; ITRA unavailable: ITRA lookup failed: /api/runner/find HTTP 403; /api/runner/findByName HTTP 403 (stopped after 8 consecutive failures)
Faas Valentin,,,,,,,,,,,,,0.0,UTMB not found; ITRA unavailable: ITRA lookup failed: /api/runner/find HTTP 403; /api/runner/findByName HTTP 403 (stopped after 8 consecutive failures)
FACONNIER Loic,,,,,,,,,,,,,0.0,UTMB not found; ITRA unavailable: ITRA lookup failed: /api/runner/find HTTP 403; /api/runner/findByName HTTP 403 (stopped after 8 consecutive failures)
faivre philippe,0.0,Jean-Philippe FAIVRE,0.7,https://utmb.world/runner/28545.jeanphilippe.faivre,,,,,,,,,0.0,ITRA skipped because UTMB 0.0 <= threshold 680.0
Ferrari Alexis,0.0,Alexis FERRARI-BOYER,0.6705882352941176,https://utmb.world/runner/4351972.alexis.ferrariboyer,,,,,,,,,0.0,ITRA skipped because UTMB 0.0 <= threshold 680.0
FILIPE J C,,,,,,,,,,,,,0.0,UTMB not found; ITRA unavailable: ITRA lookup failed: /api/runner/find HTTP 403; /api/runner/findByName HTTP 403 (stopped after 8 consecutive failures)
FONTAINE Jean Stéphane,0.0,Jean-Stephane FONTAINE,0.7136363636363636,https://utmb.world/runner/151371.jeanstephane.fontaine,,,,,,,,,0.0,ITRA skipped because UTMB 0.0 <= threshold 680.0
FONTAINE René Fred,0.0,Rene-Fred FONTAINE,0.6499999999999999,https://utmb.world/runner/151888.renefred.fontaine,,,,,,,,,0.0,ITRA skipped because UTMB 0.0 <= threshold 680.0
Fontaine Samuel Hugo,0.0,Samuel-Hugo FONTAINE,0.685,https://utmb.world/runner/23744.samuelhugo.fontaine,,,,,,,,,0.0,ITRA skipped because UTMB 0.0 <= threshold 680.0
Fontana Marie-Dominique,0.0,Marie-Dominique FONTANA,0.7565217391304347,https://utmb.world/runner/4811060.mariedominique.fontana,,,,,,,,,0.0,ITRA skipped because UTMB 0.0 <= threshold 680.0
Francoise Jean Sebastien,0.0,Francoise JEAN,0.7157894736842104,https://utmb.world/runner/179525.francoise.jean,,,,,,,,,0.0,ITRA skipped because UTMB 0.0 <= threshold 680.0
GABRION Maxime,,,,,,,,,,,,,0.0,UTMB not found; ITRA unavailable: ITRA lookup failed: /api/runner/find HTTP 403; /api/runner/findByName HTTP 403 (stopped after 8 consecutive failures)
Garait Sarah,,,,,,,,,,,,,0.0,UTMB not found; ITRA unavailable: ITRA lookup failed: /api/runner/find HTTP 403; /api/runner/findByName HTTP 403 (stopped after 8 consecutive failures)
GARCIA HOARAU Jérémy,,,,,,,,,,,,,0.0,UTMB not found; ITRA unavailable: ITRA lookup failed: /api/runner/find HTTP 403; /api/runner/findByName HTTP 403 (stopped after 8 consecutive failures)
GEIGER Nicolas,,,,,,,,,,,,,0.0,UTMB not found; ITRA unavailable: ITRA lookup failed: /api/runner/find HTTP 403; /api/runner/findByName HTTP 403 (stopped after 8 consecutive failures)
Gendron Paul,,,,,,,,,,,,,0.0,UTMB not found; ITRA unavailable: ITRA lookup failed: /api/runner/find HTTP 403; /api/runner/findByName HTTP 403 (stopped after 8 consecutive failures)
GINON-MANGUÉ Marie-Lourdes,0.0,Marie-Lourdes GINON MANGUE,0.6499999999999999,https://utmb.world/runner/6647064.marielourdes.ginonmangue,,,,,,,,,0.0,ITRA skipped because UTMB 0.0 <= threshold 680.0
GIORDANO Bruno,0.0,Giordano-Bruno MANAZZA,0.8444444444444443,https://utmb.world/runner/810691.giordanobruno.manazza,,,,,,,,,0.0,ITRA skipped because UTMB 0.0 <= threshold 680.0
Girard Enguerran,,,,,,,,,,,,,0.0,UTMB not found; ITRA unavailable: ITRA lookup failed: /api/runner/find HTTP 403; /api/runner/findByName HTTP 403 (stopped after 8 consecutive failures)
GIRARD QUENTIN,0.0,Gérard QUENTIN,0.8,https://utmb.world/runner/4783808.gerard.quentin,,,,,,,,,0.0,ITRA skipped because UTMB 0.0 <= threshold 680.0
Gironcel Kevin,,,,,,,,,,,,,0.0,UTMB not found; ITRA unavailable: ITRA lookup failed: /api/runner/find HTTP 403; /api/runner/findByName HTTP 403 (stopped after 8 consecutive failures)
GONNEAU Joachim Fernand,0.0,Joachim-Fernand GONNEAU,0.7565217391304347,https://utmb.world/runner/1542479.joachimfernand.gonneau,,,,,,,,,0.0,ITRA skipped because UTMB 0.0 <= threshold 680.0
Gonthier Maryvonne,0.0,Maryvonne GONTHIER,0.6499999999999999,https://utmb.world/runner/1935089.maryvonne.gonthier,,,,,,,,,0.0,ITRA skipped because UTMB 0.0 <= threshold 680.0
GRAND’HOMME OLIVIER,,,,,,,,,,,,,0.0,UTMB not found; ITRA unavailable: ITRA lookup failed: /api/runner/find HTTP 403; /api/runner/findByName HTTP 403 (stopped after 8 consecutive failures)
GRONDIN Patrick,0.0,Jean-Patrick GRONDIN,0.6599999999999999,https://utmb.world/runner/153167.jeanpatrick.grondin,,,,,,,,,0.0,ITRA skipped because UTMB 0.0 <= threshold 680.0
Guénin Cyril,,,,,,,,,,,,,0.0,UTMB not found; ITRA unavailable: ITRA lookup failed: /api/runner/find HTTP 403; /api/runner/findByName HTTP 403 (stopped after 8 consecutive failures)
GUENIN Julie,,,,,,,,,,,,,0.0,UTMB not found; ITRA unavailable: ITRA lookup failed: /api/runner/find HTTP 403; /api/runner/findByName HTTP 403 (stopped after 8 consecutive failures)
Gugenheimer Andreas,0.0,Andreas GUGENHEIMER,0.7052631578947368,https://utmb.world/runner/460508.andreas.gugenheimer,,,,,,,,,0.0,ITRA skipped because UTMB 0.0 <= threshold 680.0
Havard dit Duclos Anne,,,,,,,,,,,,,0.0,UTMB not found; ITRA unavailable: ITRA lookup failed: /api/runner/find HTTP 403; /api/runner/findByName HTTP 403 (stopped after 8 consecutive failures)
HENRY Steven,0.0,Henry Steven PICO CRIOLLO,0.754054054054054,https://utmb.world/runner/4125994.henrysteven.picocriollo,,,,,,,,,0.0,ITRA skipped because UTMB 0.0 <= threshold 680.0
Herbin Philippe,0.0,Philippe HERBIN,0.6733333333333333,https://utmb.world/runner/4799076.philippe.herbin,,,,,,,,,0.0,ITRA skipped because UTMB 0.0 <= threshold 680.0
Herbreteau Arthur,0.0,Arthur HERBRETEAU,0.7117647058823529,https://utmb.world/runner/533380.arthur.herbreteau,,,,,,,,,0.0,ITRA skipped because UTMB 0.0 <= threshold 680.0
Herode Samuel,,,,,,,,,,,,,0.0,UTMB not found; ITRA unavailable: ITRA lookup failed: /api/runner/find HTTP 403; /api/runner/findByName HTTP 403 (stopped after 8 consecutive failures)
HOARAU JONHY,,,,,,,,,,,,,0.0,UTMB not found; ITRA unavailable: ITRA lookup failed: /api/runner/find HTTP 403; /api/runner/findByName HTTP 403 (stopped after 8 consecutive failures)
Hoarau Alexandre,0.0,Alexandre HOARAU,0.69375,https://utmb.world/runner/1311345.alexandre.hoarau,,,,,68.61,HOARAU EDDY-ALEXANDRE,0.9054054054054055,https://www.betrail.run/runner/hoarau.eddy-alexandre/overview,0.0,ITRA skipped because UTMB 0.0 <= threshold 680.0; Betrail catalog fuzzy match; Betrail catalog fuzzy match
hoarau Armand,0.0,Marcel-Armand HOARAU,0.6818181818181818,https://utmb.world/runner/338426.marcelarmand.hoarau,,,,,,,,,0.0,ITRA skipped because UTMB 0.0 <= threshold 680.0
Hoarau Fabien,,,,,,,,,,,,,0.0,UTMB not found; ITRA unavailable: ITRA lookup failed: /api/runner/find HTTP 403; /api/runner/findByName HTTP 403 (stopped after 8 consecutive failures)
Hoarau Loic,0.0,Loic HOARAU,0.6818181818181818,https://utmb.world/runner/103421.loic.hoarau,,,,,,,,,0.0,ITRA skipped because UTMB 0.0 <= threshold 680.0
Hoareau Alexis,0.0,Alexis HOAREAU,0.6499999999999999,https://utmb.world/runner/103680.alexis.hoareau,,,,,,,,,0.0,ITRA skipped because UTMB 0.0 <= threshold 680.0
HOAREAU MYRIELLE,0.0,Marie-Myrielle HOAREAU,0.7421052631578946,https://utmb.world/runner/533266.mariemyrielle.hoareau,,,,,,,,,0.0,ITRA skipped because UTMB 0.0 <= threshold 680.0
hoareau Patrick,0.0,Jean-Patrick HOAREAU,0.7,https://utmb.world/runner/105880.jeanpatrick.hoareau,,,,,,,,,0.0,ITRA skipped because UTMB 0.0 <= threshold 680.0
Hoareau Yannis,0.0,Yannis HOAREAU,0.6499999999999999,https://utmb.world/runner/658350.yannis.hoareau,,,,,,,,,0.0,ITRA skipped because UTMB 0.0 <= threshold 680.0
Huguet Nicolas,0.0,Hugues NICOLAS,0.8,https://utmb.world/runner/2976433.hugues.nicolas,,,,,,,,,0.0,ITRA skipped because UTMB 0.0 <= threshold 680.0
Huyse Maxime,0.0,Maxime HUYSE,0.6499999999999999,https://utmb.world/runner/7889172.maxime.huyse,,,,,,,,,0.0,ITRA skipped because UTMB 0.0 <= threshold 680.0
Intertaglia Nicolas,0.0,Nicolas INTERTAGLIA,0.7052631578947368,https://utmb.world/runner/1721993.nicolas.intertaglia,,,,,,,,,0.0,ITRA skipped because UTMB 0.0 <= threshold 680.0
ISSOP MAMODE Archad,,,,,,,,,,,,,0.0,UTMB not found; ITRA unavailable: ITRA lookup failed: /api/runner/find HTTP 403; /api/runner/findByName HTTP 403 (stopped after 8 consecutive failures)
jacques margaux,0.0,Jacques MARGAUX,1.0,https://utmb.world/runner/4674982.jacques.margaux,,,,,,,,,0.0,ITRA skipped because UTMB 0.0 <= threshold 680.0
JACQUIN GREGOIRE,0.0,Gregoire JACQUIN,0.6499999999999999,https://utmb.world/runner/4591454.gregoire.jacquin,,,,,,,,,0.0,ITRA skipped because UTMB 0.0 <= threshold 680.0
JANEX Pierre,,,,,,,,,,,,,0.0,UTMB not found; ITRA unavailable: ITRA lookup failed: /api/runner/find HTTP 403; /api/runner/findByName HTTP 403 (stopped after 8 consecutive failures)
JANIN nathan,0.0,Jamin NATHAN,0.7916666666666666,https://utmb.world/runner/5808946.jamin.nathan,,,,,,,,,0.0,ITRA skipped because UTMB 0.0 <= threshold 680.0
Javegny Martien,0.0,Martien JAVEGNY,0.6266666666666667,https://utmb.world/runner/25843.martien.javegny,,,,,,,,,0.0,ITRA skipped because UTMB 0.0 <= threshold 680.0
jean valentin,0.0,Jean-Rene VALENTIN,0.8870967741935483,https://utmb.world/runner/76282.jeanrene.valentin,,,,,,,,,0.0,ITRA skipped because UTMB 0.0 <= threshold 680.0
Joly Ulysse,0.0,Ulysse JOLY,0.6818181818181818,https://utmb.world/runner/3396935.ulysse.joly,,,,,,,,,0.0,ITRA skipped because UTMB 0.0 <= threshold 680.0
Jootoo Shiv,0.0,Jootoo SHIV,1.0,https://utmb.world/runner/533312.jootoo.shiv,,,,,,,,,0.0,ITRA skipped because UTMB 0.0 <= threshold 680.0
JOSSELIN Arnaud,0.0,Josselin ARNAUD,1.0,https://utmb.world/runner/3811181.josselin.arnaud,,,,,,,,,0.0,ITRA skipped because UTMB 0.0 <= threshold 680.0
Josset Nicolas,0.0,Nicolas JOSSET,0.6499999999999999,https://utmb.world/runner/4798782.nicolas.josset,,,,,,,,,0.0,ITRA skipped because UTMB 0.0 <= threshold 680.0
JUDIC PIERRE,0.0,Pierre JUDIC,0.6499999999999999,https://utmb.world/runner/520499.pierre.judic,,,,,,,,,0.0,ITRA skipped because UTMB 0.0 <= threshold 680.0
Keraudran Yoann,0.0,Yoann KERAUDRAN,0.72,https://utmb.world/runner/5268636.yoann.keraudran,,,,,,,,,0.0,ITRA skipped because UTMB 0.0 <= threshold 680.0
Kerdouh Ludovic,0.0,Ludovic KERDOUH,0.6266666666666667,https://utmb.world/runner/4200165.ludovic.kerdouh,,,,,,,,,0.0,ITRA skipped because UTMB 0.0 <= threshold 680.0
konietzko gilles,,,,,,,,,,,,,0.0,UTMB not found; ITRA unavailable: ITRA lookup failed: /api/runner/find HTTP 403; /api/runner/findByName HTTP 403 (stopped after 8 consecutive failures)
Kourtidis Spyros,,,,,,,,,,,,,0.0,UTMB not found; ITRA unavailable: ITRA lookup failed: /api/runner/find HTTP 403; /api/runner/findByName HTTP 403 (stopped after 8 consecutive failures)
Krausse Thomas,0.0,Thomas KRAUSSE,0.6499999999999999,https://utmb.world/runner/68388.thomas.krausse,,,,,,,,,0.0,ITRA skipped because UTMB 0.0 <= threshold 680.0
Kumé Maxime,,,,,,,,,,,,,0.0,UTMB not found; ITRA unavailable: ITRA lookup failed: /api/runner/find HTTP 403; /api/runner/findByName HTTP 403 (stopped after 8 consecutive failures)
L’HENORET LOIC,,,,,,,,,,,,,0.0,UTMB not found; ITRA unavailable: ITRA lookup failed: /api/runner/find HTTP 403; /api/runner/findByName HTTP 403 (stopped after 8 consecutive failures)
LAFFINEUR OLIVIER,0.0,Olivier LAFFINEUR,0.6705882352941176,https://utmb.world/runner/386206.olivier.laffineur,,,,,,,,,0.0,ITRA skipped because UTMB 0.0 <= threshold 680.0
Lafon Pierre,0.0,Jean-Pierre LAFON,0.7344827586206897,https://utmb.world/runner/5322354.jeanpierre.lafon,,,,,,,,,0.0,ITRA skipped because UTMB 0.0 <= threshold 680.0
Lagneau Typhanie,,,,,,,,,,,,,0.0,UTMB not found; ITRA unavailable: ITRA lookup failed: /api/runner/find HTTP 403; /api/runner/findByName HTTP 403 (stopped after 8 consecutive failures)
LAHCHAYCHI Fahd,,,,,,,,,,,,,0.0,UTMB not found; ITRA unavailable: ITRA lookup failed: /api/runner/find HTTP 403; /api/runner/findByName HTTP 403 (stopped after 8 consecutive failures)
LAKHDAR Rachid,0.0,Rachid LAKHDAR,0.6499999999999999,https://utmb.world/runner/7889372.rachid.lakhdar,,,,,,,,,0.0,ITRA skipped because UTMB 0.0 <= threshold 680.0
Lamarque Clément,0.0,Clement LAMARQUE,0.6499999999999999,https://utmb.world/runner/923055.clement.lamarque,,,,,,,,,0.0,ITRA skipped because UTMB 0.0 <= threshold 680.0
LARTIGOLLE Jean-Dominique,,,,,,,,,,,,,0.0,UTMB not found; ITRA unavailable: ITRA lookup failed: /api/runner/find HTTP 403; /api/runner/findByName HTTP 403 (stopped after 8 consecutive failures)
LAURET Marie Sophie,0.0,Marie Sophie LAURET,0.7421052631578946,https://utmb.world/runner/4268997.mariesophie.lauret,,,,,,,,,0.0,ITRA skipped because UTMB 0.0 <= threshold 680.0
le bon Denis René Michel,0.0,Denis LE BON,0.41333333333333333,https://utmb.world/runner/103027.denis.lebon,,,,,,,,,0.0,UTMB low-confidence match; ITRA skipped because UTMB 0.0 <= threshold 680.0
LE GALIC PATRICK,0.0,Patrick LE GALIC,0.6499999999999999,https://utmb.world/runner/26090.patrick.legalic,,,,,,,,,0.0,ITRA skipped because UTMB 0.0 <= threshold 680.0
LE GARREC Michel,0.0,Michel LE GARREC,0.69375,https://utmb.world/runner/103995.michel.legarrec,,,,,,,,,0.0,ITRA skipped because UTMB 0.0 <= threshold 680.0
Le palud JULIEN,0.0,Julien LE PALUD,0.6733333333333333,https://utmb.world/runner/26016.julien.lepalud,,,,,,,,,0.0,ITRA skipped because UTMB 0.0 <= threshold 680.0
Lebihan Jean-pierre,0.0,Jean-Pierre LEBIHAN,0.7052631578947368,https://utmb.world/runner/153256.jeanpierre.lebihan,,,,,,,,,0.0,ITRA skipped because UTMB 0.0 <= threshold 680.0
LEBRETON Corine,0.0,Corine LEBRETON,0.6733333333333333,https://utmb.world/runner/3913151.corine.lebreton,,,,,,,,,0.0,ITRA skipped because UTMB 0.0 <= threshold 680.0
Ledez Clément,,,,,,,,,,,,,0.0,UTMB not found; ITRA unavailable: ITRA lookup failed: /api/runner/find HTTP 403; /api/runner/findByName HTTP 403 (stopped after 8 consecutive failures)
LEFEVRE Yoland,0.0,Yoland LEFEVRE,0.6499999999999999,https://utmb.world/runner/590624.yoland.lefevre,,,,,,,,,0.0,ITRA skipped because UTMB 0.0 <= threshold 680.0
LÉGER David,0.0,Leger-David DE SAINT,0.7967741935483871,https://utmb.world/runner/461848.legerdavid.desaint,,,,,,,,,0.0,ITRA skipped because UTMB 0.0 <= threshold 680.0
LEGRAND Nicolas,0.0,Pierre-Nicolas LEGRAND,0.6783783783783783,https://utmb.world/runner/6677684.pierrenicolas.legrand,,,,,69.67,LEGRAND NICOLAS,1.0,https://www.betrail.run/runner/legrand.nicolas.3/overview,0.0,ITRA skipped because UTMB 0.0 <= threshold 680.0
lemaitre gwendolyn,0.0,Gwendolyn LEMAITRE,0.6499999999999999,https://utmb.world/runner/4209845.gwendolyn.lemaitre,,,,,,,,,0.0,ITRA skipped because UTMB 0.0 <= threshold 680.0
Lerouge Eric,0.0,Eric LEROUGE,0.7083333333333333,https://utmb.world/runner/1646053.eric.lerouge,,,,,,,,,0.0,ITRA skipped because UTMB 0.0 <= threshold 680.0
LEROY Eric,0.0,Éric LEROY (Eric LEROY),0.7516129032258063,https://utmb.world/runner/3037181.eric.leroy,,,,,,,,,0.0,ITRA skipped because UTMB 0.0 <= threshold 680.0
LEVENEUR FRED,,,,,,,,,,,,,0.0,UTMB not found; ITRA unavailable: ITRA lookup failed: /api/runner/find HTTP 403; /api/runner/findByName HTTP 403 (stopped after 8 consecutive failures)
Leveneur-Azémar Marie,,,,,,,,,,,,,0.0,UTMB not found; ITRA unavailable: ITRA lookup failed: /api/runner/find HTTP 403; /api/runner/findByName HTTP 403 (stopped after 8 consecutive failures)
Levy Tristan,0.0,Tristan LEVY,0.7083333333333333,https://utmb.world/runner/30195.tristan.levy,,,,,,,,,0.0,ITRA skipped because UTMB 0.0 <= threshold 680.0
LHERM DIDIER,0.0,Didier LHERM,0.6499999999999999,https://utmb.world/runner/3136349.didier.lherm,,,,,,,,,0.0,ITRA skipped because UTMB 0.0 <= threshold 680.0
Libel Reynold,0.0,Reynold LIBEL,0.6769230769230768,https://utmb.world/runner/1721115.reynold.libel,,,,,,,,,0.0,ITRA skipped because UTMB 0.0 <= threshold 680.0
LIBELLE JOVANY,0.0,Jovany LIBELLE,0.6499999999999999,https://utmb.world/runner/103571.jovany.libelle,,,,,,,,,0.0,ITRA skipped because UTMB 0.0 <= threshold 680.0
LIONEL Nicolas,0.0,Lionel NICOLAS,1.0,https://utmb.world/runner/557785.lionel.nicolas,,,,,,,,,0.0,ITRA skipped because UTMB 0.0 <= threshold 680.0
LOPEZ PHILIPPE,0.0,Jean-Philippe LOPEZ,0.7242424242424242,https://utmb.world/runner/276535.jeanphilippe.lopez,,,,,,,,,0.0,ITRA skipped because UTMB 0.0 <= threshold 680.0
LUCAS François,0.0,Lucas FRANÇOIS,1.0,https://utmb.world/runner/8338186.lucas.francois,,,,,,,,,0.0,ITRA skipped because UTMB 0.0 <= threshold 680.0
Lucian Luidgi,0.0,Luidgi LUCIAN,0.6230769230769231,https://utmb.world/runner/725330.luidgi.lucian,,,,,,,,,0.0,ITRA skipped because UTMB 0.0 <= threshold 680.0
Lucidarme Enzo,,,,,,,,,,,,,0.0,UTMB not found; ITRA unavailable: ITRA lookup failed: /api/runner/find HTTP 403; /api/runner/findByName HTTP 403 (stopped after 8 consecutive failures)
Lusseau Nathan,,,,,,,,,,,,,0.0,UTMB not found; ITRA unavailable: ITRA lookup failed: /api/runner/find HTTP 403; /api/runner/findByName HTTP 403 (stopped after 8 consecutive failures)
Mahieu Pierre,0.0,Jean-Pierre MAHIEU,0.6612903225806451,https://utmb.world/runner/74081.jeanpierre.mahieu,,,,,,,,,0.0,ITRA skipped because UTMB 0.0 <= threshold 680.0
MAIKE Julien,0.0,Mike JULIEN,0.8195652173913044,https://utmb.world/runner/566288.mike.julien,,,,,,,,,0.0,ITRA skipped because UTMB 0.0 <= threshold 680.0
Maillart Clement,,,,,,,,,,,,,0.0,UTMB not found; ITRA unavailable: ITRA lookup failed: /api/runner/find HTTP 403; /api/runner/findByName HTTP 403 (stopped after 8 consecutive failures)
Maillot François,0.0,Paul-Francois MAILLOT,0.7162162162162162,https://utmb.world/runner/153572.paulfrancois.maillot,,,,,,,,,0.0,ITRA skipped because UTMB 0.0 <= threshold 680.0
Maillot Sabrina,,,,,,,,,,,,,0.0,UTMB not found; ITRA unavailable: ITRA lookup failed: /api/runner/find HTTP 403; /api/runner/findByName HTTP 403 (stopped after 8 consecutive failures)
Maingot Nolan,0.0,Nolan MAINGOT,0.6769230769230768,https://utmb.world/runner/8351048.nolan.maingot,,,,,,,,,0.0,ITRA skipped because UTMB 0.0 <= threshold 680.0
MALARY ERWAN,0.0,Erwan MALARY,0.6499999999999999,https://utmb.world/runner/27310.erwan.malary,,,,,,,,,0.0,ITRA skipped because UTMB 0.0 <= threshold 680.0
MALBROUCK KADIDJA,0.0,Marie MALBROUCK-KADIDJA,0.895,https://utmb.world/runner/218769.marie.malbrouckkadidja,,,,,,,,,0.0,ITRA skipped because UTMB 0.0 <= threshold 680.0
Malgras Brice,,,,,,,,,,,,,0.0,UTMB not found; ITRA unavailable: ITRA lookup failed: /api/runner/find HTTP 403; /api/runner/findByName HTTP 403 (stopped after 8 consecutive failures)
Malgras François,,,,,,,,,,,,,0.0,UTMB not found; ITRA unavailable: ITRA lookup failed: /api/runner/find HTTP 403; /api/runner/findByName HTTP 403 (stopped after 8 consecutive failures)
Mansour Amine,0.0,Mazur Mansur AMINE,0.6919354838709677,https://utmb.world/runner/5572930.mazurmansur.amine,,,,,,,,,0.0,ITRA skipped because UTMB 0.0 <= threshold 680.0
Maraly Erickson,0.0,Erickson MARALY,0.6733333333333333,https://utmb.world/runner/2402495.erickson.maraly,,,,,,,,,0.0,ITRA skipped because UTMB 0.0 <= threshold 680.0
MARCHAND Anne,0.0,Anne MARCHAND,0.7307692307692308,https://utmb.world/runner/391197.anne.marchand,,,,,,,,,0.0,ITRA skipped because UTMB 0.0 <= threshold 680.0
Marie-Marthe Rudy,0.0,Rudy MARIE-MARTHE,0.7941176470588236,https://utmb.world/runner/579629.rudy.mariemarthe,,,,,,,,,0.0,ITRA skipped because UTMB 0.0 <= threshold 680.0
MARKA Jimmy,0.0,Jimmy MARKA,0.6181818181818182,https://utmb.world/runner/104064.jimmy.marka,,,,,,,,,0.0,ITRA skipped because UTMB 0.0 <= threshold 680.0
Marot Augustin,0.0,Augustin MAROT,0.7,https://utmb.world/runner/5770600.augustin.marot,,,,,,,,,0.0,ITRA skipped because UTMB 0.0 <= threshold 680.0
Marot Matthieu,0.0,Matthieu MAROT,0.7,https://utmb.world/runner/8502784.matthieu.marot,,,,,,,,,0.0,ITRA skipped because UTMB 0.0 <= threshold 680.0
MARSAN Anaïs,,,,,,,,,,,,,0.0,UTMB not found; ITRA unavailable: ITRA lookup failed: /api/runner/find HTTP 403; /api/runner/findByName HTTP 403 (stopped after 8 consecutive failures)
MARSANDE PIERRE-ALAIN,0.0,Pierre-Alain MARSANDE,0.7,https://utmb.world/runner/521038.pierrealain.marsande,,,,,,,,,0.0,ITRA skipped because UTMB 0.0 <= threshold 680.0
Marteau Elie,,,,,,,,,,,,,0.0,UTMB not found; ITRA unavailable: ITRA lookup failed: /api/runner/find HTTP 403; /api/runner/findByName HTTP 403 (stopped after 8 consecutive failures)
MARY Pierre,0.0,Mary-Pierre THIERY,0.8310344827586207,https://utmb.world/runner/1794985.marypierre.thiery,,,,,,,,,0.0,ITRA skipped because UTMB 0.0 <= threshold 680.0
Maximo Anthony,0.0,Anthony MAXIMO,0.6499999999999999,https://utmb.world/runner/445585.anthony.maximo,,,,,,,,,0.0,ITRA skipped because UTMB 0.0 <= threshold 680.0
Médina Alexandre,0.0,Alexandre MEDINA,0.69375,https://utmb.world/runner/9062.alexandre.medina,,,,,,,,,0.0,ITRA skipped because UTMB 0.0 <= threshold 680.0
Menanteau Romain,0.0,Romain MENANTEAU,0.69375,https://utmb.world/runner/2420231.romain.menanteau,,,,,,,,,0.0,ITRA skipped because UTMB 0.0 <= threshold 680.0
Mesmoudi Eric,0.0,Eric MESMOUDI ERIC,0.8870967741935483,https://utmb.world/runner/5355238.eric.mesmoudieric,,,,,,,,,0.0,ITRA skipped because UTMB 0.0 <= threshold 680.0
Meynier Johanna,0.0,Johanna MEYNIER,0.6266666666666667,https://utmb.world/runner/5758640.johanna.meynier,,,,,,,,,0.0,ITRA skipped because UTMB 0.0 <= threshold 680.0
MICHON MATHIEU,0.0,Pichon MATHIEU,0.8,https://utmb.world/runner/4313248.pichon.mathieu,,,,,,,,,0.0,ITRA skipped because UTMB 0.0 <= threshold 680.0
MILLOCHAU Morgann,0.0,Morgann MILLOCHAU,0.6705882352941176,https://utmb.world/runner/4493458.morgann.millochau,,,,,,,,,0.0,ITRA skipped because UTMB 0.0 <= threshold 680.0
Mininger Julien,0.0,Julien MININGER,0.6733333333333333,https://utmb.world/runner/1176387.julien.mininger,,,,,,,,,0.0,ITRA skipped because UTMB 0.0 <= threshold 680.0
MITHIERE Jason,,,,,,,,,,,,,0.0,UTMB not found; ITRA unavailable: ITRA lookup failed: /api/runner/find HTTP 403; /api/runner/findByName HTTP 403 (stopped after 8 consecutive failures)
MOHAMED YOUSSOUF Bébé Athoumani,,,,,,,,,,,,,0.0,UTMB not found; ITRA unavailable: ITRA lookup failed: /api/runner/find HTTP 403; /api/runner/findByName HTTP 403 (stopped after 8 consecutive failures)
MOLA DIMITRI,,,,,,,,,,,,,0.0,UTMB not found; ITRA unavailable: ITRA lookup failed: /api/runner/find HTTP 403; /api/runner/findByName HTTP 403 (stopped after 8 consecutive failures)
Monney Noélie,0.0,Noélie MONNEY,0.6230769230769231,https://utmb.world/runner/2338485.noelie.monney,,,,,,,,,0.0,ITRA skipped because UTMB 0.0 <= threshold 680.0
Montavon Morane,,,,,,,,,,,,,0.0,UTMB not found; ITRA unavailable: ITRA lookup failed: /api/runner/find HTTP 403; /api/runner/findByName HTTP 403 (stopped after 8 consecutive failures)
Montreuil Thibaud,,,,,,,,,,,,,0.0,UTMB not found; ITRA unavailable: ITRA lookup failed: /api/runner/find HTTP 403; /api/runner/findByName HTTP 403 (stopped after 8 consecutive failures)
"Moreau Sébastien, François",0.0,Sébastien François MOREAU,0.804,https://utmb.world/runner/2965841.sebastienfrancois.moreau,,,,,,,,,0.0,ITRA skipped because UTMB 0.0 <= threshold 680.0
Moreira Moutinho Dario Claudio,,,,,,,,,,,,,0.0,UTMB not found; ITRA unavailable: ITRA lookup failed: /api/runner/find HTTP 403; /api/runner/findByName HTTP 403 (stopped after 8 consecutive failures)
MORENO FRANCOIS,0.0,Jean Francois MORENO,0.74,https://utmb.world/runner/4867631.jeanfrancois.moreno,,,,,,,,,0.0,ITRA skipped because UTMB 0.0 <= threshold 680.0
MORTAISE Fabrice,0.0,Fabrice MORTAISE,0.6499999999999999,https://utmb.world/runner/2054085.fabrice.mortaise,,,,,,,,,0.0,ITRA skipped because UTMB 0.0 <= threshold 680.0
Mours PIERRE,,,,,,,,,,,,,0.0,UTMB not found; ITRA unavailable: ITRA lookup failed: /api/runner/find HTTP 403; /api/runner/findByName HTTP 403 (stopped after 8 consecutive failures)
Mussard Regis,0.0,Regis MUSSARD,0.6769230769230768,https://utmb.world/runner/103966.regis.mussard,,,,,,,,,0.0,ITRA skipped because UTMB 0.0 <= threshold 680.0
MUSSARD TISSANDIER Merylene,,,,,,,,,,,,,0.0,UTMB not found; ITRA unavailable: ITRA lookup failed: /api/runner/find HTTP 403; /api/runner/findByName HTTP 403 (stopped after 8 consecutive failures)
NARIA Laurent,0.0,Maria LAURENT,0.7961538461538462,https://utmb.world/runner/3036419.maria.laurent,,,,,,,,,0.0,ITRA skipped because UTMB 0.0 <= threshold 680.0
Nassau Lionel Paul,,,,,,,,,,,,,0.0,UTMB not found; ITRA unavailable: ITRA lookup failed: /api/runner/find HTTP 403; /api/runner/findByName HTTP 403 (stopped after 8 consecutive failures)
Navarro Laurent,0.0,Jean Laurent NAVARRO,0.6599999999999999,https://utmb.world/runner/2277869.jeanlaurent.navarro,,,,,,,,,0.0,ITRA skipped because UTMB 0.0 <= threshold 680.0
Naze Jean Patrice,0.0,Jean-Patrice NAZE,0.7941176470588236,https://utmb.world/runner/281869.jeanpatrice.naze,,,,,,,,,0.0,ITRA skipped because UTMB 0.0 <= threshold 680.0
NAZE Jean René,0.0,Jean-Rene NAZE,0.75,https://utmb.world/runner/23698.jeanrene.naze,,,,,,,,,0.0,ITRA skipped because UTMB 0.0 <= threshold 680.0
Nirlot Alexandre,0.0,Alexandre NIRLOT,0.69375,https://utmb.world/runner/308446.alexandre.nirlot,,,,,,,,,0.0,ITRA skipped because UTMB 0.0 <= threshold 680.0
NOEL Rodolphe,0.0,Rodolphe NOEL,0.7307692307692308,https://utmb.world/runner/152572.rodolphe.noel,,,,,,,,,0.0,ITRA skipped because UTMB 0.0 <= threshold 680.0
OLLIER Stéphane,0.0,Stéphane OLLIER,0.6733333333333333,https://utmb.world/runner/2602.stephane.ollier,,,,,,,,,0.0,ITRA skipped because UTMB 0.0 <= threshold 680.0
Ollivier Patrice,0.0,Olivier PATRICE,0.8274193548387097,https://utmb.world/runner/3166903.olivier.patrice,,,,,,,,,0.0,ITRA skipped because UTMB 0.0 <= threshold 680.0
Ouisse Jérôme,0.0,Jérôme OUISSE,0.6230769230769231,https://utmb.world/runner/489229.jerome.ouisse,,,,,,,,,0.0,ITRA skipped because UTMB 0.0 <= threshold 680.0
palama jean denis,0.0,Jean-Denis PALAMA,0.7117647058823529,https://utmb.world/runner/103691.jeandenis.palama,,,,,,,,,0.0,ITRA skipped because UTMB 0.0 <= threshold 680.0
PANDION Yannick,,,,,,,,,,,,,0.0,UTMB not found; ITRA unavailable: ITRA lookup failed: /api/runner/find HTTP 403; /api/runner/findByName HTTP 403 (stopped after 8 consecutive failures)
Papin Pierre,0.0,Jean-Pierre PAPIN,0.7344827586206897,https://utmb.world/runner/77626.jeanpierre.papin,,,,,,,,,0.0,ITRA skipped because UTMB 0.0 <= threshold 680.0
Pasquini Maxime,,,,,,,,,,,,,0.0,UTMB not found; ITRA unavailable: ITRA lookup failed: /api/runner/find HTTP 403; /api/runner/findByName HTTP 403 (stopped after 8 consecutive failures)
PASSEMARD FREDERIC,0.0,Frederic PASSEMARD,0.6499999999999999,https://utmb.world/runner/179395.frederic.passemard,,,,,,,,,0.0,ITRA skipped because UTMB 0.0 <= threshold 680.0
Paulme Benoît,0.0,Paule BENOIT,0.822,https://utmb.world/runner/1776913.paule.benoit,,,,,,,,,0.0,ITRA skipped because UTMB 0.0 <= threshold 680.0
PAUMETTE NICK,,,,,,,,,,,,,0.0,UTMB not found; ITRA unavailable: ITRA lookup failed: /api/runner/find HTTP 403; /api/runner/findByName HTTP 403 (stopped after 8 consecutive failures)
PAVIET-SALOMON LUDO,0.0,Jean Ludo PAVIET SALOMON,0.7558139534883721,https://utmb.world/runner/371596.jeanludo.pavietsalomon,,,,,,,,,0.0,ITRA skipped because UTMB 0.0 <= threshold 680.0
payet bruno,0.0,Jean Bruno PAYET,0.662962962962963,https://utmb.world/runner/2336613.jeanbruno.payet,,,,,,,,,0.0,ITRA skipped because UTMB 0.0 <= threshold 680.0
Payet Claude,0.0,Jean-Claude PAYET,0.6862068965517241,https://utmb.world/runner/103425.jeanclaude.payet,,,,,,,,,0.0,ITRA skipped because UTMB 0.0 <= threshold 680.0
PAYET Dany gerard,0.0,Dany-Gérard PAYET,0.7529411764705882,https://utmb.world/runner/152813.danygerard.payet,,,,,,,,,0.0,ITRA skipped because UTMB 0.0 <= threshold 680.0
Payet Jerome,0.0,Vincent-Jerome PAYET,0.69375,https://utmb.world/runner/1312157.vincentjerome.payet,,,,,,,,,0.0,ITRA skipped because UTMB 0.0 <= threshold 680.0
Payet Noé,0.0,Noe PAYET,0.6888888888888889,https://utmb.world/runner/105295.noe.payet,,,,,,,,,0.0,ITRA skipped because UTMB 0.0 <= threshold 680.0
Pazos Diego,0.0,Diego PAZOS-SAINZA,0.6379310344827587,https://utmb.world/runner/717547.diego.pazossainza,,,,,88.6,PAZOS DIEGO,1.0,https://www.betrail.run/runner/pazos.diego/overview,0.0,ITRA skipped because UTMB 0.0 <= threshold 680.0
Perianayagom Mary Anthony,,,,,,,,,,,,,0.0,UTMB not found; ITRA unavailable: ITRA lookup failed: /api/runner/find HTTP 403; /api/runner/findByName HTTP 403 (stopped after 8 consecutive failures)
Perinet Isabelle,,,,,,,,,,,,,0.0,UTMB not found; ITRA unavailable: ITRA lookup failed: /api/runner/find HTTP 403; /api/runner/findByName HTTP 403 (stopped after 8 consecutive failures)
Perrochon-bowe Julien,,,,,,,,,,,,,0.0,UTMB not found; ITRA unavailable: ITRA lookup failed: /api/runner/find HTTP 403; /api/runner/findByName HTTP 403 (stopped after 8 consecutive failures)
PETARD Steve,0.0,Steve PETARD,0.6499999999999999,https://utmb.world/runner/4269158.steve.petard,,,,,,,,,0.0,ITRA skipped because UTMB 0.0 <= threshold 680.0
Pirazzoli Ludovic,0.0,Ludovic PIRAZZOLI,0.6705882352941176,https://utmb.world/runner/8181827.ludovic.pirazzoli,,,,,,,,,0.0,ITRA skipped because UTMB 0.0 <= threshold 680.0
PITCHECANIN didier,0.0,Didier PITCHECANIN,0.7277777777777779,https://utmb.world/runner/8514592.didier.pitchecanin,,,,,,,,,0.0,ITRA skipped because UTMB 0.0 <= threshold 680.0
POIRIER Alban,0.0,Poirier ALBAN,1.0,https://utmb.world/runner/7925173.poirier.alban,,,,,,,,,0.0,ITRA skipped because UTMB 0.0 <= threshold 680.0
Poitard Pierre-arnaud,,,,,,,,,,,,,0.0,UTMB not found; ITRA unavailable: ITRA lookup failed: /api/runner/find HTTP 403; /api/runner/findByName HTTP 403 (stopped after 8 consecutive failures)
POUCHARD Justine,0.0,Justine POUCHARD,0.6499999999999999,https://utmb.world/runner/4509846.justine.pouchard,,,,,,,,,0.0,ITRA skipped because UTMB 0.0 <= threshold 680.0
PRENANT Justin,,,,,,,,,,,,,0.0,UTMB not found; ITRA unavailable: ITRA lookup failed: /api/runner/find HTTP 403; /api/runner/findByName HTTP 403 (stopped after 8 consecutive failures)
Preto Frédéric,0.0,Frederic PRETO,0.7,https://utmb.world/runner/23595.frederic.preto,,,,,,,,,0.0,ITRA skipped because UTMB 0.0 <= threshold 680.0
Py Denis,,,,,,,,,,,,,0.0,UTMB not found; ITRA unavailable: ITRA lookup failed: /api/runner/find HTTP 403; /api/runner/findByName HTTP 403 (stopped after 8 consecutive failures)
RAMON Cyril,0.0,Cyril RAMON,0.6181818181818182,https://utmb.world/runner/4396172.cyril.ramon,,,,,,,,,0.0,ITRA skipped because UTMB 0.0 <= threshold 680.0
Ramon Noah,,,,,,,,,,,,,0.0,UTMB not found; ITRA unavailable: ITRA lookup failed: /api/runner/find HTTP 403; /api/runner/findByName HTTP 403 (stopped after 8 consecutive failures)
Ravet Rudy,,,,,,,,,,,,,0.0,UTMB not found; ITRA unavailable: ITRA lookup failed: /api/runner/find HTTP 403; /api/runner/findByName HTTP 403 (stopped after 8 consecutive failures)
RAYMOND Anthony,0.0,Raymond-Anthony GALLARDO,0.8384615384615384,https://utmb.world/runner/6055309.raymondanthony.gallardo,,,,,,,,,0.0,ITRA skipped because UTMB 0.0 <= threshold 680.0
Rebout Thomas,,,,,,,,,,,,,0.0,UTMB not found; ITRA unavailable: ITRA lookup failed: /api/runner/find HTTP 403; /api/runner/findByName HTTP 403 (stopped after 8 consecutive failures)
Remy Joanne,0.0,Rémy JOUANNE,0.8195652173913044,https://utmb.world/runner/1320579.remy.jouanne,,,,,,,,,0.0,ITRA skipped because UTMB 0.0 <= threshold 680.0
Renard Olivier,0.0,Renard OLIVIER,1.0,https://utmb.world/runner/555980.renard.olivier,,,,,,,,,0.0,ITRA skipped because UTMB 0.0 <= threshold 680.0
Reynaud Clement,0.0,Renaud CLEMENT,0.8258620689655173,https://utmb.world/runner/968425.renaud.clement,,,,,,,,,0.0,ITRA skipped because UTMB 0.0 <= threshold 680.0
RIBIER JOHANA,,,,,,,,,,,,,0.0,UTMB not found; ITRA unavailable: ITRA lookup failed: /api/runner/find HTTP 403; /api/runner/findByName HTTP 403 (stopped after 8 consecutive failures)
RICHARD LUDOVIC,0.0,Richard LUDOVIC,1.0,https://utmb.world/runner/305373.richard.ludovic,,,,,,,,,0.0,ITRA skipped because UTMB 0.0 <= threshold 680.0
rivart christophe,,,,,,,,,,,,,0.0,UTMB not found; ITRA unavailable: ITRA lookup failed: /api/runner/find HTTP 403; /api/runner/findByName HTTP 403 (stopped after 8 consecutive failures)
Riviere Julie,0.0,Riviere JULIE,1.0,https://utmb.world/runner/828324.riviere.julie,,,,,,,,,0.0,ITRA skipped because UTMB 0.0 <= threshold 680.0
Riviere Nicolas,0.0,Riviere NICOLAS,1.0,https://utmb.world/runner/4289283.riviere.nicolas,,,,,75.34,RIVIERE NICOLAS,1.0,https://www.betrail.run/runner/riviere.nicolas.2/overview,0.0,ITRA skipped because UTMB 0.0 <= threshold 680.0
Robert Alexis,0.0,Robert ALEXIS,1.0,https://utmb.world/runner/903463.robert.alexis,,,,,,,,,0.0,ITRA skipped because UTMB 0.0 <= threshold 680.0
Robert Fabrice,0.0,Robert FABRICE,1.0,https://utmb.world/runner/423188.robert.fabrice,,,,,,,,,0.0,ITRA skipped because UTMB 0.0 <= threshold 680.0
ROBERT Marie-lou,0.0,Marie-Lou ROBERT,0.69375,https://utmb.world/runner/1721467.marielou.robert,,,,,,,,,0.0,ITRA skipped because UTMB 0.0 <= threshold 680.0
Robert Philippe,0.0,Robert PHILIPPE,1.0,https://utmb.world/runner/390515.robert.philippe,,,,,,,,,0.0,ITRA skipped because UTMB 0.0 <= threshold 680.0
ROQUE Jacqueline,0.0,Jacqueline ROQUE,0.7375,https://utmb.world/runner/1177651.jacqueline.roque,,,,,,,,,0.0,ITRA skipped because UTMB 0.0 <= threshold 680.0
Roudeau Olivier,0.0,Roudeau OLIVIER,1.0,https://utmb.world/runner/7883739.roudeau.olivier,,,,,,,,,0.0,ITRA skipped because UTMB 0.0 <= threshold 680.0
ROUSSEAU Dimitri,0.0,Dimitri ROUSSEAU,0.6499999999999999,https://utmb.world/runner/1321481.dimitri.rousseau,,,,,,,,,0.0,ITRA skipped because UTMB 0.0 <= threshold 680.0
Roux sebastien,0.0,Sébastien LE ROUX SEBASTIEN,0.7780487804878049,https://utmb.world/runner/3718289.sebastien.lerouxsebastien,,,,,,,,,0.0,ITRA skipped because UTMB 0.0 <= threshold 680.0
Roux Stephen,0.0,Roux STEPHEN,1.0,https://utmb.world/runner/289687.roux.stephen,,,,,77.3,ROUX Stephen,1.0,https://www.betrail.run/runner/roux.stephen/overview,0.0,ITRA skipped because UTMB 0.0 <= threshold 680.0
Saillier Christophe,0.0,Christophe SAILLIER,0.6684210526315789,https://utmb.world/runner/5887576.christophe.saillier,,,,,,,,,0.0,ITRA skipped because UTMB 0.0 <= threshold 680.0
Saint ange fabien,0.0,Saint-Ange SOPHIE,0.7352941176470587,https://utmb.world/runner/246295.saintange.sophie,,,,,,,,,0.0,ITRA skipped because UTMB 0.0 <= threshold 680.0
Saint upery Titouan,0.0,Thomas SAINT-UPÉRY,0.6162162162162163,https://utmb.world/runner/5527244.thomas.saintupery,,,,,,,,,0.0,ITRA skipped because UTMB 0.0 <= threshold 680.0
Saint-Fidele Michel,0.0,Michel SAINT-FIDELE,0.7421052631578946,https://utmb.world/runner/102735.michel.saintfidele,,,,,,,,,0.0,ITRA skipped because UTMB 0.0 <= threshold 680.0
Santos Da Silva Paulo Manuel,0.0,Sergio-Paulo SANTOS-DA SILVA,0.615,https://utmb.world/runner/655203.sergiopaulo.santosdasilva,,,,,,,,,0.0,ITRA skipped because UTMB 0.0 <= threshold 680.0
SAUTRON EMMANUEL,0.0,Emmanuel SAUTRON,0.6499999999999999,https://utmb.world/runner/658392.emmanuel.sautron,,,,,,,,,0.0,ITRA skipped because UTMB 0.0 <= threshold 680.0
SAUTRON Germain,0.0,Germain SAUTRON,0.6266666666666667,https://utmb.world/runner/104143.germain.sautron,,,,,,,,,0.0,ITRA skipped because UTMB 0.0 <= threshold 680.0
Schenardi Ugo,0.0,Ugo SCHENARDI,0.7846153846153845,https://utmb.world/runner/4798476.ugo.schenardi,,,,,,,,,0.0,ITRA skipped because UTMB 0.0 <= threshold 680.0
Scherer Lucas,,,,,,,,,,,,,0.0,UTMB not found; ITRA unavailable: ITRA lookup failed: /api/runner/find HTTP 403; /api/runner/findByName HTTP 403 (stopped after 8 consecutive failures)
Schramm Frederik,0.0,Frederik SCHRAMM,0.6499999999999999,https://utmb.world/runner/581025.frederik.schramm,,,,,,,,,0.0,ITRA skipped because UTMB 0.0 <= threshold 680.0
SEVAISTRE Wandrille,0.0,Wandrille SEVAISTRE,0.631578947368421,https://utmb.world/runner/2505515.wandrille.sevaistre,,,,,,,,,0.0,ITRA skipped because UTMB 0.0 <= threshold 680.0
Sigismeau Dominique,0.0,Dominique SIGISMEAU,0.631578947368421,https://utmb.world/runner/308931.dominique.sigismeau,,,,,,,,,0.0,ITRA skipped because UTMB 0.0 <= threshold 680.0
Silva Carmo,0.0,Sergio-Alvaro CARMO-SILVA,0.7277777777777779,https://utmb.world/runner/406502.sergioalvaro.carmosilva,,,,,,,,,0.0,ITRA skipped because UTMB 0.0 <= threshold 680.0
silvant benjamin,0.0,Benjamin SILVANT,0.6499999999999999,https://utmb.world/runner/488770.benjamin.silvant,,,,,,,,,0.0,ITRA skipped because UTMB 0.0 <= threshold 680.0
simand laure-anne,0.0,Anne SIMAND LAURE,0.7941176470588236,https://utmb.world/runner/2338151.anne.simandlaure,,,,,,,,,0.0,ITRA skipped because UTMB 0.0 <= threshold 680.0
SINAMOUNY JASON,0.0,Jason SINAMOUNY,0.72,https://utmb.world/runner/725430.jason.sinamouny,,,,,,,,,0.0,ITRA skipped because UTMB 0.0 <= threshold 680.0
sohm Antoine,,,,,,,,,,,,,0.0,UTMB not found; ITRA unavailable: ITRA lookup failed: /api/runner/find HTTP 403; /api/runner/findByName HTTP 403 (stopped after 8 consecutive failures)
SOLENTE WILLY,0.0,Solente WILL,0.822,https://utmb.world/runner/7284976.solente.will,,,,,,,,,0.0,ITRA skipped because UTMB 0.0 <= threshold 680.0
Sors Michel,0.0,Michel SORS,0.6818181818181818,https://utmb.world/runner/30170.michel.sors,,,,,,,,,0.0,ITRA skipped because UTMB 0.0 <= threshold 680.0
Soubaya soundrom Kevin,0.0,Kevin SOUBAYA-SOUNDROM,0.8090909090909091,https://utmb.world/runner/3900957.kevin.soubayasoundrom,,,,,,,,,0.0,ITRA skipped because UTMB 0.0 <= threshold 680.0
SOULET Charline,,,,,,,,,,,,,0.0,UTMB not found; ITRA unavailable: ITRA lookup failed: /api/runner/find HTTP 403; /api/runner/findByName HTTP 403 (stopped after 8 consecutive failures)
Sperger Eva,0.0,Sperger EVA MARIA,0.8499999999999999,https://utmb.world/runner/6359659.sperger.evamaria,,,,,,,,,0.0,ITRA skipped because UTMB 0.0 <= threshold 680.0
Staub Jean Vincent,0.0,Jean-Vincent STAUB,0.7666666666666666,https://utmb.world/runner/284768.jeanvincent.staub,,,,,,,,,0.0,ITRA skipped because UTMB 0.0 <= threshold 680.0
SUBLIME Thierry Georges Marie,0.0,Thierry SUBLIME,0.4363636363636364,https://utmb.world/runner/3646651.thierry.sublime,,,,,,,,,0.0,UTMB low-confidence match; ITRA skipped because UTMB 0.0 <= threshold 680.0
Techer Cedric,0.0,Jean-Cedric TECHER,0.6612903225806451,https://utmb.world/runner/819523.jeancedric.techer,,,,,,,,,0.0,ITRA skipped because UTMB 0.0 <= threshold 680.0
TELLIER Louis,0.0,Louis TELLIER,0.6769230769230768,https://utmb.world/runner/6716294.louis.tellier,,,,,,,,,0.0,ITRA skipped because UTMB 0.0 <= threshold 680.0
TETIA WILLIAMS,0.0,Williams TETIA,0.7,https://utmb.world/runner/579797.williams.tetia,,,,,,,,,0.0,ITRA skipped because UTMB 0.0 <= threshold 680.0
THERINCOURT Aldo,0.0,Aldo THERINCOURT,0.78125,https://utmb.world/runner/5035506.aldo.therincourt,,,,,,,,,0.0,ITRA skipped because UTMB 0.0 <= threshold 680.0
Thibault Jérôme,0.0,Thibault JEROME,1.0,https://utmb.world/runner/6118678.thibault.jerome,,,,,,,,,0.0,ITRA skipped because UTMB 0.0 <= threshold 680.0
THIBAULT Pierre,0.0,Thibault PIERRE,1.0,https://utmb.world/runner/7367140.thibault.pierre,,,,,,,,,0.0,ITRA skipped because UTMB 0.0 <= threshold 680.0
Thierry Kevin,0.0,Thierry EVIN,0.822,https://utmb.world/runner/2035665.thierry.evin,,,,,,,,,0.0,ITRA skipped because UTMB 0.0 <= threshold 680.0
THOMAS JOEL,0.0,Thomas Damien JOEL,0.8310344827586207,https://utmb.world/runner/4133662.thomasdamien.joel,,,,,,,,,0.0,ITRA skipped because UTMB 0.0 <= threshold 680.0
touchet mathias,0.0,Mathias TOUCHET,0.6266666666666667,https://utmb.world/runner/571929.mathias.touchet,,,,,,,,,0.0,ITRA skipped because UTMB 0.0 <= threshold 680.0
TRAVERSAZ Mathieu,0.0,Mathieu TRAVERSAZ,0.6705882352941176,https://utmb.world/runner/314290.mathieu.traversaz,,,,,,,,,0.0,ITRA skipped because UTMB 0.0 <= threshold 680.0
VAILLEAU VINCENT,,,,,,,,,,,,,0.0,UTMB not found; ITRA unavailable: ITRA lookup failed: /api/runner/find HTTP 403; /api/runner/findByName HTTP 403 (stopped after 8 consecutive failures)
van Peborgh Mico,,,,,,,,,,,,,0.0,UTMB not found; ITRA unavailable: ITRA lookup failed: /api/runner/find HTTP 403; /api/runner/findByName HTTP 403 (stopped after 8 consecutive failures)
VANKEIRSBILCK Christophe,0.0,Christophe VANKEIRSBILCK,0.6791666666666666,https://utmb.world/runner/533277.christophe.vankeirsbilck,,,,,,,,,0.0,ITRA skipped because UTMB 0.0 <= threshold 680.0
VANWALSCAPPEL Frédéric,0.0,Frederic VANWALSCAPPEL,0.7136363636363636,https://utmb.world/runner/151564.frederic.vanwalscappel,,,,,,,,,0.0,ITRA skipped because UTMB 0.0 <= threshold 680.0
Vatble Guillaume,,,,,,,,,,,,,0.0,UTMB not found; ITRA unavailable: ITRA lookup failed: /api/runner/find HTTP 403; /api/runner/findByName HTTP 403 (stopped after 8 consecutive failures)
verdier luc,0.0,Luc VERDIER,0.7454545454545454,https://utmb.world/runner/2053759.luc.verdier,,,,,,,,,0.0,ITRA skipped because UTMB 0.0 <= threshold 680.0
Vergonjeanne Jean-Lou,,,,,,,,,,,,,0.0,UTMB not found; ITRA unavailable: ITRA lookup failed: /api/runner/find HTTP 403; /api/runner/findByName HTTP 403 (stopped after 8 consecutive failures)
Victoire Thierry,0.0,Thierry VICTOIRE,0.6499999999999999,https://utmb.world/runner/445476.thierry.victoire,,,,,,,,,0.0,ITRA skipped because UTMB 0.0 <= threshold 680.0
vienne jerome,0.0,Jerome VIENNE,0.6230769230769231,https://utmb.world/runner/725091.jerome.vienne,,,,,,,,,0.0,ITRA skipped because UTMB 0.0 <= threshold 680.0
Viramoutou Dominique,0.0,Dominique VIRAMOUTOU,0.6499999999999999,https://utmb.world/runner/1180013.dominique.viramoutou,,,,,,,,,0.0,ITRA skipped because UTMB 0.0 <= threshold 680.0
Wallet Jonathan,,,,,,,,,,,,,0.0,UTMB not found; ITRA unavailable: ITRA lookup failed: /api/runner/find HTTP 403; /api/runner/findByName HTTP 403 (stopped after 8 consecutive failures)
Williams Sarah Kirsty,0.0,Kirsty-Williams SARAH,0.7666666666666666,https://utmb.world/runner/3459727.kirstywilliams.sarah,,,,,,,,,0.0,ITRA skipped because UTMB 0.0 <= threshold 680.0
WONG NG Stefan,,,,,,,,,,,,,0.0,UTMB not found; ITRA unavailable: ITRA lookup failed: /api/runner/find HTTP 403; /api/runner/findByName HTTP 403 (stopped after 8 consecutive failures)
YOUSSOUF CHADHOULI,,,,,,,,,,,,,0.0,UTMB not found; ITRA unavailable: ITRA lookup failed: /api/runner/find HTTP 403; /api/runner/findByName HTTP 403 (stopped after 8 consecutive failures)
Zaragosa Matthieu,,,,,,,,,,,,,0.0,UTMB not found; ITRA unavailable: ITRA lookup failed: /api/runner/find HTTP 403; /api/runner/findByName HTTP 403 (stopped after 8 consecutive failures)
ZIMMER Thomas,0.0,Zimmer THOMAS,1.0,https://utmb.world/runner/5241476.zimmer.thomas,,,,,,,,,0.0,ITRA skipped because UTMB 0.0 <= threshold 680.0
