<?xml version="1.0"?>
<gpx xmlns="http://www.topografix.com/GPX/1/1" xmlns:xsi="http://www.w3.org/2001/XMLSchema-instance" version="1.1" creator="AllTrails.com" xsi:schemaLocation="http://www.topografix.com/GPX/1/1 http://www.topografix.com/GPX/1/1/gpx.xsd">
  <metadata>
    <name><![CDATA[MBT 52K - DAL 2024]]></name>
    <desc><![CDATA[]]></desc>
    <link href="http://www.alltrails.com">
      <text>AllTrails, LLC</text>
    </link>
    <bounds minlat="45.73076" minlon="10.80986" maxlat="45.81298" maxlon="10.90593"/>
  </metadata>
  <wpt lat="45.78784" lon="10.87259">
    <name><![CDATA[Ristoro bocca navene]]></name>
    <desc><![CDATA[]]></desc>
  </wpt>
  <wpt lat="45.7859" lon="10.8862">
    <name><![CDATA[Ristoro/CancelloOrario Rifugio Fos-ce]]></name>
    <desc><![CDATA[]]></desc>
  </wpt>
  <wpt lat="45.75853" lon="10.89588">
    <name><![CDATA[Punto acqua passo Pozza della Cola]]></name>
    <desc><![CDATA[]]></desc>
  </wpt>
  <wpt lat="45.7415" lon="10.889">
    <name><![CDATA[Ristoro/CancelloOrario Madonna della Neve]]></name>
    <desc><![CDATA[]]></desc>
  </wpt>
  <wpt lat="45.76316" lon="10.87717">
    <name><![CDATA[Refresh. Casa Sat. loc. Dossioli]]></name>
    <desc><![CDATA[]]></desc>
  </wpt>
  <wpt lat="45.76704" lon="10.86514">
    <name><![CDATA[Cancello Orario Tratto Spino]]></name>
    <desc><![CDATA[]]></desc>
  </wpt>
  <wpt lat="45.76877" lon="10.83243">
    <name><![CDATA[Ristoro San Michele]]></name>
    <desc><![CDATA[]]></desc>
  </wpt>
  <wpt lat="45.79911" lon="10.89277">
    <name><![CDATA[Ristoro Graziani]]></name>
    <desc><![CDATA[]]></desc>
  </wpt>
  <wpt lat="45.76969" lon="10.86437">
    <name><![CDATA[Ristoro Funivia Tratto Spino]]></name>
    <desc><![CDATA[]]></desc>
  </wpt>
  <trk>
    <name><![CDATA[MBT 52K - DAL 2024]]></name>
    <src>AllTrails</src>
    <trkseg>
      <trkpt lat="45.76827" lon="10.81095">
        <ele>71.9</ele>
      </trkpt>
      <trkpt lat="45.76824" lon="10.81095">
        <ele>71.86</ele>
      </trkpt>
      <trkpt lat="45.76819" lon="10.81095">
        <ele>71.78</ele>
      </trkpt>
      <trkpt lat="45.76816" lon="10.81095">
        <ele>71.74</ele>
      </trkpt>
      <trkpt lat="45.76812" lon="10.81094">
        <ele>71.71</ele>
      </trkpt>
      <trkpt lat="45.76809" lon="10.81094">
        <ele>71.66</ele>
      </trkpt>
      <trkpt lat="45.76805" lon="10.81093">
        <ele>71.57</ele>
      </trkpt>
      <trkpt lat="45.76798" lon="10.81091">
        <ele>70.51</ele>
      </trkpt>
      <trkpt lat="45.76795" lon="10.8109">
        <ele>70.04</ele>
      </trkpt>
      <trkpt lat="45.76783" lon="10.81088">
        <ele>68.04</ele>
      </trkpt>
      <trkpt lat="45.76775" lon="10.81086">
        <ele>67.41</ele>
      </trkpt>
      <trkpt lat="45.76772" lon="10.81084">
        <ele>67.65</ele>
      </trkpt>
      <trkpt lat="45.76767" lon="10.81081">
        <ele>68.29</ele>
      </trkpt>
      <trkpt lat="45.76761" lon="10.81075">
        <ele>68.99</ele>
      </trkpt>
      <trkpt lat="45.76759" lon="10.81073">
        <ele>69.14</ele>
      </trkpt>
      <trkpt lat="45.76753" lon="10.8107">
        <ele>69.4</ele>
      </trkpt>
      <trkpt lat="45.76751" lon="10.81067">
        <ele>69.39</ele>
      </trkpt>
      <trkpt lat="45.76746" lon="10.81062">
        <ele>69.73</ele>
      </trkpt>
      <trkpt lat="45.76741" lon="10.8106">
        <ele>70.24</ele>
      </trkpt>
      <trkpt lat="45.76733" lon="10.81058">
        <ele>71.03</ele>
      </trkpt>
      <trkpt lat="45.76727" lon="10.81055">
        <ele>71.47</ele>
      </trkpt>
      <trkpt lat="45.76724" lon="10.81052">
        <ele>71.7</ele>
      </trkpt>
      <trkpt lat="45.76721" lon="10.8105">
        <ele>71.62</ele>
      </trkpt>
      <trkpt lat="45.76717" lon="10.81047">
        <ele>70.94</ele>
      </trkpt>
      <trkpt lat="45.7671" lon="10.81042">
        <ele>69.75</ele>
      </trkpt>
      <trkpt lat="45.76708" lon="10.8104">
        <ele>69.39</ele>
      </trkpt>
      <trkpt lat="45.767" lon="10.81038">
        <ele>68.17</ele>
      </trkpt>
      <trkpt lat="45.76696" lon="10.81036">
        <ele>67.52</ele>
      </trkpt>
      <trkpt lat="45.7669" lon="10.81029">
        <ele>68.16</ele>
      </trkpt>
      <trkpt lat="45.76688" lon="10.81025">
        <ele>69.12</ele>
      </trkpt>
      <trkpt lat="45.76685" lon="10.81018">
        <ele>71.14</ele>
      </trkpt>
      <trkpt lat="45.76683" lon="10.80999">
        <ele>75.06</ele>
      </trkpt>
      <trkpt lat="45.76679" lon="10.80993">
        <ele>77.18</ele>
      </trkpt>
      <trkpt lat="45.76676" lon="10.80992">
        <ele>78.18</ele>
      </trkpt>
      <trkpt lat="45.76672" lon="10.80992">
        <ele>79.27</ele>
      </trkpt>
      <trkpt lat="45.76669" lon="10.80992">
        <ele>80.09</ele>
      </trkpt>
      <trkpt lat="45.76666" lon="10.80995">
        <ele>80.2</ele>
      </trkpt>
      <trkpt lat="45.76663" lon="10.81001">
        <ele>79.48</ele>
      </trkpt>
      <trkpt lat="45.76661" lon="10.81004">
        <ele>79.27</ele>
      </trkpt>
      <trkpt lat="45.7666" lon="10.81011">
        <ele>78.12</ele>
      </trkpt>
      <trkpt lat="45.76658" lon="10.81016">
        <ele>77.5</ele>
      </trkpt>
      <trkpt lat="45.76656" lon="10.81018">
        <ele>77.43</ele>
      </trkpt>
      <trkpt lat="45.76652" lon="10.81018">
        <ele>78.06</ele>
      </trkpt>
      <trkpt lat="45.76649" lon="10.81018">
        <ele>78.53</ele>
      </trkpt>
      <trkpt lat="45.76639" lon="10.81016">
        <ele>80.53</ele>
      </trkpt>
      <trkpt lat="45.76627" lon="10.81015">
        <ele>81.45</ele>
      </trkpt>
      <trkpt lat="45.76623" lon="10.81015">
        <ele>81.69</ele>
      </trkpt>
      <trkpt lat="45.76617" lon="10.81015">
        <ele>82.04</ele>
      </trkpt>
      <trkpt lat="45.76612" lon="10.81016">
        <ele>82.22</ele>
      </trkpt>
      <trkpt lat="45.76607" lon="10.81017">
        <ele>82.76</ele>
      </trkpt>
      <trkpt lat="45.76604" lon="10.81018">
        <ele>83.08</ele>
      </trkpt>
      <trkpt lat="45.76597" lon="10.8102">
        <ele>83.87</ele>
      </trkpt>
      <trkpt lat="45.76592" lon="10.81022">
        <ele>84.38</ele>
      </trkpt>
      <trkpt lat="45.76589" lon="10.81024">
        <ele>84.59</ele>
      </trkpt>
      <trkpt lat="45.76585" lon="10.81026">
        <ele>84.95</ele>
      </trkpt>
      <trkpt lat="45.76582" lon="10.81028">
        <ele>85.14</ele>
      </trkpt>
      <trkpt lat="45.76579" lon="10.81031">
        <ele>85.45</ele>
      </trkpt>
      <trkpt lat="45.76575" lon="10.81035">
        <ele>85.82</ele>
      </trkpt>
      <trkpt lat="45.76572" lon="10.81041">
        <ele>86.03</ele>
      </trkpt>
      <trkpt lat="45.7657" lon="10.81055">
        <ele>85.97</ele>
      </trkpt>
      <trkpt lat="45.76569" lon="10.81071">
        <ele>86.01</ele>
      </trkpt>
      <trkpt lat="45.76567" lon="10.811">
        <ele>86.81</ele>
      </trkpt>
      <trkpt lat="45.76567" lon="10.81109">
        <ele>87.25</ele>
      </trkpt>
      <trkpt lat="45.76567" lon="10.81121">
        <ele>87.56</ele>
      </trkpt>
      <trkpt lat="45.76567" lon="10.81136">
        <ele>87.88</ele>
      </trkpt>
      <trkpt lat="45.76568" lon="10.81142">
        <ele>88.0</ele>
      </trkpt>
      <trkpt lat="45.76569" lon="10.81147">
        <ele>88.17</ele>
      </trkpt>
      <trkpt lat="45.7657" lon="10.81152">
        <ele>88.33</ele>
      </trkpt>
      <trkpt lat="45.76571" lon="10.81166">
        <ele>89.06</ele>
      </trkpt>
      <trkpt lat="45.76571" lon="10.8117">
        <ele>89.68</ele>
      </trkpt>
      <trkpt lat="45.76573" lon="10.8118">
        <ele>91.07</ele>
      </trkpt>
      <trkpt lat="45.76574" lon="10.81194">
        <ele>93.59</ele>
      </trkpt>
      <trkpt lat="45.76576" lon="10.81203">
        <ele>93.67</ele>
      </trkpt>
      <trkpt lat="45.76578" lon="10.81209">
        <ele>93.71</ele>
      </trkpt>
      <trkpt lat="45.76583" lon="10.81215">
        <ele>93.75</ele>
      </trkpt>
      <trkpt lat="45.76586" lon="10.8122">
        <ele>93.99</ele>
      </trkpt>
      <trkpt lat="45.76589" lon="10.81228">
        <ele>94.25</ele>
      </trkpt>
      <trkpt lat="45.76591" lon="10.81233">
        <ele>94.38</ele>
      </trkpt>
      <trkpt lat="45.76592" lon="10.81236">
        <ele>94.47</ele>
      </trkpt>
      <trkpt lat="45.76595" lon="10.81242">
        <ele>94.72</ele>
      </trkpt>
      <trkpt lat="45.76596" lon="10.81245">
        <ele>94.83</ele>
      </trkpt>
      <trkpt lat="45.76599" lon="10.8125">
        <ele>95.13</ele>
      </trkpt>
      <trkpt lat="45.76602" lon="10.81254">
        <ele>95.68</ele>
      </trkpt>
      <trkpt lat="45.76606" lon="10.8126">
        <ele>96.42</ele>
      </trkpt>
      <trkpt lat="45.76614" lon="10.81266">
        <ele>97.05</ele>
      </trkpt>
      <trkpt lat="45.76616" lon="10.81268">
        <ele>97.12</ele>
      </trkpt>
      <trkpt lat="45.7662" lon="10.81273">
        <ele>97.34</ele>
      </trkpt>
      <trkpt lat="45.76622" lon="10.81275">
        <ele>97.41</ele>
      </trkpt>
      <trkpt lat="45.76629" lon="10.81277">
        <ele>97.3</ele>
      </trkpt>
      <trkpt lat="45.76635" lon="10.81278">
        <ele>97.16</ele>
      </trkpt>
      <trkpt lat="45.76641" lon="10.8128">
        <ele>97.16</ele>
      </trkpt>
      <trkpt lat="45.76644" lon="10.81281">
        <ele>97.14</ele>
      </trkpt>
      <trkpt lat="45.76645" lon="10.81294">
        <ele>98.4</ele>
      </trkpt>
      <trkpt lat="45.76646" lon="10.81298">
        <ele>98.74</ele>
      </trkpt>
      <trkpt lat="45.76646" lon="10.81304">
        <ele>99.33</ele>
      </trkpt>
      <trkpt lat="45.76646" lon="10.81318">
        <ele>99.6</ele>
      </trkpt>
      <trkpt lat="45.76647" lon="10.81323">
        <ele>99.6</ele>
      </trkpt>
      <trkpt lat="45.76649" lon="10.81326">
        <ele>99.54</ele>
      </trkpt>
      <trkpt lat="45.76653" lon="10.81334">
        <ele>99.52</ele>
      </trkpt>
      <trkpt lat="45.76661" lon="10.81339">
        <ele>99.53</ele>
      </trkpt>
      <trkpt lat="45.76665" lon="10.81341">
        <ele>99.58</ele>
      </trkpt>
      <trkpt lat="45.76668" lon="10.81343">
        <ele>99.73</ele>
      </trkpt>
      <trkpt lat="45.76672" lon="10.81344">
        <ele>99.92</ele>
      </trkpt>
      <trkpt lat="45.76675" lon="10.81345">
        <ele>100.09</ele>
      </trkpt>
      <trkpt lat="45.76681" lon="10.81346">
        <ele>100.38</ele>
      </trkpt>
      <trkpt lat="45.76689" lon="10.81346">
        <ele>100.65</ele>
      </trkpt>
      <trkpt lat="45.76694" lon="10.81346">
        <ele>100.81</ele>
      </trkpt>
      <trkpt lat="45.76703" lon="10.81345">
        <ele>100.91</ele>
      </trkpt>
      <trkpt lat="45.76708" lon="10.81345">
        <ele>101.04</ele>
      </trkpt>
      <trkpt lat="45.76713" lon="10.81343">
        <ele>101.03</ele>
      </trkpt>
      <trkpt lat="45.76717" lon="10.81341">
        <ele>101.06</ele>
      </trkpt>
      <trkpt lat="45.76728" lon="10.8134">
        <ele>100.82</ele>
      </trkpt>
      <trkpt lat="45.76734" lon="10.8134">
        <ele>100.39</ele>
      </trkpt>
      <trkpt lat="45.76738" lon="10.8134">
        <ele>100.1</ele>
      </trkpt>
      <trkpt lat="45.76759" lon="10.8134">
        <ele>99.24</ele>
      </trkpt>
      <trkpt lat="45.76775" lon="10.81342">
        <ele>99.31</ele>
      </trkpt>
      <trkpt lat="45.76782" lon="10.81348">
        <ele>99.6</ele>
      </trkpt>
      <trkpt lat="45.76784" lon="10.8135">
        <ele>99.69</ele>
      </trkpt>
      <trkpt lat="45.7679" lon="10.81361">
        <ele>100.0</ele>
      </trkpt>
      <trkpt lat="45.76794" lon="10.81365">
        <ele>100.06</ele>
      </trkpt>
      <trkpt lat="45.76796" lon="10.81367">
        <ele>100.07</ele>
      </trkpt>
      <trkpt lat="45.76804" lon="10.81376">
        <ele>100.03</ele>
      </trkpt>
      <trkpt lat="45.76816" lon="10.81389">
        <ele>100.38</ele>
      </trkpt>
      <trkpt lat="45.76818" lon="10.81391">
        <ele>100.57</ele>
      </trkpt>
      <trkpt lat="45.76824" lon="10.81398">
        <ele>101.1</ele>
      </trkpt>
      <trkpt lat="45.76834" lon="10.8141">
        <ele>101.69</ele>
      </trkpt>
      <trkpt lat="45.76839" lon="10.81418">
        <ele>101.47</ele>
      </trkpt>
      <trkpt lat="45.76847" lon="10.81427">
        <ele>101.08</ele>
      </trkpt>
      <trkpt lat="45.76853" lon="10.81433">
        <ele>100.64</ele>
      </trkpt>
      <trkpt lat="45.76858" lon="10.8144">
        <ele>100.27</ele>
      </trkpt>
      <trkpt lat="45.76863" lon="10.81449">
        <ele>100.35</ele>
      </trkpt>
      <trkpt lat="45.76864" lon="10.81452">
        <ele>100.6</ele>
      </trkpt>
      <trkpt lat="45.7687" lon="10.81462">
        <ele>101.67</ele>
      </trkpt>
      <trkpt lat="45.76872" lon="10.81465">
        <ele>102.06</ele>
      </trkpt>
      <trkpt lat="45.76878" lon="10.81474">
        <ele>103.47</ele>
      </trkpt>
      <trkpt lat="45.76884" lon="10.8148">
        <ele>104.77</ele>
      </trkpt>
      <trkpt lat="45.76888" lon="10.81482">
        <ele>105.34</ele>
      </trkpt>
      <trkpt lat="45.76907" lon="10.81491">
        <ele>105.82</ele>
      </trkpt>
      <trkpt lat="45.76912" lon="10.81494">
        <ele>105.83</ele>
      </trkpt>
      <trkpt lat="45.76928" lon="10.81503">
        <ele>105.23</ele>
      </trkpt>
      <trkpt lat="45.76931" lon="10.81505">
        <ele>105.06</ele>
      </trkpt>
      <trkpt lat="45.76933" lon="10.81508">
        <ele>104.99</ele>
      </trkpt>
      <trkpt lat="45.7695" lon="10.81515">
        <ele>104.25</ele>
      </trkpt>
      <trkpt lat="45.76952" lon="10.81517">
        <ele>104.23</ele>
      </trkpt>
      <trkpt lat="45.76959" lon="10.81521">
        <ele>104.1</ele>
      </trkpt>
      <trkpt lat="45.76969" lon="10.81525">
        <ele>103.93</ele>
      </trkpt>
      <trkpt lat="45.76979" lon="10.81528">
        <ele>105.22</ele>
      </trkpt>
      <trkpt lat="45.76984" lon="10.81531">
        <ele>106.14</ele>
      </trkpt>
      <trkpt lat="45.77004" lon="10.8154">
        <ele>109.04</ele>
      </trkpt>
      <trkpt lat="45.77022" lon="10.81544">
        <ele>111.39</ele>
      </trkpt>
      <trkpt lat="45.77027" lon="10.81547">
        <ele>112.27</ele>
      </trkpt>
      <trkpt lat="45.77031" lon="10.8155">
        <ele>112.67</ele>
      </trkpt>
      <trkpt lat="45.77037" lon="10.81552">
        <ele>112.87</ele>
      </trkpt>
      <trkpt lat="45.77051" lon="10.8156">
        <ele>113.4</ele>
      </trkpt>
      <trkpt lat="45.7706" lon="10.81566">
        <ele>114.49</ele>
      </trkpt>
      <trkpt lat="45.77063" lon="10.81569">
        <ele>115.0</ele>
      </trkpt>
      <trkpt lat="45.77069" lon="10.81575">
        <ele>115.87</ele>
      </trkpt>
      <trkpt lat="45.77076" lon="10.81582">
        <ele>116.66</ele>
      </trkpt>
      <trkpt lat="45.77088" lon="10.81592">
        <ele>118.65</ele>
      </trkpt>
      <trkpt lat="45.77095" lon="10.81597">
        <ele>119.81</ele>
      </trkpt>
      <trkpt lat="45.771" lon="10.81599">
        <ele>120.38</ele>
      </trkpt>
      <trkpt lat="45.77107" lon="10.81602">
        <ele>121.1</ele>
      </trkpt>
      <trkpt lat="45.77114" lon="10.81606">
        <ele>121.63</ele>
      </trkpt>
      <trkpt lat="45.7712" lon="10.81608">
        <ele>121.78</ele>
      </trkpt>
      <trkpt lat="45.77128" lon="10.81612">
        <ele>122.03</ele>
      </trkpt>
      <trkpt lat="45.7713" lon="10.81614">
        <ele>122.1</ele>
      </trkpt>
      <trkpt lat="45.77145" lon="10.81619">
        <ele>123.01</ele>
      </trkpt>
      <trkpt lat="45.7715" lon="10.81621">
        <ele>123.7</ele>
      </trkpt>
      <trkpt lat="45.77155" lon="10.81623">
        <ele>124.42</ele>
      </trkpt>
      <trkpt lat="45.77163" lon="10.81625">
        <ele>125.54</ele>
      </trkpt>
      <trkpt lat="45.77172" lon="10.81628">
        <ele>126.48</ele>
      </trkpt>
      <trkpt lat="45.77176" lon="10.81629">
        <ele>126.74</ele>
      </trkpt>
      <trkpt lat="45.77181" lon="10.81631">
        <ele>127.09</ele>
      </trkpt>
      <trkpt lat="45.77185" lon="10.81632">
        <ele>127.33</ele>
      </trkpt>
      <trkpt lat="45.77192" lon="10.81634">
        <ele>127.72</ele>
      </trkpt>
      <trkpt lat="45.77199" lon="10.81636">
        <ele>127.4</ele>
      </trkpt>
      <trkpt lat="45.77202" lon="10.81641">
        <ele>127.36</ele>
      </trkpt>
      <trkpt lat="45.77204" lon="10.8165">
        <ele>128.06</ele>
      </trkpt>
      <trkpt lat="45.77206" lon="10.81655">
        <ele>128.54</ele>
      </trkpt>
      <trkpt lat="45.77208" lon="10.81665">
        <ele>129.77</ele>
      </trkpt>
      <trkpt lat="45.77211" lon="10.81675">
        <ele>130.37</ele>
      </trkpt>
      <trkpt lat="45.77213" lon="10.81682">
        <ele>130.7</ele>
      </trkpt>
      <trkpt lat="45.77216" lon="10.81689">
        <ele>131.18</ele>
      </trkpt>
      <trkpt lat="45.77219" lon="10.81696">
        <ele>131.76</ele>
      </trkpt>
      <trkpt lat="45.77221" lon="10.81699">
        <ele>132.19</ele>
      </trkpt>
      <trkpt lat="45.77225" lon="10.8171">
        <ele>132.88</ele>
      </trkpt>
      <trkpt lat="45.77228" lon="10.81715">
        <ele>133.01</ele>
      </trkpt>
      <trkpt lat="45.77232" lon="10.8172">
        <ele>133.11</ele>
      </trkpt>
      <trkpt lat="45.77234" lon="10.81728">
        <ele>133.0</ele>
      </trkpt>
      <trkpt lat="45.77238" lon="10.81739">
        <ele>132.69</ele>
      </trkpt>
      <trkpt lat="45.77241" lon="10.81745">
        <ele>132.67</ele>
      </trkpt>
      <trkpt lat="45.77242" lon="10.81755">
        <ele>132.66</ele>
      </trkpt>
      <trkpt lat="45.77243" lon="10.81762">
        <ele>132.64</ele>
      </trkpt>
      <trkpt lat="45.77244" lon="10.8177">
        <ele>132.63</ele>
      </trkpt>
      <trkpt lat="45.77245" lon="10.81775">
        <ele>132.66</ele>
      </trkpt>
      <trkpt lat="45.77246" lon="10.81783">
        <ele>132.93</ele>
      </trkpt>
      <trkpt lat="45.77247" lon="10.81787">
        <ele>133.15</ele>
      </trkpt>
      <trkpt lat="45.77248" lon="10.81792">
        <ele>133.4</ele>
      </trkpt>
      <trkpt lat="45.77248" lon="10.81799">
        <ele>133.68</ele>
      </trkpt>
      <trkpt lat="45.77249" lon="10.81805">
        <ele>133.94</ele>
      </trkpt>
      <trkpt lat="45.77249" lon="10.81812">
        <ele>134.43</ele>
      </trkpt>
      <trkpt lat="45.77249" lon="10.81826">
        <ele>135.44</ele>
      </trkpt>
      <trkpt lat="45.77249" lon="10.81834">
        <ele>135.95</ele>
      </trkpt>
      <trkpt lat="45.77249" lon="10.8184">
        <ele>135.78</ele>
      </trkpt>
      <trkpt lat="45.77248" lon="10.81852">
        <ele>135.55</ele>
      </trkpt>
      <trkpt lat="45.77248" lon="10.81872">
        <ele>137.99</ele>
      </trkpt>
      <trkpt lat="45.77247" lon="10.81885">
        <ele>141.19</ele>
      </trkpt>
      <trkpt lat="45.77247" lon="10.81891">
        <ele>142.34</ele>
      </trkpt>
      <trkpt lat="45.77247" lon="10.81896">
        <ele>142.88</ele>
      </trkpt>
      <trkpt lat="45.77247" lon="10.81906">
        <ele>143.96</ele>
      </trkpt>
      <trkpt lat="45.77247" lon="10.81919">
        <ele>145.33</ele>
      </trkpt>
      <trkpt lat="45.77247" lon="10.81927">
        <ele>146.1</ele>
      </trkpt>
      <trkpt lat="45.77246" lon="10.81933">
        <ele>146.65</ele>
      </trkpt>
      <trkpt lat="45.77246" lon="10.81941">
        <ele>147.39</ele>
      </trkpt>
      <trkpt lat="45.77246" lon="10.81946">
        <ele>147.98</ele>
      </trkpt>
      <trkpt lat="45.77245" lon="10.81951">
        <ele>148.84</ele>
      </trkpt>
      <trkpt lat="45.77245" lon="10.81956">
        <ele>149.75</ele>
      </trkpt>
      <trkpt lat="45.77246" lon="10.81963">
        <ele>150.96</ele>
      </trkpt>
      <trkpt lat="45.77246" lon="10.81968">
        <ele>151.84</ele>
      </trkpt>
      <trkpt lat="45.77247" lon="10.81972">
        <ele>152.39</ele>
      </trkpt>
      <trkpt lat="45.77249" lon="10.81976">
        <ele>153.39</ele>
      </trkpt>
      <trkpt lat="45.77252" lon="10.81979">
        <ele>154.18</ele>
      </trkpt>
      <trkpt lat="45.77255" lon="10.81981">
        <ele>154.79</ele>
      </trkpt>
      <trkpt lat="45.77259" lon="10.81982">
        <ele>155.05</ele>
      </trkpt>
      <trkpt lat="45.77264" lon="10.81985">
        <ele>155.91</ele>
      </trkpt>
      <trkpt lat="45.77267" lon="10.81993">
        <ele>158.27</ele>
      </trkpt>
      <trkpt lat="45.7727" lon="10.81997">
        <ele>159.39</ele>
      </trkpt>
      <trkpt lat="45.77272" lon="10.82001">
        <ele>160.59</ele>
      </trkpt>
      <trkpt lat="45.77277" lon="10.82005">
        <ele>161.69</ele>
      </trkpt>
      <trkpt lat="45.7728" lon="10.82008">
        <ele>162.31</ele>
      </trkpt>
      <trkpt lat="45.77283" lon="10.82009">
        <ele>162.23</ele>
      </trkpt>
      <trkpt lat="45.77286" lon="10.82011">
        <ele>162.44</ele>
      </trkpt>
      <trkpt lat="45.77292" lon="10.82015">
        <ele>162.77</ele>
      </trkpt>
      <trkpt lat="45.77295" lon="10.82018">
        <ele>163.17</ele>
      </trkpt>
      <trkpt lat="45.77298" lon="10.82021">
        <ele>163.52</ele>
      </trkpt>
      <trkpt lat="45.77303" lon="10.82026">
        <ele>164.0</ele>
      </trkpt>
      <trkpt lat="45.77305" lon="10.82032">
        <ele>166.54</ele>
      </trkpt>
      <trkpt lat="45.77307" lon="10.82037">
        <ele>169.02</ele>
      </trkpt>
      <trkpt lat="45.77308" lon="10.82041">
        <ele>171.05</ele>
      </trkpt>
      <trkpt lat="45.7731" lon="10.82046">
        <ele>173.33</ele>
      </trkpt>
      <trkpt lat="45.77312" lon="10.82048">
        <ele>173.88</ele>
      </trkpt>
      <trkpt lat="45.77317" lon="10.8205">
        <ele>173.5</ele>
      </trkpt>
      <trkpt lat="45.77325" lon="10.82053">
        <ele>172.55</ele>
      </trkpt>
      <trkpt lat="45.7733" lon="10.82055">
        <ele>171.85</ele>
      </trkpt>
      <trkpt lat="45.77333" lon="10.82057">
        <ele>171.74</ele>
      </trkpt>
      <trkpt lat="45.77339" lon="10.82059">
        <ele>170.27</ele>
      </trkpt>
      <trkpt lat="45.77342" lon="10.82061">
        <ele>169.98</ele>
      </trkpt>
      <trkpt lat="45.77348" lon="10.82065">
        <ele>169.45</ele>
      </trkpt>
      <trkpt lat="45.77352" lon="10.82068">
        <ele>169.29</ele>
      </trkpt>
      <trkpt lat="45.77362" lon="10.82073">
        <ele>168.29</ele>
      </trkpt>
      <trkpt lat="45.77365" lon="10.82076">
        <ele>170.16</ele>
      </trkpt>
      <trkpt lat="45.77369" lon="10.82079">
        <ele>172.26</ele>
      </trkpt>
      <trkpt lat="45.77372" lon="10.82081">
        <ele>173.77</ele>
      </trkpt>
      <trkpt lat="45.77374" lon="10.82083">
        <ele>175.15</ele>
      </trkpt>
      <trkpt lat="45.77382" lon="10.82085">
        <ele>177.82</ele>
      </trkpt>
      <trkpt lat="45.77388" lon="10.8209">
        <ele>181.52</ele>
      </trkpt>
      <trkpt lat="45.77392" lon="10.82092">
        <ele>182.26</ele>
      </trkpt>
      <trkpt lat="45.774" lon="10.82094">
        <ele>182.37</ele>
      </trkpt>
      <trkpt lat="45.77407" lon="10.82099">
        <ele>184.67</ele>
      </trkpt>
      <trkpt lat="45.7741" lon="10.82102">
        <ele>186.32</ele>
      </trkpt>
      <trkpt lat="45.77414" lon="10.82104">
        <ele>187.33</ele>
      </trkpt>
      <trkpt lat="45.7742" lon="10.82105">
        <ele>187.61</ele>
      </trkpt>
      <trkpt lat="45.77422" lon="10.82106">
        <ele>188.16</ele>
      </trkpt>
      <trkpt lat="45.7743" lon="10.82107">
        <ele>188.3</ele>
      </trkpt>
      <trkpt lat="45.77439" lon="10.82109">
        <ele>189.01</ele>
      </trkpt>
      <trkpt lat="45.77446" lon="10.82113">
        <ele>191.64</ele>
      </trkpt>
      <trkpt lat="45.7745" lon="10.82116">
        <ele>193.74</ele>
      </trkpt>
      <trkpt lat="45.77457" lon="10.8212">
        <ele>195.56</ele>
      </trkpt>
      <trkpt lat="45.77462" lon="10.82122">
        <ele>195.72</ele>
      </trkpt>
      <trkpt lat="45.77468" lon="10.82124">
        <ele>195.27</ele>
      </trkpt>
      <trkpt lat="45.77472" lon="10.82125">
        <ele>194.58</ele>
      </trkpt>
      <trkpt lat="45.77478" lon="10.82127">
        <ele>194.06</ele>
      </trkpt>
      <trkpt lat="45.77487" lon="10.82129">
        <ele>192.69</ele>
      </trkpt>
      <trkpt lat="45.77499" lon="10.82132">
        <ele>191.07</ele>
      </trkpt>
      <trkpt lat="45.77502" lon="10.82134">
        <ele>191.64</ele>
      </trkpt>
      <trkpt lat="45.77506" lon="10.82135">
        <ele>191.51</ele>
      </trkpt>
      <trkpt lat="45.77509" lon="10.82137">
        <ele>192.2</ele>
      </trkpt>
      <trkpt lat="45.77513" lon="10.82139">
        <ele>192.75</ele>
      </trkpt>
      <trkpt lat="45.77524" lon="10.82144">
        <ele>194.46</ele>
      </trkpt>
      <trkpt lat="45.77531" lon="10.82147">
        <ele>195.07</ele>
      </trkpt>
      <trkpt lat="45.77538" lon="10.82149">
        <ele>195.04</ele>
      </trkpt>
      <trkpt lat="45.77542" lon="10.82151">
        <ele>195.9</ele>
      </trkpt>
      <trkpt lat="45.77556" lon="10.82153">
        <ele>195.05</ele>
      </trkpt>
      <trkpt lat="45.77573" lon="10.82157">
        <ele>192.16</ele>
      </trkpt>
      <trkpt lat="45.77584" lon="10.82162">
        <ele>192.24</ele>
      </trkpt>
      <trkpt lat="45.77587" lon="10.82164">
        <ele>192.27</ele>
      </trkpt>
      <trkpt lat="45.77591" lon="10.82167">
        <ele>192.27</ele>
      </trkpt>
      <trkpt lat="45.77596" lon="10.82169">
        <ele>190.43</ele>
      </trkpt>
      <trkpt lat="45.77602" lon="10.82172">
        <ele>188.61</ele>
      </trkpt>
      <trkpt lat="45.77609" lon="10.82176">
        <ele>186.78</ele>
      </trkpt>
      <trkpt lat="45.77616" lon="10.82183">
        <ele>190.29</ele>
      </trkpt>
      <trkpt lat="45.77627" lon="10.8219">
        <ele>194.75</ele>
      </trkpt>
      <trkpt lat="45.77636" lon="10.82197">
        <ele>198.47</ele>
      </trkpt>
      <trkpt lat="45.77641" lon="10.822">
        <ele>199.45</ele>
      </trkpt>
      <trkpt lat="45.77651" lon="10.82207">
        <ele>200.99</ele>
      </trkpt>
      <trkpt lat="45.77656" lon="10.82209">
        <ele>200.9</ele>
      </trkpt>
      <trkpt lat="45.77662" lon="10.82214">
        <ele>201.77</ele>
      </trkpt>
      <trkpt lat="45.77669" lon="10.82218">
        <ele>201.58</ele>
      </trkpt>
      <trkpt lat="45.77677" lon="10.82222">
        <ele>200.57</ele>
      </trkpt>
      <trkpt lat="45.7768" lon="10.82226">
        <ele>200.71</ele>
      </trkpt>
      <trkpt lat="45.77688" lon="10.82241">
        <ele>201.61</ele>
      </trkpt>
      <trkpt lat="45.77695" lon="10.8226">
        <ele>203.72</ele>
      </trkpt>
      <trkpt lat="45.77705" lon="10.82269">
        <ele>203.03</ele>
      </trkpt>
      <trkpt lat="45.77707" lon="10.82272">
        <ele>203.1</ele>
      </trkpt>
      <trkpt lat="45.77711" lon="10.82283">
        <ele>203.9</ele>
      </trkpt>
      <trkpt lat="45.77713" lon="10.82287">
        <ele>203.87</ele>
      </trkpt>
      <trkpt lat="45.77714" lon="10.82293">
        <ele>204.54</ele>
      </trkpt>
      <trkpt lat="45.77715" lon="10.82305">
        <ele>206.25</ele>
      </trkpt>
      <trkpt lat="45.77716" lon="10.82309">
        <ele>206.44</ele>
      </trkpt>
      <trkpt lat="45.77716" lon="10.82319">
        <ele>207.68</ele>
      </trkpt>
      <trkpt lat="45.77717" lon="10.82324">
        <ele>207.93</ele>
      </trkpt>
      <trkpt lat="45.77718" lon="10.82332">
        <ele>208.51</ele>
      </trkpt>
      <trkpt lat="45.77719" lon="10.82338">
        <ele>208.59</ele>
      </trkpt>
      <trkpt lat="45.7772" lon="10.82343">
        <ele>208.55</ele>
      </trkpt>
      <trkpt lat="45.77722" lon="10.82357">
        <ele>208.79</ele>
      </trkpt>
      <trkpt lat="45.77723" lon="10.82376">
        <ele>210.92</ele>
      </trkpt>
      <trkpt lat="45.77724" lon="10.82379">
        <ele>211.06</ele>
      </trkpt>
      <trkpt lat="45.77725" lon="10.82384">
        <ele>211.5</ele>
      </trkpt>
      <trkpt lat="45.77726" lon="10.8239">
        <ele>212.16</ele>
      </trkpt>
      <trkpt lat="45.77726" lon="10.82395">
        <ele>213.3</ele>
      </trkpt>
      <trkpt lat="45.77727" lon="10.82401">
        <ele>214.3</ele>
      </trkpt>
      <trkpt lat="45.77729" lon="10.82411">
        <ele>215.65</ele>
      </trkpt>
      <trkpt lat="45.7773" lon="10.82419">
        <ele>216.87</ele>
      </trkpt>
      <trkpt lat="45.77731" lon="10.82424">
        <ele>217.55</ele>
      </trkpt>
      <trkpt lat="45.77732" lon="10.82435">
        <ele>219.65</ele>
      </trkpt>
      <trkpt lat="45.77734" lon="10.82443">
        <ele>220.84</ele>
      </trkpt>
      <trkpt lat="45.77736" lon="10.82446">
        <ele>221.15</ele>
      </trkpt>
      <trkpt lat="45.7774" lon="10.8245">
        <ele>221.38</ele>
      </trkpt>
      <trkpt lat="45.77743" lon="10.82453">
        <ele>221.5</ele>
      </trkpt>
      <trkpt lat="45.77747" lon="10.82457">
        <ele>221.59</ele>
      </trkpt>
      <trkpt lat="45.7775" lon="10.8246">
        <ele>221.6</ele>
      </trkpt>
      <trkpt lat="45.77752" lon="10.82469">
        <ele>224.62</ele>
      </trkpt>
      <trkpt lat="45.77754" lon="10.82478">
        <ele>228.63</ele>
      </trkpt>
      <trkpt lat="45.77758" lon="10.82485">
        <ele>231.77</ele>
      </trkpt>
      <trkpt lat="45.7776" lon="10.82491">
        <ele>234.57</ele>
      </trkpt>
      <trkpt lat="45.77763" lon="10.82499">
        <ele>238.15</ele>
      </trkpt>
      <trkpt lat="45.7777" lon="10.82503">
        <ele>238.54</ele>
      </trkpt>
      <trkpt lat="45.77773" lon="10.82504">
        <ele>238.35</ele>
      </trkpt>
      <trkpt lat="45.77779" lon="10.82505">
        <ele>237.48</ele>
      </trkpt>
      <trkpt lat="45.77782" lon="10.82505">
        <ele>236.71</ele>
      </trkpt>
      <trkpt lat="45.77792" lon="10.82505">
        <ele>234.12</ele>
      </trkpt>
      <trkpt lat="45.77797" lon="10.82505">
        <ele>232.83</ele>
      </trkpt>
      <trkpt lat="45.77801" lon="10.82506">
        <ele>232.13</ele>
      </trkpt>
      <trkpt lat="45.77805" lon="10.82506">
        <ele>231.09</ele>
      </trkpt>
      <trkpt lat="45.77813" lon="10.82507">
        <ele>231.6</ele>
      </trkpt>
      <trkpt lat="45.77815" lon="10.82508">
        <ele>231.98</ele>
      </trkpt>
      <trkpt lat="45.7782" lon="10.8251">
        <ele>232.72</ele>
      </trkpt>
      <trkpt lat="45.77823" lon="10.82511">
        <ele>233.07</ele>
      </trkpt>
      <trkpt lat="45.77827" lon="10.82513">
        <ele>233.67</ele>
      </trkpt>
      <trkpt lat="45.77832" lon="10.82518">
        <ele>234.89</ele>
      </trkpt>
      <trkpt lat="45.77836" lon="10.82524">
        <ele>235.81</ele>
      </trkpt>
      <trkpt lat="45.77838" lon="10.8253">
        <ele>236.81</ele>
      </trkpt>
      <trkpt lat="45.77839" lon="10.82534">
        <ele>237.53</ele>
      </trkpt>
      <trkpt lat="45.77841" lon="10.82537">
        <ele>237.89</ele>
      </trkpt>
      <trkpt lat="45.77843" lon="10.82544">
        <ele>239.11</ele>
      </trkpt>
      <trkpt lat="45.77843" lon="10.82555">
        <ele>241.49</ele>
      </trkpt>
      <trkpt lat="45.77845" lon="10.82559">
        <ele>242.74</ele>
      </trkpt>
      <trkpt lat="45.77847" lon="10.82562">
        <ele>243.7</ele>
      </trkpt>
      <trkpt lat="45.77848" lon="10.82567">
        <ele>245.64</ele>
      </trkpt>
      <trkpt lat="45.7785" lon="10.8257">
        <ele>246.63</ele>
      </trkpt>
      <trkpt lat="45.77854" lon="10.82575">
        <ele>248.24</ele>
      </trkpt>
      <trkpt lat="45.77856" lon="10.82578">
        <ele>249.28</ele>
      </trkpt>
      <trkpt lat="45.7786" lon="10.82582">
        <ele>250.55</ele>
      </trkpt>
      <trkpt lat="45.77867" lon="10.82584">
        <ele>250.72</ele>
      </trkpt>
      <trkpt lat="45.77873" lon="10.82588">
        <ele>252.24</ele>
      </trkpt>
      <trkpt lat="45.77877" lon="10.8259">
        <ele>252.88</ele>
      </trkpt>
      <trkpt lat="45.77882" lon="10.82593">
        <ele>253.96</ele>
      </trkpt>
      <trkpt lat="45.77888" lon="10.82596">
        <ele>254.94</ele>
      </trkpt>
      <trkpt lat="45.77891" lon="10.82599">
        <ele>256.7</ele>
      </trkpt>
      <trkpt lat="45.77897" lon="10.82603">
        <ele>259.34</ele>
      </trkpt>
      <trkpt lat="45.77903" lon="10.82608">
        <ele>262.11</ele>
      </trkpt>
      <trkpt lat="45.77907" lon="10.82611">
        <ele>263.61</ele>
      </trkpt>
      <trkpt lat="45.77909" lon="10.82613">
        <ele>264.53</ele>
      </trkpt>
      <trkpt lat="45.77912" lon="10.82615">
        <ele>265.44</ele>
      </trkpt>
      <trkpt lat="45.77917" lon="10.82619">
        <ele>267.08</ele>
      </trkpt>
      <trkpt lat="45.77921" lon="10.82623">
        <ele>268.06</ele>
      </trkpt>
      <trkpt lat="45.77923" lon="10.82627">
        <ele>269.18</ele>
      </trkpt>
      <trkpt lat="45.77925" lon="10.82631">
        <ele>270.2</ele>
      </trkpt>
      <trkpt lat="45.77927" lon="10.82638">
        <ele>272.1</ele>
      </trkpt>
      <trkpt lat="45.77929" lon="10.82643">
        <ele>273.13</ele>
      </trkpt>
      <trkpt lat="45.77932" lon="10.82647">
        <ele>273.66</ele>
      </trkpt>
      <trkpt lat="45.77935" lon="10.82651">
        <ele>274.3</ele>
      </trkpt>
      <trkpt lat="45.7794" lon="10.82657">
        <ele>275.33</ele>
      </trkpt>
      <trkpt lat="45.77942" lon="10.8266">
        <ele>276.02</ele>
      </trkpt>
      <trkpt lat="45.77948" lon="10.82665">
        <ele>276.99</ele>
      </trkpt>
      <trkpt lat="45.77958" lon="10.82669">
        <ele>277.58</ele>
      </trkpt>
      <trkpt lat="45.77966" lon="10.82672">
        <ele>278.12</ele>
      </trkpt>
      <trkpt lat="45.77973" lon="10.82673">
        <ele>277.96</ele>
      </trkpt>
      <trkpt lat="45.7798" lon="10.82674">
        <ele>278.34</ele>
      </trkpt>
      <trkpt lat="45.77988" lon="10.82676">
        <ele>278.98</ele>
      </trkpt>
      <trkpt lat="45.77993" lon="10.82677">
        <ele>279.19</ele>
      </trkpt>
      <trkpt lat="45.77997" lon="10.82678">
        <ele>279.38</ele>
      </trkpt>
      <trkpt lat="45.78002" lon="10.82681">
        <ele>279.98</ele>
      </trkpt>
      <trkpt lat="45.78005" lon="10.82682">
        <ele>280.04</ele>
      </trkpt>
      <trkpt lat="45.78009" lon="10.82685">
        <ele>280.53</ele>
      </trkpt>
      <trkpt lat="45.78013" lon="10.8269">
        <ele>281.47</ele>
      </trkpt>
      <trkpt lat="45.78019" lon="10.82697">
        <ele>283.3</ele>
      </trkpt>
      <trkpt lat="45.78022" lon="10.82701">
        <ele>285.11</ele>
      </trkpt>
      <trkpt lat="45.78025" lon="10.82704">
        <ele>286.43</ele>
      </trkpt>
      <trkpt lat="45.78027" lon="10.82708">
        <ele>288.39</ele>
      </trkpt>
      <trkpt lat="45.7803" lon="10.82711">
        <ele>290.15</ele>
      </trkpt>
      <trkpt lat="45.78034" lon="10.82715">
        <ele>292.4</ele>
      </trkpt>
      <trkpt lat="45.78037" lon="10.8272">
        <ele>294.71</ele>
      </trkpt>
      <trkpt lat="45.7804" lon="10.82725">
        <ele>296.74</ele>
      </trkpt>
      <trkpt lat="45.78044" lon="10.8273">
        <ele>298.52</ele>
      </trkpt>
      <trkpt lat="45.78046" lon="10.82733">
        <ele>299.5</ele>
      </trkpt>
      <trkpt lat="45.7805" lon="10.82735">
        <ele>299.8</ele>
      </trkpt>
      <trkpt lat="45.78054" lon="10.82736">
        <ele>299.66</ele>
      </trkpt>
      <trkpt lat="45.78058" lon="10.82737">
        <ele>299.87</ele>
      </trkpt>
      <trkpt lat="45.78064" lon="10.82736">
        <ele>299.77</ele>
      </trkpt>
      <trkpt lat="45.78069" lon="10.82736">
        <ele>299.95</ele>
      </trkpt>
      <trkpt lat="45.78072" lon="10.82735">
        <ele>299.78</ele>
      </trkpt>
      <trkpt lat="45.78079" lon="10.82735">
        <ele>300.05</ele>
      </trkpt>
      <trkpt lat="45.78085" lon="10.82735">
        <ele>300.07</ele>
      </trkpt>
      <trkpt lat="45.78088" lon="10.82736">
        <ele>300.05</ele>
      </trkpt>
      <trkpt lat="45.78093" lon="10.82739">
        <ele>300.39</ele>
      </trkpt>
      <trkpt lat="45.78096" lon="10.82741">
        <ele>300.67</ele>
      </trkpt>
      <trkpt lat="45.78101" lon="10.82745">
        <ele>301.35</ele>
      </trkpt>
      <trkpt lat="45.78104" lon="10.8275">
        <ele>302.51</ele>
      </trkpt>
      <trkpt lat="45.78108" lon="10.82754">
        <ele>303.66</ele>
      </trkpt>
      <trkpt lat="45.7811" lon="10.82757">
        <ele>304.6</ele>
      </trkpt>
      <trkpt lat="45.78112" lon="10.82764">
        <ele>306.93</ele>
      </trkpt>
      <trkpt lat="45.78113" lon="10.82769">
        <ele>308.59</ele>
      </trkpt>
      <trkpt lat="45.78115" lon="10.82777">
        <ele>311.16</ele>
      </trkpt>
      <trkpt lat="45.78115" lon="10.82787">
        <ele>314.0</ele>
      </trkpt>
      <trkpt lat="45.78116" lon="10.82792">
        <ele>315.21</ele>
      </trkpt>
      <trkpt lat="45.78117" lon="10.82797">
        <ele>316.39</ele>
      </trkpt>
      <trkpt lat="45.78119" lon="10.82802">
        <ele>317.34</ele>
      </trkpt>
      <trkpt lat="45.7812" lon="10.82807">
        <ele>318.6</ele>
      </trkpt>
      <trkpt lat="45.78121" lon="10.82811">
        <ele>319.82</ele>
      </trkpt>
      <trkpt lat="45.78123" lon="10.82815">
        <ele>320.83</ele>
      </trkpt>
      <trkpt lat="45.78126" lon="10.82818">
        <ele>321.26</ele>
      </trkpt>
      <trkpt lat="45.78132" lon="10.82825">
        <ele>322.49</ele>
      </trkpt>
      <trkpt lat="45.78134" lon="10.8283">
        <ele>323.86</ele>
      </trkpt>
      <trkpt lat="45.78136" lon="10.82834">
        <ele>324.8</ele>
      </trkpt>
      <trkpt lat="45.78138" lon="10.82837">
        <ele>325.12</ele>
      </trkpt>
      <trkpt lat="45.7814" lon="10.8284">
        <ele>325.46</ele>
      </trkpt>
      <trkpt lat="45.78142" lon="10.82844">
        <ele>326.1</ele>
      </trkpt>
      <trkpt lat="45.78145" lon="10.82851">
        <ele>327.41</ele>
      </trkpt>
      <trkpt lat="45.78147" lon="10.82854">
        <ele>327.89</ele>
      </trkpt>
      <trkpt lat="45.78148" lon="10.82861">
        <ele>329.66</ele>
      </trkpt>
      <trkpt lat="45.78149" lon="10.82868">
        <ele>331.46</ele>
      </trkpt>
      <trkpt lat="45.78151" lon="10.82874">
        <ele>332.91</ele>
      </trkpt>
      <trkpt lat="45.78152" lon="10.82878">
        <ele>333.94</ele>
      </trkpt>
      <trkpt lat="45.78154" lon="10.82884">
        <ele>335.49</ele>
      </trkpt>
      <trkpt lat="45.78156" lon="10.82889">
        <ele>336.79</ele>
      </trkpt>
      <trkpt lat="45.78159" lon="10.82894">
        <ele>337.52</ele>
      </trkpt>
      <trkpt lat="45.78162" lon="10.82902">
        <ele>338.78</ele>
      </trkpt>
      <trkpt lat="45.78164" lon="10.82904">
        <ele>338.96</ele>
      </trkpt>
      <trkpt lat="45.78165" lon="10.82908">
        <ele>339.6</ele>
      </trkpt>
      <trkpt lat="45.78167" lon="10.82911">
        <ele>339.93</ele>
      </trkpt>
      <trkpt lat="45.7817" lon="10.82913">
        <ele>339.83</ele>
      </trkpt>
      <trkpt lat="45.78172" lon="10.82916">
        <ele>340.1</ele>
      </trkpt>
      <trkpt lat="45.78175" lon="10.82917">
        <ele>339.89</ele>
      </trkpt>
      <trkpt lat="45.78178" lon="10.82919">
        <ele>339.99</ele>
      </trkpt>
      <trkpt lat="45.78181" lon="10.8292">
        <ele>339.84</ele>
      </trkpt>
      <trkpt lat="45.78184" lon="10.82921">
        <ele>339.69</ele>
      </trkpt>
      <trkpt lat="45.78187" lon="10.82923">
        <ele>339.83</ele>
      </trkpt>
      <trkpt lat="45.78198" lon="10.82925">
        <ele>339.37</ele>
      </trkpt>
      <trkpt lat="45.78204" lon="10.82926">
        <ele>339.69</ele>
      </trkpt>
      <trkpt lat="45.78208" lon="10.82927">
        <ele>340.09</ele>
      </trkpt>
      <trkpt lat="45.78212" lon="10.82928">
        <ele>340.55</ele>
      </trkpt>
      <trkpt lat="45.7822" lon="10.82929">
        <ele>341.16</ele>
      </trkpt>
      <trkpt lat="45.78223" lon="10.8293">
        <ele>341.96</ele>
      </trkpt>
      <trkpt lat="45.78228" lon="10.82931">
        <ele>343.99</ele>
      </trkpt>
      <trkpt lat="45.78233" lon="10.82931">
        <ele>345.52</ele>
      </trkpt>
      <trkpt lat="45.78237" lon="10.82932">
        <ele>347.22</ele>
      </trkpt>
      <trkpt lat="45.7824" lon="10.82933">
        <ele>348.62</ele>
      </trkpt>
      <trkpt lat="45.78244" lon="10.82934">
        <ele>350.3</ele>
      </trkpt>
      <trkpt lat="45.78252" lon="10.82937">
        <ele>354.17</ele>
      </trkpt>
      <trkpt lat="45.78256" lon="10.8294">
        <ele>356.79</ele>
      </trkpt>
      <trkpt lat="45.78259" lon="10.82942">
        <ele>358.56</ele>
      </trkpt>
      <trkpt lat="45.78263" lon="10.82945">
        <ele>360.93</ele>
      </trkpt>
      <trkpt lat="45.78266" lon="10.82948">
        <ele>362.72</ele>
      </trkpt>
      <trkpt lat="45.78269" lon="10.8295">
        <ele>364.12</ele>
      </trkpt>
      <trkpt lat="45.78272" lon="10.82952">
        <ele>365.47</ele>
      </trkpt>
      <trkpt lat="45.78276" lon="10.82956">
        <ele>367.51</ele>
      </trkpt>
      <trkpt lat="45.7828" lon="10.82961">
        <ele>369.36</ele>
      </trkpt>
      <trkpt lat="45.78282" lon="10.82965">
        <ele>370.52</ele>
      </trkpt>
      <trkpt lat="45.78284" lon="10.82968">
        <ele>371.42</ele>
      </trkpt>
      <trkpt lat="45.78288" lon="10.82972">
        <ele>372.68</ele>
      </trkpt>
      <trkpt lat="45.78291" lon="10.82974">
        <ele>373.15</ele>
      </trkpt>
      <trkpt lat="45.78294" lon="10.82976">
        <ele>373.55</ele>
      </trkpt>
      <trkpt lat="45.78299" lon="10.82978">
        <ele>374.04</ele>
      </trkpt>
      <trkpt lat="45.78303" lon="10.82979">
        <ele>374.35</ele>
      </trkpt>
      <trkpt lat="45.7831" lon="10.8298">
        <ele>374.79</ele>
      </trkpt>
      <trkpt lat="45.78317" lon="10.8298">
        <ele>375.15</ele>
      </trkpt>
      <trkpt lat="45.78321" lon="10.82981">
        <ele>375.39</ele>
      </trkpt>
      <trkpt lat="45.78324" lon="10.82981">
        <ele>375.54</ele>
      </trkpt>
      <trkpt lat="45.78327" lon="10.82981">
        <ele>375.69</ele>
      </trkpt>
      <trkpt lat="45.7833" lon="10.82982">
        <ele>375.84</ele>
      </trkpt>
      <trkpt lat="45.78333" lon="10.82983">
        <ele>375.99</ele>
      </trkpt>
      <trkpt lat="45.78336" lon="10.82984">
        <ele>376.13</ele>
      </trkpt>
      <trkpt lat="45.78339" lon="10.82986">
        <ele>376.21</ele>
      </trkpt>
      <trkpt lat="45.78343" lon="10.82988">
        <ele>376.25</ele>
      </trkpt>
      <trkpt lat="45.78347" lon="10.82989">
        <ele>376.29</ele>
      </trkpt>
      <trkpt lat="45.78351" lon="10.82993">
        <ele>376.01</ele>
      </trkpt>
      <trkpt lat="45.78355" lon="10.82995">
        <ele>375.78</ele>
      </trkpt>
      <trkpt lat="45.78364" lon="10.83001">
        <ele>375.66</ele>
      </trkpt>
      <trkpt lat="45.78368" lon="10.83004">
        <ele>376.96</ele>
      </trkpt>
      <trkpt lat="45.78371" lon="10.83008">
        <ele>378.34</ele>
      </trkpt>
      <trkpt lat="45.78374" lon="10.83011">
        <ele>379.44</ele>
      </trkpt>
      <trkpt lat="45.78377" lon="10.83014">
        <ele>380.53</ele>
      </trkpt>
      <trkpt lat="45.7838" lon="10.83017">
        <ele>381.59</ele>
      </trkpt>
      <trkpt lat="45.78383" lon="10.8302">
        <ele>382.62</ele>
      </trkpt>
      <trkpt lat="45.78385" lon="10.83022">
        <ele>383.3</ele>
      </trkpt>
      <trkpt lat="45.78389" lon="10.83025">
        <ele>384.39</ele>
      </trkpt>
      <trkpt lat="45.78391" lon="10.83027">
        <ele>384.61</ele>
      </trkpt>
      <trkpt lat="45.78394" lon="10.8303">
        <ele>384.94</ele>
      </trkpt>
      <trkpt lat="45.78396" lon="10.83033">
        <ele>385.41</ele>
      </trkpt>
      <trkpt lat="45.78399" lon="10.83038">
        <ele>386.25</ele>
      </trkpt>
      <trkpt lat="45.78404" lon="10.83043">
        <ele>386.95</ele>
      </trkpt>
      <trkpt lat="45.78406" lon="10.83047">
        <ele>387.73</ele>
      </trkpt>
      <trkpt lat="45.78409" lon="10.8305">
        <ele>388.21</ele>
      </trkpt>
      <trkpt lat="45.78411" lon="10.83053">
        <ele>388.78</ele>
      </trkpt>
      <trkpt lat="45.78414" lon="10.83057">
        <ele>389.45</ele>
      </trkpt>
      <trkpt lat="45.78416" lon="10.8306">
        <ele>389.85</ele>
      </trkpt>
      <trkpt lat="45.78417" lon="10.83066">
        <ele>390.84</ele>
      </trkpt>
      <trkpt lat="45.78418" lon="10.83071">
        <ele>391.61</ele>
      </trkpt>
      <trkpt lat="45.78419" lon="10.83076">
        <ele>392.41</ele>
      </trkpt>
      <trkpt lat="45.7842" lon="10.83085">
        <ele>394.04</ele>
      </trkpt>
      <trkpt lat="45.7842" lon="10.83089">
        <ele>394.99</ele>
      </trkpt>
      <trkpt lat="45.7842" lon="10.83094">
        <ele>396.19</ele>
      </trkpt>
      <trkpt lat="45.78419" lon="10.83098">
        <ele>397.31</ele>
      </trkpt>
      <trkpt lat="45.78419" lon="10.83102">
        <ele>398.28</ele>
      </trkpt>
      <trkpt lat="45.78417" lon="10.83108">
        <ele>400.15</ele>
      </trkpt>
      <trkpt lat="45.78416" lon="10.83112">
        <ele>401.34</ele>
      </trkpt>
      <trkpt lat="45.78411" lon="10.83115">
        <ele>402.78</ele>
      </trkpt>
      <trkpt lat="45.78407" lon="10.83115">
        <ele>403.15</ele>
      </trkpt>
      <trkpt lat="45.78404" lon="10.83115">
        <ele>403.43</ele>
      </trkpt>
      <trkpt lat="45.78401" lon="10.83115">
        <ele>403.7</ele>
      </trkpt>
      <trkpt lat="45.78395" lon="10.83115">
        <ele>404.26</ele>
      </trkpt>
      <trkpt lat="45.78391" lon="10.83115">
        <ele>404.63</ele>
      </trkpt>
      <trkpt lat="45.78387" lon="10.83115">
        <ele>405.2</ele>
      </trkpt>
      <trkpt lat="45.78383" lon="10.83115">
        <ele>406.0</ele>
      </trkpt>
      <trkpt lat="45.7838" lon="10.83117">
        <ele>407.47</ele>
      </trkpt>
      <trkpt lat="45.78376" lon="10.83122">
        <ele>410.33</ele>
      </trkpt>
      <trkpt lat="45.78376" lon="10.83126">
        <ele>412.01</ele>
      </trkpt>
      <trkpt lat="45.78376" lon="10.83132">
        <ele>414.51</ele>
      </trkpt>
      <trkpt lat="45.78378" lon="10.83138">
        <ele>416.8</ele>
      </trkpt>
      <trkpt lat="45.7838" lon="10.83145">
        <ele>419.51</ele>
      </trkpt>
      <trkpt lat="45.78381" lon="10.83149">
        <ele>421.01</ele>
      </trkpt>
      <trkpt lat="45.78382" lon="10.83154">
        <ele>422.86</ele>
      </trkpt>
      <trkpt lat="45.78383" lon="10.83159">
        <ele>424.64</ele>
      </trkpt>
      <trkpt lat="45.78385" lon="10.83165">
        <ele>426.48</ele>
      </trkpt>
      <trkpt lat="45.78388" lon="10.83167">
        <ele>426.35</ele>
      </trkpt>
      <trkpt lat="45.78391" lon="10.83169">
        <ele>426.13</ele>
      </trkpt>
      <trkpt lat="45.78393" lon="10.83172">
        <ele>426.47</ele>
      </trkpt>
      <trkpt lat="45.78393" lon="10.83176">
        <ele>427.6</ele>
      </trkpt>
      <trkpt lat="45.78394" lon="10.83182">
        <ele>429.03</ele>
      </trkpt>
      <trkpt lat="45.78394" lon="10.83188">
        <ele>430.71</ele>
      </trkpt>
      <trkpt lat="45.78393" lon="10.83195">
        <ele>432.85</ele>
      </trkpt>
      <trkpt lat="45.78393" lon="10.83201">
        <ele>433.26</ele>
      </trkpt>
      <trkpt lat="45.78393" lon="10.83207">
        <ele>433.67</ele>
      </trkpt>
      <trkpt lat="45.78393" lon="10.83212">
        <ele>434.01</ele>
      </trkpt>
      <trkpt lat="45.78393" lon="10.83217">
        <ele>434.35</ele>
      </trkpt>
      <trkpt lat="45.78393" lon="10.83221">
        <ele>434.62</ele>
      </trkpt>
      <trkpt lat="45.78397" lon="10.83226">
        <ele>435.42</ele>
      </trkpt>
      <trkpt lat="45.78401" lon="10.83229">
        <ele>435.87</ele>
      </trkpt>
      <trkpt lat="45.78403" lon="10.83231">
        <ele>436.19</ele>
      </trkpt>
      <trkpt lat="45.78406" lon="10.83232">
        <ele>436.15</ele>
      </trkpt>
      <trkpt lat="45.78409" lon="10.83233">
        <ele>436.09</ele>
      </trkpt>
      <trkpt lat="45.78412" lon="10.83235">
        <ele>436.25</ele>
      </trkpt>
      <trkpt lat="45.78418" lon="10.83237">
        <ele>435.74</ele>
      </trkpt>
      <trkpt lat="45.78421" lon="10.83239">
        <ele>435.19</ele>
      </trkpt>
      <trkpt lat="45.78425" lon="10.83247">
        <ele>435.85</ele>
      </trkpt>
      <trkpt lat="45.78427" lon="10.83251">
        <ele>436.29</ele>
      </trkpt>
      <trkpt lat="45.78429" lon="10.83259">
        <ele>437.86</ele>
      </trkpt>
      <trkpt lat="45.78431" lon="10.83263">
        <ele>438.39</ele>
      </trkpt>
      <trkpt lat="45.78434" lon="10.83269">
        <ele>439.22</ele>
      </trkpt>
      <trkpt lat="45.78439" lon="10.83272">
        <ele>438.75</ele>
      </trkpt>
      <trkpt lat="45.78442" lon="10.83275">
        <ele>438.82</ele>
      </trkpt>
      <trkpt lat="45.78448" lon="10.83282">
        <ele>439.36</ele>
      </trkpt>
      <trkpt lat="45.7845" lon="10.83284">
        <ele>439.51</ele>
      </trkpt>
      <trkpt lat="45.78458" lon="10.83289">
        <ele>439.34</ele>
      </trkpt>
      <trkpt lat="45.78463" lon="10.83294">
        <ele>440.5</ele>
      </trkpt>
      <trkpt lat="45.78469" lon="10.83298">
        <ele>441.3</ele>
      </trkpt>
      <trkpt lat="45.78472" lon="10.83302">
        <ele>442.99</ele>
      </trkpt>
      <trkpt lat="45.78475" lon="10.83305">
        <ele>444.19</ele>
      </trkpt>
      <trkpt lat="45.78477" lon="10.8331">
        <ele>445.82</ele>
      </trkpt>
      <trkpt lat="45.78479" lon="10.83313">
        <ele>446.66</ele>
      </trkpt>
      <trkpt lat="45.78482" lon="10.83314">
        <ele>446.6</ele>
      </trkpt>
      <trkpt lat="45.78484" lon="10.83317">
        <ele>447.52</ele>
      </trkpt>
      <trkpt lat="45.78487" lon="10.83319">
        <ele>447.95</ele>
      </trkpt>
      <trkpt lat="45.7849" lon="10.83324">
        <ele>449.71</ele>
      </trkpt>
      <trkpt lat="45.78494" lon="10.83326">
        <ele>450.17</ele>
      </trkpt>
      <trkpt lat="45.78497" lon="10.83329">
        <ele>451.24</ele>
      </trkpt>
      <trkpt lat="45.78501" lon="10.83332">
        <ele>452.35</ele>
      </trkpt>
      <trkpt lat="45.78505" lon="10.83335">
        <ele>453.54</ele>
      </trkpt>
      <trkpt lat="45.78509" lon="10.83337">
        <ele>454.26</ele>
      </trkpt>
      <trkpt lat="45.78512" lon="10.83341">
        <ele>455.88</ele>
      </trkpt>
      <trkpt lat="45.78514" lon="10.83344">
        <ele>457.1</ele>
      </trkpt>
      <trkpt lat="45.78517" lon="10.83347">
        <ele>458.29</ele>
      </trkpt>
      <trkpt lat="45.78521" lon="10.83351">
        <ele>459.88</ele>
      </trkpt>
      <trkpt lat="45.78524" lon="10.83354">
        <ele>461.06</ele>
      </trkpt>
      <trkpt lat="45.78527" lon="10.83355">
        <ele>461.39</ele>
      </trkpt>
      <trkpt lat="45.78532" lon="10.83357">
        <ele>461.53</ele>
      </trkpt>
      <trkpt lat="45.78536" lon="10.83358">
        <ele>461.28</ele>
      </trkpt>
      <trkpt lat="45.7854" lon="10.8336">
        <ele>461.37</ele>
      </trkpt>
      <trkpt lat="45.78545" lon="10.83361">
        <ele>460.86</ele>
      </trkpt>
      <trkpt lat="45.78549" lon="10.83363">
        <ele>460.89</ele>
      </trkpt>
      <trkpt lat="45.78551" lon="10.83367">
        <ele>462.01</ele>
      </trkpt>
      <trkpt lat="45.78555" lon="10.83371">
        <ele>462.67</ele>
      </trkpt>
      <trkpt lat="45.78557" lon="10.83376">
        <ele>464.05</ele>
      </trkpt>
      <trkpt lat="45.78558" lon="10.8338">
        <ele>465.3</ele>
      </trkpt>
      <trkpt lat="45.7856" lon="10.83384">
        <ele>466.38</ele>
      </trkpt>
      <trkpt lat="45.78561" lon="10.83388">
        <ele>467.69</ele>
      </trkpt>
      <trkpt lat="45.78562" lon="10.83393">
        <ele>469.48</ele>
      </trkpt>
      <trkpt lat="45.78563" lon="10.83397">
        <ele>470.85</ele>
      </trkpt>
      <trkpt lat="45.78564" lon="10.83401">
        <ele>472.18</ele>
      </trkpt>
      <trkpt lat="45.78566" lon="10.83404">
        <ele>472.83</ele>
      </trkpt>
      <trkpt lat="45.78568" lon="10.83407">
        <ele>473.42</ele>
      </trkpt>
      <trkpt lat="45.78571" lon="10.83411">
        <ele>474.0</ele>
      </trkpt>
      <trkpt lat="45.78575" lon="10.83414">
        <ele>473.82</ele>
      </trkpt>
      <trkpt lat="45.78577" lon="10.83416">
        <ele>473.84</ele>
      </trkpt>
      <trkpt lat="45.78582" lon="10.83419">
        <ele>473.28</ele>
      </trkpt>
      <trkpt lat="45.78585" lon="10.83422">
        <ele>473.62</ele>
      </trkpt>
      <trkpt lat="45.78589" lon="10.83423">
        <ele>473.26</ele>
      </trkpt>
      <trkpt lat="45.78592" lon="10.83426">
        <ele>473.8</ele>
      </trkpt>
      <trkpt lat="45.78595" lon="10.83428">
        <ele>473.98</ele>
      </trkpt>
      <trkpt lat="45.78597" lon="10.83432">
        <ele>475.06</ele>
      </trkpt>
      <trkpt lat="45.78598" lon="10.83439">
        <ele>477.4</ele>
      </trkpt>
      <trkpt lat="45.786" lon="10.83444">
        <ele>478.84</ele>
      </trkpt>
      <trkpt lat="45.78601" lon="10.83449">
        <ele>481.16</ele>
      </trkpt>
      <trkpt lat="45.78602" lon="10.83455">
        <ele>484.09</ele>
      </trkpt>
      <trkpt lat="45.78604" lon="10.8346">
        <ele>486.39</ele>
      </trkpt>
      <trkpt lat="45.78606" lon="10.83463">
        <ele>487.69</ele>
      </trkpt>
      <trkpt lat="45.78607" lon="10.83468">
        <ele>490.21</ele>
      </trkpt>
      <trkpt lat="45.78608" lon="10.83472">
        <ele>492.22</ele>
      </trkpt>
      <trkpt lat="45.78611" lon="10.83476">
        <ele>494.19</ele>
      </trkpt>
      <trkpt lat="45.78613" lon="10.83479">
        <ele>495.62</ele>
      </trkpt>
      <trkpt lat="45.78615" lon="10.83482">
        <ele>497.02</ele>
      </trkpt>
      <trkpt lat="45.78617" lon="10.83485">
        <ele>498.41</ele>
      </trkpt>
      <trkpt lat="45.78619" lon="10.83491">
        <ele>501.49</ele>
      </trkpt>
      <trkpt lat="45.7862" lon="10.83495">
        <ele>503.58</ele>
      </trkpt>
      <trkpt lat="45.78621" lon="10.83499">
        <ele>505.66</ele>
      </trkpt>
      <trkpt lat="45.78624" lon="10.83506">
        <ele>508.06</ele>
      </trkpt>
      <trkpt lat="45.78626" lon="10.83514">
        <ele>510.86</ele>
      </trkpt>
      <trkpt lat="45.78627" lon="10.83519">
        <ele>512.66</ele>
      </trkpt>
      <trkpt lat="45.7863" lon="10.83526">
        <ele>514.9</ele>
      </trkpt>
      <trkpt lat="45.78634" lon="10.83529">
        <ele>515.47</ele>
      </trkpt>
      <trkpt lat="45.78637" lon="10.83531">
        <ele>515.94</ele>
      </trkpt>
      <trkpt lat="45.78641" lon="10.83532">
        <ele>516.27</ele>
      </trkpt>
      <trkpt lat="45.78645" lon="10.83533">
        <ele>517.03</ele>
      </trkpt>
      <trkpt lat="45.78648" lon="10.83534">
        <ele>517.72</ele>
      </trkpt>
      <trkpt lat="45.78651" lon="10.83535">
        <ele>518.4</ele>
      </trkpt>
      <trkpt lat="45.78655" lon="10.83536">
        <ele>519.13</ele>
      </trkpt>
      <trkpt lat="45.78658" lon="10.83538">
        <ele>520.27</ele>
      </trkpt>
      <trkpt lat="45.7866" lon="10.8354">
        <ele>521.35</ele>
      </trkpt>
      <trkpt lat="45.78662" lon="10.83551">
        <ele>526.67</ele>
      </trkpt>
      <trkpt lat="45.78663" lon="10.83555">
        <ele>528.61</ele>
      </trkpt>
      <trkpt lat="45.78663" lon="10.83563">
        <ele>531.39</ele>
      </trkpt>
      <trkpt lat="45.78664" lon="10.83568">
        <ele>533.07</ele>
      </trkpt>
      <trkpt lat="45.78665" lon="10.83575">
        <ele>535.37</ele>
      </trkpt>
      <trkpt lat="45.78669" lon="10.83581">
        <ele>537.73</ele>
      </trkpt>
      <trkpt lat="45.78673" lon="10.83587">
        <ele>540.95</ele>
      </trkpt>
      <trkpt lat="45.78676" lon="10.8359">
        <ele>542.65</ele>
      </trkpt>
      <trkpt lat="45.78679" lon="10.83594">
        <ele>544.51</ele>
      </trkpt>
      <trkpt lat="45.78681" lon="10.83599">
        <ele>546.37</ele>
      </trkpt>
      <trkpt lat="45.78683" lon="10.83603">
        <ele>547.69</ele>
      </trkpt>
      <trkpt lat="45.78687" lon="10.83609">
        <ele>549.24</ele>
      </trkpt>
      <trkpt lat="45.78689" lon="10.83612">
        <ele>550.03</ele>
      </trkpt>
      <trkpt lat="45.78691" lon="10.83616">
        <ele>551.81</ele>
      </trkpt>
      <trkpt lat="45.78694" lon="10.8362">
        <ele>553.52</ele>
      </trkpt>
      <trkpt lat="45.78697" lon="10.83623">
        <ele>555.08</ele>
      </trkpt>
      <trkpt lat="45.78698" lon="10.83627">
        <ele>557.01</ele>
      </trkpt>
      <trkpt lat="45.787" lon="10.8363">
        <ele>558.37</ele>
      </trkpt>
      <trkpt lat="45.78703" lon="10.83633">
        <ele>559.57</ele>
      </trkpt>
      <trkpt lat="45.78707" lon="10.83635">
        <ele>560.13</ele>
      </trkpt>
      <trkpt lat="45.78713" lon="10.83637">
        <ele>560.36</ele>
      </trkpt>
      <trkpt lat="45.78718" lon="10.83639">
        <ele>560.48</ele>
      </trkpt>
      <trkpt lat="45.78722" lon="10.83642">
        <ele>560.59</ele>
      </trkpt>
      <trkpt lat="45.78729" lon="10.83649">
        <ele>561.8</ele>
      </trkpt>
      <trkpt lat="45.78736" lon="10.83657">
        <ele>562.79</ele>
      </trkpt>
      <trkpt lat="45.78738" lon="10.83659">
        <ele>562.95</ele>
      </trkpt>
      <trkpt lat="45.78742" lon="10.83665">
        <ele>563.4</ele>
      </trkpt>
      <trkpt lat="45.78744" lon="10.83667">
        <ele>563.49</ele>
      </trkpt>
      <trkpt lat="45.7875" lon="10.83674">
        <ele>564.06</ele>
      </trkpt>
      <trkpt lat="45.78754" lon="10.83677">
        <ele>563.78</ele>
      </trkpt>
      <trkpt lat="45.78757" lon="10.83679">
        <ele>563.6</ele>
      </trkpt>
      <trkpt lat="45.78759" lon="10.83681">
        <ele>563.62</ele>
      </trkpt>
      <trkpt lat="45.78762" lon="10.83684">
        <ele>563.71</ele>
      </trkpt>
      <trkpt lat="45.78765" lon="10.83687">
        <ele>563.87</ele>
      </trkpt>
      <trkpt lat="45.78769" lon="10.83691">
        <ele>564.2</ele>
      </trkpt>
      <trkpt lat="45.78776" lon="10.83696">
        <ele>564.82</ele>
      </trkpt>
      <trkpt lat="45.78779" lon="10.83698">
        <ele>564.84</ele>
      </trkpt>
      <trkpt lat="45.78784" lon="10.83702">
        <ele>564.08</ele>
      </trkpt>
      <trkpt lat="45.78791" lon="10.83706">
        <ele>562.39</ele>
      </trkpt>
      <trkpt lat="45.78799" lon="10.83714">
        <ele>561.81</ele>
      </trkpt>
      <trkpt lat="45.78804" lon="10.83724">
        <ele>563.31</ele>
      </trkpt>
      <trkpt lat="45.78808" lon="10.83729">
        <ele>562.9</ele>
      </trkpt>
      <trkpt lat="45.7881" lon="10.83732">
        <ele>562.82</ele>
      </trkpt>
      <trkpt lat="45.78812" lon="10.83736">
        <ele>563.1</ele>
      </trkpt>
      <trkpt lat="45.78813" lon="10.83742">
        <ele>564.58</ele>
      </trkpt>
      <trkpt lat="45.78815" lon="10.83747">
        <ele>565.23</ele>
      </trkpt>
      <trkpt lat="45.78818" lon="10.83751">
        <ele>564.98</ele>
      </trkpt>
      <trkpt lat="45.78821" lon="10.83753">
        <ele>563.98</ele>
      </trkpt>
      <trkpt lat="45.78827" lon="10.83756">
        <ele>561.82</ele>
      </trkpt>
      <trkpt lat="45.78831" lon="10.83759">
        <ele>560.71</ele>
      </trkpt>
      <trkpt lat="45.78836" lon="10.83761">
        <ele>559.23</ele>
      </trkpt>
      <trkpt lat="45.78843" lon="10.83774">
        <ele>560.18</ele>
      </trkpt>
      <trkpt lat="45.78845" lon="10.83787">
        <ele>564.5</ele>
      </trkpt>
      <trkpt lat="45.78847" lon="10.83792">
        <ele>565.98</ele>
      </trkpt>
      <trkpt lat="45.78849" lon="10.83796">
        <ele>567.04</ele>
      </trkpt>
      <trkpt lat="45.7885" lon="10.83804">
        <ele>570.29</ele>
      </trkpt>
      <trkpt lat="45.78852" lon="10.83808">
        <ele>571.04</ele>
      </trkpt>
      <trkpt lat="45.78854" lon="10.83812">
        <ele>571.43</ele>
      </trkpt>
      <trkpt lat="45.78857" lon="10.83816">
        <ele>571.18</ele>
      </trkpt>
      <trkpt lat="45.7886" lon="10.83818">
        <ele>570.23</ele>
      </trkpt>
      <trkpt lat="45.78863" lon="10.83821">
        <ele>569.44</ele>
      </trkpt>
      <trkpt lat="45.78865" lon="10.83825">
        <ele>569.32</ele>
      </trkpt>
      <trkpt lat="45.78866" lon="10.83831">
        <ele>570.06</ele>
      </trkpt>
      <trkpt lat="45.78866" lon="10.83835">
        <ele>571.12</ele>
      </trkpt>
      <trkpt lat="45.78866" lon="10.83839">
        <ele>572.53</ele>
      </trkpt>
      <trkpt lat="45.78865" lon="10.83845">
        <ele>575.25</ele>
      </trkpt>
      <trkpt lat="45.78864" lon="10.83849">
        <ele>577.34</ele>
      </trkpt>
      <trkpt lat="45.78863" lon="10.83854">
        <ele>579.88</ele>
      </trkpt>
      <trkpt lat="45.78863" lon="10.83859">
        <ele>581.77</ele>
      </trkpt>
      <trkpt lat="45.78863" lon="10.83864">
        <ele>583.67</ele>
      </trkpt>
      <trkpt lat="45.78862" lon="10.83868">
        <ele>586.01</ele>
      </trkpt>
      <trkpt lat="45.78862" lon="10.83875">
        <ele>588.73</ele>
      </trkpt>
      <trkpt lat="45.78861" lon="10.8388">
        <ele>591.57</ele>
      </trkpt>
      <trkpt lat="45.78861" lon="10.83885">
        <ele>593.55</ele>
      </trkpt>
      <trkpt lat="45.78861" lon="10.8389">
        <ele>595.45</ele>
      </trkpt>
      <trkpt lat="45.78861" lon="10.83895">
        <ele>597.07</ele>
      </trkpt>
      <trkpt lat="45.7886" lon="10.839">
        <ele>599.5</ele>
      </trkpt>
      <trkpt lat="45.7886" lon="10.83904">
        <ele>600.79</ele>
      </trkpt>
      <trkpt lat="45.7886" lon="10.83914">
        <ele>604.02</ele>
      </trkpt>
      <trkpt lat="45.78859" lon="10.8392">
        <ele>605.91</ele>
      </trkpt>
      <trkpt lat="45.78859" lon="10.83925">
        <ele>606.27</ele>
      </trkpt>
      <trkpt lat="45.78859" lon="10.83931">
        <ele>606.7</ele>
      </trkpt>
      <trkpt lat="45.7886" lon="10.83935">
        <ele>606.2</ele>
      </trkpt>
      <trkpt lat="45.78861" lon="10.83943">
        <ele>605.98</ele>
      </trkpt>
      <trkpt lat="45.78863" lon="10.83948">
        <ele>605.19</ele>
      </trkpt>
      <trkpt lat="45.78867" lon="10.83954">
        <ele>603.43</ele>
      </trkpt>
      <trkpt lat="45.78873" lon="10.83958">
        <ele>600.23</ele>
      </trkpt>
      <trkpt lat="45.78875" lon="10.83959">
        <ele>599.14</ele>
      </trkpt>
      <trkpt lat="45.78888" lon="10.83962">
        <ele>591.62</ele>
      </trkpt>
      <trkpt lat="45.78894" lon="10.83965">
        <ele>589.37</ele>
      </trkpt>
      <trkpt lat="45.78897" lon="10.83967">
        <ele>588.68</ele>
      </trkpt>
      <trkpt lat="45.78904" lon="10.83975">
        <ele>588.78</ele>
      </trkpt>
      <trkpt lat="45.78907" lon="10.83978">
        <ele>588.24</ele>
      </trkpt>
      <trkpt lat="45.78909" lon="10.83981">
        <ele>588.0</ele>
      </trkpt>
      <trkpt lat="45.78912" lon="10.83985">
        <ele>587.31</ele>
      </trkpt>
      <trkpt lat="45.78915" lon="10.83991">
        <ele>586.69</ele>
      </trkpt>
      <trkpt lat="45.78918" lon="10.83993">
        <ele>585.74</ele>
      </trkpt>
      <trkpt lat="45.78915" lon="10.83993">
        <ele>587.01</ele>
      </trkpt>
      <trkpt lat="45.78912" lon="10.8399">
        <ele>588.27</ele>
      </trkpt>
      <trkpt lat="45.78909" lon="10.83987">
        <ele>589.34</ele>
      </trkpt>
      <trkpt lat="45.78904" lon="10.83981">
        <ele>590.43</ele>
      </trkpt>
      <trkpt lat="45.78901" lon="10.83978">
        <ele>590.97</ele>
      </trkpt>
      <trkpt lat="45.78897" lon="10.83975">
        <ele>591.75</ele>
      </trkpt>
      <trkpt lat="45.78892" lon="10.83972">
        <ele>592.69</ele>
      </trkpt>
      <trkpt lat="45.78886" lon="10.8397">
        <ele>595.06</ele>
      </trkpt>
      <trkpt lat="45.78883" lon="10.83969">
        <ele>596.56</ele>
      </trkpt>
      <trkpt lat="45.78881" lon="10.83965">
        <ele>596.76</ele>
      </trkpt>
      <trkpt lat="45.78882" lon="10.83971">
        <ele>597.66</ele>
      </trkpt>
      <trkpt lat="45.78884" lon="10.83978">
        <ele>599.13</ele>
      </trkpt>
      <trkpt lat="45.78886" lon="10.83983">
        <ele>600.12</ele>
      </trkpt>
      <trkpt lat="45.78887" lon="10.83988">
        <ele>601.71</ele>
      </trkpt>
      <trkpt lat="45.78888" lon="10.83993">
        <ele>603.37</ele>
      </trkpt>
      <trkpt lat="45.78889" lon="10.83997">
        <ele>604.63</ele>
      </trkpt>
      <trkpt lat="45.78891" lon="10.84002">
        <ele>605.21</ele>
      </trkpt>
      <trkpt lat="45.78892" lon="10.84008">
        <ele>606.53</ele>
      </trkpt>
      <trkpt lat="45.78895" lon="10.84014">
        <ele>606.58</ele>
      </trkpt>
      <trkpt lat="45.78896" lon="10.84018">
        <ele>607.3</ele>
      </trkpt>
      <trkpt lat="45.78898" lon="10.84021">
        <ele>607.07</ele>
      </trkpt>
      <trkpt lat="45.789" lon="10.84027">
        <ele>607.93</ele>
      </trkpt>
      <trkpt lat="45.78901" lon="10.84031">
        <ele>608.73</ele>
      </trkpt>
      <trkpt lat="45.78904" lon="10.84034">
        <ele>608.01</ele>
      </trkpt>
      <trkpt lat="45.78906" lon="10.84036">
        <ele>607.56</ele>
      </trkpt>
      <trkpt lat="45.78909" lon="10.84041">
        <ele>607.67</ele>
      </trkpt>
      <trkpt lat="45.78911" lon="10.84046">
        <ele>608.42</ele>
      </trkpt>
      <trkpt lat="45.78913" lon="10.84049">
        <ele>608.45</ele>
      </trkpt>
      <trkpt lat="45.78915" lon="10.84053">
        <ele>608.9</ele>
      </trkpt>
      <trkpt lat="45.78917" lon="10.84056">
        <ele>609.11</ele>
      </trkpt>
      <trkpt lat="45.78919" lon="10.84061">
        <ele>611.02</ele>
      </trkpt>
      <trkpt lat="45.78922" lon="10.84068">
        <ele>613.61</ele>
      </trkpt>
      <trkpt lat="45.78923" lon="10.84072">
        <ele>615.37</ele>
      </trkpt>
      <trkpt lat="45.78924" lon="10.84078">
        <ele>618.22</ele>
      </trkpt>
      <trkpt lat="45.78925" lon="10.84084">
        <ele>621.07</ele>
      </trkpt>
      <trkpt lat="45.78926" lon="10.84088">
        <ele>622.88</ele>
      </trkpt>
      <trkpt lat="45.78928" lon="10.84093">
        <ele>624.87</ele>
      </trkpt>
      <trkpt lat="45.78929" lon="10.84097">
        <ele>626.71</ele>
      </trkpt>
      <trkpt lat="45.78931" lon="10.84101">
        <ele>628.19</ele>
      </trkpt>
      <trkpt lat="45.78932" lon="10.84105">
        <ele>630.06</ele>
      </trkpt>
      <trkpt lat="45.78933" lon="10.84109">
        <ele>631.94</ele>
      </trkpt>
      <trkpt lat="45.78934" lon="10.84115">
        <ele>634.68</ele>
      </trkpt>
      <trkpt lat="45.78935" lon="10.84119">
        <ele>636.36</ele>
      </trkpt>
      <trkpt lat="45.78936" lon="10.84125">
        <ele>639.13</ele>
      </trkpt>
      <trkpt lat="45.78938" lon="10.8413">
        <ele>641.25</ele>
      </trkpt>
      <trkpt lat="45.78941" lon="10.84135">
        <ele>643.36</ele>
      </trkpt>
      <trkpt lat="45.78943" lon="10.84138">
        <ele>644.71</ele>
      </trkpt>
      <trkpt lat="45.78944" lon="10.84144">
        <ele>646.53</ele>
      </trkpt>
      <trkpt lat="45.78945" lon="10.84151">
        <ele>648.39</ele>
      </trkpt>
      <trkpt lat="45.78947" lon="10.84155">
        <ele>649.18</ele>
      </trkpt>
      <trkpt lat="45.78949" lon="10.8416">
        <ele>650.26</ele>
      </trkpt>
      <trkpt lat="45.78952" lon="10.84164">
        <ele>650.87</ele>
      </trkpt>
      <trkpt lat="45.78953" lon="10.84173">
        <ele>652.81</ele>
      </trkpt>
      <trkpt lat="45.78955" lon="10.84178">
        <ele>653.61</ele>
      </trkpt>
      <trkpt lat="45.78957" lon="10.84183">
        <ele>654.48</ele>
      </trkpt>
      <trkpt lat="45.78958" lon="10.84187">
        <ele>655.29</ele>
      </trkpt>
      <trkpt lat="45.7896" lon="10.84193">
        <ele>656.53</ele>
      </trkpt>
      <trkpt lat="45.78963" lon="10.84197">
        <ele>657.22</ele>
      </trkpt>
      <trkpt lat="45.78966" lon="10.84201">
        <ele>657.86</ele>
      </trkpt>
      <trkpt lat="45.78969" lon="10.84205">
        <ele>658.51</ele>
      </trkpt>
      <trkpt lat="45.78972" lon="10.84211">
        <ele>659.59</ele>
      </trkpt>
      <trkpt lat="45.78973" lon="10.84219">
        <ele>661.16</ele>
      </trkpt>
      <trkpt lat="45.78975" lon="10.84223">
        <ele>661.59</ele>
      </trkpt>
      <trkpt lat="45.78976" lon="10.84229">
        <ele>662.15</ele>
      </trkpt>
      <trkpt lat="45.78976" lon="10.84233">
        <ele>662.64</ele>
      </trkpt>
      <trkpt lat="45.78977" lon="10.84238">
        <ele>663.14</ele>
      </trkpt>
      <trkpt lat="45.78979" lon="10.84242">
        <ele>663.44</ele>
      </trkpt>
      <trkpt lat="45.7898" lon="10.84247">
        <ele>664.03</ele>
      </trkpt>
      <trkpt lat="45.7898" lon="10.84251">
        <ele>664.78</ele>
      </trkpt>
      <trkpt lat="45.78982" lon="10.84257">
        <ele>666.74</ele>
      </trkpt>
      <trkpt lat="45.78983" lon="10.84261">
        <ele>668.1</ele>
      </trkpt>
      <trkpt lat="45.78984" lon="10.84265">
        <ele>669.47</ele>
      </trkpt>
      <trkpt lat="45.78985" lon="10.84269">
        <ele>670.87</ele>
      </trkpt>
      <trkpt lat="45.78987" lon="10.84273">
        <ele>672.27</ele>
      </trkpt>
      <trkpt lat="45.78989" lon="10.84277">
        <ele>673.71</ele>
      </trkpt>
      <trkpt lat="45.78991" lon="10.84285">
        <ele>676.85</ele>
      </trkpt>
      <trkpt lat="45.78993" lon="10.84288">
        <ele>677.96</ele>
      </trkpt>
      <trkpt lat="45.78995" lon="10.84291">
        <ele>679.02</ele>
      </trkpt>
      <trkpt lat="45.78995" lon="10.84296">
        <ele>680.91</ele>
      </trkpt>
      <trkpt lat="45.78995" lon="10.843">
        <ele>682.43</ele>
      </trkpt>
      <trkpt lat="45.78995" lon="10.84304">
        <ele>683.95</ele>
      </trkpt>
      <trkpt lat="45.78995" lon="10.8431">
        <ele>686.26</ele>
      </trkpt>
      <trkpt lat="45.78994" lon="10.84315">
        <ele>688.34</ele>
      </trkpt>
      <trkpt lat="45.78994" lon="10.8432">
        <ele>690.3</ele>
      </trkpt>
      <trkpt lat="45.78997" lon="10.84326">
        <ele>692.0</ele>
      </trkpt>
      <trkpt lat="45.78999" lon="10.84329">
        <ele>692.67</ele>
      </trkpt>
      <trkpt lat="45.79001" lon="10.84335">
        <ele>694.55</ele>
      </trkpt>
      <trkpt lat="45.79002" lon="10.84339">
        <ele>696.03</ele>
      </trkpt>
      <trkpt lat="45.79004" lon="10.84342">
        <ele>697.0</ele>
      </trkpt>
      <trkpt lat="45.79005" lon="10.84346">
        <ele>698.48</ele>
      </trkpt>
      <trkpt lat="45.79005" lon="10.84353">
        <ele>701.25</ele>
      </trkpt>
      <trkpt lat="45.79004" lon="10.84357">
        <ele>702.94</ele>
      </trkpt>
      <trkpt lat="45.79004" lon="10.84362">
        <ele>704.76</ele>
      </trkpt>
      <trkpt lat="45.79003" lon="10.84366">
        <ele>705.75</ele>
      </trkpt>
      <trkpt lat="45.79003" lon="10.84371">
        <ele>706.85</ele>
      </trkpt>
      <trkpt lat="45.79006" lon="10.84377">
        <ele>707.91</ele>
      </trkpt>
      <trkpt lat="45.79007" lon="10.84381">
        <ele>708.72</ele>
      </trkpt>
      <trkpt lat="45.79008" lon="10.84387">
        <ele>710.0</ele>
      </trkpt>
      <trkpt lat="45.7901" lon="10.84393">
        <ele>710.68</ele>
      </trkpt>
      <trkpt lat="45.79011" lon="10.84396">
        <ele>710.92</ele>
      </trkpt>
      <trkpt lat="45.79014" lon="10.84399">
        <ele>711.09</ele>
      </trkpt>
      <trkpt lat="45.79016" lon="10.84404">
        <ele>711.56</ele>
      </trkpt>
      <trkpt lat="45.79017" lon="10.84409">
        <ele>712.11</ele>
      </trkpt>
      <trkpt lat="45.79019" lon="10.84412">
        <ele>712.43</ele>
      </trkpt>
      <trkpt lat="45.7902" lon="10.84416">
        <ele>712.92</ele>
      </trkpt>
      <trkpt lat="45.79023" lon="10.84423">
        <ele>713.24</ele>
      </trkpt>
      <trkpt lat="45.79024" lon="10.84427">
        <ele>713.3</ele>
      </trkpt>
      <trkpt lat="45.79025" lon="10.84432">
        <ele>713.33</ele>
      </trkpt>
      <trkpt lat="45.79027" lon="10.84436">
        <ele>713.12</ele>
      </trkpt>
      <trkpt lat="45.79028" lon="10.84441">
        <ele>712.98</ele>
      </trkpt>
      <trkpt lat="45.7903" lon="10.84445">
        <ele>712.85</ele>
      </trkpt>
      <trkpt lat="45.79032" lon="10.84447">
        <ele>712.68</ele>
      </trkpt>
      <trkpt lat="45.79038" lon="10.84448">
        <ele>712.02</ele>
      </trkpt>
      <trkpt lat="45.79046" lon="10.84447">
        <ele>711.3</ele>
      </trkpt>
      <trkpt lat="45.79052" lon="10.84447">
        <ele>710.71</ele>
      </trkpt>
      <trkpt lat="45.79057" lon="10.84443">
        <ele>710.14</ele>
      </trkpt>
      <trkpt lat="45.79062" lon="10.84442">
        <ele>707.62</ele>
      </trkpt>
      <trkpt lat="45.79064" lon="10.84445">
        <ele>707.29</ele>
      </trkpt>
      <trkpt lat="45.79066" lon="10.8445">
        <ele>706.07</ele>
      </trkpt>
      <trkpt lat="45.79067" lon="10.84455">
        <ele>705.43</ele>
      </trkpt>
      <trkpt lat="45.79068" lon="10.84461">
        <ele>704.92</ele>
      </trkpt>
      <trkpt lat="45.7907" lon="10.84467">
        <ele>704.57</ele>
      </trkpt>
      <trkpt lat="45.79072" lon="10.84469">
        <ele>704.51</ele>
      </trkpt>
      <trkpt lat="45.79073" lon="10.84476">
        <ele>704.17</ele>
      </trkpt>
      <trkpt lat="45.79072" lon="10.84481">
        <ele>703.6</ele>
      </trkpt>
      <trkpt lat="45.79068" lon="10.84485">
        <ele>703.47</ele>
      </trkpt>
      <trkpt lat="45.79064" lon="10.84486">
        <ele>703.74</ele>
      </trkpt>
      <trkpt lat="45.79061" lon="10.84489">
        <ele>703.97</ele>
      </trkpt>
      <trkpt lat="45.7906" lon="10.84492">
        <ele>704.07</ele>
      </trkpt>
      <trkpt lat="45.79059" lon="10.845">
        <ele>704.26</ele>
      </trkpt>
      <trkpt lat="45.79058" lon="10.84508">
        <ele>704.87</ele>
      </trkpt>
      <trkpt lat="45.79057" lon="10.84513">
        <ele>705.45</ele>
      </trkpt>
      <trkpt lat="45.79057" lon="10.8452">
        <ele>705.87</ele>
      </trkpt>
      <trkpt lat="45.79057" lon="10.84525">
        <ele>706.16</ele>
      </trkpt>
      <trkpt lat="45.79058" lon="10.84529">
        <ele>705.88</ele>
      </trkpt>
      <trkpt lat="45.79059" lon="10.84533">
        <ele>705.44</ele>
      </trkpt>
      <trkpt lat="45.79062" lon="10.84539">
        <ele>703.83</ele>
      </trkpt>
      <trkpt lat="45.79065" lon="10.84543">
        <ele>702.01</ele>
      </trkpt>
      <trkpt lat="45.79068" lon="10.8455">
        <ele>699.83</ele>
      </trkpt>
      <trkpt lat="45.79072" lon="10.84556">
        <ele>696.67</ele>
      </trkpt>
      <trkpt lat="45.79073" lon="10.8456">
        <ele>695.27</ele>
      </trkpt>
      <trkpt lat="45.79074" lon="10.84566">
        <ele>693.5</ele>
      </trkpt>
      <trkpt lat="45.79074" lon="10.8457">
        <ele>692.78</ele>
      </trkpt>
      <trkpt lat="45.79075" lon="10.84575">
        <ele>691.2</ele>
      </trkpt>
      <trkpt lat="45.79075" lon="10.84581">
        <ele>690.12</ele>
      </trkpt>
      <trkpt lat="45.79076" lon="10.84587">
        <ele>687.8</ele>
      </trkpt>
      <trkpt lat="45.79078" lon="10.84591">
        <ele>685.05</ele>
      </trkpt>
      <trkpt lat="45.79081" lon="10.84596">
        <ele>681.15</ele>
      </trkpt>
      <trkpt lat="45.79084" lon="10.84607">
        <ele>674.87</ele>
      </trkpt>
      <trkpt lat="45.79084" lon="10.84616">
        <ele>672.36</ele>
      </trkpt>
      <trkpt lat="45.79084" lon="10.84622">
        <ele>671.09</ele>
      </trkpt>
      <trkpt lat="45.79084" lon="10.84629">
        <ele>669.6</ele>
      </trkpt>
      <trkpt lat="45.79084" lon="10.84634">
        <ele>668.54</ele>
      </trkpt>
      <trkpt lat="45.79083" lon="10.84642">
        <ele>668.21</ele>
      </trkpt>
      <trkpt lat="45.79082" lon="10.8465">
        <ele>668.92</ele>
      </trkpt>
      <trkpt lat="45.79082" lon="10.84656">
        <ele>668.71</ele>
      </trkpt>
      <trkpt lat="45.79082" lon="10.84663">
        <ele>668.47</ele>
      </trkpt>
      <trkpt lat="45.79083" lon="10.8467">
        <ele>667.57</ele>
      </trkpt>
      <trkpt lat="45.79086" lon="10.84676">
        <ele>665.59</ele>
      </trkpt>
      <trkpt lat="45.79087" lon="10.84687">
        <ele>665.66</ele>
      </trkpt>
      <trkpt lat="45.79089" lon="10.84694">
        <ele>664.68</ele>
      </trkpt>
      <trkpt lat="45.79089" lon="10.847">
        <ele>665.0</ele>
      </trkpt>
      <trkpt lat="45.7909" lon="10.84709">
        <ele>664.74</ele>
      </trkpt>
      <trkpt lat="45.79091" lon="10.84717">
        <ele>664.46</ele>
      </trkpt>
      <trkpt lat="45.79092" lon="10.84722">
        <ele>664.06</ele>
      </trkpt>
      <trkpt lat="45.79092" lon="10.84727">
        <ele>664.42</ele>
      </trkpt>
      <trkpt lat="45.79091" lon="10.84731">
        <ele>665.39</ele>
      </trkpt>
      <trkpt lat="45.7909" lon="10.84739">
        <ele>666.65</ele>
      </trkpt>
      <trkpt lat="45.79088" lon="10.8475">
        <ele>668.81</ele>
      </trkpt>
      <trkpt lat="45.79088" lon="10.84754">
        <ele>669.55</ele>
      </trkpt>
      <trkpt lat="45.79092" lon="10.84774">
        <ele>670.66</ele>
      </trkpt>
      <trkpt lat="45.79094" lon="10.84788">
        <ele>672.3</ele>
      </trkpt>
      <trkpt lat="45.79095" lon="10.84799">
        <ele>674.02</ele>
      </trkpt>
      <trkpt lat="45.79097" lon="10.84805">
        <ele>674.02</ele>
      </trkpt>
      <trkpt lat="45.79108" lon="10.84818">
        <ele>669.65</ele>
      </trkpt>
      <trkpt lat="45.79114" lon="10.84826">
        <ele>667.54</ele>
      </trkpt>
      <trkpt lat="45.79117" lon="10.84828">
        <ele>666.03</ele>
      </trkpt>
      <trkpt lat="45.79122" lon="10.84831">
        <ele>663.44</ele>
      </trkpt>
      <trkpt lat="45.79127" lon="10.84833">
        <ele>660.63</ele>
      </trkpt>
      <trkpt lat="45.79133" lon="10.84839">
        <ele>657.95</ele>
      </trkpt>
      <trkpt lat="45.79133" lon="10.84845">
        <ele>659.16</ele>
      </trkpt>
      <trkpt lat="45.79133" lon="10.84851">
        <ele>660.36</ele>
      </trkpt>
      <trkpt lat="45.79132" lon="10.84865">
        <ele>663.63</ele>
      </trkpt>
      <trkpt lat="45.79129" lon="10.84877">
        <ele>667.35</ele>
      </trkpt>
      <trkpt lat="45.79128" lon="10.84884">
        <ele>669.07</ele>
      </trkpt>
      <trkpt lat="45.79127" lon="10.84888">
        <ele>670.27</ele>
      </trkpt>
      <trkpt lat="45.79127" lon="10.84893">
        <ele>671.18</ele>
      </trkpt>
      <trkpt lat="45.79126" lon="10.84899">
        <ele>672.81</ele>
      </trkpt>
      <trkpt lat="45.79127" lon="10.84905">
        <ele>673.4</ele>
      </trkpt>
      <trkpt lat="45.79127" lon="10.8491">
        <ele>674.33</ele>
      </trkpt>
      <trkpt lat="45.79128" lon="10.84914">
        <ele>674.6</ele>
      </trkpt>
      <trkpt lat="45.79132" lon="10.84919">
        <ele>674.38</ele>
      </trkpt>
      <trkpt lat="45.79136" lon="10.8492">
        <ele>673.02</ele>
      </trkpt>
      <trkpt lat="45.79139" lon="10.84922">
        <ele>672.63</ele>
      </trkpt>
      <trkpt lat="45.79147" lon="10.84924">
        <ele>669.84</ele>
      </trkpt>
      <trkpt lat="45.79151" lon="10.84926">
        <ele>669.04</ele>
      </trkpt>
      <trkpt lat="45.79153" lon="10.84928">
        <ele>669.22</ele>
      </trkpt>
      <trkpt lat="45.79162" lon="10.84934">
        <ele>668.65</ele>
      </trkpt>
      <trkpt lat="45.79165" lon="10.84936">
        <ele>668.55</ele>
      </trkpt>
      <trkpt lat="45.79171" lon="10.84937">
        <ele>666.39</ele>
      </trkpt>
      <trkpt lat="45.79179" lon="10.84938">
        <ele>663.15</ele>
      </trkpt>
      <trkpt lat="45.79183" lon="10.84939">
        <ele>661.78</ele>
      </trkpt>
      <trkpt lat="45.79189" lon="10.84939">
        <ele>658.88</ele>
      </trkpt>
      <trkpt lat="45.79194" lon="10.8494">
        <ele>656.98</ele>
      </trkpt>
      <trkpt lat="45.79198" lon="10.84941">
        <ele>655.62</ele>
      </trkpt>
      <trkpt lat="45.79202" lon="10.84941">
        <ele>653.76</ele>
      </trkpt>
      <trkpt lat="45.79205" lon="10.84943">
        <ele>653.35</ele>
      </trkpt>
      <trkpt lat="45.79212" lon="10.84944">
        <ele>650.57</ele>
      </trkpt>
      <trkpt lat="45.79215" lon="10.84946">
        <ele>650.1</ele>
      </trkpt>
      <trkpt lat="45.79219" lon="10.84954">
        <ele>651.76</ele>
      </trkpt>
      <trkpt lat="45.7922" lon="10.84961">
        <ele>654.34</ele>
      </trkpt>
      <trkpt lat="45.79221" lon="10.84967">
        <ele>656.42</ele>
      </trkpt>
      <trkpt lat="45.79221" lon="10.84971">
        <ele>658.17</ele>
      </trkpt>
      <trkpt lat="45.7922" lon="10.84979">
        <ele>662.47</ele>
      </trkpt>
      <trkpt lat="45.7922" lon="10.84983">
        <ele>664.36</ele>
      </trkpt>
      <trkpt lat="45.79222" lon="10.84988">
        <ele>665.52</ele>
      </trkpt>
      <trkpt lat="45.79227" lon="10.8499">
        <ele>663.41</ele>
      </trkpt>
      <trkpt lat="45.79229" lon="10.84993">
        <ele>663.52</ele>
      </trkpt>
      <trkpt lat="45.79233" lon="10.84998">
        <ele>663.16</ele>
      </trkpt>
      <trkpt lat="45.79236" lon="10.85">
        <ele>662.07</ele>
      </trkpt>
      <trkpt lat="45.7924" lon="10.85001">
        <ele>659.9</ele>
      </trkpt>
      <trkpt lat="45.79243" lon="10.85003">
        <ele>658.78</ele>
      </trkpt>
      <trkpt lat="45.79247" lon="10.85005">
        <ele>656.96</ele>
      </trkpt>
      <trkpt lat="45.79254" lon="10.85012">
        <ele>654.81</ele>
      </trkpt>
      <trkpt lat="45.79257" lon="10.85016">
        <ele>654.15</ele>
      </trkpt>
      <trkpt lat="45.79259" lon="10.85018">
        <ele>653.44</ele>
      </trkpt>
      <trkpt lat="45.79262" lon="10.85024">
        <ele>653.49</ele>
      </trkpt>
      <trkpt lat="45.79273" lon="10.85032">
        <ele>648.31</ele>
      </trkpt>
      <trkpt lat="45.79279" lon="10.85039">
        <ele>646.5</ele>
      </trkpt>
      <trkpt lat="45.79282" lon="10.85044">
        <ele>646.14</ele>
      </trkpt>
      <trkpt lat="45.79285" lon="10.85051">
        <ele>646.52</ele>
      </trkpt>
      <trkpt lat="45.79287" lon="10.85058">
        <ele>647.55</ele>
      </trkpt>
      <trkpt lat="45.79289" lon="10.85071">
        <ele>650.45</ele>
      </trkpt>
      <trkpt lat="45.7929" lon="10.85075">
        <ele>651.01</ele>
      </trkpt>
      <trkpt lat="45.79291" lon="10.85081">
        <ele>652.25</ele>
      </trkpt>
      <trkpt lat="45.79291" lon="10.85085">
        <ele>653.42</ele>
      </trkpt>
      <trkpt lat="45.79292" lon="10.85089">
        <ele>653.44</ele>
      </trkpt>
      <trkpt lat="45.79292" lon="10.85094">
        <ele>654.51</ele>
      </trkpt>
      <trkpt lat="45.79293" lon="10.85098">
        <ele>654.46</ele>
      </trkpt>
      <trkpt lat="45.79295" lon="10.85106">
        <ele>654.24</ele>
      </trkpt>
      <trkpt lat="45.79297" lon="10.85109">
        <ele>652.92</ele>
      </trkpt>
      <trkpt lat="45.79301" lon="10.85114">
        <ele>649.91</ele>
      </trkpt>
      <trkpt lat="45.79303" lon="10.85117">
        <ele>648.41</ele>
      </trkpt>
      <trkpt lat="45.79304" lon="10.85121">
        <ele>648.02</ele>
      </trkpt>
      <trkpt lat="45.79305" lon="10.85126">
        <ele>647.73</ele>
      </trkpt>
      <trkpt lat="45.79307" lon="10.8513">
        <ele>646.12</ele>
      </trkpt>
      <trkpt lat="45.79308" lon="10.85141">
        <ele>646.39</ele>
      </trkpt>
      <trkpt lat="45.79308" lon="10.85148">
        <ele>647.05</ele>
      </trkpt>
      <trkpt lat="45.79308" lon="10.85154">
        <ele>647.62</ele>
      </trkpt>
      <trkpt lat="45.79308" lon="10.8516">
        <ele>648.2</ele>
      </trkpt>
      <trkpt lat="45.79309" lon="10.85165">
        <ele>647.39</ele>
      </trkpt>
      <trkpt lat="45.7931" lon="10.85168">
        <ele>645.68</ele>
      </trkpt>
      <trkpt lat="45.79313" lon="10.85171">
        <ele>640.56</ele>
      </trkpt>
      <trkpt lat="45.79315" lon="10.85177">
        <ele>635.55</ele>
      </trkpt>
      <trkpt lat="45.79317" lon="10.85186">
        <ele>629.39</ele>
      </trkpt>
      <trkpt lat="45.79317" lon="10.85194">
        <ele>626.17</ele>
      </trkpt>
      <trkpt lat="45.79317" lon="10.85201">
        <ele>623.22</ele>
      </trkpt>
      <trkpt lat="45.79316" lon="10.85211">
        <ele>620.14</ele>
      </trkpt>
      <trkpt lat="45.79315" lon="10.85214">
        <ele>620.01</ele>
      </trkpt>
      <trkpt lat="45.79312" lon="10.85227">
        <ele>617.69</ele>
      </trkpt>
      <trkpt lat="45.79309" lon="10.85236">
        <ele>616.89</ele>
      </trkpt>
      <trkpt lat="45.79307" lon="10.85239">
        <ele>617.63</ele>
      </trkpt>
      <trkpt lat="45.79304" lon="10.85245">
        <ele>617.98</ele>
      </trkpt>
      <trkpt lat="45.79301" lon="10.8525">
        <ele>618.76</ele>
      </trkpt>
      <trkpt lat="45.79298" lon="10.85253">
        <ele>621.15</ele>
      </trkpt>
      <trkpt lat="45.79293" lon="10.85256">
        <ele>625.52</ele>
      </trkpt>
      <trkpt lat="45.79289" lon="10.85261">
        <ele>628.2</ele>
      </trkpt>
      <trkpt lat="45.79286" lon="10.85265">
        <ele>630.04</ele>
      </trkpt>
      <trkpt lat="45.79283" lon="10.85268">
        <ele>632.08</ele>
      </trkpt>
      <trkpt lat="45.79282" lon="10.85273">
        <ele>631.52</ele>
      </trkpt>
      <trkpt lat="45.79281" lon="10.85278">
        <ele>630.91</ele>
      </trkpt>
      <trkpt lat="45.7928" lon="10.85283">
        <ele>630.27</ele>
      </trkpt>
      <trkpt lat="45.7928" lon="10.85296">
        <ele>626.17</ele>
      </trkpt>
      <trkpt lat="45.7928" lon="10.853">
        <ele>624.91</ele>
      </trkpt>
      <trkpt lat="45.7928" lon="10.85305">
        <ele>623.34</ele>
      </trkpt>
      <trkpt lat="45.7928" lon="10.85313">
        <ele>621.04</ele>
      </trkpt>
      <trkpt lat="45.7928" lon="10.85319">
        <ele>619.33</ele>
      </trkpt>
      <trkpt lat="45.7928" lon="10.85326">
        <ele>617.33</ele>
      </trkpt>
      <trkpt lat="45.79283" lon="10.85335">
        <ele>612.89</ele>
      </trkpt>
      <trkpt lat="45.7931" lon="10.85348">
        <ele>592.78</ele>
      </trkpt>
      <trkpt lat="45.7932" lon="10.8535">
        <ele>585.59</ele>
      </trkpt>
      <trkpt lat="45.79323" lon="10.85354">
        <ele>583.77</ele>
      </trkpt>
      <trkpt lat="45.79317" lon="10.85359">
        <ele>588.58</ele>
      </trkpt>
      <trkpt lat="45.79311" lon="10.85363">
        <ele>593.16</ele>
      </trkpt>
      <trkpt lat="45.79309" lon="10.85369">
        <ele>594.84</ele>
      </trkpt>
      <trkpt lat="45.79306" lon="10.85373">
        <ele>597.11</ele>
      </trkpt>
      <trkpt lat="45.79303" lon="10.85377">
        <ele>599.41</ele>
      </trkpt>
      <trkpt lat="45.79298" lon="10.8538">
        <ele>603.12</ele>
      </trkpt>
      <trkpt lat="45.79294" lon="10.85382">
        <ele>606.07</ele>
      </trkpt>
      <trkpt lat="45.79292" lon="10.85383">
        <ele>607.55</ele>
      </trkpt>
      <trkpt lat="45.7928" lon="10.85386">
        <ele>616.3</ele>
      </trkpt>
      <trkpt lat="45.79276" lon="10.85388">
        <ele>619.19</ele>
      </trkpt>
      <trkpt lat="45.79273" lon="10.8539">
        <ele>621.26</ele>
      </trkpt>
      <trkpt lat="45.7927" lon="10.85393">
        <ele>623.28</ele>
      </trkpt>
      <trkpt lat="45.79267" lon="10.85396">
        <ele>625.27</ele>
      </trkpt>
      <trkpt lat="45.79264" lon="10.85398">
        <ele>627.26</ele>
      </trkpt>
      <trkpt lat="45.79264" lon="10.85403">
        <ele>627.17</ele>
      </trkpt>
      <trkpt lat="45.79268" lon="10.85411">
        <ele>624.41</ele>
      </trkpt>
      <trkpt lat="45.7927" lon="10.85421">
        <ele>624.2</ele>
      </trkpt>
      <trkpt lat="45.79268" lon="10.85425">
        <ele>626.52</ele>
      </trkpt>
      <trkpt lat="45.79263" lon="10.85426">
        <ele>629.91</ele>
      </trkpt>
      <trkpt lat="45.79259" lon="10.85427">
        <ele>632.64</ele>
      </trkpt>
      <trkpt lat="45.79255" lon="10.85429">
        <ele>635.58</ele>
      </trkpt>
      <trkpt lat="45.79251" lon="10.85431">
        <ele>638.49</ele>
      </trkpt>
      <trkpt lat="45.79247" lon="10.85433">
        <ele>641.15</ele>
      </trkpt>
      <trkpt lat="45.79245" lon="10.85435">
        <ele>642.66</ele>
      </trkpt>
      <trkpt lat="45.79241" lon="10.85436">
        <ele>645.04</ele>
      </trkpt>
      <trkpt lat="45.79238" lon="10.85437">
        <ele>646.87</ele>
      </trkpt>
      <trkpt lat="45.79234" lon="10.85437">
        <ele>649.03</ele>
      </trkpt>
      <trkpt lat="45.79231" lon="10.85437">
        <ele>650.65</ele>
      </trkpt>
      <trkpt lat="45.79228" lon="10.85436">
        <ele>652.06</ele>
      </trkpt>
      <trkpt lat="45.79222" lon="10.85434">
        <ele>654.87</ele>
      </trkpt>
      <trkpt lat="45.79219" lon="10.85432">
        <ele>656.1</ele>
      </trkpt>
      <trkpt lat="45.79216" lon="10.85431">
        <ele>657.56</ele>
      </trkpt>
      <trkpt lat="45.79212" lon="10.8543">
        <ele>659.59</ele>
      </trkpt>
      <trkpt lat="45.79209" lon="10.85429">
        <ele>661.07</ele>
      </trkpt>
      <trkpt lat="45.79203" lon="10.85428">
        <ele>664.24</ele>
      </trkpt>
      <trkpt lat="45.792" lon="10.85427">
        <ele>665.73</ele>
      </trkpt>
      <trkpt lat="45.79195" lon="10.85426">
        <ele>668.37</ele>
      </trkpt>
      <trkpt lat="45.79192" lon="10.85425">
        <ele>669.85</ele>
      </trkpt>
      <trkpt lat="45.79189" lon="10.85425">
        <ele>671.5</ele>
      </trkpt>
      <trkpt lat="45.79186" lon="10.85423">
        <ele>672.77</ele>
      </trkpt>
      <trkpt lat="45.79183" lon="10.85423">
        <ele>674.41</ele>
      </trkpt>
      <trkpt lat="45.79179" lon="10.85423">
        <ele>676.61</ele>
      </trkpt>
      <trkpt lat="45.79183" lon="10.85424">
        <ele>674.61</ele>
      </trkpt>
      <trkpt lat="45.79186" lon="10.85425">
        <ele>673.15</ele>
      </trkpt>
      <trkpt lat="45.79189" lon="10.85426">
        <ele>671.69</ele>
      </trkpt>
      <trkpt lat="45.79195" lon="10.85426">
        <ele>668.37</ele>
      </trkpt>
      <trkpt lat="45.79199" lon="10.85433">
        <ele>667.41</ele>
      </trkpt>
      <trkpt lat="45.79201" lon="10.85438">
        <ele>667.25</ele>
      </trkpt>
      <trkpt lat="45.79204" lon="10.85443">
        <ele>666.56</ele>
      </trkpt>
      <trkpt lat="45.79207" lon="10.85447">
        <ele>665.77</ele>
      </trkpt>
      <trkpt lat="45.79211" lon="10.85456">
        <ele>665.56</ele>
      </trkpt>
      <trkpt lat="45.79213" lon="10.8546">
        <ele>665.34</ele>
      </trkpt>
      <trkpt lat="45.79215" lon="10.85467">
        <ele>665.77</ele>
      </trkpt>
      <trkpt lat="45.79216" lon="10.85474">
        <ele>666.74</ele>
      </trkpt>
      <trkpt lat="45.79216" lon="10.85479">
        <ele>667.82</ele>
      </trkpt>
      <trkpt lat="45.79216" lon="10.85486">
        <ele>669.34</ele>
      </trkpt>
      <trkpt lat="45.79215" lon="10.85492">
        <ele>671.17</ele>
      </trkpt>
      <trkpt lat="45.79214" lon="10.85495">
        <ele>672.36</ele>
      </trkpt>
      <trkpt lat="45.79211" lon="10.85497">
        <ele>674.41</ele>
      </trkpt>
      <trkpt lat="45.79209" lon="10.85501">
        <ele>676.45</ele>
      </trkpt>
      <trkpt lat="45.79208" lon="10.85505">
        <ele>678.21</ele>
      </trkpt>
      <trkpt lat="45.79207" lon="10.85512">
        <ele>680.91</ele>
      </trkpt>
      <trkpt lat="45.79207" lon="10.85516">
        <ele>682.14</ele>
      </trkpt>
      <trkpt lat="45.79208" lon="10.8552">
        <ele>682.81</ele>
      </trkpt>
      <trkpt lat="45.79209" lon="10.85525">
        <ele>683.77</ele>
      </trkpt>
      <trkpt lat="45.79211" lon="10.85528">
        <ele>683.53</ele>
      </trkpt>
      <trkpt lat="45.79213" lon="10.85532">
        <ele>683.53</ele>
      </trkpt>
      <trkpt lat="45.79214" lon="10.85537">
        <ele>684.39</ele>
      </trkpt>
      <trkpt lat="45.79216" lon="10.85543">
        <ele>684.97</ele>
      </trkpt>
      <trkpt lat="45.79216" lon="10.85553">
        <ele>687.85</ele>
      </trkpt>
      <trkpt lat="45.79216" lon="10.8556">
        <ele>689.9</ele>
      </trkpt>
      <trkpt lat="45.79216" lon="10.85565">
        <ele>691.38</ele>
      </trkpt>
      <trkpt lat="45.79216" lon="10.85569">
        <ele>692.56</ele>
      </trkpt>
      <trkpt lat="45.79216" lon="10.85575">
        <ele>694.34</ele>
      </trkpt>
      <trkpt lat="45.79216" lon="10.8558">
        <ele>695.82</ele>
      </trkpt>
      <trkpt lat="45.79216" lon="10.85584">
        <ele>697.04</ele>
      </trkpt>
      <trkpt lat="45.79216" lon="10.85591">
        <ele>699.44</ele>
      </trkpt>
      <trkpt lat="45.79217" lon="10.85602">
        <ele>702.66</ele>
      </trkpt>
      <trkpt lat="45.79219" lon="10.85605">
        <ele>702.59</ele>
      </trkpt>
      <trkpt lat="45.79223" lon="10.85609">
        <ele>701.79</ele>
      </trkpt>
      <trkpt lat="45.79225" lon="10.85614">
        <ele>702.35</ele>
      </trkpt>
      <trkpt lat="45.79226" lon="10.85624">
        <ele>705.06</ele>
      </trkpt>
      <trkpt lat="45.79227" lon="10.85629">
        <ele>706.15</ele>
      </trkpt>
      <trkpt lat="45.79228" lon="10.85637">
        <ele>708.25</ele>
      </trkpt>
      <trkpt lat="45.7923" lon="10.85643">
        <ele>709.17</ele>
      </trkpt>
      <trkpt lat="45.79231" lon="10.85646">
        <ele>709.64</ele>
      </trkpt>
      <trkpt lat="45.79234" lon="10.85649">
        <ele>709.07</ele>
      </trkpt>
      <trkpt lat="45.79238" lon="10.85652">
        <ele>708.0</ele>
      </trkpt>
      <trkpt lat="45.79243" lon="10.85655">
        <ele>706.43</ele>
      </trkpt>
      <trkpt lat="45.79246" lon="10.85657">
        <ele>705.59</ele>
      </trkpt>
      <trkpt lat="45.79251" lon="10.85659">
        <ele>703.93</ele>
      </trkpt>
      <trkpt lat="45.79255" lon="10.8566">
        <ele>703.02</ele>
      </trkpt>
      <trkpt lat="45.79262" lon="10.85663">
        <ele>701.85</ele>
      </trkpt>
      <trkpt lat="45.7927" lon="10.85664">
        <ele>699.63</ele>
      </trkpt>
      <trkpt lat="45.79275" lon="10.85664">
        <ele>698.03</ele>
      </trkpt>
      <trkpt lat="45.7928" lon="10.85663">
        <ele>696.1</ele>
      </trkpt>
      <trkpt lat="45.79284" lon="10.85663">
        <ele>694.83</ele>
      </trkpt>
      <trkpt lat="45.79289" lon="10.85663">
        <ele>693.23</ele>
      </trkpt>
      <trkpt lat="45.79293" lon="10.85664">
        <ele>692.26</ele>
      </trkpt>
      <trkpt lat="45.79297" lon="10.85666">
        <ele>691.57</ele>
      </trkpt>
      <trkpt lat="45.79301" lon="10.85669">
        <ele>690.52</ele>
      </trkpt>
      <trkpt lat="45.79302" lon="10.85672">
        <ele>690.23</ele>
      </trkpt>
      <trkpt lat="45.79304" lon="10.85676">
        <ele>689.56</ele>
      </trkpt>
      <trkpt lat="45.79304" lon="10.85681">
        <ele>689.59</ele>
      </trkpt>
      <trkpt lat="45.79304" lon="10.85686">
        <ele>689.62</ele>
      </trkpt>
      <trkpt lat="45.79304" lon="10.85691">
        <ele>689.65</ele>
      </trkpt>
      <trkpt lat="45.79304" lon="10.85695">
        <ele>689.68</ele>
      </trkpt>
      <trkpt lat="45.79302" lon="10.85699">
        <ele>690.6</ele>
      </trkpt>
      <trkpt lat="45.793" lon="10.85702">
        <ele>691.56</ele>
      </trkpt>
      <trkpt lat="45.79297" lon="10.85703">
        <ele>692.98</ele>
      </trkpt>
      <trkpt lat="45.79293" lon="10.85705">
        <ele>694.94</ele>
      </trkpt>
      <trkpt lat="45.7929" lon="10.85708">
        <ele>696.54</ele>
      </trkpt>
      <trkpt lat="45.79287" lon="10.85712">
        <ele>698.28</ele>
      </trkpt>
      <trkpt lat="45.79285" lon="10.85716">
        <ele>699.6</ele>
      </trkpt>
      <trkpt lat="45.79283" lon="10.85719">
        <ele>700.9</ele>
      </trkpt>
      <trkpt lat="45.79281" lon="10.85723">
        <ele>702.36</ele>
      </trkpt>
      <trkpt lat="45.79277" lon="10.85728">
        <ele>705.29</ele>
      </trkpt>
      <trkpt lat="45.79275" lon="10.85731">
        <ele>706.93</ele>
      </trkpt>
      <trkpt lat="45.79272" lon="10.85734">
        <ele>709.2</ele>
      </trkpt>
      <trkpt lat="45.79268" lon="10.8574">
        <ele>712.64</ele>
      </trkpt>
      <trkpt lat="45.79266" lon="10.85747">
        <ele>715.11</ele>
      </trkpt>
      <trkpt lat="45.79264" lon="10.85751">
        <ele>716.96</ele>
      </trkpt>
      <trkpt lat="45.79263" lon="10.85755">
        <ele>717.76</ele>
      </trkpt>
      <trkpt lat="45.79262" lon="10.8576">
        <ele>718.58</ele>
      </trkpt>
      <trkpt lat="45.79261" lon="10.85766">
        <ele>719.45</ele>
      </trkpt>
      <trkpt lat="45.7926" lon="10.8577">
        <ele>720.24</ele>
      </trkpt>
      <trkpt lat="45.79259" lon="10.85777">
        <ele>721.14</ele>
      </trkpt>
      <trkpt lat="45.79258" lon="10.85781">
        <ele>721.85</ele>
      </trkpt>
      <trkpt lat="45.79257" lon="10.85785">
        <ele>722.53</ele>
      </trkpt>
      <trkpt lat="45.79255" lon="10.85788">
        <ele>723.83</ele>
      </trkpt>
      <trkpt lat="45.79251" lon="10.85794">
        <ele>726.37</ele>
      </trkpt>
      <trkpt lat="45.79248" lon="10.85797">
        <ele>728.3</ele>
      </trkpt>
      <trkpt lat="45.79246" lon="10.85802">
        <ele>729.68</ele>
      </trkpt>
      <trkpt lat="45.79244" lon="10.85806">
        <ele>731.12</ele>
      </trkpt>
      <trkpt lat="45.79243" lon="10.85811">
        <ele>732.03</ele>
      </trkpt>
      <trkpt lat="45.79241" lon="10.85815">
        <ele>733.61</ele>
      </trkpt>
      <trkpt lat="45.7924" lon="10.8582">
        <ele>734.55</ele>
      </trkpt>
      <trkpt lat="45.79239" lon="10.85824">
        <ele>735.45</ele>
      </trkpt>
      <trkpt lat="45.79233" lon="10.85826">
        <ele>739.81</ele>
      </trkpt>
      <trkpt lat="45.79227" lon="10.85826">
        <ele>744.08</ele>
      </trkpt>
      <trkpt lat="45.79223" lon="10.85824">
        <ele>746.78</ele>
      </trkpt>
      <trkpt lat="45.79221" lon="10.8582">
        <ele>747.88</ele>
      </trkpt>
      <trkpt lat="45.79218" lon="10.85816">
        <ele>749.6</ele>
      </trkpt>
      <trkpt lat="45.79216" lon="10.85811">
        <ele>750.51</ele>
      </trkpt>
      <trkpt lat="45.79214" lon="10.85807">
        <ele>751.46</ele>
      </trkpt>
      <trkpt lat="45.7921" lon="10.85805">
        <ele>753.85</ele>
      </trkpt>
      <trkpt lat="45.79209" lon="10.8581">
        <ele>755.04</ele>
      </trkpt>
      <trkpt lat="45.79208" lon="10.85814">
        <ele>756.14</ele>
      </trkpt>
      <trkpt lat="45.79206" lon="10.85819">
        <ele>758.05</ele>
      </trkpt>
      <trkpt lat="45.79205" lon="10.85822">
        <ele>759.08</ele>
      </trkpt>
      <trkpt lat="45.79201" lon="10.85824">
        <ele>762.09</ele>
      </trkpt>
      <trkpt lat="45.79198" lon="10.85826">
        <ele>764.45</ele>
      </trkpt>
      <trkpt lat="45.79195" lon="10.85827">
        <ele>766.7</ele>
      </trkpt>
      <trkpt lat="45.79194" lon="10.85834">
        <ele>768.39</ele>
      </trkpt>
      <trkpt lat="45.79194" lon="10.85841">
        <ele>769.15</ele>
      </trkpt>
      <trkpt lat="45.79194" lon="10.85847">
        <ele>769.8</ele>
      </trkpt>
      <trkpt lat="45.79194" lon="10.85852">
        <ele>770.34</ele>
      </trkpt>
      <trkpt lat="45.79192" lon="10.85855">
        <ele>772.1</ele>
      </trkpt>
      <trkpt lat="45.79189" lon="10.85855">
        <ele>774.26</ele>
      </trkpt>
      <trkpt lat="45.79186" lon="10.85855">
        <ele>776.42</ele>
      </trkpt>
      <trkpt lat="45.79181" lon="10.85854">
        <ele>779.91</ele>
      </trkpt>
      <trkpt lat="45.79176" lon="10.85853">
        <ele>783.4</ele>
      </trkpt>
      <trkpt lat="45.79172" lon="10.8585">
        <ele>785.96</ele>
      </trkpt>
      <trkpt lat="45.79169" lon="10.85847">
        <ele>787.8</ele>
      </trkpt>
      <trkpt lat="45.79165" lon="10.85844">
        <ele>790.08</ele>
      </trkpt>
      <trkpt lat="45.79161" lon="10.85842">
        <ele>792.06</ele>
      </trkpt>
      <trkpt lat="45.79159" lon="10.8584">
        <ele>792.93</ele>
      </trkpt>
      <trkpt lat="45.7916" lon="10.85844">
        <ele>792.84</ele>
      </trkpt>
      <trkpt lat="45.7916" lon="10.85851">
        <ele>793.66</ele>
      </trkpt>
      <trkpt lat="45.79161" lon="10.85855">
        <ele>793.56</ele>
      </trkpt>
      <trkpt lat="45.79162" lon="10.85859">
        <ele>793.45</ele>
      </trkpt>
      <trkpt lat="45.79161" lon="10.85863">
        <ele>794.48</ele>
      </trkpt>
      <trkpt lat="45.79162" lon="10.85869">
        <ele>794.59</ele>
      </trkpt>
      <trkpt lat="45.79155" lon="10.85872">
        <ele>799.06</ele>
      </trkpt>
      <trkpt lat="45.79151" lon="10.85873">
        <ele>801.55</ele>
      </trkpt>
      <trkpt lat="45.79148" lon="10.85874">
        <ele>803.46</ele>
      </trkpt>
      <trkpt lat="45.79148" lon="10.85878">
        <ele>803.98</ele>
      </trkpt>
      <trkpt lat="45.79148" lon="10.85882">
        <ele>804.51</ele>
      </trkpt>
      <trkpt lat="45.79149" lon="10.85888">
        <ele>804.7</ele>
      </trkpt>
      <trkpt lat="45.7915" lon="10.85893">
        <ele>804.73</ele>
      </trkpt>
      <trkpt lat="45.7915" lon="10.85898">
        <ele>805.38</ele>
      </trkpt>
      <trkpt lat="45.79151" lon="10.85902">
        <ele>805.27</ele>
      </trkpt>
      <trkpt lat="45.79152" lon="10.85907">
        <ele>805.28</ele>
      </trkpt>
      <trkpt lat="45.79154" lon="10.8591">
        <ele>804.38</ele>
      </trkpt>
      <trkpt lat="45.79155" lon="10.85915">
        <ele>804.35</ele>
      </trkpt>
      <trkpt lat="45.79156" lon="10.85921">
        <ele>804.54</ele>
      </trkpt>
      <trkpt lat="45.79156" lon="10.85925">
        <ele>805.11</ele>
      </trkpt>
      <trkpt lat="45.79156" lon="10.85929">
        <ele>805.69</ele>
      </trkpt>
      <trkpt lat="45.79156" lon="10.85934">
        <ele>806.41</ele>
      </trkpt>
      <trkpt lat="45.79155" lon="10.85938">
        <ele>807.63</ele>
      </trkpt>
      <trkpt lat="45.79153" lon="10.85942">
        <ele>809.5</ele>
      </trkpt>
      <trkpt lat="45.7915" lon="10.85946">
        <ele>812.02</ele>
      </trkpt>
      <trkpt lat="45.79148" lon="10.85949">
        <ele>813.75</ele>
      </trkpt>
      <trkpt lat="45.79145" lon="10.8595">
        <ele>815.84</ele>
      </trkpt>
      <trkpt lat="45.79142" lon="10.85952">
        <ele>818.07</ele>
      </trkpt>
      <trkpt lat="45.79138" lon="10.85956">
        <ele>821.23</ele>
      </trkpt>
      <trkpt lat="45.79136" lon="10.85958">
        <ele>822.77</ele>
      </trkpt>
      <trkpt lat="45.79133" lon="10.85961">
        <ele>825.07</ele>
      </trkpt>
      <trkpt lat="45.79131" lon="10.85964">
        <ele>826.73</ele>
      </trkpt>
      <trkpt lat="45.79129" lon="10.85969">
        <ele>828.63</ele>
      </trkpt>
      <trkpt lat="45.79128" lon="10.85974">
        <ele>829.88</ele>
      </trkpt>
      <trkpt lat="45.79126" lon="10.85978">
        <ele>831.61</ele>
      </trkpt>
      <trkpt lat="45.79124" lon="10.85984">
        <ele>833.61</ele>
      </trkpt>
      <trkpt lat="45.79121" lon="10.85992">
        <ele>836.54</ele>
      </trkpt>
      <trkpt lat="45.7912" lon="10.85997">
        <ele>837.84</ele>
      </trkpt>
      <trkpt lat="45.79119" lon="10.86002">
        <ele>839.45</ele>
      </trkpt>
      <trkpt lat="45.79117" lon="10.86009">
        <ele>842.66</ele>
      </trkpt>
      <trkpt lat="45.79113" lon="10.86014">
        <ele>846.41</ele>
      </trkpt>
      <trkpt lat="45.79109" lon="10.86016">
        <ele>849.24</ele>
      </trkpt>
      <trkpt lat="45.79105" lon="10.86018">
        <ele>851.99</ele>
      </trkpt>
      <trkpt lat="45.79102" lon="10.86024">
        <ele>855.06</ele>
      </trkpt>
      <trkpt lat="45.79101" lon="10.86028">
        <ele>856.51</ele>
      </trkpt>
      <trkpt lat="45.79101" lon="10.86032">
        <ele>857.36</ele>
      </trkpt>
      <trkpt lat="45.79102" lon="10.86041">
        <ele>858.78</ele>
      </trkpt>
      <trkpt lat="45.79103" lon="10.86046">
        <ele>859.4</ele>
      </trkpt>
      <trkpt lat="45.79105" lon="10.86049">
        <ele>859.14</ele>
      </trkpt>
      <trkpt lat="45.79109" lon="10.86055">
        <ele>858.78</ele>
      </trkpt>
      <trkpt lat="45.7911" lon="10.86059">
        <ele>859.34</ele>
      </trkpt>
      <trkpt lat="45.79112" lon="10.86062">
        <ele>859.22</ele>
      </trkpt>
      <trkpt lat="45.79114" lon="10.86065">
        <ele>859.1</ele>
      </trkpt>
      <trkpt lat="45.79118" lon="10.86072">
        <ele>859.21</ele>
      </trkpt>
      <trkpt lat="45.7912" lon="10.86076">
        <ele>859.46</ele>
      </trkpt>
      <trkpt lat="45.79123" lon="10.8608">
        <ele>859.35</ele>
      </trkpt>
      <trkpt lat="45.79125" lon="10.86083">
        <ele>859.4</ele>
      </trkpt>
      <trkpt lat="45.79127" lon="10.86086">
        <ele>859.72</ele>
      </trkpt>
      <trkpt lat="45.7913" lon="10.86089">
        <ele>859.7</ele>
      </trkpt>
      <trkpt lat="45.79132" lon="10.86092">
        <ele>860.08</ele>
      </trkpt>
      <trkpt lat="45.79135" lon="10.86095">
        <ele>860.1</ele>
      </trkpt>
      <trkpt lat="45.79136" lon="10.861">
        <ele>861.68</ele>
      </trkpt>
      <trkpt lat="45.79137" lon="10.86104">
        <ele>862.88</ele>
      </trkpt>
      <trkpt lat="45.79139" lon="10.86107">
        <ele>863.33</ele>
      </trkpt>
      <trkpt lat="45.79139" lon="10.86115">
        <ele>866.5</ele>
      </trkpt>
      <trkpt lat="45.79139" lon="10.86121">
        <ele>868.88</ele>
      </trkpt>
      <trkpt lat="45.79139" lon="10.86126">
        <ele>870.86</ele>
      </trkpt>
      <trkpt lat="45.79136" lon="10.86128">
        <ele>872.66</ele>
      </trkpt>
      <trkpt lat="45.79133" lon="10.8613">
        <ele>874.46</ele>
      </trkpt>
      <trkpt lat="45.7913" lon="10.86131">
        <ele>875.85</ele>
      </trkpt>
      <trkpt lat="45.79127" lon="10.86132">
        <ele>877.23</ele>
      </trkpt>
      <trkpt lat="45.79122" lon="10.86134">
        <ele>879.64</ele>
      </trkpt>
      <trkpt lat="45.79119" lon="10.86135">
        <ele>881.0</ele>
      </trkpt>
      <trkpt lat="45.79118" lon="10.8614">
        <ele>883.18</ele>
      </trkpt>
      <trkpt lat="45.7912" lon="10.86144">
        <ele>884.02</ele>
      </trkpt>
      <trkpt lat="45.79123" lon="10.86146">
        <ele>883.82</ele>
      </trkpt>
      <trkpt lat="45.79126" lon="10.86151">
        <ele>884.77</ele>
      </trkpt>
      <trkpt lat="45.79127" lon="10.86155">
        <ele>885.98</ele>
      </trkpt>
      <trkpt lat="45.79129" lon="10.86159">
        <ele>886.91</ele>
      </trkpt>
      <trkpt lat="45.79131" lon="10.86164">
        <ele>888.24</ele>
      </trkpt>
      <trkpt lat="45.79132" lon="10.86171">
        <ele>890.86</ele>
      </trkpt>
      <trkpt lat="45.79132" lon="10.86175">
        <ele>892.58</ele>
      </trkpt>
      <trkpt lat="45.79132" lon="10.86179">
        <ele>894.31</ele>
      </trkpt>
      <trkpt lat="45.79132" lon="10.86183">
        <ele>896.04</ele>
      </trkpt>
      <trkpt lat="45.79132" lon="10.86187">
        <ele>897.77</ele>
      </trkpt>
      <trkpt lat="45.79132" lon="10.86192">
        <ele>899.93</ele>
      </trkpt>
      <trkpt lat="45.79133" lon="10.86196">
        <ele>901.36</ele>
      </trkpt>
      <trkpt lat="45.79134" lon="10.86202">
        <ele>903.62</ele>
      </trkpt>
      <trkpt lat="45.79135" lon="10.86206">
        <ele>905.05</ele>
      </trkpt>
      <trkpt lat="45.79137" lon="10.86211">
        <ele>906.66</ele>
      </trkpt>
      <trkpt lat="45.7914" lon="10.86218">
        <ele>908.89</ele>
      </trkpt>
      <trkpt lat="45.79142" lon="10.86222">
        <ele>910.12</ele>
      </trkpt>
      <trkpt lat="45.79143" lon="10.86227">
        <ele>912.05</ele>
      </trkpt>
      <trkpt lat="45.79145" lon="10.8623">
        <ele>912.88</ele>
      </trkpt>
      <trkpt lat="45.79148" lon="10.86233">
        <ele>913.49</ele>
      </trkpt>
      <trkpt lat="45.7915" lon="10.86235">
        <ele>913.9</ele>
      </trkpt>
      <trkpt lat="45.79153" lon="10.86239">
        <ele>915.0</ele>
      </trkpt>
      <trkpt lat="45.79156" lon="10.86241">
        <ele>915.22</ele>
      </trkpt>
      <trkpt lat="45.79157" lon="10.86245">
        <ele>916.81</ele>
      </trkpt>
      <trkpt lat="45.79158" lon="10.8625">
        <ele>918.87</ele>
      </trkpt>
      <trkpt lat="45.79159" lon="10.86255">
        <ele>920.69</ele>
      </trkpt>
      <trkpt lat="45.7916" lon="10.86259">
        <ele>922.08</ele>
      </trkpt>
      <trkpt lat="45.79162" lon="10.86265">
        <ele>924.04</ele>
      </trkpt>
      <trkpt lat="45.79166" lon="10.86268">
        <ele>924.29</ele>
      </trkpt>
      <trkpt lat="45.79169" lon="10.86269">
        <ele>924.25</ele>
      </trkpt>
      <trkpt lat="45.79172" lon="10.8627">
        <ele>924.29</ele>
      </trkpt>
      <trkpt lat="45.79175" lon="10.86272">
        <ele>924.75</ele>
      </trkpt>
      <trkpt lat="45.79178" lon="10.86274">
        <ele>925.22</ele>
      </trkpt>
      <trkpt lat="45.79183" lon="10.8628">
        <ele>927.12</ele>
      </trkpt>
      <trkpt lat="45.79185" lon="10.86283">
        <ele>928.09</ele>
      </trkpt>
      <trkpt lat="45.79187" lon="10.86286">
        <ele>929.06</ele>
      </trkpt>
      <trkpt lat="45.79191" lon="10.86288">
        <ele>929.42</ele>
      </trkpt>
      <trkpt lat="45.79195" lon="10.86289">
        <ele>929.39</ele>
      </trkpt>
      <trkpt lat="45.79199" lon="10.86291">
        <ele>929.82</ele>
      </trkpt>
      <trkpt lat="45.79202" lon="10.86293">
        <ele>930.36</ele>
      </trkpt>
      <trkpt lat="45.79205" lon="10.86296">
        <ele>931.33</ele>
      </trkpt>
      <trkpt lat="45.79208" lon="10.863">
        <ele>932.73</ele>
      </trkpt>
      <trkpt lat="45.79211" lon="10.86302">
        <ele>933.32</ele>
      </trkpt>
      <trkpt lat="45.79216" lon="10.86305">
        <ele>934.21</ele>
      </trkpt>
      <trkpt lat="45.7922" lon="10.86307">
        <ele>934.78</ele>
      </trkpt>
      <trkpt lat="45.79225" lon="10.86309">
        <ele>935.2</ele>
      </trkpt>
      <trkpt lat="45.79228" lon="10.8631">
        <ele>935.33</ele>
      </trkpt>
      <trkpt lat="45.79231" lon="10.86312">
        <ele>935.91</ele>
      </trkpt>
      <trkpt lat="45.79234" lon="10.86313">
        <ele>936.06</ele>
      </trkpt>
      <trkpt lat="45.79238" lon="10.86315">
        <ele>936.57</ele>
      </trkpt>
      <trkpt lat="45.79244" lon="10.86318">
        <ele>937.38</ele>
      </trkpt>
      <trkpt lat="45.79247" lon="10.86319">
        <ele>937.56</ele>
      </trkpt>
      <trkpt lat="45.7925" lon="10.86321">
        <ele>938.23</ele>
      </trkpt>
      <trkpt lat="45.79253" lon="10.86325">
        <ele>940.21</ele>
      </trkpt>
      <trkpt lat="45.79257" lon="10.86327">
        <ele>941.29</ele>
      </trkpt>
      <trkpt lat="45.7926" lon="10.86328">
        <ele>941.86</ele>
      </trkpt>
      <trkpt lat="45.79263" lon="10.86329">
        <ele>942.44</ele>
      </trkpt>
      <trkpt lat="45.79266" lon="10.86331">
        <ele>943.48</ele>
      </trkpt>
      <trkpt lat="45.79268" lon="10.86335">
        <ele>945.43</ele>
      </trkpt>
      <trkpt lat="45.79269" lon="10.86338">
        <ele>946.87</ele>
      </trkpt>
      <trkpt lat="45.79266" lon="10.86337">
        <ele>946.29</ele>
      </trkpt>
      <trkpt lat="45.79272" lon="10.8634">
        <ele>947.91</ele>
      </trkpt>
      <trkpt lat="45.7927" lon="10.86343">
        <ele>949.24</ele>
      </trkpt>
      <trkpt lat="45.79266" lon="10.86347">
        <ele>950.97</ele>
      </trkpt>
      <trkpt lat="45.79265" lon="10.86351">
        <ele>952.81</ele>
      </trkpt>
      <trkpt lat="45.79264" lon="10.86355">
        <ele>954.64</ele>
      </trkpt>
      <trkpt lat="45.79264" lon="10.8636">
        <ele>956.98</ele>
      </trkpt>
      <trkpt lat="45.79266" lon="10.86364">
        <ele>958.93</ele>
      </trkpt>
      <trkpt lat="45.7927" lon="10.86365">
        <ele>959.54</ele>
      </trkpt>
      <trkpt lat="45.79275" lon="10.86366">
        <ele>960.19</ele>
      </trkpt>
      <trkpt lat="45.79276" lon="10.86371">
        <ele>962.56</ele>
      </trkpt>
      <trkpt lat="45.79275" lon="10.86376">
        <ele>964.87</ele>
      </trkpt>
      <trkpt lat="45.79274" lon="10.86382">
        <ele>967.64</ele>
      </trkpt>
      <trkpt lat="45.79273" lon="10.86387">
        <ele>969.94</ele>
      </trkpt>
      <trkpt lat="45.79272" lon="10.86394">
        <ele>973.18</ele>
      </trkpt>
      <trkpt lat="45.7927" lon="10.86398">
        <ele>974.98</ele>
      </trkpt>
      <trkpt lat="45.79269" lon="10.86402">
        <ele>976.82</ele>
      </trkpt>
      <trkpt lat="45.79267" lon="10.86407">
        <ele>979.09</ele>
      </trkpt>
      <trkpt lat="45.79264" lon="10.86411">
        <ele>980.85</ele>
      </trkpt>
      <trkpt lat="45.79261" lon="10.86414">
        <ele>982.15</ele>
      </trkpt>
      <trkpt lat="45.79257" lon="10.8642">
        <ele>984.93</ele>
      </trkpt>
      <trkpt lat="45.79253" lon="10.86422">
        <ele>985.8</ele>
      </trkpt>
      <trkpt lat="45.7925" lon="10.86424">
        <ele>986.7</ele>
      </trkpt>
      <trkpt lat="45.79247" lon="10.86425">
        <ele>987.2</ele>
      </trkpt>
      <trkpt lat="45.79244" lon="10.86426">
        <ele>987.7</ele>
      </trkpt>
      <trkpt lat="45.79241" lon="10.86428">
        <ele>988.71</ele>
      </trkpt>
      <trkpt lat="45.79237" lon="10.86431">
        <ele>990.22</ele>
      </trkpt>
      <trkpt lat="45.79232" lon="10.86434">
        <ele>991.74</ele>
      </trkpt>
      <trkpt lat="45.79229" lon="10.86437">
        <ele>993.25</ele>
      </trkpt>
      <trkpt lat="45.79227" lon="10.86439">
        <ele>994.26</ele>
      </trkpt>
      <trkpt lat="45.79224" lon="10.86441">
        <ele>995.26</ele>
      </trkpt>
      <trkpt lat="45.79219" lon="10.86441">
        <ele>995.28</ele>
      </trkpt>
      <trkpt lat="45.79216" lon="10.86441">
        <ele>995.29</ele>
      </trkpt>
      <trkpt lat="45.79213" lon="10.86441">
        <ele>995.31</ele>
      </trkpt>
      <trkpt lat="45.79209" lon="10.86442">
        <ele>995.81</ele>
      </trkpt>
      <trkpt lat="45.79206" lon="10.86444">
        <ele>996.79</ele>
      </trkpt>
      <trkpt lat="45.79205" lon="10.86448">
        <ele>998.66</ele>
      </trkpt>
      <trkpt lat="45.79204" lon="10.86452">
        <ele>1000.54</ele>
      </trkpt>
      <trkpt lat="45.79203" lon="10.86457">
        <ele>1002.88</ele>
      </trkpt>
      <trkpt lat="45.79201" lon="10.8646">
        <ele>1004.28</ele>
      </trkpt>
      <trkpt lat="45.79199" lon="10.86464">
        <ele>1006.15</ele>
      </trkpt>
      <trkpt lat="45.79198" lon="10.86468">
        <ele>1008.02</ele>
      </trkpt>
      <trkpt lat="45.79196" lon="10.86472">
        <ele>1009.9</ele>
      </trkpt>
      <trkpt lat="45.79192" lon="10.86479">
        <ele>1013.08</ele>
      </trkpt>
      <trkpt lat="45.79188" lon="10.86482">
        <ele>1014.34</ele>
      </trkpt>
      <trkpt lat="45.79184" lon="10.86488">
        <ele>1017.01</ele>
      </trkpt>
      <trkpt lat="45.79181" lon="10.8649">
        <ele>1017.84</ele>
      </trkpt>
      <trkpt lat="45.79179" lon="10.86495">
        <ele>1020.1</ele>
      </trkpt>
      <trkpt lat="45.79177" lon="10.86498">
        <ele>1021.44</ele>
      </trkpt>
      <trkpt lat="45.79175" lon="10.86501">
        <ele>1022.71</ele>
      </trkpt>
      <trkpt lat="45.79173" lon="10.86505">
        <ele>1024.25</ele>
      </trkpt>
      <trkpt lat="45.79171" lon="10.86508">
        <ele>1025.37</ele>
      </trkpt>
      <trkpt lat="45.79165" lon="10.86512">
        <ele>1026.87</ele>
      </trkpt>
      <trkpt lat="45.79162" lon="10.86513">
        <ele>1027.48</ele>
      </trkpt>
      <trkpt lat="45.79159" lon="10.86519">
        <ele>1030.08</ele>
      </trkpt>
      <trkpt lat="45.79158" lon="10.86525">
        <ele>1032.52</ele>
      </trkpt>
      <trkpt lat="45.79156" lon="10.86529">
        <ele>1034.25</ele>
      </trkpt>
      <trkpt lat="45.79153" lon="10.8653">
        <ele>1034.86</ele>
      </trkpt>
      <trkpt lat="45.7915" lon="10.86531">
        <ele>1035.48</ele>
      </trkpt>
      <trkpt lat="45.79147" lon="10.86532">
        <ele>1036.09</ele>
      </trkpt>
      <trkpt lat="45.79144" lon="10.86533">
        <ele>1036.7</ele>
      </trkpt>
      <trkpt lat="45.7914" lon="10.86534">
        <ele>1037.38</ele>
      </trkpt>
      <trkpt lat="45.79136" lon="10.86536">
        <ele>1038.43</ele>
      </trkpt>
      <trkpt lat="45.79134" lon="10.8654">
        <ele>1040.11</ele>
      </trkpt>
      <trkpt lat="45.79131" lon="10.86542">
        <ele>1041.05</ele>
      </trkpt>
      <trkpt lat="45.79128" lon="10.86544">
        <ele>1041.98</ele>
      </trkpt>
      <trkpt lat="45.79124" lon="10.86547">
        <ele>1043.31</ele>
      </trkpt>
      <trkpt lat="45.79122" lon="10.86549">
        <ele>1044.16</ele>
      </trkpt>
      <trkpt lat="45.79116" lon="10.86552">
        <ele>1045.52</ele>
      </trkpt>
      <trkpt lat="45.79112" lon="10.86554">
        <ele>1046.41</ele>
      </trkpt>
      <trkpt lat="45.79109" lon="10.86556">
        <ele>1047.33</ele>
      </trkpt>
      <trkpt lat="45.79106" lon="10.86558">
        <ele>1048.32</ele>
      </trkpt>
      <trkpt lat="45.79102" lon="10.86559">
        <ele>1048.98</ele>
      </trkpt>
      <trkpt lat="45.79106" lon="10.86562">
        <ele>1049.88</ele>
      </trkpt>
      <trkpt lat="45.7911" lon="10.86565">
        <ele>1050.81</ele>
      </trkpt>
      <trkpt lat="45.79112" lon="10.86568">
        <ele>1051.88</ele>
      </trkpt>
      <trkpt lat="45.79116" lon="10.86573">
        <ele>1053.62</ele>
      </trkpt>
      <trkpt lat="45.79115" lon="10.86579">
        <ele>1056.03</ele>
      </trkpt>
      <trkpt lat="45.79109" lon="10.86585">
        <ele>1058.92</ele>
      </trkpt>
      <trkpt lat="45.79105" lon="10.86587">
        <ele>1060.07</ele>
      </trkpt>
      <trkpt lat="45.79104" lon="10.86592">
        <ele>1062.62</ele>
      </trkpt>
      <trkpt lat="45.79101" lon="10.86597">
        <ele>1065.25</ele>
      </trkpt>
      <trkpt lat="45.79102" lon="10.86604">
        <ele>1068.74</ele>
      </trkpt>
      <trkpt lat="45.79102" lon="10.86611">
        <ele>1072.27</ele>
      </trkpt>
      <trkpt lat="45.79101" lon="10.86616">
        <ele>1075.0</ele>
      </trkpt>
      <trkpt lat="45.79099" lon="10.86621">
        <ele>1077.78</ele>
      </trkpt>
      <trkpt lat="45.79098" lon="10.86628">
        <ele>1081.59</ele>
      </trkpt>
      <trkpt lat="45.79097" lon="10.86634">
        <ele>1084.87</ele>
      </trkpt>
      <trkpt lat="45.79092" lon="10.86638">
        <ele>1087.21</ele>
      </trkpt>
      <trkpt lat="45.79089" lon="10.86645">
        <ele>1090.92</ele>
      </trkpt>
      <trkpt lat="45.79087" lon="10.8665">
        <ele>1093.52</ele>
      </trkpt>
      <trkpt lat="45.7909" lon="10.86651">
        <ele>1093.97</ele>
      </trkpt>
      <trkpt lat="45.79093" lon="10.86653">
        <ele>1094.94</ele>
      </trkpt>
      <trkpt lat="45.79097" lon="10.86653">
        <ele>1094.87</ele>
      </trkpt>
      <trkpt lat="45.79102" lon="10.86653">
        <ele>1094.78</ele>
      </trkpt>
      <trkpt lat="45.79106" lon="10.86654">
        <ele>1095.24</ele>
      </trkpt>
      <trkpt lat="45.7911" lon="10.86655">
        <ele>1095.72</ele>
      </trkpt>
      <trkpt lat="45.79115" lon="10.86656">
        <ele>1096.1</ele>
      </trkpt>
      <trkpt lat="45.79121" lon="10.86657">
        <ele>1096.42</ele>
      </trkpt>
      <trkpt lat="45.79133" lon="10.86657">
        <ele>1095.99</ele>
      </trkpt>
      <trkpt lat="45.79139" lon="10.86658">
        <ele>1096.32</ele>
      </trkpt>
      <trkpt lat="45.79143" lon="10.86658">
        <ele>1096.32</ele>
      </trkpt>
      <trkpt lat="45.79146" lon="10.86658">
        <ele>1096.32</ele>
      </trkpt>
      <trkpt lat="45.79149" lon="10.86659">
        <ele>1096.86</ele>
      </trkpt>
      <trkpt lat="45.79155" lon="10.86659">
        <ele>1096.86</ele>
      </trkpt>
      <trkpt lat="45.79161" lon="10.86662">
        <ele>1098.48</ele>
      </trkpt>
      <trkpt lat="45.79163" lon="10.86665">
        <ele>1100.1</ele>
      </trkpt>
      <trkpt lat="45.79165" lon="10.8667">
        <ele>1102.56</ele>
      </trkpt>
      <trkpt lat="45.79167" lon="10.86675">
        <ele>1104.94</ele>
      </trkpt>
      <trkpt lat="45.7917" lon="10.8668">
        <ele>1107.6</ele>
      </trkpt>
      <trkpt lat="45.79173" lon="10.86682">
        <ele>1108.86</ele>
      </trkpt>
      <trkpt lat="45.79177" lon="10.86682">
        <ele>1109.29</ele>
      </trkpt>
      <trkpt lat="45.79183" lon="10.86682">
        <ele>1109.94</ele>
      </trkpt>
      <trkpt lat="45.79186" lon="10.86682">
        <ele>1110.26</ele>
      </trkpt>
      <trkpt lat="45.79189" lon="10.86682">
        <ele>1110.59</ele>
      </trkpt>
      <trkpt lat="45.79193" lon="10.86682">
        <ele>1111.02</ele>
      </trkpt>
      <trkpt lat="45.79196" lon="10.86682">
        <ele>1111.31</ele>
      </trkpt>
      <trkpt lat="45.79199" lon="10.86682">
        <ele>1111.58</ele>
      </trkpt>
      <trkpt lat="45.79202" lon="10.86683">
        <ele>1112.3</ele>
      </trkpt>
      <trkpt lat="45.79206" lon="10.86683">
        <ele>1112.65</ele>
      </trkpt>
      <trkpt lat="45.79211" lon="10.86684">
        <ele>1113.53</ele>
      </trkpt>
      <trkpt lat="45.79214" lon="10.86686">
        <ele>1114.67</ele>
      </trkpt>
      <trkpt lat="45.79217" lon="10.8669">
        <ele>1116.67</ele>
      </trkpt>
      <trkpt lat="45.7922" lon="10.86692">
        <ele>1117.78</ele>
      </trkpt>
      <trkpt lat="45.79223" lon="10.86694">
        <ele>1118.78</ele>
      </trkpt>
      <trkpt lat="45.79226" lon="10.86697">
        <ele>1120.05</ele>
      </trkpt>
      <trkpt lat="45.79231" lon="10.86699">
        <ele>1120.76</ele>
      </trkpt>
      <trkpt lat="45.79235" lon="10.867">
        <ele>1121.05</ele>
      </trkpt>
      <trkpt lat="45.79238" lon="10.86702">
        <ele>1121.81</ele>
      </trkpt>
      <trkpt lat="45.7924" lon="10.86707">
        <ele>1123.95</ele>
      </trkpt>
      <trkpt lat="45.7924" lon="10.86712">
        <ele>1126.17</ele>
      </trkpt>
      <trkpt lat="45.7924" lon="10.86718">
        <ele>1128.84</ele>
      </trkpt>
      <trkpt lat="45.79239" lon="10.86723">
        <ele>1131.2</ele>
      </trkpt>
      <trkpt lat="45.79237" lon="10.86726">
        <ele>1132.86</ele>
      </trkpt>
      <trkpt lat="45.79235" lon="10.86729">
        <ele>1134.46</ele>
      </trkpt>
      <trkpt lat="45.79233" lon="10.86731">
        <ele>1135.51</ele>
      </trkpt>
      <trkpt lat="45.7923" lon="10.86736">
        <ele>1137.95</ele>
      </trkpt>
      <trkpt lat="45.79227" lon="10.86739">
        <ele>1139.32</ele>
      </trkpt>
      <trkpt lat="45.79224" lon="10.86741">
        <ele>1140.16</ele>
      </trkpt>
      <trkpt lat="45.79221" lon="10.86742">
        <ele>1140.44</ele>
      </trkpt>
      <trkpt lat="45.79218" lon="10.86744">
        <ele>1141.07</ele>
      </trkpt>
      <trkpt lat="45.79216" lon="10.86746">
        <ele>1141.79</ele>
      </trkpt>
      <trkpt lat="45.79214" lon="10.8675">
        <ele>1143.41</ele>
      </trkpt>
      <trkpt lat="45.79213" lon="10.86754">
        <ele>1144.92</ele>
      </trkpt>
      <trkpt lat="45.79211" lon="10.86757">
        <ele>1145.96</ele>
      </trkpt>
      <trkpt lat="45.79208" lon="10.8676">
        <ele>1146.94</ele>
      </trkpt>
      <trkpt lat="45.79203" lon="10.86765">
        <ele>1148.56</ele>
      </trkpt>
      <trkpt lat="45.792" lon="10.86768">
        <ele>1149.53</ele>
      </trkpt>
      <trkpt lat="45.79196" lon="10.86772">
        <ele>1150.82</ele>
      </trkpt>
      <trkpt lat="45.79193" lon="10.86776">
        <ele>1152.19</ele>
      </trkpt>
      <trkpt lat="45.79191" lon="10.8678">
        <ele>1153.63</ele>
      </trkpt>
      <trkpt lat="45.79188" lon="10.86783">
        <ele>1154.6</ele>
      </trkpt>
      <trkpt lat="45.79186" lon="10.86787">
        <ele>1156.04</ele>
      </trkpt>
      <trkpt lat="45.7918" lon="10.86791">
        <ele>1157.2</ele>
      </trkpt>
      <trkpt lat="45.79177" lon="10.86794">
        <ele>1158.17</ele>
      </trkpt>
      <trkpt lat="45.79175" lon="10.86796">
        <ele>1158.82</ele>
      </trkpt>
      <trkpt lat="45.79172" lon="10.86798">
        <ele>1159.39</ele>
      </trkpt>
      <trkpt lat="45.79169" lon="10.86799">
        <ele>1159.57</ele>
      </trkpt>
      <trkpt lat="45.79164" lon="10.86802">
        <ele>1160.5</ele>
      </trkpt>
      <trkpt lat="45.7916" lon="10.86804">
        <ele>1161.14</ele>
      </trkpt>
      <trkpt lat="45.79157" lon="10.86807">
        <ele>1162.24</ele>
      </trkpt>
      <trkpt lat="45.79154" lon="10.86809">
        <ele>1162.96</ele>
      </trkpt>
      <trkpt lat="45.79151" lon="10.86812">
        <ele>1164.12</ele>
      </trkpt>
      <trkpt lat="45.79148" lon="10.86813">
        <ele>1164.46</ele>
      </trkpt>
      <trkpt lat="45.79145" lon="10.86816">
        <ele>1165.65</ele>
      </trkpt>
      <trkpt lat="45.79142" lon="10.86818">
        <ele>1166.44</ele>
      </trkpt>
      <trkpt lat="45.79138" lon="10.86821">
        <ele>1167.65</ele>
      </trkpt>
      <trkpt lat="45.79135" lon="10.86825">
        <ele>1169.3</ele>
      </trkpt>
      <trkpt lat="45.79132" lon="10.86829">
        <ele>1170.92</ele>
      </trkpt>
      <trkpt lat="45.79129" lon="10.86832">
        <ele>1172.09</ele>
      </trkpt>
      <trkpt lat="45.79126" lon="10.86834">
        <ele>1172.86</ele>
      </trkpt>
      <trkpt lat="45.79122" lon="10.86836">
        <ele>1173.7</ele>
      </trkpt>
      <trkpt lat="45.79119" lon="10.86837">
        <ele>1174.09</ele>
      </trkpt>
      <trkpt lat="45.79116" lon="10.86838">
        <ele>1174.5</ele>
      </trkpt>
      <trkpt lat="45.79111" lon="10.86839">
        <ele>1174.86</ele>
      </trkpt>
      <trkpt lat="45.79107" lon="10.8684">
        <ele>1175.36</ele>
      </trkpt>
      <trkpt lat="45.79103" lon="10.86841">
        <ele>1175.86</ele>
      </trkpt>
      <trkpt lat="45.79099" lon="10.86843">
        <ele>1176.87</ele>
      </trkpt>
      <trkpt lat="45.79096" lon="10.86844">
        <ele>1177.38</ele>
      </trkpt>
      <trkpt lat="45.79093" lon="10.86846">
        <ele>1178.38</ele>
      </trkpt>
      <trkpt lat="45.79086" lon="10.86849">
        <ele>1179.9</ele>
      </trkpt>
      <trkpt lat="45.79082" lon="10.86855">
        <ele>1183.03</ele>
      </trkpt>
      <trkpt lat="45.79079" lon="10.86858">
        <ele>1184.76</ele>
      </trkpt>
      <trkpt lat="45.79076" lon="10.86861">
        <ele>1186.47</ele>
      </trkpt>
      <trkpt lat="45.79072" lon="10.86864">
        <ele>1188.21</ele>
      </trkpt>
      <trkpt lat="45.79069" lon="10.86866">
        <ele>1189.41</ele>
      </trkpt>
      <trkpt lat="45.79066" lon="10.86869">
        <ele>1191.12</ele>
      </trkpt>
      <trkpt lat="45.79061" lon="10.86871">
        <ele>1192.52</ele>
      </trkpt>
      <trkpt lat="45.79056" lon="10.86874">
        <ele>1194.46</ele>
      </trkpt>
      <trkpt lat="45.79055" lon="10.86879">
        <ele>1197.06</ele>
      </trkpt>
      <trkpt lat="45.79051" lon="10.86882">
        <ele>1198.9</ele>
      </trkpt>
      <trkpt lat="45.79048" lon="10.86885">
        <ele>1200.62</ele>
      </trkpt>
      <trkpt lat="45.79044" lon="10.86887">
        <ele>1201.91</ele>
      </trkpt>
      <trkpt lat="45.79041" lon="10.86887">
        <ele>1202.13</ele>
      </trkpt>
      <trkpt lat="45.79037" lon="10.86887">
        <ele>1202.43</ele>
      </trkpt>
      <trkpt lat="45.79034" lon="10.86888">
        <ele>1203.13</ele>
      </trkpt>
      <trkpt lat="45.79031" lon="10.86888">
        <ele>1203.35</ele>
      </trkpt>
      <trkpt lat="45.79028" lon="10.86889">
        <ele>1204.03</ele>
      </trkpt>
      <trkpt lat="45.79025" lon="10.8689">
        <ele>1204.68</ele>
      </trkpt>
      <trkpt lat="45.79022" lon="10.86891">
        <ele>1205.33</ele>
      </trkpt>
      <trkpt lat="45.79018" lon="10.86892">
        <ele>1206.05</ele>
      </trkpt>
      <trkpt lat="45.79015" lon="10.86893">
        <ele>1206.7</ele>
      </trkpt>
      <trkpt lat="45.79012" lon="10.86893">
        <ele>1206.91</ele>
      </trkpt>
      <trkpt lat="45.79008" lon="10.86894">
        <ele>1207.63</ele>
      </trkpt>
      <trkpt lat="45.79004" lon="10.86895">
        <ele>1208.35</ele>
      </trkpt>
      <trkpt lat="45.79001" lon="10.86896">
        <ele>1209.0</ele>
      </trkpt>
      <trkpt lat="45.78998" lon="10.86897">
        <ele>1210.01</ele>
      </trkpt>
      <trkpt lat="45.78995" lon="10.86898">
        <ele>1211.2</ele>
      </trkpt>
      <trkpt lat="45.7899" lon="10.86899">
        <ele>1212.89</ele>
      </trkpt>
      <trkpt lat="45.78986" lon="10.86899">
        <ele>1213.9</ele>
      </trkpt>
      <trkpt lat="45.78981" lon="10.86901">
        <ele>1216.02</ele>
      </trkpt>
      <trkpt lat="45.78977" lon="10.86903">
        <ele>1217.89</ele>
      </trkpt>
      <trkpt lat="45.78969" lon="10.86904">
        <ele>1220.33</ele>
      </trkpt>
      <trkpt lat="45.78966" lon="10.86905">
        <ele>1221.49</ele>
      </trkpt>
      <trkpt lat="45.78963" lon="10.86906">
        <ele>1222.64</ele>
      </trkpt>
      <trkpt lat="45.78959" lon="10.86909">
        <ele>1224.81</ele>
      </trkpt>
      <trkpt lat="45.7896" lon="10.86914">
        <ele>1226.57</ele>
      </trkpt>
      <trkpt lat="45.7896" lon="10.8692">
        <ele>1229.27</ele>
      </trkpt>
      <trkpt lat="45.78963" lon="10.86921">
        <ele>1229.12</ele>
      </trkpt>
      <trkpt lat="45.78967" lon="10.86921">
        <ele>1228.28</ele>
      </trkpt>
      <trkpt lat="45.78969" lon="10.86925">
        <ele>1229.86</ele>
      </trkpt>
      <trkpt lat="45.78968" lon="10.8693">
        <ele>1232.56</ele>
      </trkpt>
      <trkpt lat="45.78967" lon="10.86934">
        <ele>1234.75</ele>
      </trkpt>
      <trkpt lat="45.78964" lon="10.86936">
        <ele>1236.31</ele>
      </trkpt>
      <trkpt lat="45.78961" lon="10.86938">
        <ele>1237.87</ele>
      </trkpt>
      <trkpt lat="45.78957" lon="10.86942">
        <ele>1240.56</ele>
      </trkpt>
      <trkpt lat="45.78955" lon="10.86945">
        <ele>1242.36</ele>
      </trkpt>
      <trkpt lat="45.78952" lon="10.8695">
        <ele>1245.24</ele>
      </trkpt>
      <trkpt lat="45.78948" lon="10.86953">
        <ele>1247.36</ele>
      </trkpt>
      <trkpt lat="45.78945" lon="10.86954">
        <ele>1248.37</ele>
      </trkpt>
      <trkpt lat="45.78942" lon="10.86957">
        <ele>1250.32</ele>
      </trkpt>
      <trkpt lat="45.78938" lon="10.8696">
        <ele>1252.41</ele>
      </trkpt>
      <trkpt lat="45.78935" lon="10.86961">
        <ele>1253.38</ele>
      </trkpt>
      <trkpt lat="45.78932" lon="10.86963">
        <ele>1254.77</ele>
      </trkpt>
      <trkpt lat="45.78929" lon="10.86965">
        <ele>1256.13</ele>
      </trkpt>
      <trkpt lat="45.78926" lon="10.86967">
        <ele>1257.46</ele>
      </trkpt>
      <trkpt lat="45.78923" lon="10.86969">
        <ele>1258.76</ele>
      </trkpt>
      <trkpt lat="45.7892" lon="10.8697">
        <ele>1259.62</ele>
      </trkpt>
      <trkpt lat="45.78912" lon="10.86973">
        <ele>1263.35</ele>
      </trkpt>
      <trkpt lat="45.78909" lon="10.86975">
        <ele>1265.48</ele>
      </trkpt>
      <trkpt lat="45.78914" lon="10.86973">
        <ele>1262.49</ele>
      </trkpt>
      <trkpt lat="45.78919" lon="10.86971">
        <ele>1260.17</ele>
      </trkpt>
      <trkpt lat="45.78922" lon="10.86975">
        <ele>1261.45</ele>
      </trkpt>
      <trkpt lat="45.78923" lon="10.8698">
        <ele>1263.51</ele>
      </trkpt>
      <trkpt lat="45.78925" lon="10.86986">
        <ele>1265.9</ele>
      </trkpt>
      <trkpt lat="45.78925" lon="10.86991">
        <ele>1268.11</ele>
      </trkpt>
      <trkpt lat="45.78924" lon="10.86996">
        <ele>1270.44</ele>
      </trkpt>
      <trkpt lat="45.78923" lon="10.87001">
        <ele>1272.9</ele>
      </trkpt>
      <trkpt lat="45.78922" lon="10.87007">
        <ele>1276.5</ele>
      </trkpt>
      <trkpt lat="45.7892" lon="10.87012">
        <ele>1279.6</ele>
      </trkpt>
      <trkpt lat="45.78924" lon="10.8701">
        <ele>1278.06</ele>
      </trkpt>
      <trkpt lat="45.78925" lon="10.87005">
        <ele>1275.03</ele>
      </trkpt>
      <trkpt lat="45.78921" lon="10.87003">
        <ele>1274.28</ele>
      </trkpt>
      <trkpt lat="45.78918" lon="10.87003">
        <ele>1274.59</ele>
      </trkpt>
      <trkpt lat="45.78915" lon="10.87003">
        <ele>1275.38</ele>
      </trkpt>
      <trkpt lat="45.78911" lon="10.87004">
        <ele>1277.49</ele>
      </trkpt>
      <trkpt lat="45.78905" lon="10.87005">
        <ele>1280.35</ele>
      </trkpt>
      <trkpt lat="45.78901" lon="10.87006">
        <ele>1282.42</ele>
      </trkpt>
      <trkpt lat="45.7889" lon="10.87011">
        <ele>1289.14</ele>
      </trkpt>
      <trkpt lat="45.78887" lon="10.87013">
        <ele>1291.2</ele>
      </trkpt>
      <trkpt lat="45.78884" lon="10.87015">
        <ele>1293.22</ele>
      </trkpt>
      <trkpt lat="45.7888" lon="10.87016">
        <ele>1295.08</ele>
      </trkpt>
      <trkpt lat="45.78877" lon="10.87017">
        <ele>1296.59</ele>
      </trkpt>
      <trkpt lat="45.78873" lon="10.87017">
        <ele>1297.94</ele>
      </trkpt>
      <trkpt lat="45.78864" lon="10.87017">
        <ele>1300.98</ele>
      </trkpt>
      <trkpt lat="45.78859" lon="10.87017">
        <ele>1302.7</ele>
      </trkpt>
      <trkpt lat="45.78856" lon="10.87016">
        <ele>1303.3</ele>
      </trkpt>
      <trkpt lat="45.78853" lon="10.87014">
        <ele>1303.47</ele>
      </trkpt>
      <trkpt lat="45.7885" lon="10.87013">
        <ele>1304.11</ele>
      </trkpt>
      <trkpt lat="45.78846" lon="10.87012">
        <ele>1305.13</ele>
      </trkpt>
      <trkpt lat="45.78842" lon="10.8701">
        <ele>1305.75</ele>
      </trkpt>
      <trkpt lat="45.78837" lon="10.87007">
        <ele>1306.39</ele>
      </trkpt>
      <trkpt lat="45.78833" lon="10.87005">
        <ele>1307.21</ele>
      </trkpt>
      <trkpt lat="45.7883" lon="10.87004">
        <ele>1308.86</ele>
      </trkpt>
      <trkpt lat="45.78827" lon="10.87002">
        <ele>1310.12</ele>
      </trkpt>
      <trkpt lat="45.78823" lon="10.86998">
        <ele>1311.37</ele>
      </trkpt>
      <trkpt lat="45.78821" lon="10.86995">
        <ele>1311.66</ele>
      </trkpt>
      <trkpt lat="45.78818" lon="10.86987">
        <ele>1310.76</ele>
      </trkpt>
      <trkpt lat="45.78817" lon="10.86982">
        <ele>1309.58</ele>
      </trkpt>
      <trkpt lat="45.78815" lon="10.86978">
        <ele>1309.37</ele>
      </trkpt>
      <trkpt lat="45.78813" lon="10.86973">
        <ele>1308.74</ele>
      </trkpt>
      <trkpt lat="45.78811" lon="10.86967">
        <ele>1307.82</ele>
      </trkpt>
      <trkpt lat="45.78809" lon="10.86963">
        <ele>1307.61</ele>
      </trkpt>
      <trkpt lat="45.78806" lon="10.8696">
        <ele>1308.34</ele>
      </trkpt>
      <trkpt lat="45.78803" lon="10.86958">
        <ele>1309.44</ele>
      </trkpt>
      <trkpt lat="45.788" lon="10.86956">
        <ele>1310.53</ele>
      </trkpt>
      <trkpt lat="45.78798" lon="10.86953">
        <ele>1310.6</ele>
      </trkpt>
      <trkpt lat="45.78793" lon="10.86952">
        <ele>1313.2</ele>
      </trkpt>
      <trkpt lat="45.7879" lon="10.86957">
        <ele>1316.99</ele>
      </trkpt>
      <trkpt lat="45.7879" lon="10.86961">
        <ele>1318.59</ele>
      </trkpt>
      <trkpt lat="45.78789" lon="10.86965">
        <ele>1320.82</ele>
      </trkpt>
      <trkpt lat="45.7879" lon="10.86971">
        <ele>1322.59</ele>
      </trkpt>
      <trkpt lat="45.78791" lon="10.86975">
        <ele>1323.58</ele>
      </trkpt>
      <trkpt lat="45.78791" lon="10.8698">
        <ele>1325.66</ele>
      </trkpt>
      <trkpt lat="45.78793" lon="10.86985">
        <ele>1326.4</ele>
      </trkpt>
      <trkpt lat="45.78794" lon="10.86989">
        <ele>1327.38</ele>
      </trkpt>
      <trkpt lat="45.78794" lon="10.86994">
        <ele>1329.44</ele>
      </trkpt>
      <trkpt lat="45.78795" lon="10.86999">
        <ele>1330.81</ele>
      </trkpt>
      <trkpt lat="45.78796" lon="10.87004">
        <ele>1332.12</ele>
      </trkpt>
      <trkpt lat="45.78797" lon="10.87007">
        <ele>1332.62</ele>
      </trkpt>
      <trkpt lat="45.788" lon="10.87011">
        <ele>1332.16</ele>
      </trkpt>
      <trkpt lat="45.78801" lon="10.87016">
        <ele>1333.45</ele>
      </trkpt>
      <trkpt lat="45.78802" lon="10.87023">
        <ele>1335.54</ele>
      </trkpt>
      <trkpt lat="45.78803" lon="10.87028">
        <ele>1336.84</ele>
      </trkpt>
      <trkpt lat="45.78803" lon="10.87034">
        <ele>1339.21</ele>
      </trkpt>
      <trkpt lat="45.78804" lon="10.87039">
        <ele>1340.51</ele>
      </trkpt>
      <trkpt lat="45.78804" lon="10.87043">
        <ele>1342.09</ele>
      </trkpt>
      <trkpt lat="45.78805" lon="10.87047">
        <ele>1342.99</ele>
      </trkpt>
      <trkpt lat="45.78807" lon="10.87051">
        <ele>1343.25</ele>
      </trkpt>
      <trkpt lat="45.78809" lon="10.87056">
        <ele>1343.96</ele>
      </trkpt>
      <trkpt lat="45.78811" lon="10.87062">
        <ele>1345.21</ele>
      </trkpt>
      <trkpt lat="45.78813" lon="10.87066">
        <ele>1345.59</ele>
      </trkpt>
      <trkpt lat="45.78816" lon="10.8707">
        <ele>1345.28</ele>
      </trkpt>
      <trkpt lat="45.78818" lon="10.87073">
        <ele>1345.19</ele>
      </trkpt>
      <trkpt lat="45.7882" lon="10.87077">
        <ele>1345.5</ele>
      </trkpt>
      <trkpt lat="45.78821" lon="10.87082">
        <ele>1346.89</ele>
      </trkpt>
      <trkpt lat="45.78823" lon="10.87086">
        <ele>1347.18</ele>
      </trkpt>
      <trkpt lat="45.78825" lon="10.87088">
        <ele>1346.67</ele>
      </trkpt>
      <trkpt lat="45.78825" lon="10.87095">
        <ele>1349.61</ele>
      </trkpt>
      <trkpt lat="45.78813" lon="10.87099">
        <ele>1359.26</ele>
      </trkpt>
      <trkpt lat="45.7881" lon="10.87099">
        <ele>1361.25</ele>
      </trkpt>
      <trkpt lat="45.78807" lon="10.87099">
        <ele>1363.25</ele>
      </trkpt>
      <trkpt lat="45.78802" lon="10.87099">
        <ele>1366.44</ele>
      </trkpt>
      <trkpt lat="45.78799" lon="10.87098">
        <ele>1367.93</ele>
      </trkpt>
      <trkpt lat="45.78797" lon="10.87092">
        <ele>1366.88</ele>
      </trkpt>
      <trkpt lat="45.78797" lon="10.87085">
        <ele>1364.19</ele>
      </trkpt>
      <trkpt lat="45.78797" lon="10.87081">
        <ele>1362.56</ele>
      </trkpt>
      <trkpt lat="45.78796" lon="10.87077">
        <ele>1361.53</ele>
      </trkpt>
      <trkpt lat="45.78793" lon="10.87075">
        <ele>1362.67</ele>
      </trkpt>
      <trkpt lat="45.78789" lon="10.87079">
        <ele>1366.95</ele>
      </trkpt>
      <trkpt lat="45.78788" lon="10.87083">
        <ele>1369.24</ele>
      </trkpt>
      <trkpt lat="45.78787" lon="10.8709">
        <ele>1372.5</ele>
      </trkpt>
      <trkpt lat="45.78787" lon="10.87095">
        <ele>1374.36</ele>
      </trkpt>
      <trkpt lat="45.78787" lon="10.87099">
        <ele>1375.85</ele>
      </trkpt>
      <trkpt lat="45.78787" lon="10.87104">
        <ele>1377.71</ele>
      </trkpt>
      <trkpt lat="45.78788" lon="10.87109">
        <ele>1378.96</ele>
      </trkpt>
      <trkpt lat="45.78789" lon="10.87113">
        <ele>1379.88</ele>
      </trkpt>
      <trkpt lat="45.78789" lon="10.87119">
        <ele>1382.26</ele>
      </trkpt>
      <trkpt lat="45.7879" lon="10.87123">
        <ele>1383.23</ele>
      </trkpt>
      <trkpt lat="45.78791" lon="10.87127">
        <ele>1384.2</ele>
      </trkpt>
      <trkpt lat="45.78791" lon="10.87134">
        <ele>1386.97</ele>
      </trkpt>
      <trkpt lat="45.78794" lon="10.87142">
        <ele>1388.26</ele>
      </trkpt>
      <trkpt lat="45.78795" lon="10.87146">
        <ele>1389.18</ele>
      </trkpt>
      <trkpt lat="45.78796" lon="10.8715">
        <ele>1390.11</ele>
      </trkpt>
      <trkpt lat="45.78798" lon="10.87154">
        <ele>1390.46</ele>
      </trkpt>
      <trkpt lat="45.78799" lon="10.87158">
        <ele>1391.42</ele>
      </trkpt>
      <trkpt lat="45.78799" lon="10.87162">
        <ele>1392.97</ele>
      </trkpt>
      <trkpt lat="45.78799" lon="10.87168">
        <ele>1395.19</ele>
      </trkpt>
      <trkpt lat="45.788" lon="10.87174">
        <ele>1396.52</ele>
      </trkpt>
      <trkpt lat="45.788" lon="10.87178">
        <ele>1397.79</ele>
      </trkpt>
      <trkpt lat="45.788" lon="10.87182">
        <ele>1399.06</ele>
      </trkpt>
      <trkpt lat="45.78801" lon="10.87187">
        <ele>1400.22</ele>
      </trkpt>
      <trkpt lat="45.78802" lon="10.87192">
        <ele>1401.47</ele>
      </trkpt>
      <trkpt lat="45.78803" lon="10.87198">
        <ele>1403.02</ele>
      </trkpt>
      <trkpt lat="45.78805" lon="10.87201">
        <ele>1403.31</ele>
      </trkpt>
      <trkpt lat="45.78805" lon="10.87206">
        <ele>1404.91</ele>
      </trkpt>
      <trkpt lat="45.78806" lon="10.8721">
        <ele>1405.91</ele>
      </trkpt>
      <trkpt lat="45.78808" lon="10.87217">
        <ele>1407.7</ele>
      </trkpt>
      <trkpt lat="45.78808" lon="10.87226">
        <ele>1410.76</ele>
      </trkpt>
      <trkpt lat="45.78807" lon="10.87232">
        <ele>1412.95</ele>
      </trkpt>
      <trkpt lat="45.78806" lon="10.87237">
        <ele>1414.73</ele>
      </trkpt>
      <trkpt lat="45.78802" lon="10.87241">
        <ele>1416.42</ele>
      </trkpt>
      <trkpt lat="45.78798" lon="10.87245">
        <ele>1417.9</ele>
      </trkpt>
      <trkpt lat="45.78796" lon="10.8725">
        <ele>1419.34</ele>
      </trkpt>
      <trkpt lat="45.78798" lon="10.87253">
        <ele>1419.8</ele>
      </trkpt>
      <trkpt lat="45.78803" lon="10.87255">
        <ele>1420.11</ele>
      </trkpt>
      <trkpt lat="45.78807" lon="10.87255">
        <ele>1419.98</ele>
      </trkpt>
      <trkpt lat="45.7881" lon="10.87256">
        <ele>1419.96</ele>
      </trkpt>
      <trkpt lat="45.78813" lon="10.87258">
        <ele>1420.07</ele>
      </trkpt>
      <trkpt lat="45.78816" lon="10.87259">
        <ele>1419.96</ele>
      </trkpt>
      <trkpt lat="45.7882" lon="10.8726">
        <ele>1419.7</ele>
      </trkpt>
      <trkpt lat="45.78824" lon="10.87261">
        <ele>1419.4</ele>
      </trkpt>
      <trkpt lat="45.78829" lon="10.87262">
        <ele>1418.92</ele>
      </trkpt>
      <trkpt lat="45.78834" lon="10.87264">
        <ele>1418.67</ele>
      </trkpt>
      <trkpt lat="45.78837" lon="10.87265">
        <ele>1419.51</ele>
      </trkpt>
      <trkpt lat="45.78841" lon="10.87267">
        <ele>1420.79</ele>
      </trkpt>
      <trkpt lat="45.78844" lon="10.87269">
        <ele>1421.94</ele>
      </trkpt>
      <trkpt lat="45.78849" lon="10.8727">
        <ele>1423.66</ele>
      </trkpt>
      <trkpt lat="45.78852" lon="10.8727">
        <ele>1424.61</ele>
      </trkpt>
      <trkpt lat="45.78857" lon="10.87272">
        <ele>1426.75</ele>
      </trkpt>
      <trkpt lat="45.78861" lon="10.87273">
        <ele>1428.41</ele>
      </trkpt>
      <trkpt lat="45.78865" lon="10.87274">
        <ele>1429.58</ele>
      </trkpt>
      <trkpt lat="45.78868" lon="10.87276">
        <ele>1430.88</ele>
      </trkpt>
      <trkpt lat="45.78874" lon="10.87278">
        <ele>1432.84</ele>
      </trkpt>
      <trkpt lat="45.78878" lon="10.87278">
        <ele>1433.7</ele>
      </trkpt>
      <trkpt lat="45.7888" lon="10.87278">
        <ele>1434.13</ele>
      </trkpt>
      <trkpt lat="45.78884" lon="10.87276">
        <ele>1434.26</ele>
      </trkpt>
      <trkpt lat="45.78889" lon="10.87276">
        <ele>1435.34</ele>
      </trkpt>
      <trkpt lat="45.78892" lon="10.87276">
        <ele>1436.47</ele>
      </trkpt>
      <trkpt lat="45.78898" lon="10.87276">
        <ele>1438.74</ele>
      </trkpt>
      <trkpt lat="45.78905" lon="10.87274">
        <ele>1440.25</ele>
      </trkpt>
      <trkpt lat="45.78907" lon="10.87271">
        <ele>1439.22</ele>
      </trkpt>
      <trkpt lat="45.78911" lon="10.87268">
        <ele>1438.64</ele>
      </trkpt>
      <trkpt lat="45.78915" lon="10.87266">
        <ele>1438.49</ele>
      </trkpt>
      <trkpt lat="45.78919" lon="10.87266">
        <ele>1439.08</ele>
      </trkpt>
      <trkpt lat="45.78922" lon="10.87265">
        <ele>1438.56</ele>
      </trkpt>
      <trkpt lat="45.78925" lon="10.87266">
        <ele>1439.42</ele>
      </trkpt>
      <trkpt lat="45.78928" lon="10.87267">
        <ele>1440.29</ele>
      </trkpt>
      <trkpt lat="45.78936" lon="10.87269">
        <ele>1442.17</ele>
      </trkpt>
      <trkpt lat="45.7894" lon="10.8727">
        <ele>1443.12</ele>
      </trkpt>
      <trkpt lat="45.78945" lon="10.87271">
        <ele>1444.04</ele>
      </trkpt>
      <trkpt lat="45.78949" lon="10.87272">
        <ele>1444.19</ele>
      </trkpt>
      <trkpt lat="45.78952" lon="10.87273">
        <ele>1444.43</ele>
      </trkpt>
      <trkpt lat="45.78956" lon="10.87274">
        <ele>1444.48</ele>
      </trkpt>
      <trkpt lat="45.78958" lon="10.87276">
        <ele>1445.44</ele>
      </trkpt>
      <trkpt lat="45.78962" lon="10.8728">
        <ele>1446.46</ele>
      </trkpt>
      <trkpt lat="45.78967" lon="10.87282">
        <ele>1446.35</ele>
      </trkpt>
      <trkpt lat="45.7897" lon="10.87285">
        <ele>1447.07</ele>
      </trkpt>
      <trkpt lat="45.78974" lon="10.87287">
        <ele>1447.76</ele>
      </trkpt>
      <trkpt lat="45.78977" lon="10.87288">
        <ele>1448.31</ele>
      </trkpt>
      <trkpt lat="45.78981" lon="10.87289">
        <ele>1448.88</ele>
      </trkpt>
      <trkpt lat="45.78987" lon="10.8729">
        <ele>1449.5</ele>
      </trkpt>
      <trkpt lat="45.7899" lon="10.87291">
        <ele>1449.94</ele>
      </trkpt>
      <trkpt lat="45.78994" lon="10.87292">
        <ele>1450.38</ele>
      </trkpt>
      <trkpt lat="45.79" lon="10.87293">
        <ele>1450.84</ele>
      </trkpt>
      <trkpt lat="45.79003" lon="10.87294">
        <ele>1450.66</ele>
      </trkpt>
      <trkpt lat="45.79006" lon="10.87295">
        <ele>1450.48</ele>
      </trkpt>
      <trkpt lat="45.7901" lon="10.87295">
        <ele>1449.9</ele>
      </trkpt>
      <trkpt lat="45.79015" lon="10.87295">
        <ele>1449.18</ele>
      </trkpt>
      <trkpt lat="45.79021" lon="10.87295">
        <ele>1448.32</ele>
      </trkpt>
      <trkpt lat="45.79024" lon="10.87294">
        <ele>1447.63</ele>
      </trkpt>
      <trkpt lat="45.79031" lon="10.87294">
        <ele>1447.32</ele>
      </trkpt>
      <trkpt lat="45.79041" lon="10.87293">
        <ele>1447.79</ele>
      </trkpt>
      <trkpt lat="45.79049" lon="10.87293">
        <ele>1448.36</ele>
      </trkpt>
      <trkpt lat="45.79054" lon="10.87293">
        <ele>1448.72</ele>
      </trkpt>
      <trkpt lat="45.79058" lon="10.87292">
        <ele>1448.62</ele>
      </trkpt>
      <trkpt lat="45.79061" lon="10.87291">
        <ele>1448.44</ele>
      </trkpt>
      <trkpt lat="45.79065" lon="10.87286">
        <ele>1447.45</ele>
      </trkpt>
      <trkpt lat="45.79067" lon="10.87281">
        <ele>1446.49</ele>
      </trkpt>
      <trkpt lat="45.7907" lon="10.8728">
        <ele>1446.48</ele>
      </trkpt>
      <trkpt lat="45.79074" lon="10.87279">
        <ele>1446.55</ele>
      </trkpt>
      <trkpt lat="45.79077" lon="10.87279">
        <ele>1446.75</ele>
      </trkpt>
      <trkpt lat="45.7908" lon="10.87279">
        <ele>1446.95</ele>
      </trkpt>
      <trkpt lat="45.79088" lon="10.87282">
        <ele>1448.37</ele>
      </trkpt>
      <trkpt lat="45.79093" lon="10.87285">
        <ele>1449.99</ele>
      </trkpt>
      <trkpt lat="45.79097" lon="10.87291">
        <ele>1452.72</ele>
      </trkpt>
      <trkpt lat="45.79099" lon="10.87299">
        <ele>1456.06</ele>
      </trkpt>
      <trkpt lat="45.79105" lon="10.87304">
        <ele>1460.48</ele>
      </trkpt>
      <trkpt lat="45.79108" lon="10.87304">
        <ele>1461.82</ele>
      </trkpt>
      <trkpt lat="45.79112" lon="10.87305">
        <ele>1463.88</ele>
      </trkpt>
      <trkpt lat="45.79115" lon="10.87305">
        <ele>1464.42</ele>
      </trkpt>
      <trkpt lat="45.79122" lon="10.87305">
        <ele>1465.67</ele>
      </trkpt>
      <trkpt lat="45.79125" lon="10.87306">
        <ele>1466.6</ele>
      </trkpt>
      <trkpt lat="45.79128" lon="10.87306">
        <ele>1467.15</ele>
      </trkpt>
      <trkpt lat="45.79131" lon="10.87306">
        <ele>1467.69</ele>
      </trkpt>
      <trkpt lat="45.79135" lon="10.87307">
        <ele>1468.66</ele>
      </trkpt>
      <trkpt lat="45.79138" lon="10.87308">
        <ele>1469.45</ele>
      </trkpt>
      <trkpt lat="45.79141" lon="10.87309">
        <ele>1470.26</ele>
      </trkpt>
      <trkpt lat="45.79145" lon="10.8731">
        <ele>1471.26</ele>
      </trkpt>
      <trkpt lat="45.79149" lon="10.87311">
        <ele>1472.26</ele>
      </trkpt>
      <trkpt lat="45.79152" lon="10.87311">
        <ele>1472.82</ele>
      </trkpt>
      <trkpt lat="45.79157" lon="10.87312">
        <ele>1474.04</ele>
      </trkpt>
      <trkpt lat="45.7916" lon="10.87312">
        <ele>1474.6</ele>
      </trkpt>
      <trkpt lat="45.79163" lon="10.87312">
        <ele>1475.17</ele>
      </trkpt>
      <trkpt lat="45.79167" lon="10.87312">
        <ele>1475.98</ele>
      </trkpt>
      <trkpt lat="45.7917" lon="10.87313">
        <ele>1477.34</ele>
      </trkpt>
      <trkpt lat="45.79173" lon="10.87313">
        <ele>1478.42</ele>
      </trkpt>
      <trkpt lat="45.79176" lon="10.87315">
        <ele>1480.08</ele>
      </trkpt>
      <trkpt lat="45.7918" lon="10.87319">
        <ele>1482.67</ele>
      </trkpt>
      <trkpt lat="45.79185" lon="10.8732">
        <ele>1484.76</ele>
      </trkpt>
      <trkpt lat="45.7919" lon="10.8732">
        <ele>1486.56</ele>
      </trkpt>
      <trkpt lat="45.79195" lon="10.8732">
        <ele>1488.22</ele>
      </trkpt>
      <trkpt lat="45.79199" lon="10.8732">
        <ele>1488.64</ele>
      </trkpt>
      <trkpt lat="45.79202" lon="10.87318">
        <ele>1488.46</ele>
      </trkpt>
      <trkpt lat="45.79205" lon="10.87316">
        <ele>1488.34</ele>
      </trkpt>
      <trkpt lat="45.79207" lon="10.87313">
        <ele>1487.92</ele>
      </trkpt>
      <trkpt lat="45.79214" lon="10.87313">
        <ele>1488.91</ele>
      </trkpt>
      <trkpt lat="45.79222" lon="10.87312">
        <ele>1489.9</ele>
      </trkpt>
      <trkpt lat="45.79226" lon="10.87312">
        <ele>1487.97</ele>
      </trkpt>
      <trkpt lat="45.79233" lon="10.87314">
        <ele>1484.83</ele>
      </trkpt>
      <trkpt lat="45.79236" lon="10.87316">
        <ele>1483.87</ele>
      </trkpt>
      <trkpt lat="45.79238" lon="10.87325">
        <ele>1485.5</ele>
      </trkpt>
      <trkpt lat="45.79241" lon="10.87329">
        <ele>1485.55</ele>
      </trkpt>
      <trkpt lat="45.79244" lon="10.87333">
        <ele>1485.83</ele>
      </trkpt>
      <trkpt lat="45.79246" lon="10.87336">
        <ele>1485.82</ele>
      </trkpt>
      <trkpt lat="45.79249" lon="10.87338">
        <ele>1485.31</ele>
      </trkpt>
      <trkpt lat="45.79251" lon="10.87341">
        <ele>1485.51</ele>
      </trkpt>
      <trkpt lat="45.79253" lon="10.87345">
        <ele>1486.12</ele>
      </trkpt>
      <trkpt lat="45.79256" lon="10.87348">
        <ele>1486.43</ele>
      </trkpt>
      <trkpt lat="45.79259" lon="10.8735">
        <ele>1486.56</ele>
      </trkpt>
      <trkpt lat="45.79262" lon="10.87351">
        <ele>1486.48</ele>
      </trkpt>
      <trkpt lat="45.79265" lon="10.87352">
        <ele>1486.42</ele>
      </trkpt>
      <trkpt lat="45.79268" lon="10.87354">
        <ele>1486.67</ele>
      </trkpt>
      <trkpt lat="45.79274" lon="10.87357">
        <ele>1487.0</ele>
      </trkpt>
      <trkpt lat="45.79277" lon="10.87358">
        <ele>1487.06</ele>
      </trkpt>
      <trkpt lat="45.79285" lon="10.87361">
        <ele>1487.18</ele>
      </trkpt>
      <trkpt lat="45.79293" lon="10.87364">
        <ele>1486.9</ele>
      </trkpt>
      <trkpt lat="45.79296" lon="10.87366">
        <ele>1487.02</ele>
      </trkpt>
      <trkpt lat="45.793" lon="10.87368">
        <ele>1487.14</ele>
      </trkpt>
      <trkpt lat="45.79304" lon="10.8737">
        <ele>1487.34</ele>
      </trkpt>
      <trkpt lat="45.79309" lon="10.87371">
        <ele>1486.92</ele>
      </trkpt>
      <trkpt lat="45.79313" lon="10.87372">
        <ele>1486.56</ele>
      </trkpt>
      <trkpt lat="45.79317" lon="10.87374">
        <ele>1486.54</ele>
      </trkpt>
      <trkpt lat="45.79319" lon="10.87377">
        <ele>1487.21</ele>
      </trkpt>
      <trkpt lat="45.79322" lon="10.87379">
        <ele>1487.48</ele>
      </trkpt>
      <trkpt lat="45.79325" lon="10.8738">
        <ele>1487.46</ele>
      </trkpt>
      <trkpt lat="45.79328" lon="10.87382">
        <ele>1487.85</ele>
      </trkpt>
      <trkpt lat="45.7933" lon="10.87385">
        <ele>1488.77</ele>
      </trkpt>
      <trkpt lat="45.79333" lon="10.87387">
        <ele>1489.28</ele>
      </trkpt>
      <trkpt lat="45.7934" lon="10.8739">
        <ele>1490.47</ele>
      </trkpt>
      <trkpt lat="45.79344" lon="10.87391">
        <ele>1490.85</ele>
      </trkpt>
      <trkpt lat="45.79347" lon="10.87392">
        <ele>1491.22</ele>
      </trkpt>
      <trkpt lat="45.79352" lon="10.87393">
        <ele>1491.71</ele>
      </trkpt>
      <trkpt lat="45.79355" lon="10.87394">
        <ele>1492.13</ele>
      </trkpt>
      <trkpt lat="45.79359" lon="10.87394">
        <ele>1492.35</ele>
      </trkpt>
      <trkpt lat="45.79364" lon="10.87395">
        <ele>1494.01</ele>
      </trkpt>
      <trkpt lat="45.7937" lon="10.87395">
        <ele>1496.6</ele>
      </trkpt>
      <trkpt lat="45.79374" lon="10.87395">
        <ele>1498.33</ele>
      </trkpt>
      <trkpt lat="45.79378" lon="10.87395">
        <ele>1500.06</ele>
      </trkpt>
      <trkpt lat="45.79384" lon="10.87395">
        <ele>1502.65</ele>
      </trkpt>
      <trkpt lat="45.79388" lon="10.87396">
        <ele>1504.66</ele>
      </trkpt>
      <trkpt lat="45.79391" lon="10.87396">
        <ele>1505.2</ele>
      </trkpt>
      <trkpt lat="45.79396" lon="10.87396">
        <ele>1505.56</ele>
      </trkpt>
      <trkpt lat="45.79399" lon="10.87395">
        <ele>1505.49</ele>
      </trkpt>
      <trkpt lat="45.79402" lon="10.87395">
        <ele>1505.7</ele>
      </trkpt>
      <trkpt lat="45.79405" lon="10.87394">
        <ele>1505.63</ele>
      </trkpt>
      <trkpt lat="45.79408" lon="10.87393">
        <ele>1505.56</ele>
      </trkpt>
      <trkpt lat="45.79412" lon="10.87393">
        <ele>1505.85</ele>
      </trkpt>
      <trkpt lat="45.79415" lon="10.87392">
        <ele>1505.78</ele>
      </trkpt>
      <trkpt lat="45.79418" lon="10.87389">
        <ele>1504.7</ele>
      </trkpt>
      <trkpt lat="45.79421" lon="10.87389">
        <ele>1503.94</ele>
      </trkpt>
      <trkpt lat="45.79424" lon="10.87389">
        <ele>1503.19</ele>
      </trkpt>
      <trkpt lat="45.79427" lon="10.87391">
        <ele>1503.03</ele>
      </trkpt>
      <trkpt lat="45.79429" lon="10.87394">
        <ele>1503.45</ele>
      </trkpt>
      <trkpt lat="45.79431" lon="10.87398">
        <ele>1504.18</ele>
      </trkpt>
      <trkpt lat="45.79434" lon="10.874">
        <ele>1504.08</ele>
      </trkpt>
      <trkpt lat="45.79437" lon="10.87402">
        <ele>1504.0</ele>
      </trkpt>
      <trkpt lat="45.79441" lon="10.87405">
        <ele>1504.02</ele>
      </trkpt>
      <trkpt lat="45.79444" lon="10.87408">
        <ele>1504.29</ele>
      </trkpt>
      <trkpt lat="45.79447" lon="10.87412">
        <ele>1505.49</ele>
      </trkpt>
      <trkpt lat="45.79449" lon="10.87414">
        <ele>1506.14</ele>
      </trkpt>
      <trkpt lat="45.79454" lon="10.87416">
        <ele>1506.78</ele>
      </trkpt>
      <trkpt lat="45.79461" lon="10.87417">
        <ele>1507.1</ele>
      </trkpt>
      <trkpt lat="45.79464" lon="10.87418">
        <ele>1507.4</ele>
      </trkpt>
      <trkpt lat="45.79467" lon="10.87419">
        <ele>1507.69</ele>
      </trkpt>
      <trkpt lat="45.79471" lon="10.8742">
        <ele>1507.97</ele>
      </trkpt>
      <trkpt lat="45.79477" lon="10.87424">
        <ele>1509.28</ele>
      </trkpt>
      <trkpt lat="45.7948" lon="10.87426">
        <ele>1509.97</ele>
      </trkpt>
      <trkpt lat="45.79484" lon="10.87428">
        <ele>1510.69</ele>
      </trkpt>
      <trkpt lat="45.79487" lon="10.8743">
        <ele>1511.37</ele>
      </trkpt>
      <trkpt lat="45.7949" lon="10.87431">
        <ele>1511.77</ele>
      </trkpt>
      <trkpt lat="45.79493" lon="10.87433">
        <ele>1512.45</ele>
      </trkpt>
      <trkpt lat="45.79496" lon="10.87435">
        <ele>1513.14</ele>
      </trkpt>
      <trkpt lat="45.79499" lon="10.87435">
        <ele>1513.24</ele>
      </trkpt>
      <trkpt lat="45.79502" lon="10.87436">
        <ele>1514.0</ele>
      </trkpt>
      <trkpt lat="45.79506" lon="10.87436">
        <ele>1514.86</ele>
      </trkpt>
      <trkpt lat="45.79509" lon="10.87436">
        <ele>1515.51</ele>
      </trkpt>
      <trkpt lat="45.79512" lon="10.87437">
        <ele>1516.45</ele>
      </trkpt>
      <trkpt lat="45.79515" lon="10.87437">
        <ele>1517.1</ele>
      </trkpt>
      <trkpt lat="45.7952" lon="10.87438">
        <ele>1518.46</ele>
      </trkpt>
      <trkpt lat="45.79524" lon="10.87438">
        <ele>1519.33</ele>
      </trkpt>
      <trkpt lat="45.79529" lon="10.87436">
        <ele>1520.14</ele>
      </trkpt>
      <trkpt lat="45.79533" lon="10.87435">
        <ele>1521.72</ele>
      </trkpt>
      <trkpt lat="45.79536" lon="10.87434">
        <ele>1522.84</ele>
      </trkpt>
      <trkpt lat="45.79539" lon="10.87436">
        <ele>1524.82</ele>
      </trkpt>
      <trkpt lat="45.79542" lon="10.87438">
        <ele>1526.8</ele>
      </trkpt>
      <trkpt lat="45.79547" lon="10.87442">
        <ele>1530.29</ele>
      </trkpt>
      <trkpt lat="45.7955" lon="10.87444">
        <ele>1532.27</ele>
      </trkpt>
      <trkpt lat="45.79552" lon="10.8745">
        <ele>1535.43</ele>
      </trkpt>
      <trkpt lat="45.79553" lon="10.87455">
        <ele>1537.84</ele>
      </trkpt>
      <trkpt lat="45.79554" lon="10.8746">
        <ele>1540.31</ele>
      </trkpt>
      <trkpt lat="45.79555" lon="10.87468">
        <ele>1544.0</ele>
      </trkpt>
      <trkpt lat="45.79556" lon="10.87475">
        <ele>1546.58</ele>
      </trkpt>
      <trkpt lat="45.79561" lon="10.87478">
        <ele>1548.98</ele>
      </trkpt>
      <trkpt lat="45.79565" lon="10.87481">
        <ele>1550.81</ele>
      </trkpt>
      <trkpt lat="45.79568" lon="10.8748">
        <ele>1551.87</ele>
      </trkpt>
      <trkpt lat="45.79571" lon="10.8748">
        <ele>1553.01</ele>
      </trkpt>
      <trkpt lat="45.79574" lon="10.87482">
        <ele>1554.21</ele>
      </trkpt>
      <trkpt lat="45.79578" lon="10.87487">
        <ele>1555.67</ele>
      </trkpt>
      <trkpt lat="45.7958" lon="10.87491">
        <ele>1556.29</ele>
      </trkpt>
      <trkpt lat="45.79584" lon="10.87499">
        <ele>1557.15</ele>
      </trkpt>
      <trkpt lat="45.7959" lon="10.87508">
        <ele>1559.79</ele>
      </trkpt>
      <trkpt lat="45.79593" lon="10.87514">
        <ele>1561.41</ele>
      </trkpt>
      <trkpt lat="45.79596" lon="10.87519">
        <ele>1562.76</ele>
      </trkpt>
      <trkpt lat="45.79599" lon="10.87527">
        <ele>1564.56</ele>
      </trkpt>
      <trkpt lat="45.79602" lon="10.87532">
        <ele>1565.02</ele>
      </trkpt>
      <trkpt lat="45.79603" lon="10.87536">
        <ele>1565.2</ele>
      </trkpt>
      <trkpt lat="45.79606" lon="10.87542">
        <ele>1565.91</ele>
      </trkpt>
      <trkpt lat="45.79608" lon="10.87547">
        <ele>1566.58</ele>
      </trkpt>
      <trkpt lat="45.7961" lon="10.87554">
        <ele>1567.54</ele>
      </trkpt>
      <trkpt lat="45.79611" lon="10.87559">
        <ele>1568.21</ele>
      </trkpt>
      <trkpt lat="45.79613" lon="10.87563">
        <ele>1568.81</ele>
      </trkpt>
      <trkpt lat="45.79616" lon="10.87567">
        <ele>1569.53</ele>
      </trkpt>
      <trkpt lat="45.79619" lon="10.8757">
        <ele>1570.18</ele>
      </trkpt>
      <trkpt lat="45.79621" lon="10.87575">
        <ele>1570.82</ele>
      </trkpt>
      <trkpt lat="45.79623" lon="10.87579">
        <ele>1571.4</ele>
      </trkpt>
      <trkpt lat="45.79626" lon="10.87581">
        <ele>1571.98</ele>
      </trkpt>
      <trkpt lat="45.79629" lon="10.87583">
        <ele>1572.55</ele>
      </trkpt>
      <trkpt lat="45.79633" lon="10.87584">
        <ele>1573.12</ele>
      </trkpt>
      <trkpt lat="45.79637" lon="10.87586">
        <ele>1573.62</ele>
      </trkpt>
      <trkpt lat="45.7964" lon="10.87586">
        <ele>1574.39</ele>
      </trkpt>
      <trkpt lat="45.79643" lon="10.87585">
        <ele>1575.72</ele>
      </trkpt>
      <trkpt lat="45.79647" lon="10.87583">
        <ele>1577.47</ele>
      </trkpt>
      <trkpt lat="45.7965" lon="10.87586">
        <ele>1578.74</ele>
      </trkpt>
      <trkpt lat="45.79652" lon="10.87588">
        <ele>1579.58</ele>
      </trkpt>
      <trkpt lat="45.79656" lon="10.87588">
        <ele>1581.33</ele>
      </trkpt>
      <trkpt lat="45.79659" lon="10.87588">
        <ele>1582.64</ele>
      </trkpt>
      <trkpt lat="45.79662" lon="10.87588">
        <ele>1583.96</ele>
      </trkpt>
      <trkpt lat="45.79665" lon="10.87588">
        <ele>1585.27</ele>
      </trkpt>
      <trkpt lat="45.79668" lon="10.87584">
        <ele>1586.77</ele>
      </trkpt>
      <trkpt lat="45.79672" lon="10.87583">
        <ele>1589.01</ele>
      </trkpt>
      <trkpt lat="45.79674" lon="10.87576">
        <ele>1588.76</ele>
      </trkpt>
      <trkpt lat="45.79675" lon="10.87571">
        <ele>1588.31</ele>
      </trkpt>
      <trkpt lat="45.79681" lon="10.87571">
        <ele>1591.58</ele>
      </trkpt>
      <trkpt lat="45.79684" lon="10.87571">
        <ele>1593.21</ele>
      </trkpt>
      <trkpt lat="45.79687" lon="10.87573">
        <ele>1595.31</ele>
      </trkpt>
      <trkpt lat="45.7969" lon="10.87574">
        <ele>1597.2</ele>
      </trkpt>
      <trkpt lat="45.79694" lon="10.87575">
        <ele>1599.65</ele>
      </trkpt>
      <trkpt lat="45.79697" lon="10.87575">
        <ele>1601.38</ele>
      </trkpt>
      <trkpt lat="45.797" lon="10.87574">
        <ele>1602.85</ele>
      </trkpt>
      <trkpt lat="45.79702" lon="10.87567">
        <ele>1602.03</ele>
      </trkpt>
      <trkpt lat="45.79703" lon="10.87563">
        <ele>1601.44</ele>
      </trkpt>
      <trkpt lat="45.79706" lon="10.87559">
        <ele>1601.85</ele>
      </trkpt>
      <trkpt lat="45.7971" lon="10.87559">
        <ele>1603.92</ele>
      </trkpt>
      <trkpt lat="45.79714" lon="10.8756">
        <ele>1606.31</ele>
      </trkpt>
      <trkpt lat="45.79718" lon="10.87563">
        <ele>1609.43</ele>
      </trkpt>
      <trkpt lat="45.79722" lon="10.87567">
        <ele>1613.0</ele>
      </trkpt>
      <trkpt lat="45.79725" lon="10.8757">
        <ele>1615.7</ele>
      </trkpt>
      <trkpt lat="45.79727" lon="10.87572">
        <ele>1617.53</ele>
      </trkpt>
      <trkpt lat="45.7973" lon="10.87575">
        <ele>1620.31</ele>
      </trkpt>
      <trkpt lat="45.79733" lon="10.87579">
        <ele>1623.53</ele>
      </trkpt>
      <trkpt lat="45.79735" lon="10.87584">
        <ele>1626.4</ele>
      </trkpt>
      <trkpt lat="45.79737" lon="10.87588">
        <ele>1627.76</ele>
      </trkpt>
      <trkpt lat="45.7974" lon="10.87591">
        <ele>1629.62</ele>
      </trkpt>
      <trkpt lat="45.79742" lon="10.87595">
        <ele>1630.93</ele>
      </trkpt>
      <trkpt lat="45.79744" lon="10.876">
        <ele>1632.27</ele>
      </trkpt>
      <trkpt lat="45.79747" lon="10.87602">
        <ele>1634.02</ele>
      </trkpt>
      <trkpt lat="45.79751" lon="10.87604">
        <ele>1636.24</ele>
      </trkpt>
      <trkpt lat="45.79754" lon="10.87605">
        <ele>1637.8</ele>
      </trkpt>
      <trkpt lat="45.79758" lon="10.87607">
        <ele>1640.08</ele>
      </trkpt>
      <trkpt lat="45.79764" lon="10.87607">
        <ele>1643.24</ele>
      </trkpt>
      <trkpt lat="45.79768" lon="10.87609">
        <ele>1645.85</ele>
      </trkpt>
      <trkpt lat="45.79771" lon="10.8761">
        <ele>1647.78</ele>
      </trkpt>
      <trkpt lat="45.79775" lon="10.87612">
        <ele>1650.27</ele>
      </trkpt>
      <trkpt lat="45.79778" lon="10.87612">
        <ele>1651.87</ele>
      </trkpt>
      <trkpt lat="45.79783" lon="10.87613">
        <ele>1652.53</ele>
      </trkpt>
      <trkpt lat="45.79786" lon="10.87613">
        <ele>1653.03</ele>
      </trkpt>
      <trkpt lat="45.7979" lon="10.87612">
        <ele>1653.73</ele>
      </trkpt>
      <trkpt lat="45.7979" lon="10.87608">
        <ele>1652.89</ele>
      </trkpt>
      <trkpt lat="45.79789" lon="10.87601">
        <ele>1650.71</ele>
      </trkpt>
      <trkpt lat="45.79788" lon="10.87596">
        <ele>1649.03</ele>
      </trkpt>
      <trkpt lat="45.79788" lon="10.87592">
        <ele>1647.86</ele>
      </trkpt>
      <trkpt lat="45.79788" lon="10.87587">
        <ele>1646.39</ele>
      </trkpt>
      <trkpt lat="45.7979" lon="10.87585">
        <ele>1646.43</ele>
      </trkpt>
      <trkpt lat="45.79796" lon="10.87585">
        <ele>1648.31</ele>
      </trkpt>
      <trkpt lat="45.79798" lon="10.87587">
        <ele>1649.39</ele>
      </trkpt>
      <trkpt lat="45.79807" lon="10.8759">
        <ele>1652.43</ele>
      </trkpt>
      <trkpt lat="45.7981" lon="10.87593">
        <ele>1653.55</ele>
      </trkpt>
      <trkpt lat="45.79814" lon="10.87596">
        <ele>1655.02</ele>
      </trkpt>
      <trkpt lat="45.79819" lon="10.87601">
        <ele>1657.48</ele>
      </trkpt>
      <trkpt lat="45.79826" lon="10.87606">
        <ele>1660.89</ele>
      </trkpt>
      <trkpt lat="45.79829" lon="10.87609">
        <ele>1662.83</ele>
      </trkpt>
      <trkpt lat="45.79832" lon="10.87612">
        <ele>1664.73</ele>
      </trkpt>
      <trkpt lat="45.79835" lon="10.87616">
        <ele>1665.74</ele>
      </trkpt>
      <trkpt lat="45.79838" lon="10.8762">
        <ele>1666.31</ele>
      </trkpt>
      <trkpt lat="45.79842" lon="10.87623">
        <ele>1666.74</ele>
      </trkpt>
      <trkpt lat="45.79844" lon="10.87626">
        <ele>1667.35</ele>
      </trkpt>
      <trkpt lat="45.79846" lon="10.8763">
        <ele>1668.27</ele>
      </trkpt>
      <trkpt lat="45.79848" lon="10.87634">
        <ele>1669.28</ele>
      </trkpt>
      <trkpt lat="45.79851" lon="10.87639">
        <ele>1670.64</ele>
      </trkpt>
      <trkpt lat="45.79855" lon="10.87644">
        <ele>1671.17</ele>
      </trkpt>
      <trkpt lat="45.79859" lon="10.87649">
        <ele>1671.91</ele>
      </trkpt>
      <trkpt lat="45.79863" lon="10.87651">
        <ele>1672.53</ele>
      </trkpt>
      <trkpt lat="45.79866" lon="10.87653">
        <ele>1673.14</ele>
      </trkpt>
      <trkpt lat="45.7987" lon="10.87655">
        <ele>1673.94</ele>
      </trkpt>
      <trkpt lat="45.79873" lon="10.87659">
        <ele>1674.96</ele>
      </trkpt>
      <trkpt lat="45.79877" lon="10.87661">
        <ele>1675.9</ele>
      </trkpt>
      <trkpt lat="45.7988" lon="10.87664">
        <ele>1676.92</ele>
      </trkpt>
      <trkpt lat="45.79883" lon="10.87667">
        <ele>1677.9</ele>
      </trkpt>
      <trkpt lat="45.79886" lon="10.87669">
        <ele>1678.22</ele>
      </trkpt>
      <trkpt lat="45.7989" lon="10.87672">
        <ele>1678.73</ele>
      </trkpt>
      <trkpt lat="45.79894" lon="10.87674">
        <ele>1679.7</ele>
      </trkpt>
      <trkpt lat="45.79898" lon="10.87675">
        <ele>1680.86</ele>
      </trkpt>
      <trkpt lat="45.79903" lon="10.87677">
        <ele>1682.44</ele>
      </trkpt>
      <trkpt lat="45.79906" lon="10.87677">
        <ele>1683.41</ele>
      </trkpt>
      <trkpt lat="45.79909" lon="10.87678">
        <ele>1684.48</ele>
      </trkpt>
      <trkpt lat="45.79914" lon="10.87679">
        <ele>1686.3</ele>
      </trkpt>
      <trkpt lat="45.79917" lon="10.8768">
        <ele>1687.5</ele>
      </trkpt>
      <trkpt lat="45.7992" lon="10.87681">
        <ele>1688.55</ele>
      </trkpt>
      <trkpt lat="45.79924" lon="10.87683">
        <ele>1690.14</ele>
      </trkpt>
      <trkpt lat="45.79928" lon="10.87685">
        <ele>1691.83</ele>
      </trkpt>
      <trkpt lat="45.79935" lon="10.87689">
        <ele>1695.1</ele>
      </trkpt>
      <trkpt lat="45.79941" lon="10.87694">
        <ele>1698.62</ele>
      </trkpt>
      <trkpt lat="45.79945" lon="10.87697">
        <ele>1700.09</ele>
      </trkpt>
      <trkpt lat="45.79947" lon="10.87702">
        <ele>1700.61</ele>
      </trkpt>
      <trkpt lat="45.79948" lon="10.87706">
        <ele>1700.84</ele>
      </trkpt>
      <trkpt lat="45.79951" lon="10.87713">
        <ele>1701.77</ele>
      </trkpt>
      <trkpt lat="45.79952" lon="10.87717">
        <ele>1702.08</ele>
      </trkpt>
      <trkpt lat="45.79954" lon="10.87721">
        <ele>1702.8</ele>
      </trkpt>
      <trkpt lat="45.79956" lon="10.87726">
        <ele>1702.27</ele>
      </trkpt>
      <trkpt lat="45.79959" lon="10.87734">
        <ele>1700.75</ele>
      </trkpt>
      <trkpt lat="45.7996" lon="10.87737">
        <ele>1700.14</ele>
      </trkpt>
      <trkpt lat="45.79964" lon="10.87742">
        <ele>1700.13</ele>
      </trkpt>
      <trkpt lat="45.79968" lon="10.87746">
        <ele>1700.49</ele>
      </trkpt>
      <trkpt lat="45.7997" lon="10.8775">
        <ele>1700.04</ele>
      </trkpt>
      <trkpt lat="45.79973" lon="10.87752">
        <ele>1701.22</ele>
      </trkpt>
      <trkpt lat="45.79979" lon="10.87756">
        <ele>1703.85</ele>
      </trkpt>
      <trkpt lat="45.79981" lon="10.87757">
        <ele>1704.76</ele>
      </trkpt>
      <trkpt lat="45.79984" lon="10.87758">
        <ele>1706.18</ele>
      </trkpt>
      <trkpt lat="45.79989" lon="10.87759">
        <ele>1708.6</ele>
      </trkpt>
      <trkpt lat="45.79994" lon="10.8776">
        <ele>1711.04</ele>
      </trkpt>
      <trkpt lat="45.79997" lon="10.8776">
        <ele>1712.52</ele>
      </trkpt>
      <trkpt lat="45.80002" lon="10.87761">
        <ele>1714.48</ele>
      </trkpt>
      <trkpt lat="45.80004" lon="10.87758">
        <ele>1714.97</ele>
      </trkpt>
      <trkpt lat="45.80003" lon="10.87749">
        <ele>1714.77</ele>
      </trkpt>
      <trkpt lat="45.8" lon="10.87742">
        <ele>1714.0</ele>
      </trkpt>
      <trkpt lat="45.79997" lon="10.87738">
        <ele>1713.02</ele>
      </trkpt>
      <trkpt lat="45.79995" lon="10.8773">
        <ele>1712.83</ele>
      </trkpt>
      <trkpt lat="45.79994" lon="10.87726">
        <ele>1712.87</ele>
      </trkpt>
      <trkpt lat="45.79993" lon="10.87717">
        <ele>1712.52</ele>
      </trkpt>
      <trkpt lat="45.79993" lon="10.87713">
        <ele>1712.16</ele>
      </trkpt>
      <trkpt lat="45.79993" lon="10.87709">
        <ele>1711.8</ele>
      </trkpt>
      <trkpt lat="45.79993" lon="10.87704">
        <ele>1711.35</ele>
      </trkpt>
      <trkpt lat="45.79994" lon="10.877">
        <ele>1711.08</ele>
      </trkpt>
      <trkpt lat="45.79998" lon="10.877">
        <ele>1711.43</ele>
      </trkpt>
      <trkpt lat="45.80002" lon="10.87702">
        <ele>1712.43</ele>
      </trkpt>
      <trkpt lat="45.80007" lon="10.87707">
        <ele>1714.6</ele>
      </trkpt>
      <trkpt lat="45.80011" lon="10.8771">
        <ele>1716.29</ele>
      </trkpt>
      <trkpt lat="45.80016" lon="10.87712">
        <ele>1718.23</ele>
      </trkpt>
      <trkpt lat="45.80022" lon="10.87714">
        <ele>1720.56</ele>
      </trkpt>
      <trkpt lat="45.80025" lon="10.87715">
        <ele>1721.75</ele>
      </trkpt>
      <trkpt lat="45.80029" lon="10.87716">
        <ele>1723.28</ele>
      </trkpt>
      <trkpt lat="45.80033" lon="10.87717">
        <ele>1724.8</ele>
      </trkpt>
      <trkpt lat="45.80037" lon="10.87718">
        <ele>1726.36</ele>
      </trkpt>
      <trkpt lat="45.80041" lon="10.8772">
        <ele>1728.21</ele>
      </trkpt>
      <trkpt lat="45.80045" lon="10.87723">
        <ele>1730.15</ele>
      </trkpt>
      <trkpt lat="45.80047" lon="10.87727">
        <ele>1730.64</ele>
      </trkpt>
      <trkpt lat="45.8005" lon="10.87734">
        <ele>1731.41</ele>
      </trkpt>
      <trkpt lat="45.80051" lon="10.87739">
        <ele>1731.56</ele>
      </trkpt>
      <trkpt lat="45.80053" lon="10.87743">
        <ele>1732.19</ele>
      </trkpt>
      <trkpt lat="45.80057" lon="10.87747">
        <ele>1734.07</ele>
      </trkpt>
      <trkpt lat="45.8006" lon="10.87751">
        <ele>1735.83</ele>
      </trkpt>
      <trkpt lat="45.80062" lon="10.87754">
        <ele>1736.49</ele>
      </trkpt>
      <trkpt lat="45.80066" lon="10.87759">
        <ele>1737.79</ele>
      </trkpt>
      <trkpt lat="45.80071" lon="10.87762">
        <ele>1739.96</ele>
      </trkpt>
      <trkpt lat="45.80074" lon="10.87763">
        <ele>1741.41</ele>
      </trkpt>
      <trkpt lat="45.80077" lon="10.87758">
        <ele>1744.89</ele>
      </trkpt>
      <trkpt lat="45.80078" lon="10.87746">
        <ele>1748.03</ele>
      </trkpt>
      <trkpt lat="45.8008" lon="10.87743">
        <ele>1749.08</ele>
      </trkpt>
      <trkpt lat="45.80083" lon="10.87743">
        <ele>1751.03</ele>
      </trkpt>
      <trkpt lat="45.80087" lon="10.87745">
        <ele>1753.32</ele>
      </trkpt>
      <trkpt lat="45.80092" lon="10.87751">
        <ele>1756.36</ele>
      </trkpt>
      <trkpt lat="45.80094" lon="10.87748">
        <ele>1757.41</ele>
      </trkpt>
      <trkpt lat="45.80094" lon="10.87744">
        <ele>1756.7</ele>
      </trkpt>
      <trkpt lat="45.80093" lon="10.87738">
        <ele>1755.17</ele>
      </trkpt>
      <trkpt lat="45.80093" lon="10.87733">
        <ele>1754.32</ele>
      </trkpt>
      <trkpt lat="45.80093" lon="10.87729">
        <ele>1753.64</ele>
      </trkpt>
      <trkpt lat="45.80095" lon="10.87725">
        <ele>1753.71</ele>
      </trkpt>
      <trkpt lat="45.801" lon="10.87727">
        <ele>1756.03</ele>
      </trkpt>
      <trkpt lat="45.80104" lon="10.87731">
        <ele>1758.56</ele>
      </trkpt>
      <trkpt lat="45.80107" lon="10.87734">
        <ele>1760.6</ele>
      </trkpt>
      <trkpt lat="45.80109" lon="10.87737">
        <ele>1762.29</ele>
      </trkpt>
      <trkpt lat="45.80111" lon="10.8774">
        <ele>1764.07</ele>
      </trkpt>
      <trkpt lat="45.80114" lon="10.87743">
        <ele>1766.78</ele>
      </trkpt>
      <trkpt lat="45.80116" lon="10.87748">
        <ele>1769.43</ele>
      </trkpt>
      <trkpt lat="45.8012" lon="10.87752">
        <ele>1772.15</ele>
      </trkpt>
      <trkpt lat="45.80123" lon="10.87755">
        <ele>1773.56</ele>
      </trkpt>
      <trkpt lat="45.80126" lon="10.8776">
        <ele>1774.67</ele>
      </trkpt>
      <trkpt lat="45.8013" lon="10.87763">
        <ele>1776.69</ele>
      </trkpt>
      <trkpt lat="45.80132" lon="10.87765">
        <ele>1777.62</ele>
      </trkpt>
      <trkpt lat="45.80136" lon="10.8777">
        <ele>1779.35</ele>
      </trkpt>
      <trkpt lat="45.8014" lon="10.87774">
        <ele>1781.08</ele>
      </trkpt>
      <trkpt lat="45.80143" lon="10.87777">
        <ele>1782.16</ele>
      </trkpt>
      <trkpt lat="45.80147" lon="10.87779">
        <ele>1783.81</ele>
      </trkpt>
      <trkpt lat="45.80152" lon="10.8778">
        <ele>1786.12</ele>
      </trkpt>
      <trkpt lat="45.80155" lon="10.87778">
        <ele>1788.07</ele>
      </trkpt>
      <trkpt lat="45.80155" lon="10.87771">
        <ele>1788.39</ele>
      </trkpt>
      <trkpt lat="45.80155" lon="10.87765">
        <ele>1788.63</ele>
      </trkpt>
      <trkpt lat="45.80155" lon="10.87761">
        <ele>1788.78</ele>
      </trkpt>
      <trkpt lat="45.80154" lon="10.87751">
        <ele>1788.85</ele>
      </trkpt>
      <trkpt lat="45.80154" lon="10.87746">
        <ele>1788.04</ele>
      </trkpt>
      <trkpt lat="45.80154" lon="10.87741">
        <ele>1786.98</ele>
      </trkpt>
      <trkpt lat="45.80154" lon="10.87732">
        <ele>1785.07</ele>
      </trkpt>
      <trkpt lat="45.80154" lon="10.87727">
        <ele>1784.0</ele>
      </trkpt>
      <trkpt lat="45.80155" lon="10.87721">
        <ele>1782.86</ele>
      </trkpt>
      <trkpt lat="45.80155" lon="10.87715">
        <ele>1780.3</ele>
      </trkpt>
      <trkpt lat="45.80156" lon="10.87711">
        <ele>1779.02</ele>
      </trkpt>
      <trkpt lat="45.80161" lon="10.87709">
        <ele>1780.33</ele>
      </trkpt>
      <trkpt lat="45.80165" lon="10.87711">
        <ele>1782.85</ele>
      </trkpt>
      <trkpt lat="45.8017" lon="10.87714">
        <ele>1785.94</ele>
      </trkpt>
      <trkpt lat="45.80173" lon="10.87716">
        <ele>1787.82</ele>
      </trkpt>
      <trkpt lat="45.80176" lon="10.87718">
        <ele>1789.69</ele>
      </trkpt>
      <trkpt lat="45.80179" lon="10.87719">
        <ele>1791.16</ele>
      </trkpt>
      <trkpt lat="45.80182" lon="10.8772">
        <ele>1792.64</ele>
      </trkpt>
      <trkpt lat="45.80185" lon="10.87722">
        <ele>1794.51</ele>
      </trkpt>
      <trkpt lat="45.80187" lon="10.87724">
        <ele>1795.5</ele>
      </trkpt>
      <trkpt lat="45.80194" lon="10.87728">
        <ele>1798.27</ele>
      </trkpt>
      <trkpt lat="45.802" lon="10.87734">
        <ele>1802.1</ele>
      </trkpt>
      <trkpt lat="45.80202" lon="10.87736">
        <ele>1803.48</ele>
      </trkpt>
      <trkpt lat="45.80206" lon="10.87738">
        <ele>1806.08</ele>
      </trkpt>
      <trkpt lat="45.80209" lon="10.8774">
        <ele>1808.15</ele>
      </trkpt>
      <trkpt lat="45.80213" lon="10.87741">
        <ele>1810.73</ele>
      </trkpt>
      <trkpt lat="45.80217" lon="10.87743">
        <ele>1813.5</ele>
      </trkpt>
      <trkpt lat="45.8022" lon="10.87744">
        <ele>1815.53</ele>
      </trkpt>
      <trkpt lat="45.80224" lon="10.87745">
        <ele>1817.56</ele>
      </trkpt>
      <trkpt lat="45.80229" lon="10.87746">
        <ele>1819.02</ele>
      </trkpt>
      <trkpt lat="45.80233" lon="10.87746">
        <ele>1820.05</ele>
      </trkpt>
      <trkpt lat="45.80236" lon="10.87746">
        <ele>1820.82</ele>
      </trkpt>
      <trkpt lat="45.80239" lon="10.87746">
        <ele>1821.59</ele>
      </trkpt>
      <trkpt lat="45.80243" lon="10.87745">
        <ele>1822.47</ele>
      </trkpt>
      <trkpt lat="45.80246" lon="10.87743">
        <ele>1822.95</ele>
      </trkpt>
      <trkpt lat="45.80251" lon="10.87739">
        <ele>1823.97</ele>
      </trkpt>
      <trkpt lat="45.80254" lon="10.87738">
        <ele>1825.52</ele>
      </trkpt>
      <trkpt lat="45.80258" lon="10.87738">
        <ele>1827.76</ele>
      </trkpt>
      <trkpt lat="45.80263" lon="10.87737">
        <ele>1830.53</ele>
      </trkpt>
      <trkpt lat="45.80267" lon="10.87738">
        <ele>1832.81</ele>
      </trkpt>
      <trkpt lat="45.80272" lon="10.87738">
        <ele>1835.62</ele>
      </trkpt>
      <trkpt lat="45.80275" lon="10.87739">
        <ele>1837.25</ele>
      </trkpt>
      <trkpt lat="45.80277" lon="10.87742">
        <ele>1838.16</ele>
      </trkpt>
      <trkpt lat="45.8028" lon="10.87748">
        <ele>1839.45</ele>
      </trkpt>
      <trkpt lat="45.80282" lon="10.87751">
        <ele>1840.55</ele>
      </trkpt>
      <trkpt lat="45.80284" lon="10.87754">
        <ele>1841.66</ele>
      </trkpt>
      <trkpt lat="45.80286" lon="10.87757">
        <ele>1842.78</ele>
      </trkpt>
      <trkpt lat="45.80288" lon="10.87765">
        <ele>1843.72</ele>
      </trkpt>
      <trkpt lat="45.8029" lon="10.87774">
        <ele>1844.62</ele>
      </trkpt>
      <trkpt lat="45.80291" lon="10.87781">
        <ele>1844.87</ele>
      </trkpt>
      <trkpt lat="45.80293" lon="10.87786">
        <ele>1845.7</ele>
      </trkpt>
      <trkpt lat="45.80297" lon="10.87789">
        <ele>1847.8</ele>
      </trkpt>
      <trkpt lat="45.80301" lon="10.87787">
        <ele>1850.32</ele>
      </trkpt>
      <trkpt lat="45.80303" lon="10.87783">
        <ele>1851.91</ele>
      </trkpt>
      <trkpt lat="45.80305" lon="10.87779">
        <ele>1853.53</ele>
      </trkpt>
      <trkpt lat="45.80307" lon="10.87775">
        <ele>1854.74</ele>
      </trkpt>
      <trkpt lat="45.80309" lon="10.87771">
        <ele>1855.64</ele>
      </trkpt>
      <trkpt lat="45.80312" lon="10.87766">
        <ele>1856.75</ele>
      </trkpt>
      <trkpt lat="45.80314" lon="10.87763">
        <ele>1857.35</ele>
      </trkpt>
      <trkpt lat="45.80316" lon="10.8776">
        <ele>1857.84</ele>
      </trkpt>
      <trkpt lat="45.80321" lon="10.87757">
        <ele>1859.06</ele>
      </trkpt>
      <trkpt lat="45.80325" lon="10.87763">
        <ele>1861.03</ele>
      </trkpt>
      <trkpt lat="45.80327" lon="10.87769">
        <ele>1862.64</ele>
      </trkpt>
      <trkpt lat="45.80328" lon="10.87774">
        <ele>1863.87</ele>
      </trkpt>
      <trkpt lat="45.80331" lon="10.87783">
        <ele>1867.24</ele>
      </trkpt>
      <trkpt lat="45.80333" lon="10.87792">
        <ele>1870.87</ele>
      </trkpt>
      <trkpt lat="45.80335" lon="10.87801">
        <ele>1874.23</ele>
      </trkpt>
      <trkpt lat="45.80337" lon="10.87805">
        <ele>1875.91</ele>
      </trkpt>
      <trkpt lat="45.8034" lon="10.87814">
        <ele>1877.75</ele>
      </trkpt>
      <trkpt lat="45.80345" lon="10.87825">
        <ele>1880.64</ele>
      </trkpt>
      <trkpt lat="45.80348" lon="10.87839">
        <ele>1881.75</ele>
      </trkpt>
      <trkpt lat="45.8035" lon="10.87844">
        <ele>1881.45</ele>
      </trkpt>
      <trkpt lat="45.80351" lon="10.87848">
        <ele>1880.93</ele>
      </trkpt>
      <trkpt lat="45.80355" lon="10.87854">
        <ele>1880.61</ele>
      </trkpt>
      <trkpt lat="45.80356" lon="10.87858">
        <ele>1879.85</ele>
      </trkpt>
      <trkpt lat="45.8036" lon="10.87866">
        <ele>1878.55</ele>
      </trkpt>
      <trkpt lat="45.80363" lon="10.87873">
        <ele>1877.78</ele>
      </trkpt>
      <trkpt lat="45.80365" lon="10.87879">
        <ele>1877.12</ele>
      </trkpt>
      <trkpt lat="45.80367" lon="10.87882">
        <ele>1877.23</ele>
      </trkpt>
      <trkpt lat="45.8037" lon="10.87886">
        <ele>1877.53</ele>
      </trkpt>
      <trkpt lat="45.80374" lon="10.87891">
        <ele>1877.7</ele>
      </trkpt>
      <trkpt lat="45.80377" lon="10.87899">
        <ele>1875.6</ele>
      </trkpt>
      <trkpt lat="45.8038" lon="10.87905">
        <ele>1874.18</ele>
      </trkpt>
      <trkpt lat="45.80385" lon="10.87914">
        <ele>1871.95</ele>
      </trkpt>
      <trkpt lat="45.80389" lon="10.87919">
        <ele>1871.59</ele>
      </trkpt>
      <trkpt lat="45.80392" lon="10.87922">
        <ele>1873.42</ele>
      </trkpt>
      <trkpt lat="45.80397" lon="10.87929">
        <ele>1876.05</ele>
      </trkpt>
      <trkpt lat="45.804" lon="10.87933">
        <ele>1877.67</ele>
      </trkpt>
      <trkpt lat="45.80401" lon="10.87937">
        <ele>1877.64</ele>
      </trkpt>
      <trkpt lat="45.80402" lon="10.87942">
        <ele>1877.38</ele>
      </trkpt>
      <trkpt lat="45.80402" lon="10.87946">
        <ele>1876.64</ele>
      </trkpt>
      <trkpt lat="45.80402" lon="10.87952">
        <ele>1875.8</ele>
      </trkpt>
      <trkpt lat="45.80402" lon="10.8796">
        <ele>1874.68</ele>
      </trkpt>
      <trkpt lat="45.80402" lon="10.87965">
        <ele>1873.98</ele>
      </trkpt>
      <trkpt lat="45.80401" lon="10.87973">
        <ele>1872.31</ele>
      </trkpt>
      <trkpt lat="45.80401" lon="10.87983">
        <ele>1872.6</ele>
      </trkpt>
      <trkpt lat="45.80401" lon="10.87987">
        <ele>1872.72</ele>
      </trkpt>
      <trkpt lat="45.80402" lon="10.87992">
        <ele>1873.42</ele>
      </trkpt>
      <trkpt lat="45.80403" lon="10.87998">
        <ele>1874.08</ele>
      </trkpt>
      <trkpt lat="45.80405" lon="10.88011">
        <ele>1875.08</ele>
      </trkpt>
      <trkpt lat="45.80407" lon="10.8802">
        <ele>1876.32</ele>
      </trkpt>
      <trkpt lat="45.8041" lon="10.8803">
        <ele>1878.74</ele>
      </trkpt>
      <trkpt lat="45.80412" lon="10.88037">
        <ele>1880.97</ele>
      </trkpt>
      <trkpt lat="45.80416" lon="10.88044">
        <ele>1884.34</ele>
      </trkpt>
      <trkpt lat="45.8042" lon="10.88058">
        <ele>1887.44</ele>
      </trkpt>
      <trkpt lat="45.80422" lon="10.88065">
        <ele>1887.96</ele>
      </trkpt>
      <trkpt lat="45.80423" lon="10.8807">
        <ele>1888.09</ele>
      </trkpt>
      <trkpt lat="45.80425" lon="10.88075">
        <ele>1888.57</ele>
      </trkpt>
      <trkpt lat="45.80428" lon="10.88082">
        <ele>1889.19</ele>
      </trkpt>
      <trkpt lat="45.8043" lon="10.88088">
        <ele>1889.3</ele>
      </trkpt>
      <trkpt lat="45.80436" lon="10.88103">
        <ele>1889.56</ele>
      </trkpt>
      <trkpt lat="45.80438" lon="10.88109">
        <ele>1889.41</ele>
      </trkpt>
      <trkpt lat="45.8044" lon="10.88112">
        <ele>1889.65</ele>
      </trkpt>
      <trkpt lat="45.80441" lon="10.88116">
        <ele>1889.63</ele>
      </trkpt>
      <trkpt lat="45.80444" lon="10.88119">
        <ele>1890.3</ele>
      </trkpt>
      <trkpt lat="45.80449" lon="10.88134">
        <ele>1890.99</ele>
      </trkpt>
      <trkpt lat="45.80452" lon="10.88142">
        <ele>1891.44</ele>
      </trkpt>
      <trkpt lat="45.80454" lon="10.88146">
        <ele>1891.75</ele>
      </trkpt>
      <trkpt lat="45.80456" lon="10.88152">
        <ele>1891.82</ele>
      </trkpt>
      <trkpt lat="45.80458" lon="10.88162">
        <ele>1891.4</ele>
      </trkpt>
      <trkpt lat="45.80461" lon="10.88176">
        <ele>1891.02</ele>
      </trkpt>
      <trkpt lat="45.80462" lon="10.88181">
        <ele>1890.97</ele>
      </trkpt>
      <trkpt lat="45.80463" lon="10.88185">
        <ele>1891.03</ele>
      </trkpt>
      <trkpt lat="45.80465" lon="10.88192">
        <ele>1891.3</ele>
      </trkpt>
      <trkpt lat="45.80466" lon="10.88198">
        <ele>1891.45</ele>
      </trkpt>
      <trkpt lat="45.80467" lon="10.88203">
        <ele>1891.76</ele>
      </trkpt>
      <trkpt lat="45.80469" lon="10.88209">
        <ele>1892.54</ele>
      </trkpt>
      <trkpt lat="45.80471" lon="10.88213">
        <ele>1893.43</ele>
      </trkpt>
      <trkpt lat="45.80473" lon="10.88221">
        <ele>1894.12</ele>
      </trkpt>
      <trkpt lat="45.80475" lon="10.88225">
        <ele>1894.01</ele>
      </trkpt>
      <trkpt lat="45.80479" lon="10.88235">
        <ele>1893.25</ele>
      </trkpt>
      <trkpt lat="45.80482" lon="10.88243">
        <ele>1892.68</ele>
      </trkpt>
      <trkpt lat="45.80485" lon="10.88249">
        <ele>1892.43</ele>
      </trkpt>
      <trkpt lat="45.80488" lon="10.88254">
        <ele>1892.47</ele>
      </trkpt>
      <trkpt lat="45.8049" lon="10.88257">
        <ele>1892.53</ele>
      </trkpt>
      <trkpt lat="45.80495" lon="10.88269">
        <ele>1892.17</ele>
      </trkpt>
      <trkpt lat="45.80501" lon="10.88283">
        <ele>1891.73</ele>
      </trkpt>
      <trkpt lat="45.80505" lon="10.88295">
        <ele>1891.3</ele>
      </trkpt>
      <trkpt lat="45.80508" lon="10.883">
        <ele>1891.26</ele>
      </trkpt>
      <trkpt lat="45.80511" lon="10.88304">
        <ele>1891.3</ele>
      </trkpt>
      <trkpt lat="45.80514" lon="10.88308">
        <ele>1891.42</ele>
      </trkpt>
      <trkpt lat="45.80516" lon="10.88314">
        <ele>1891.47</ele>
      </trkpt>
      <trkpt lat="45.80518" lon="10.88322">
        <ele>1891.53</ele>
      </trkpt>
      <trkpt lat="45.80521" lon="10.88325">
        <ele>1891.93</ele>
      </trkpt>
      <trkpt lat="45.80523" lon="10.88338">
        <ele>1892.38</ele>
      </trkpt>
      <trkpt lat="45.80524" lon="10.88344">
        <ele>1893.0</ele>
      </trkpt>
      <trkpt lat="45.80526" lon="10.88354">
        <ele>1894.48</ele>
      </trkpt>
      <trkpt lat="45.80527" lon="10.88365">
        <ele>1896.3</ele>
      </trkpt>
      <trkpt lat="45.80528" lon="10.88369">
        <ele>1897.49</ele>
      </trkpt>
      <trkpt lat="45.80529" lon="10.88378">
        <ele>1899.46</ele>
      </trkpt>
      <trkpt lat="45.8053" lon="10.88383">
        <ele>1900.72</ele>
      </trkpt>
      <trkpt lat="45.8053" lon="10.88389">
        <ele>1901.8</ele>
      </trkpt>
      <trkpt lat="45.80531" lon="10.88396">
        <ele>1902.33</ele>
      </trkpt>
      <trkpt lat="45.80532" lon="10.884">
        <ele>1902.74</ele>
      </trkpt>
      <trkpt lat="45.80533" lon="10.88406">
        <ele>1903.15</ele>
      </trkpt>
      <trkpt lat="45.80535" lon="10.88414">
        <ele>1903.8</ele>
      </trkpt>
      <trkpt lat="45.80536" lon="10.88418">
        <ele>1904.06</ele>
      </trkpt>
      <trkpt lat="45.80538" lon="10.88425">
        <ele>1904.47</ele>
      </trkpt>
      <trkpt lat="45.80539" lon="10.8843">
        <ele>1904.63</ele>
      </trkpt>
      <trkpt lat="45.80541" lon="10.88435">
        <ele>1905.02</ele>
      </trkpt>
      <trkpt lat="45.80542" lon="10.88441">
        <ele>1905.14</ele>
      </trkpt>
      <trkpt lat="45.80543" lon="10.88446">
        <ele>1905.15</ele>
      </trkpt>
      <trkpt lat="45.80544" lon="10.88452">
        <ele>1904.8</ele>
      </trkpt>
      <trkpt lat="45.80545" lon="10.88459">
        <ele>1904.35</ele>
      </trkpt>
      <trkpt lat="45.80546" lon="10.88468">
        <ele>1903.68</ele>
      </trkpt>
      <trkpt lat="45.80548" lon="10.8848">
        <ele>1904.0</ele>
      </trkpt>
      <trkpt lat="45.80548" lon="10.88487">
        <ele>1904.32</ele>
      </trkpt>
      <trkpt lat="45.80549" lon="10.88499">
        <ele>1905.01</ele>
      </trkpt>
      <trkpt lat="45.80549" lon="10.88507">
        <ele>1905.83</ele>
      </trkpt>
      <trkpt lat="45.80548" lon="10.88511">
        <ele>1906.07</ele>
      </trkpt>
      <trkpt lat="45.80547" lon="10.88515">
        <ele>1906.26</ele>
      </trkpt>
      <trkpt lat="45.80546" lon="10.88519">
        <ele>1906.42</ele>
      </trkpt>
      <trkpt lat="45.80544" lon="10.88524">
        <ele>1906.35</ele>
      </trkpt>
      <trkpt lat="45.80543" lon="10.88528">
        <ele>1906.41</ele>
      </trkpt>
      <trkpt lat="45.80542" lon="10.88532">
        <ele>1906.64</ele>
      </trkpt>
      <trkpt lat="45.80542" lon="10.88539">
        <ele>1907.54</ele>
      </trkpt>
      <trkpt lat="45.80541" lon="10.88544">
        <ele>1907.75</ele>
      </trkpt>
      <trkpt lat="45.80541" lon="10.88548">
        <ele>1908.23</ele>
      </trkpt>
      <trkpt lat="45.80541" lon="10.88552">
        <ele>1908.71</ele>
      </trkpt>
      <trkpt lat="45.80542" lon="10.88559">
        <ele>1910.43</ele>
      </trkpt>
      <trkpt lat="45.80542" lon="10.88563">
        <ele>1911.29</ele>
      </trkpt>
      <trkpt lat="45.80543" lon="10.88568">
        <ele>1912.95</ele>
      </trkpt>
      <trkpt lat="45.80545" lon="10.88572">
        <ele>1914.99</ele>
      </trkpt>
      <trkpt lat="45.80546" lon="10.88577">
        <ele>1916.71</ele>
      </trkpt>
      <trkpt lat="45.80548" lon="10.88582">
        <ele>1919.07</ele>
      </trkpt>
      <trkpt lat="45.8055" lon="10.88586">
        <ele>1921.48</ele>
      </trkpt>
      <trkpt lat="45.80551" lon="10.8859">
        <ele>1923.5</ele>
      </trkpt>
      <trkpt lat="45.80552" lon="10.88595">
        <ele>1925.96</ele>
      </trkpt>
      <trkpt lat="45.80553" lon="10.88599">
        <ele>1928.17</ele>
      </trkpt>
      <trkpt lat="45.80554" lon="10.88606">
        <ele>1931.61</ele>
      </trkpt>
      <trkpt lat="45.80556" lon="10.886">
        <ele>1930.8</ele>
      </trkpt>
      <trkpt lat="45.80556" lon="10.88593">
        <ele>1928.02</ele>
      </trkpt>
      <trkpt lat="45.80557" lon="10.88584">
        <ele>1924.84</ele>
      </trkpt>
      <trkpt lat="45.80557" lon="10.88575">
        <ele>1922.43</ele>
      </trkpt>
      <trkpt lat="45.8056" lon="10.88572">
        <ele>1922.71</ele>
      </trkpt>
      <trkpt lat="45.80564" lon="10.88572">
        <ele>1924.12</ele>
      </trkpt>
      <trkpt lat="45.80566" lon="10.88578">
        <ele>1926.58</ele>
      </trkpt>
      <trkpt lat="45.80569" lon="10.88584">
        <ele>1929.62</ele>
      </trkpt>
      <trkpt lat="45.80571" lon="10.88588">
        <ele>1932.24</ele>
      </trkpt>
      <trkpt lat="45.80573" lon="10.88593">
        <ele>1935.39</ele>
      </trkpt>
      <trkpt lat="45.80574" lon="10.88598">
        <ele>1938.16</ele>
      </trkpt>
      <trkpt lat="45.80576" lon="10.88604">
        <ele>1941.92</ele>
      </trkpt>
      <trkpt lat="45.80578" lon="10.88609">
        <ele>1945.29</ele>
      </trkpt>
      <trkpt lat="45.80579" lon="10.88613">
        <ele>1947.35</ele>
      </trkpt>
      <trkpt lat="45.8058" lon="10.88621">
        <ele>1950.13</ele>
      </trkpt>
      <trkpt lat="45.80582" lon="10.88628">
        <ele>1953.16</ele>
      </trkpt>
      <trkpt lat="45.80583" lon="10.88633">
        <ele>1955.13</ele>
      </trkpt>
      <trkpt lat="45.80584" lon="10.88639">
        <ele>1957.11</ele>
      </trkpt>
      <trkpt lat="45.80584" lon="10.88643">
        <ele>1957.7</ele>
      </trkpt>
      <trkpt lat="45.80585" lon="10.88649">
        <ele>1958.78</ele>
      </trkpt>
      <trkpt lat="45.80586" lon="10.88653">
        <ele>1959.61</ele>
      </trkpt>
      <trkpt lat="45.80589" lon="10.88658">
        <ele>1961.13</ele>
      </trkpt>
      <trkpt lat="45.80592" lon="10.88653">
        <ele>1960.91</ele>
      </trkpt>
      <trkpt lat="45.80593" lon="10.88649">
        <ele>1960.35</ele>
      </trkpt>
      <trkpt lat="45.80595" lon="10.88644">
        <ele>1959.73</ele>
      </trkpt>
      <trkpt lat="45.806" lon="10.8864">
        <ele>1959.66</ele>
      </trkpt>
      <trkpt lat="45.80603" lon="10.88638">
        <ele>1959.53</ele>
      </trkpt>
      <trkpt lat="45.80607" lon="10.88638">
        <ele>1960.1</ele>
      </trkpt>
      <trkpt lat="45.80611" lon="10.88637">
        <ele>1960.3</ele>
      </trkpt>
      <trkpt lat="45.80614" lon="10.88638">
        <ele>1961.2</ele>
      </trkpt>
      <trkpt lat="45.80617" lon="10.8864">
        <ele>1962.37</ele>
      </trkpt>
      <trkpt lat="45.8062" lon="10.88646">
        <ele>1964.57</ele>
      </trkpt>
      <trkpt lat="45.80622" lon="10.88651">
        <ele>1966.28</ele>
      </trkpt>
      <trkpt lat="45.80624" lon="10.88656">
        <ele>1967.96</ele>
      </trkpt>
      <trkpt lat="45.80625" lon="10.88661">
        <ele>1969.47</ele>
      </trkpt>
      <trkpt lat="45.80626" lon="10.88665">
        <ele>1970.7</ele>
      </trkpt>
      <trkpt lat="45.80628" lon="10.88668">
        <ele>1971.58</ele>
      </trkpt>
      <trkpt lat="45.8063" lon="10.88674">
        <ele>1972.51</ele>
      </trkpt>
      <trkpt lat="45.80634" lon="10.88681">
        <ele>1973.84</ele>
      </trkpt>
      <trkpt lat="45.80637" lon="10.88685">
        <ele>1974.71</ele>
      </trkpt>
      <trkpt lat="45.80638" lon="10.88689">
        <ele>1975.28</ele>
      </trkpt>
      <trkpt lat="45.80641" lon="10.88692">
        <ele>1975.88</ele>
      </trkpt>
      <trkpt lat="45.80643" lon="10.88695">
        <ele>1976.38</ele>
      </trkpt>
      <trkpt lat="45.80647" lon="10.88701">
        <ele>1977.6</ele>
      </trkpt>
      <trkpt lat="45.8065" lon="10.88705">
        <ele>1978.47</ele>
      </trkpt>
      <trkpt lat="45.80652" lon="10.88708">
        <ele>1979.13</ele>
      </trkpt>
      <trkpt lat="45.80652" lon="10.88712">
        <ele>1979.77</ele>
      </trkpt>
      <trkpt lat="45.80653" lon="10.88717">
        <ele>1980.68</ele>
      </trkpt>
      <trkpt lat="45.80653" lon="10.88722">
        <ele>1981.49</ele>
      </trkpt>
      <trkpt lat="45.80653" lon="10.88727">
        <ele>1981.7</ele>
      </trkpt>
      <trkpt lat="45.80656" lon="10.88727">
        <ele>1982.06</ele>
      </trkpt>
      <trkpt lat="45.80659" lon="10.88726">
        <ele>1982.37</ele>
      </trkpt>
      <trkpt lat="45.80662" lon="10.88724">
        <ele>1982.6</ele>
      </trkpt>
      <trkpt lat="45.80665" lon="10.88721">
        <ele>1982.6</ele>
      </trkpt>
      <trkpt lat="45.80668" lon="10.88719">
        <ele>1982.59</ele>
      </trkpt>
      <trkpt lat="45.80671" lon="10.88716">
        <ele>1982.49</ele>
      </trkpt>
      <trkpt lat="45.80678" lon="10.88708">
        <ele>1982.5</ele>
      </trkpt>
      <trkpt lat="45.8068" lon="10.88706">
        <ele>1982.64</ele>
      </trkpt>
      <trkpt lat="45.80683" lon="10.88703">
        <ele>1982.93</ele>
      </trkpt>
      <trkpt lat="45.80686" lon="10.887">
        <ele>1983.32</ele>
      </trkpt>
      <trkpt lat="45.80689" lon="10.88696">
        <ele>1983.73</ele>
      </trkpt>
      <trkpt lat="45.80694" lon="10.8869">
        <ele>1984.41</ele>
      </trkpt>
      <trkpt lat="45.80701" lon="10.88681">
        <ele>1986.03</ele>
      </trkpt>
      <trkpt lat="45.80709" lon="10.88672">
        <ele>1987.92</ele>
      </trkpt>
      <trkpt lat="45.80714" lon="10.88668">
        <ele>1989.22</ele>
      </trkpt>
      <trkpt lat="45.80716" lon="10.88666">
        <ele>1989.65</ele>
      </trkpt>
      <trkpt lat="45.8072" lon="10.88662">
        <ele>1990.37</ele>
      </trkpt>
      <trkpt lat="45.80723" lon="10.88658">
        <ele>1990.76</ele>
      </trkpt>
      <trkpt lat="45.80726" lon="10.88656">
        <ele>1991.61</ele>
      </trkpt>
      <trkpt lat="45.8073" lon="10.88651">
        <ele>1992.22</ele>
      </trkpt>
      <trkpt lat="45.80734" lon="10.88645">
        <ele>1992.53</ele>
      </trkpt>
      <trkpt lat="45.80736" lon="10.88642">
        <ele>1992.63</ele>
      </trkpt>
      <trkpt lat="45.80742" lon="10.88634">
        <ele>1993.94</ele>
      </trkpt>
      <trkpt lat="45.80745" lon="10.8863">
        <ele>1994.88</ele>
      </trkpt>
      <trkpt lat="45.80747" lon="10.88628">
        <ele>1995.53</ele>
      </trkpt>
      <trkpt lat="45.80753" lon="10.88625">
        <ele>1997.26</ele>
      </trkpt>
      <trkpt lat="45.80756" lon="10.88623">
        <ele>1997.91</ele>
      </trkpt>
      <trkpt lat="45.80762" lon="10.88623">
        <ele>1999.39</ele>
      </trkpt>
      <trkpt lat="45.80765" lon="10.88623">
        <ele>2000.13</ele>
      </trkpt>
      <trkpt lat="45.80768" lon="10.88624">
        <ele>2000.95</ele>
      </trkpt>
      <trkpt lat="45.80772" lon="10.88626">
        <ele>2002.14</ele>
      </trkpt>
      <trkpt lat="45.80778" lon="10.88629">
        <ele>2003.95</ele>
      </trkpt>
      <trkpt lat="45.80784" lon="10.88631">
        <ele>2004.73</ele>
      </trkpt>
      <trkpt lat="45.80788" lon="10.88633">
        <ele>2005.45</ele>
      </trkpt>
      <trkpt lat="45.80791" lon="10.88635">
        <ele>2006.15</ele>
      </trkpt>
      <trkpt lat="45.80793" lon="10.88638">
        <ele>2007.01</ele>
      </trkpt>
      <trkpt lat="45.80797" lon="10.88638">
        <ele>2007.56</ele>
      </trkpt>
      <trkpt lat="45.80803" lon="10.88639">
        <ele>2008.67</ele>
      </trkpt>
      <trkpt lat="45.80809" lon="10.88638">
        <ele>2009.86</ele>
      </trkpt>
      <trkpt lat="45.80812" lon="10.88637">
        <ele>2010.53</ele>
      </trkpt>
      <trkpt lat="45.80816" lon="10.88636">
        <ele>2011.51</ele>
      </trkpt>
      <trkpt lat="45.80821" lon="10.88633">
        <ele>2012.19</ele>
      </trkpt>
      <trkpt lat="45.80827" lon="10.88631">
        <ele>2013.46</ele>
      </trkpt>
      <trkpt lat="45.80833" lon="10.8863">
        <ele>2015.02</ele>
      </trkpt>
      <trkpt lat="45.80836" lon="10.88629">
        <ele>2015.21</ele>
      </trkpt>
      <trkpt lat="45.8084" lon="10.88627">
        <ele>2015.21</ele>
      </trkpt>
      <trkpt lat="45.80843" lon="10.88625">
        <ele>2015.07</ele>
      </trkpt>
      <trkpt lat="45.80847" lon="10.88623">
        <ele>2015.1</ele>
      </trkpt>
      <trkpt lat="45.80851" lon="10.88622">
        <ele>2015.46</ele>
      </trkpt>
      <trkpt lat="45.80856" lon="10.88622">
        <ele>2016.29</ele>
      </trkpt>
      <trkpt lat="45.80859" lon="10.88621">
        <ele>2016.5</ele>
      </trkpt>
      <trkpt lat="45.80863" lon="10.88621">
        <ele>2017.1</ele>
      </trkpt>
      <trkpt lat="45.80867" lon="10.88621">
        <ele>2017.63</ele>
      </trkpt>
      <trkpt lat="45.80871" lon="10.88621">
        <ele>2018.17</ele>
      </trkpt>
      <trkpt lat="45.80875" lon="10.88621">
        <ele>2018.7</ele>
      </trkpt>
      <trkpt lat="45.80882" lon="10.88621">
        <ele>2019.64</ele>
      </trkpt>
      <trkpt lat="45.80891" lon="10.88622">
        <ele>2021.33</ele>
      </trkpt>
      <trkpt lat="45.809" lon="10.88625">
        <ele>2024.0</ele>
      </trkpt>
      <trkpt lat="45.80914" lon="10.88631">
        <ele>2027.9</ele>
      </trkpt>
      <trkpt lat="45.80921" lon="10.88634">
        <ele>2027.72</ele>
      </trkpt>
      <trkpt lat="45.80924" lon="10.88638">
        <ele>2027.7</ele>
      </trkpt>
      <trkpt lat="45.80926" lon="10.88642">
        <ele>2027.87</ele>
      </trkpt>
      <trkpt lat="45.80929" lon="10.88648">
        <ele>2028.2</ele>
      </trkpt>
      <trkpt lat="45.80931" lon="10.88657">
        <ele>2029.49</ele>
      </trkpt>
      <trkpt lat="45.80931" lon="10.88662">
        <ele>2030.49</ele>
      </trkpt>
      <trkpt lat="45.80932" lon="10.8867">
        <ele>2031.91</ele>
      </trkpt>
      <trkpt lat="45.80932" lon="10.88675">
        <ele>2032.91</ele>
      </trkpt>
      <trkpt lat="45.80931" lon="10.8868">
        <ele>2034.07</ele>
      </trkpt>
      <trkpt lat="45.80931" lon="10.8869">
        <ele>2036.05</ele>
      </trkpt>
      <trkpt lat="45.80932" lon="10.88694">
        <ele>2036.7</ele>
      </trkpt>
      <trkpt lat="45.80932" lon="10.88699">
        <ele>2037.43</ele>
      </trkpt>
      <trkpt lat="45.80933" lon="10.88706">
        <ele>2038.24</ele>
      </trkpt>
      <trkpt lat="45.80937" lon="10.8871">
        <ele>2038.05</ele>
      </trkpt>
      <trkpt lat="45.8094" lon="10.88712">
        <ele>2037.74</ele>
      </trkpt>
      <trkpt lat="45.80944" lon="10.88713">
        <ele>2037.09</ele>
      </trkpt>
      <trkpt lat="45.80948" lon="10.88714">
        <ele>2037.66</ele>
      </trkpt>
      <trkpt lat="45.80951" lon="10.88715">
        <ele>2038.23</ele>
      </trkpt>
      <trkpt lat="45.80954" lon="10.88716">
        <ele>2038.78</ele>
      </trkpt>
      <trkpt lat="45.80957" lon="10.88718">
        <ele>2039.42</ele>
      </trkpt>
      <trkpt lat="45.8096" lon="10.88719">
        <ele>2039.96</ele>
      </trkpt>
      <trkpt lat="45.80963" lon="10.8872">
        <ele>2040.49</ele>
      </trkpt>
      <trkpt lat="45.80966" lon="10.88722">
        <ele>2041.09</ele>
      </trkpt>
      <trkpt lat="45.8097" lon="10.88723">
        <ele>2041.85</ele>
      </trkpt>
      <trkpt lat="45.80974" lon="10.88724">
        <ele>2043.04</ele>
      </trkpt>
      <trkpt lat="45.80978" lon="10.88725">
        <ele>2044.76</ele>
      </trkpt>
      <trkpt lat="45.80984" lon="10.88725">
        <ele>2047.01</ele>
      </trkpt>
      <trkpt lat="45.80988" lon="10.88725">
        <ele>2048.51</ele>
      </trkpt>
      <trkpt lat="45.80991" lon="10.88725">
        <ele>2049.63</ele>
      </trkpt>
      <trkpt lat="45.80997" lon="10.88725">
        <ele>2051.88</ele>
      </trkpt>
      <trkpt lat="45.81" lon="10.88725">
        <ele>2053.0</ele>
      </trkpt>
      <trkpt lat="45.81005" lon="10.88725">
        <ele>2054.69</ele>
      </trkpt>
      <trkpt lat="45.81008" lon="10.88725">
        <ele>2055.71</ele>
      </trkpt>
      <trkpt lat="45.81011" lon="10.88726">
        <ele>2057.0</ele>
      </trkpt>
      <trkpt lat="45.81015" lon="10.88726">
        <ele>2058.32</ele>
      </trkpt>
      <trkpt lat="45.81019" lon="10.88727">
        <ele>2059.85</ele>
      </trkpt>
      <trkpt lat="45.81023" lon="10.88729">
        <ele>2061.51</ele>
      </trkpt>
      <trkpt lat="45.81026" lon="10.88731">
        <ele>2062.75</ele>
      </trkpt>
      <trkpt lat="45.81031" lon="10.88735">
        <ele>2063.53</ele>
      </trkpt>
      <trkpt lat="45.81037" lon="10.88738">
        <ele>2063.55</ele>
      </trkpt>
      <trkpt lat="45.81039" lon="10.88742">
        <ele>2064.27</ele>
      </trkpt>
      <trkpt lat="45.81044" lon="10.88748">
        <ele>2065.5</ele>
      </trkpt>
      <trkpt lat="45.81048" lon="10.88752">
        <ele>2066.26</ele>
      </trkpt>
      <trkpt lat="45.81053" lon="10.88754">
        <ele>2066.46</ele>
      </trkpt>
      <trkpt lat="45.81058" lon="10.88755">
        <ele>2065.27</ele>
      </trkpt>
      <trkpt lat="45.81061" lon="10.88757">
        <ele>2063.96</ele>
      </trkpt>
      <trkpt lat="45.81063" lon="10.8876">
        <ele>2063.35</ele>
      </trkpt>
      <trkpt lat="45.81066" lon="10.88762">
        <ele>2062.14</ele>
      </trkpt>
      <trkpt lat="45.81068" lon="10.88765">
        <ele>2061.63</ele>
      </trkpt>
      <trkpt lat="45.81069" lon="10.88771">
        <ele>2062.11</ele>
      </trkpt>
      <trkpt lat="45.81072" lon="10.88787">
        <ele>2062.82</ele>
      </trkpt>
      <trkpt lat="45.81074" lon="10.88798">
        <ele>2063.21</ele>
      </trkpt>
      <trkpt lat="45.81075" lon="10.88802">
        <ele>2063.3</ele>
      </trkpt>
      <trkpt lat="45.81075" lon="10.88806">
        <ele>2063.74</ele>
      </trkpt>
      <trkpt lat="45.81076" lon="10.88811">
        <ele>2063.82</ele>
      </trkpt>
      <trkpt lat="45.81077" lon="10.88818">
        <ele>2064.05</ele>
      </trkpt>
      <trkpt lat="45.81077" lon="10.88824">
        <ele>2064.53</ele>
      </trkpt>
      <trkpt lat="45.81077" lon="10.88833">
        <ele>2065.25</ele>
      </trkpt>
      <trkpt lat="45.81077" lon="10.88841">
        <ele>2065.07</ele>
      </trkpt>
      <trkpt lat="45.81077" lon="10.88848">
        <ele>2064.87</ele>
      </trkpt>
      <trkpt lat="45.81077" lon="10.88852">
        <ele>2064.76</ele>
      </trkpt>
      <trkpt lat="45.81076" lon="10.88858">
        <ele>2064.99</ele>
      </trkpt>
      <trkpt lat="45.81075" lon="10.88871">
        <ele>2065.09</ele>
      </trkpt>
      <trkpt lat="45.81073" lon="10.88875">
        <ele>2065.72</ele>
      </trkpt>
      <trkpt lat="45.81071" lon="10.88883">
        <ele>2066.18</ele>
      </trkpt>
      <trkpt lat="45.81069" lon="10.88887">
        <ele>2066.71</ele>
      </trkpt>
      <trkpt lat="45.81068" lon="10.88891">
        <ele>2066.93</ele>
      </trkpt>
      <trkpt lat="45.81068" lon="10.88895">
        <ele>2066.87</ele>
      </trkpt>
      <trkpt lat="45.81067" lon="10.889">
        <ele>2067.13</ele>
      </trkpt>
      <trkpt lat="45.81067" lon="10.88908">
        <ele>2067.01</ele>
      </trkpt>
      <trkpt lat="45.81067" lon="10.88913">
        <ele>2066.93</ele>
      </trkpt>
      <trkpt lat="45.81067" lon="10.88917">
        <ele>2066.84</ele>
      </trkpt>
      <trkpt lat="45.81067" lon="10.88921">
        <ele>2066.32</ele>
      </trkpt>
      <trkpt lat="45.81067" lon="10.88929">
        <ele>2065.29</ele>
      </trkpt>
      <trkpt lat="45.81067" lon="10.88935">
        <ele>2064.51</ele>
      </trkpt>
      <trkpt lat="45.81067" lon="10.88943">
        <ele>2063.48</ele>
      </trkpt>
      <trkpt lat="45.81066" lon="10.8895">
        <ele>2062.92</ele>
      </trkpt>
      <trkpt lat="45.81064" lon="10.88955">
        <ele>2062.83</ele>
      </trkpt>
      <trkpt lat="45.81062" lon="10.88961">
        <ele>2062.49</ele>
      </trkpt>
      <trkpt lat="45.8106" lon="10.88966">
        <ele>2062.18</ele>
      </trkpt>
      <trkpt lat="45.81058" lon="10.88974">
        <ele>2061.55</ele>
      </trkpt>
      <trkpt lat="45.81056" lon="10.88978">
        <ele>2061.91</ele>
      </trkpt>
      <trkpt lat="45.81055" lon="10.88986">
        <ele>2062.11</ele>
      </trkpt>
      <trkpt lat="45.81055" lon="10.89001">
        <ele>2062.01</ele>
      </trkpt>
      <trkpt lat="45.81054" lon="10.89005">
        <ele>2061.85</ele>
      </trkpt>
      <trkpt lat="45.81054" lon="10.89015">
        <ele>2061.11</ele>
      </trkpt>
      <trkpt lat="45.81054" lon="10.89029">
        <ele>2060.2</ele>
      </trkpt>
      <trkpt lat="45.81054" lon="10.89042">
        <ele>2060.59</ele>
      </trkpt>
      <trkpt lat="45.81054" lon="10.89047">
        <ele>2060.74</ele>
      </trkpt>
      <trkpt lat="45.81055" lon="10.89052">
        <ele>2060.88</ele>
      </trkpt>
      <trkpt lat="45.81056" lon="10.89064">
        <ele>2060.63</ele>
      </trkpt>
      <trkpt lat="45.81059" lon="10.89067">
        <ele>2060.12</ele>
      </trkpt>
      <trkpt lat="45.8106" lon="10.89071">
        <ele>2059.91</ele>
      </trkpt>
      <trkpt lat="45.81061" lon="10.89075">
        <ele>2059.73</ele>
      </trkpt>
      <trkpt lat="45.81063" lon="10.89079">
        <ele>2059.49</ele>
      </trkpt>
      <trkpt lat="45.81065" lon="10.89082">
        <ele>2059.32</ele>
      </trkpt>
      <trkpt lat="45.81069" lon="10.89091">
        <ele>2059.02</ele>
      </trkpt>
      <trkpt lat="45.81072" lon="10.89093">
        <ele>2058.88</ele>
      </trkpt>
      <trkpt lat="45.81078" lon="10.89099">
        <ele>2058.73</ele>
      </trkpt>
      <trkpt lat="45.81085" lon="10.89106">
        <ele>2058.8</ele>
      </trkpt>
      <trkpt lat="45.81087" lon="10.89109">
        <ele>2058.91</ele>
      </trkpt>
      <trkpt lat="45.81097" lon="10.8912">
        <ele>2058.99</ele>
      </trkpt>
      <trkpt lat="45.81101" lon="10.89134">
        <ele>2059.22</ele>
      </trkpt>
      <trkpt lat="45.81103" lon="10.89138">
        <ele>2059.4</ele>
      </trkpt>
      <trkpt lat="45.81104" lon="10.89142">
        <ele>2059.38</ele>
      </trkpt>
      <trkpt lat="45.81105" lon="10.89146">
        <ele>2059.3</ele>
      </trkpt>
      <trkpt lat="45.81106" lon="10.89151">
        <ele>2059.2</ele>
      </trkpt>
      <trkpt lat="45.81106" lon="10.89156">
        <ele>2059.02</ele>
      </trkpt>
      <trkpt lat="45.81108" lon="10.89161">
        <ele>2058.98</ele>
      </trkpt>
      <trkpt lat="45.81109" lon="10.89166">
        <ele>2058.87</ele>
      </trkpt>
      <trkpt lat="45.81111" lon="10.8917">
        <ele>2058.27</ele>
      </trkpt>
      <trkpt lat="45.81117" lon="10.89178">
        <ele>2056.69</ele>
      </trkpt>
      <trkpt lat="45.81126" lon="10.89189">
        <ele>2055.36</ele>
      </trkpt>
      <trkpt lat="45.81129" lon="10.89195">
        <ele>2054.81</ele>
      </trkpt>
      <trkpt lat="45.81132" lon="10.89199">
        <ele>2054.31</ele>
      </trkpt>
      <trkpt lat="45.81136" lon="10.89203">
        <ele>2054.05</ele>
      </trkpt>
      <trkpt lat="45.81138" lon="10.89206">
        <ele>2053.78</ele>
      </trkpt>
      <trkpt lat="45.81141" lon="10.89208">
        <ele>2054.2</ele>
      </trkpt>
      <trkpt lat="45.81143" lon="10.89214">
        <ele>2053.89</ele>
      </trkpt>
      <trkpt lat="45.81145" lon="10.89217">
        <ele>2054.15</ele>
      </trkpt>
      <trkpt lat="45.81148" lon="10.89223">
        <ele>2054.5</ele>
      </trkpt>
      <trkpt lat="45.8115" lon="10.89227">
        <ele>2054.71</ele>
      </trkpt>
      <trkpt lat="45.81151" lon="10.89232">
        <ele>2054.39</ele>
      </trkpt>
      <trkpt lat="45.81153" lon="10.89236">
        <ele>2054.6</ele>
      </trkpt>
      <trkpt lat="45.81156" lon="10.89242">
        <ele>2054.93</ele>
      </trkpt>
      <trkpt lat="45.81162" lon="10.89248">
        <ele>2056.44</ele>
      </trkpt>
      <trkpt lat="45.81166" lon="10.89253">
        <ele>2056.77</ele>
      </trkpt>
      <trkpt lat="45.81169" lon="10.89262">
        <ele>2054.35</ele>
      </trkpt>
      <trkpt lat="45.81172" lon="10.89266">
        <ele>2053.42</ele>
      </trkpt>
      <trkpt lat="45.81175" lon="10.8927">
        <ele>2052.55</ele>
      </trkpt>
      <trkpt lat="45.81177" lon="10.89275">
        <ele>2051.31</ele>
      </trkpt>
      <trkpt lat="45.8118" lon="10.89279">
        <ele>2050.52</ele>
      </trkpt>
      <trkpt lat="45.81186" lon="10.89286">
        <ele>2049.12</ele>
      </trkpt>
      <trkpt lat="45.81189" lon="10.8929">
        <ele>2048.26</ele>
      </trkpt>
      <trkpt lat="45.81192" lon="10.89294">
        <ele>2047.39</ele>
      </trkpt>
      <trkpt lat="45.81195" lon="10.89298">
        <ele>2046.58</ele>
      </trkpt>
      <trkpt lat="45.81199" lon="10.89305">
        <ele>2045.32</ele>
      </trkpt>
      <trkpt lat="45.81199" lon="10.89309">
        <ele>2043.93</ele>
      </trkpt>
      <trkpt lat="45.812" lon="10.89314">
        <ele>2042.42</ele>
      </trkpt>
      <trkpt lat="45.812" lon="10.8932">
        <ele>2040.3</ele>
      </trkpt>
      <trkpt lat="45.81199" lon="10.89324">
        <ele>2038.62</ele>
      </trkpt>
      <trkpt lat="45.81198" lon="10.89328">
        <ele>2036.92</ele>
      </trkpt>
      <trkpt lat="45.81196" lon="10.89331">
        <ele>2035.28</ele>
      </trkpt>
      <trkpt lat="45.81194" lon="10.89333">
        <ele>2034.04</ele>
      </trkpt>
      <trkpt lat="45.81192" lon="10.89337">
        <ele>2031.87</ele>
      </trkpt>
      <trkpt lat="45.81192" lon="10.89342">
        <ele>2029.56</ele>
      </trkpt>
      <trkpt lat="45.81192" lon="10.89347">
        <ele>2027.25</ele>
      </trkpt>
      <trkpt lat="45.81194" lon="10.89353">
        <ele>2024.74</ele>
      </trkpt>
      <trkpt lat="45.81196" lon="10.89358">
        <ele>2022.95</ele>
      </trkpt>
      <trkpt lat="45.81199" lon="10.89361">
        <ele>2022.53</ele>
      </trkpt>
      <trkpt lat="45.81201" lon="10.89363">
        <ele>2022.68</ele>
      </trkpt>
      <trkpt lat="45.81204" lon="10.89366">
        <ele>2022.92</ele>
      </trkpt>
      <trkpt lat="45.81207" lon="10.89369">
        <ele>2023.11</ele>
      </trkpt>
      <trkpt lat="45.8121" lon="10.89371">
        <ele>2023.51</ele>
      </trkpt>
      <trkpt lat="45.81212" lon="10.89374">
        <ele>2023.32</ele>
      </trkpt>
      <trkpt lat="45.81215" lon="10.89378">
        <ele>2023.11</ele>
      </trkpt>
      <trkpt lat="45.81218" lon="10.89383">
        <ele>2022.57</ele>
      </trkpt>
      <trkpt lat="45.81221" lon="10.8939">
        <ele>2021.49</ele>
      </trkpt>
      <trkpt lat="45.81223" lon="10.89394">
        <ele>2021.12</ele>
      </trkpt>
      <trkpt lat="45.81224" lon="10.89404">
        <ele>2019.41</ele>
      </trkpt>
      <trkpt lat="45.81225" lon="10.89417">
        <ele>2017.26</ele>
      </trkpt>
      <trkpt lat="45.81225" lon="10.89421">
        <ele>2016.75</ele>
      </trkpt>
      <trkpt lat="45.81225" lon="10.89429">
        <ele>2015.75</ele>
      </trkpt>
      <trkpt lat="45.81224" lon="10.89434">
        <ele>2015.12</ele>
      </trkpt>
      <trkpt lat="45.81224" lon="10.89438">
        <ele>2014.64</ele>
      </trkpt>
      <trkpt lat="45.81224" lon="10.89446">
        <ele>2013.66</ele>
      </trkpt>
      <trkpt lat="45.81224" lon="10.89452">
        <ele>2012.82</ele>
      </trkpt>
      <trkpt lat="45.81225" lon="10.89457">
        <ele>2012.08</ele>
      </trkpt>
      <trkpt lat="45.81226" lon="10.89462">
        <ele>2011.37</ele>
      </trkpt>
      <trkpt lat="45.81227" lon="10.89466">
        <ele>2010.82</ele>
      </trkpt>
      <trkpt lat="45.81227" lon="10.89473">
        <ele>2009.89</ele>
      </trkpt>
      <trkpt lat="45.81228" lon="10.8948">
        <ele>2009.01</ele>
      </trkpt>
      <trkpt lat="45.81228" lon="10.89485">
        <ele>2008.37</ele>
      </trkpt>
      <trkpt lat="45.81228" lon="10.89492">
        <ele>2007.48</ele>
      </trkpt>
      <trkpt lat="45.81228" lon="10.895">
        <ele>2006.46</ele>
      </trkpt>
      <trkpt lat="45.81229" lon="10.89505">
        <ele>2005.9</ele>
      </trkpt>
      <trkpt lat="45.81229" lon="10.89509">
        <ele>2005.25</ele>
      </trkpt>
      <trkpt lat="45.8123" lon="10.89514">
        <ele>2004.66</ele>
      </trkpt>
      <trkpt lat="45.81231" lon="10.89528">
        <ele>2002.54</ele>
      </trkpt>
      <trkpt lat="45.81232" lon="10.89535">
        <ele>2001.54</ele>
      </trkpt>
      <trkpt lat="45.81232" lon="10.8954">
        <ele>2000.69</ele>
      </trkpt>
      <trkpt lat="45.81233" lon="10.89545">
        <ele>1999.98</ele>
      </trkpt>
      <trkpt lat="45.81233" lon="10.89549">
        <ele>1999.29</ele>
      </trkpt>
      <trkpt lat="45.81233" lon="10.89553">
        <ele>1998.6</ele>
      </trkpt>
      <trkpt lat="45.81233" lon="10.89558">
        <ele>1997.72</ele>
      </trkpt>
      <trkpt lat="45.81234" lon="10.89564">
        <ele>1996.75</ele>
      </trkpt>
      <trkpt lat="45.81234" lon="10.8957">
        <ele>1995.67</ele>
      </trkpt>
      <trkpt lat="45.81235" lon="10.89574">
        <ele>1995.06</ele>
      </trkpt>
      <trkpt lat="45.81236" lon="10.89579">
        <ele>1994.27</ele>
      </trkpt>
      <trkpt lat="45.81236" lon="10.89592">
        <ele>1990.83</ele>
      </trkpt>
      <trkpt lat="45.81237" lon="10.89604">
        <ele>1987.3</ele>
      </trkpt>
      <trkpt lat="45.81237" lon="10.89611">
        <ele>1985.16</ele>
      </trkpt>
      <trkpt lat="45.81237" lon="10.89616">
        <ele>1984.24</ele>
      </trkpt>
      <trkpt lat="45.81237" lon="10.8962">
        <ele>1983.51</ele>
      </trkpt>
      <trkpt lat="45.81237" lon="10.89624">
        <ele>1982.78</ele>
      </trkpt>
      <trkpt lat="45.81237" lon="10.89628">
        <ele>1982.05</ele>
      </trkpt>
      <trkpt lat="45.81237" lon="10.89635">
        <ele>1980.77</ele>
      </trkpt>
      <trkpt lat="45.81236" lon="10.89642">
        <ele>1979.49</ele>
      </trkpt>
      <trkpt lat="45.81236" lon="10.89649">
        <ele>1978.35</ele>
      </trkpt>
      <trkpt lat="45.81236" lon="10.89654">
        <ele>1977.53</ele>
      </trkpt>
      <trkpt lat="45.81236" lon="10.89659">
        <ele>1976.72</ele>
      </trkpt>
      <trkpt lat="45.81236" lon="10.89664">
        <ele>1975.91</ele>
      </trkpt>
      <trkpt lat="45.81237" lon="10.89669">
        <ele>1975.51</ele>
      </trkpt>
      <trkpt lat="45.81238" lon="10.89675">
        <ele>1975.21</ele>
      </trkpt>
      <trkpt lat="45.81239" lon="10.8968">
        <ele>1974.98</ele>
      </trkpt>
      <trkpt lat="45.81241" lon="10.89688">
        <ele>1974.68</ele>
      </trkpt>
      <trkpt lat="45.81242" lon="10.89693">
        <ele>1974.41</ele>
      </trkpt>
      <trkpt lat="45.81244" lon="10.89702">
        <ele>1973.56</ele>
      </trkpt>
      <trkpt lat="45.81245" lon="10.89707">
        <ele>1973.03</ele>
      </trkpt>
      <trkpt lat="45.81247" lon="10.89712">
        <ele>1972.76</ele>
      </trkpt>
      <trkpt lat="45.81248" lon="10.89718">
        <ele>1972.11</ele>
      </trkpt>
      <trkpt lat="45.81248" lon="10.89722">
        <ele>1971.53</ele>
      </trkpt>
      <trkpt lat="45.81249" lon="10.89729">
        <ele>1971.23</ele>
      </trkpt>
      <trkpt lat="45.8125" lon="10.89739">
        <ele>1970.79</ele>
      </trkpt>
      <trkpt lat="45.81251" lon="10.89748">
        <ele>1970.14</ele>
      </trkpt>
      <trkpt lat="45.81252" lon="10.89755">
        <ele>1969.29</ele>
      </trkpt>
      <trkpt lat="45.81254" lon="10.89758">
        <ele>1968.89</ele>
      </trkpt>
      <trkpt lat="45.81257" lon="10.89763">
        <ele>1968.25</ele>
      </trkpt>
      <trkpt lat="45.81259" lon="10.89774">
        <ele>1966.82</ele>
      </trkpt>
      <trkpt lat="45.81261" lon="10.89789">
        <ele>1964.7</ele>
      </trkpt>
      <trkpt lat="45.81262" lon="10.89795">
        <ele>1963.87</ele>
      </trkpt>
      <trkpt lat="45.81263" lon="10.898">
        <ele>1963.22</ele>
      </trkpt>
      <trkpt lat="45.81264" lon="10.89808">
        <ele>1962.21</ele>
      </trkpt>
      <trkpt lat="45.81266" lon="10.89812">
        <ele>1961.97</ele>
      </trkpt>
      <trkpt lat="45.81269" lon="10.89818">
        <ele>1961.73</ele>
      </trkpt>
      <trkpt lat="45.81272" lon="10.89824">
        <ele>1961.63</ele>
      </trkpt>
      <trkpt lat="45.81273" lon="10.8983">
        <ele>1961.27</ele>
      </trkpt>
      <trkpt lat="45.81276" lon="10.89841">
        <ele>1961.03</ele>
      </trkpt>
      <trkpt lat="45.81277" lon="10.89845">
        <ele>1960.97</ele>
      </trkpt>
      <trkpt lat="45.81279" lon="10.89852">
        <ele>1960.48</ele>
      </trkpt>
      <trkpt lat="45.8128" lon="10.89856">
        <ele>1959.98</ele>
      </trkpt>
      <trkpt lat="45.81281" lon="10.89867">
        <ele>1958.15</ele>
      </trkpt>
      <trkpt lat="45.81282" lon="10.89876">
        <ele>1956.28</ele>
      </trkpt>
      <trkpt lat="45.81283" lon="10.8988">
        <ele>1955.43</ele>
      </trkpt>
      <trkpt lat="45.81284" lon="10.89887">
        <ele>1954.11</ele>
      </trkpt>
      <trkpt lat="45.81286" lon="10.89891">
        <ele>1953.18</ele>
      </trkpt>
      <trkpt lat="45.81288" lon="10.89902">
        <ele>1950.6</ele>
      </trkpt>
      <trkpt lat="45.81291" lon="10.8991">
        <ele>1949.22</ele>
      </trkpt>
      <trkpt lat="45.81292" lon="10.89914">
        <ele>1948.59</ele>
      </trkpt>
      <trkpt lat="45.81294" lon="10.89923">
        <ele>1947.15</ele>
      </trkpt>
      <trkpt lat="45.81295" lon="10.89928">
        <ele>1946.23</ele>
      </trkpt>
      <trkpt lat="45.81296" lon="10.89934">
        <ele>1945.02</ele>
      </trkpt>
      <trkpt lat="45.81296" lon="10.89941">
        <ele>1943.43</ele>
      </trkpt>
      <trkpt lat="45.81297" lon="10.89946">
        <ele>1942.53</ele>
      </trkpt>
      <trkpt lat="45.81298" lon="10.89951">
        <ele>1942.06</ele>
      </trkpt>
      <trkpt lat="45.81297" lon="10.89957">
        <ele>1941.37</ele>
      </trkpt>
      <trkpt lat="45.81294" lon="10.89962">
        <ele>1940.53</ele>
      </trkpt>
      <trkpt lat="45.81293" lon="10.89967">
        <ele>1939.82</ele>
      </trkpt>
      <trkpt lat="45.81293" lon="10.89971">
        <ele>1939.34</ele>
      </trkpt>
      <trkpt lat="45.81292" lon="10.89975">
        <ele>1938.2</ele>
      </trkpt>
      <trkpt lat="45.81292" lon="10.89981">
        <ele>1936.37</ele>
      </trkpt>
      <trkpt lat="45.81291" lon="10.89988">
        <ele>1934.04</ele>
      </trkpt>
      <trkpt lat="45.81291" lon="10.89992">
        <ele>1932.8</ele>
      </trkpt>
      <trkpt lat="45.81292" lon="10.89998">
        <ele>1931.19</ele>
      </trkpt>
      <trkpt lat="45.81292" lon="10.90002">
        <ele>1929.64</ele>
      </trkpt>
      <trkpt lat="45.81293" lon="10.90008">
        <ele>1927.01</ele>
      </trkpt>
      <trkpt lat="45.81294" lon="10.90012">
        <ele>1925.25</ele>
      </trkpt>
      <trkpt lat="45.81294" lon="10.90017">
        <ele>1922.82</ele>
      </trkpt>
      <trkpt lat="45.81295" lon="10.90022">
        <ele>1920.47</ele>
      </trkpt>
      <trkpt lat="45.81295" lon="10.90027">
        <ele>1918.0</ele>
      </trkpt>
      <trkpt lat="45.81296" lon="10.90034">
        <ele>1915.49</ele>
      </trkpt>
      <trkpt lat="45.81296" lon="10.90041">
        <ele>1913.04</ele>
      </trkpt>
      <trkpt lat="45.81295" lon="10.90047">
        <ele>1910.87</ele>
      </trkpt>
      <trkpt lat="45.81295" lon="10.90051">
        <ele>1909.46</ele>
      </trkpt>
      <trkpt lat="45.81294" lon="10.90056">
        <ele>1907.62</ele>
      </trkpt>
      <trkpt lat="45.81293" lon="10.9006">
        <ele>1906.35</ele>
      </trkpt>
      <trkpt lat="45.81292" lon="10.90064">
        <ele>1905.1</ele>
      </trkpt>
      <trkpt lat="45.81291" lon="10.9007">
        <ele>1903.29</ele>
      </trkpt>
      <trkpt lat="45.8129" lon="10.90074">
        <ele>1902.09</ele>
      </trkpt>
      <trkpt lat="45.8129" lon="10.90079">
        <ele>1900.67</ele>
      </trkpt>
      <trkpt lat="45.81289" lon="10.90084">
        <ele>1899.17</ele>
      </trkpt>
      <trkpt lat="45.81289" lon="10.90089">
        <ele>1897.41</ele>
      </trkpt>
      <trkpt lat="45.81288" lon="10.90094">
        <ele>1895.57</ele>
      </trkpt>
      <trkpt lat="45.81287" lon="10.90099">
        <ele>1893.69</ele>
      </trkpt>
      <trkpt lat="45.81285" lon="10.90105">
        <ele>1891.29</ele>
      </trkpt>
      <trkpt lat="45.81284" lon="10.9011">
        <ele>1889.31</ele>
      </trkpt>
      <trkpt lat="45.81283" lon="10.90117">
        <ele>1886.46</ele>
      </trkpt>
      <trkpt lat="45.81282" lon="10.90121">
        <ele>1884.75</ele>
      </trkpt>
      <trkpt lat="45.81281" lon="10.90127">
        <ele>1882.24</ele>
      </trkpt>
      <trkpt lat="45.81281" lon="10.90131">
        <ele>1880.67</ele>
      </trkpt>
      <trkpt lat="45.81281" lon="10.90137">
        <ele>1878.32</ele>
      </trkpt>
      <trkpt lat="45.81281" lon="10.90142">
        <ele>1876.98</ele>
      </trkpt>
      <trkpt lat="45.81282" lon="10.90146">
        <ele>1876.36</ele>
      </trkpt>
      <trkpt lat="45.81282" lon="10.90151">
        <ele>1875.38</ele>
      </trkpt>
      <trkpt lat="45.81283" lon="10.90155">
        <ele>1874.71</ele>
      </trkpt>
      <trkpt lat="45.81283" lon="10.9016">
        <ele>1873.71</ele>
      </trkpt>
      <trkpt lat="45.81283" lon="10.90164">
        <ele>1872.91</ele>
      </trkpt>
      <trkpt lat="45.81283" lon="10.90169">
        <ele>1872.01</ele>
      </trkpt>
      <trkpt lat="45.81284" lon="10.9018">
        <ele>1870.31</ele>
      </trkpt>
      <trkpt lat="45.81284" lon="10.90184">
        <ele>1869.67</ele>
      </trkpt>
      <trkpt lat="45.81284" lon="10.90189">
        <ele>1868.87</ele>
      </trkpt>
      <trkpt lat="45.81283" lon="10.90201">
        <ele>1867.57</ele>
      </trkpt>
      <trkpt lat="45.81283" lon="10.90206">
        <ele>1867.25</ele>
      </trkpt>
      <trkpt lat="45.81282" lon="10.90214">
        <ele>1866.7</ele>
      </trkpt>
      <trkpt lat="45.81281" lon="10.90218">
        <ele>1866.4</ele>
      </trkpt>
      <trkpt lat="45.81279" lon="10.90224">
        <ele>1866.1</ele>
      </trkpt>
      <trkpt lat="45.81277" lon="10.9023">
        <ele>1866.2</ele>
      </trkpt>
      <trkpt lat="45.81275" lon="10.90236">
        <ele>1866.2</ele>
      </trkpt>
      <trkpt lat="45.81273" lon="10.90241">
        <ele>1866.16</ele>
      </trkpt>
      <trkpt lat="45.81272" lon="10.90246">
        <ele>1866.23</ele>
      </trkpt>
      <trkpt lat="45.81271" lon="10.9025">
        <ele>1866.27</ele>
      </trkpt>
      <trkpt lat="45.8127" lon="10.90255">
        <ele>1866.55</ele>
      </trkpt>
      <trkpt lat="45.8127" lon="10.90259">
        <ele>1866.86</ele>
      </trkpt>
      <trkpt lat="45.81269" lon="10.90267">
        <ele>1867.31</ele>
      </trkpt>
      <trkpt lat="45.81269" lon="10.90272">
        <ele>1867.68</ele>
      </trkpt>
      <trkpt lat="45.81269" lon="10.90277">
        <ele>1868.05</ele>
      </trkpt>
      <trkpt lat="45.81268" lon="10.90285">
        <ele>1868.12</ele>
      </trkpt>
      <trkpt lat="45.81268" lon="10.90291">
        <ele>1868.31</ele>
      </trkpt>
      <trkpt lat="45.81267" lon="10.90296">
        <ele>1868.11</ele>
      </trkpt>
      <trkpt lat="45.81264" lon="10.90301">
        <ele>1867.04</ele>
      </trkpt>
      <trkpt lat="45.8126" lon="10.90302">
        <ele>1865.43</ele>
      </trkpt>
      <trkpt lat="45.81257" lon="10.90308">
        <ele>1863.72</ele>
      </trkpt>
      <trkpt lat="45.81256" lon="10.90311">
        <ele>1862.89</ele>
      </trkpt>
      <trkpt lat="45.81253" lon="10.90314">
        <ele>1861.15</ele>
      </trkpt>
      <trkpt lat="45.8125" lon="10.90315">
        <ele>1859.64</ele>
      </trkpt>
      <trkpt lat="45.81246" lon="10.90316">
        <ele>1857.35</ele>
      </trkpt>
      <trkpt lat="45.8124" lon="10.90317">
        <ele>1853.93</ele>
      </trkpt>
      <trkpt lat="45.81235" lon="10.90316">
        <ele>1851.46</ele>
      </trkpt>
      <trkpt lat="45.81232" lon="10.90315">
        <ele>1850.11</ele>
      </trkpt>
      <trkpt lat="45.81229" lon="10.90314">
        <ele>1848.81</ele>
      </trkpt>
      <trkpt lat="45.81225" lon="10.90311">
        <ele>1847.63</ele>
      </trkpt>
      <trkpt lat="45.81223" lon="10.90308">
        <ele>1847.58</ele>
      </trkpt>
      <trkpt lat="45.81221" lon="10.90303">
        <ele>1847.32</ele>
      </trkpt>
      <trkpt lat="45.8122" lon="10.90299">
        <ele>1847.14</ele>
      </trkpt>
      <trkpt lat="45.81216" lon="10.90297">
        <ele>1843.85</ele>
      </trkpt>
      <trkpt lat="45.81213" lon="10.90295">
        <ele>1841.52</ele>
      </trkpt>
      <trkpt lat="45.8121" lon="10.9029">
        <ele>1839.85</ele>
      </trkpt>
      <trkpt lat="45.81208" lon="10.90287">
        <ele>1838.71</ele>
      </trkpt>
      <trkpt lat="45.81207" lon="10.90283">
        <ele>1838.7</ele>
      </trkpt>
      <trkpt lat="45.81205" lon="10.90278">
        <ele>1838.07</ele>
      </trkpt>
      <trkpt lat="45.81204" lon="10.90274">
        <ele>1837.51</ele>
      </trkpt>
      <trkpt lat="45.81203" lon="10.90267">
        <ele>1837.26</ele>
      </trkpt>
      <trkpt lat="45.81202" lon="10.90263">
        <ele>1836.89</ele>
      </trkpt>
      <trkpt lat="45.812" lon="10.90256">
        <ele>1836.31</ele>
      </trkpt>
      <trkpt lat="45.81197" lon="10.90252">
        <ele>1835.08</ele>
      </trkpt>
      <trkpt lat="45.81195" lon="10.90249">
        <ele>1834.3</ele>
      </trkpt>
      <trkpt lat="45.81193" lon="10.90246">
        <ele>1833.09</ele>
      </trkpt>
      <trkpt lat="45.8119" lon="10.90239">
        <ele>1831.37</ele>
      </trkpt>
      <trkpt lat="45.81188" lon="10.90235">
        <ele>1830.33</ele>
      </trkpt>
      <trkpt lat="45.81187" lon="10.9023">
        <ele>1829.95</ele>
      </trkpt>
      <trkpt lat="45.81184" lon="10.90224">
        <ele>1828.64</ele>
      </trkpt>
      <trkpt lat="45.81182" lon="10.9022">
        <ele>1828.0</ele>
      </trkpt>
      <trkpt lat="45.81179" lon="10.90218">
        <ele>1826.76</ele>
      </trkpt>
      <trkpt lat="45.81176" lon="10.90216">
        <ele>1825.52</ele>
      </trkpt>
      <trkpt lat="45.81174" lon="10.90213">
        <ele>1824.94</ele>
      </trkpt>
      <trkpt lat="45.81171" lon="10.90209">
        <ele>1824.01</ele>
      </trkpt>
      <trkpt lat="45.81167" lon="10.90208">
        <ele>1822.21</ele>
      </trkpt>
      <trkpt lat="45.81164" lon="10.90206">
        <ele>1820.66</ele>
      </trkpt>
      <trkpt lat="45.81162" lon="10.90204">
        <ele>1819.71</ele>
      </trkpt>
      <trkpt lat="45.81159" lon="10.90202">
        <ele>1818.14</ele>
      </trkpt>
      <trkpt lat="45.81156" lon="10.902">
        <ele>1816.6</ele>
      </trkpt>
      <trkpt lat="45.8115" lon="10.90199">
        <ele>1813.05</ele>
      </trkpt>
      <trkpt lat="45.81147" lon="10.90197">
        <ele>1811.53</ele>
      </trkpt>
      <trkpt lat="45.81145" lon="10.90193">
        <ele>1810.67</ele>
      </trkpt>
      <trkpt lat="45.81142" lon="10.90188">
        <ele>1808.52</ele>
      </trkpt>
      <trkpt lat="45.81139" lon="10.90184">
        <ele>1806.32</ele>
      </trkpt>
      <trkpt lat="45.81136" lon="10.90181">
        <ele>1803.84</ele>
      </trkpt>
      <trkpt lat="45.81133" lon="10.90176">
        <ele>1801.43</ele>
      </trkpt>
      <trkpt lat="45.81128" lon="10.90173">
        <ele>1797.86</ele>
      </trkpt>
      <trkpt lat="45.81125" lon="10.90173">
        <ele>1795.77</ele>
      </trkpt>
      <trkpt lat="45.81122" lon="10.90173">
        <ele>1793.68</ele>
      </trkpt>
      <trkpt lat="45.81119" lon="10.90173">
        <ele>1791.59</ele>
      </trkpt>
      <trkpt lat="45.81116" lon="10.90176">
        <ele>1789.18</ele>
      </trkpt>
      <trkpt lat="45.81114" lon="10.90184">
        <ele>1786.77</ele>
      </trkpt>
      <trkpt lat="45.81113" lon="10.90191">
        <ele>1785.08</ele>
      </trkpt>
      <trkpt lat="45.81112" lon="10.90195">
        <ele>1783.65</ele>
      </trkpt>
      <trkpt lat="45.81111" lon="10.90202">
        <ele>1781.29</ele>
      </trkpt>
      <trkpt lat="45.81111" lon="10.90211">
        <ele>1779.35</ele>
      </trkpt>
      <trkpt lat="45.81111" lon="10.90215">
        <ele>1778.49</ele>
      </trkpt>
      <trkpt lat="45.81111" lon="10.90221">
        <ele>1777.19</ele>
      </trkpt>
      <trkpt lat="45.81111" lon="10.90232">
        <ele>1775.52</ele>
      </trkpt>
      <trkpt lat="45.81111" lon="10.90239">
        <ele>1774.51</ele>
      </trkpt>
      <trkpt lat="45.81111" lon="10.90246">
        <ele>1773.5</ele>
      </trkpt>
      <trkpt lat="45.8111" lon="10.90262">
        <ele>1770.55</ele>
      </trkpt>
      <trkpt lat="45.8111" lon="10.90271">
        <ele>1769.28</ele>
      </trkpt>
      <trkpt lat="45.8111" lon="10.90286">
        <ele>1767.98</ele>
      </trkpt>
      <trkpt lat="45.8111" lon="10.90293">
        <ele>1767.68</ele>
      </trkpt>
      <trkpt lat="45.8111" lon="10.90304">
        <ele>1767.22</ele>
      </trkpt>
      <trkpt lat="45.8111" lon="10.90308">
        <ele>1766.82</ele>
      </trkpt>
      <trkpt lat="45.81111" lon="10.90317">
        <ele>1766.27</ele>
      </trkpt>
      <trkpt lat="45.81111" lon="10.90324">
        <ele>1765.27</ele>
      </trkpt>
      <trkpt lat="45.81112" lon="10.90328">
        <ele>1765.2</ele>
      </trkpt>
      <trkpt lat="45.81113" lon="10.90339">
        <ele>1763.86</ele>
      </trkpt>
      <trkpt lat="45.81114" lon="10.90346">
        <ele>1763.07</ele>
      </trkpt>
      <trkpt lat="45.8111" lon="10.90339">
        <ele>1762.25</ele>
      </trkpt>
      <trkpt lat="45.81108" lon="10.90332">
        <ele>1762.05</ele>
      </trkpt>
      <trkpt lat="45.81105" lon="10.90327">
        <ele>1760.63</ele>
      </trkpt>
      <trkpt lat="45.81103" lon="10.90324">
        <ele>1759.6</ele>
      </trkpt>
      <trkpt lat="45.81101" lon="10.90318">
        <ele>1758.89</ele>
      </trkpt>
      <trkpt lat="45.81099" lon="10.90315">
        <ele>1757.78</ele>
      </trkpt>
      <trkpt lat="45.81098" lon="10.90311">
        <ele>1757.49</ele>
      </trkpt>
      <trkpt lat="45.81096" lon="10.90306">
        <ele>1756.53</ele>
      </trkpt>
      <trkpt lat="45.81093" lon="10.90289">
        <ele>1756.46</ele>
      </trkpt>
      <trkpt lat="45.81092" lon="10.90281">
        <ele>1756.87</ele>
      </trkpt>
      <trkpt lat="45.8109" lon="10.90267">
        <ele>1757.04</ele>
      </trkpt>
      <trkpt lat="45.81089" lon="10.90263">
        <ele>1756.75</ele>
      </trkpt>
      <trkpt lat="45.81087" lon="10.90254">
        <ele>1756.18</ele>
      </trkpt>
      <trkpt lat="45.81084" lon="10.90245">
        <ele>1755.35</ele>
      </trkpt>
      <trkpt lat="45.8108" lon="10.90238">
        <ele>1753.36</ele>
      </trkpt>
      <trkpt lat="45.81076" lon="10.90227">
        <ele>1751.68</ele>
      </trkpt>
      <trkpt lat="45.81073" lon="10.90216">
        <ele>1750.65</ele>
      </trkpt>
      <trkpt lat="45.8107" lon="10.90205">
        <ele>1749.5</ele>
      </trkpt>
      <trkpt lat="45.81066" lon="10.90196">
        <ele>1746.94</ele>
      </trkpt>
      <trkpt lat="45.81064" lon="10.90193">
        <ele>1745.51</ele>
      </trkpt>
      <trkpt lat="45.81059" lon="10.90179">
        <ele>1743.96</ele>
      </trkpt>
      <trkpt lat="45.81057" lon="10.90175">
        <ele>1743.16</ele>
      </trkpt>
      <trkpt lat="45.81056" lon="10.90172">
        <ele>1743.04</ele>
      </trkpt>
      <trkpt lat="45.81053" lon="10.90162">
        <ele>1743.05</ele>
      </trkpt>
      <trkpt lat="45.81051" lon="10.90156">
        <ele>1742.62</ele>
      </trkpt>
      <trkpt lat="45.8105" lon="10.90153">
        <ele>1742.36</ele>
      </trkpt>
      <trkpt lat="45.81047" lon="10.90146">
        <ele>1741.18</ele>
      </trkpt>
      <trkpt lat="45.81041" lon="10.90136">
        <ele>1738.15</ele>
      </trkpt>
      <trkpt lat="45.81037" lon="10.90131">
        <ele>1736.2</ele>
      </trkpt>
      <trkpt lat="45.81031" lon="10.90123">
        <ele>1733.49</ele>
      </trkpt>
      <trkpt lat="45.81029" lon="10.9012">
        <ele>1732.7</ele>
      </trkpt>
      <trkpt lat="45.81024" lon="10.90107">
        <ele>1731.61</ele>
      </trkpt>
      <trkpt lat="45.81022" lon="10.90104">
        <ele>1730.5</ele>
      </trkpt>
      <trkpt lat="45.81013" lon="10.9009">
        <ele>1725.56</ele>
      </trkpt>
      <trkpt lat="45.81011" lon="10.90088">
        <ele>1724.27</ele>
      </trkpt>
      <trkpt lat="45.81004" lon="10.90078">
        <ele>1721.53</ele>
      </trkpt>
      <trkpt lat="45.80998" lon="10.90063">
        <ele>1723.95</ele>
      </trkpt>
      <trkpt lat="45.80995" lon="10.90056">
        <ele>1725.82</ele>
      </trkpt>
      <trkpt lat="45.80993" lon="10.90053">
        <ele>1726.56</ele>
      </trkpt>
      <trkpt lat="45.80989" lon="10.9005">
        <ele>1726.6</ele>
      </trkpt>
      <trkpt lat="45.80985" lon="10.90048">
        <ele>1726.16</ele>
      </trkpt>
      <trkpt lat="45.80978" lon="10.90045">
        <ele>1725.21</ele>
      </trkpt>
      <trkpt lat="45.80973" lon="10.90042">
        <ele>1725.09</ele>
      </trkpt>
      <trkpt lat="45.80969" lon="10.90036">
        <ele>1726.76</ele>
      </trkpt>
      <trkpt lat="45.80965" lon="10.90033">
        <ele>1726.43</ele>
      </trkpt>
      <trkpt lat="45.80962" lon="10.90029">
        <ele>1726.89</ele>
      </trkpt>
      <trkpt lat="45.80958" lon="10.90028">
        <ele>1725.22</ele>
      </trkpt>
      <trkpt lat="45.80955" lon="10.90025">
        <ele>1725.2</ele>
      </trkpt>
      <trkpt lat="45.80948" lon="10.90016">
        <ele>1726.28</ele>
      </trkpt>
      <trkpt lat="45.80942" lon="10.9001">
        <ele>1727.05</ele>
      </trkpt>
      <trkpt lat="45.80938" lon="10.90006">
        <ele>1728.15</ele>
      </trkpt>
      <trkpt lat="45.80935" lon="10.90001">
        <ele>1729.8</ele>
      </trkpt>
      <trkpt lat="45.80926" lon="10.89987">
        <ele>1731.59</ele>
      </trkpt>
      <trkpt lat="45.80922" lon="10.89977">
        <ele>1733.32</ele>
      </trkpt>
      <trkpt lat="45.8092" lon="10.89973">
        <ele>1733.85</ele>
      </trkpt>
      <trkpt lat="45.80917" lon="10.8997">
        <ele>1733.9</ele>
      </trkpt>
      <trkpt lat="45.80914" lon="10.89968">
        <ele>1734.11</ele>
      </trkpt>
      <trkpt lat="45.80907" lon="10.89966">
        <ele>1733.69</ele>
      </trkpt>
      <trkpt lat="45.80903" lon="10.89965">
        <ele>1733.38</ele>
      </trkpt>
      <trkpt lat="45.80897" lon="10.89963">
        <ele>1733.02</ele>
      </trkpt>
      <trkpt lat="45.80891" lon="10.89961">
        <ele>1732.6</ele>
      </trkpt>
      <trkpt lat="45.80887" lon="10.89958">
        <ele>1732.52</ele>
      </trkpt>
      <trkpt lat="45.80878" lon="10.8995">
        <ele>1732.19</ele>
      </trkpt>
      <trkpt lat="45.80876" lon="10.89947">
        <ele>1732.51</ele>
      </trkpt>
      <trkpt lat="45.80872" lon="10.89942">
        <ele>1732.81</ele>
      </trkpt>
      <trkpt lat="45.80863" lon="10.8993">
        <ele>1733.67</ele>
      </trkpt>
      <trkpt lat="45.80859" lon="10.89925">
        <ele>1733.72</ele>
      </trkpt>
      <trkpt lat="45.80854" lon="10.89918">
        <ele>1733.78</ele>
      </trkpt>
      <trkpt lat="45.80848" lon="10.89911">
        <ele>1732.92</ele>
      </trkpt>
      <trkpt lat="45.80842" lon="10.89904">
        <ele>1732.03</ele>
      </trkpt>
      <trkpt lat="45.80839" lon="10.89901">
        <ele>1731.51</ele>
      </trkpt>
      <trkpt lat="45.80835" lon="10.89895">
        <ele>1731.29</ele>
      </trkpt>
      <trkpt lat="45.80829" lon="10.89886">
        <ele>1730.31</ele>
      </trkpt>
      <trkpt lat="45.80821" lon="10.89881">
        <ele>1727.51</ele>
      </trkpt>
      <trkpt lat="45.80814" lon="10.89878">
        <ele>1724.97</ele>
      </trkpt>
      <trkpt lat="45.80809" lon="10.89875">
        <ele>1723.67</ele>
      </trkpt>
      <trkpt lat="45.80804" lon="10.89869">
        <ele>1723.74</ele>
      </trkpt>
      <trkpt lat="45.808" lon="10.89865">
        <ele>1723.2</ele>
      </trkpt>
      <trkpt lat="45.80793" lon="10.89856">
        <ele>1722.04</ele>
      </trkpt>
      <trkpt lat="45.80791" lon="10.89853">
        <ele>1721.67</ele>
      </trkpt>
      <trkpt lat="45.80785" lon="10.89847">
        <ele>1719.96</ele>
      </trkpt>
      <trkpt lat="45.80781" lon="10.89845">
        <ele>1718.36</ele>
      </trkpt>
      <trkpt lat="45.80774" lon="10.89838">
        <ele>1715.62</ele>
      </trkpt>
      <trkpt lat="45.8077" lon="10.89835">
        <ele>1713.15</ele>
      </trkpt>
      <trkpt lat="45.80768" lon="10.89832">
        <ele>1712.23</ele>
      </trkpt>
      <trkpt lat="45.80766" lon="10.8983">
        <ele>1711.07</ele>
      </trkpt>
      <trkpt lat="45.80763" lon="10.89828">
        <ele>1709.12</ele>
      </trkpt>
      <trkpt lat="45.8076" lon="10.89823">
        <ele>1707.99</ele>
      </trkpt>
      <trkpt lat="45.80758" lon="10.89821">
        <ele>1706.92</ele>
      </trkpt>
      <trkpt lat="45.80753" lon="10.89813">
        <ele>1705.18</ele>
      </trkpt>
      <trkpt lat="45.80748" lon="10.8981">
        <ele>1702.47</ele>
      </trkpt>
      <trkpt lat="45.80744" lon="10.89808">
        <ele>1700.48</ele>
      </trkpt>
      <trkpt lat="45.80739" lon="10.89803">
        <ele>1698.65</ele>
      </trkpt>
      <trkpt lat="45.8073" lon="10.89787">
        <ele>1696.8</ele>
      </trkpt>
      <trkpt lat="45.80727" lon="10.89782">
        <ele>1695.77</ele>
      </trkpt>
      <trkpt lat="45.80725" lon="10.89778">
        <ele>1695.15</ele>
      </trkpt>
      <trkpt lat="45.80718" lon="10.89768">
        <ele>1694.36</ele>
      </trkpt>
      <trkpt lat="45.80716" lon="10.89766">
        <ele>1693.68</ele>
      </trkpt>
      <trkpt lat="45.80712" lon="10.89764">
        <ele>1691.42</ele>
      </trkpt>
      <trkpt lat="45.80707" lon="10.8976">
        <ele>1688.6</ele>
      </trkpt>
      <trkpt lat="45.80705" lon="10.89757">
        <ele>1687.57</ele>
      </trkpt>
      <trkpt lat="45.80703" lon="10.89747">
        <ele>1687.57</ele>
      </trkpt>
      <trkpt lat="45.80702" lon="10.89741">
        <ele>1687.72</ele>
      </trkpt>
      <trkpt lat="45.807" lon="10.89737">
        <ele>1686.45</ele>
      </trkpt>
      <trkpt lat="45.80697" lon="10.89729">
        <ele>1684.69</ele>
      </trkpt>
      <trkpt lat="45.80695" lon="10.89726">
        <ele>1683.05</ele>
      </trkpt>
      <trkpt lat="45.80693" lon="10.89724">
        <ele>1682.36</ele>
      </trkpt>
      <trkpt lat="45.80689" lon="10.89718">
        <ele>1683.46</ele>
      </trkpt>
      <trkpt lat="45.80687" lon="10.89715">
        <ele>1684.07</ele>
      </trkpt>
      <trkpt lat="45.80681" lon="10.8971">
        <ele>1683.64</ele>
      </trkpt>
      <trkpt lat="45.80677" lon="10.89708">
        <ele>1682.56</ele>
      </trkpt>
      <trkpt lat="45.80673" lon="10.89706">
        <ele>1681.26</ele>
      </trkpt>
      <trkpt lat="45.8067" lon="10.89706">
        <ele>1679.88</ele>
      </trkpt>
      <trkpt lat="45.80666" lon="10.89706">
        <ele>1678.18</ele>
      </trkpt>
      <trkpt lat="45.80662" lon="10.89706">
        <ele>1677.24</ele>
      </trkpt>
      <trkpt lat="45.80651" lon="10.89708">
        <ele>1674.14</ele>
      </trkpt>
      <trkpt lat="45.80644" lon="10.89711">
        <ele>1671.43</ele>
      </trkpt>
      <trkpt lat="45.80639" lon="10.89712">
        <ele>1669.71</ele>
      </trkpt>
      <trkpt lat="45.80634" lon="10.89713">
        <ele>1667.74</ele>
      </trkpt>
      <trkpt lat="45.80627" lon="10.89713">
        <ele>1665.47</ele>
      </trkpt>
      <trkpt lat="45.80622" lon="10.89713">
        <ele>1663.85</ele>
      </trkpt>
      <trkpt lat="45.80618" lon="10.89711">
        <ele>1662.95</ele>
      </trkpt>
      <trkpt lat="45.80615" lon="10.89708">
        <ele>1662.46</ele>
      </trkpt>
      <trkpt lat="45.80611" lon="10.89704">
        <ele>1661.59</ele>
      </trkpt>
      <trkpt lat="45.80606" lon="10.89696">
        <ele>1661.11</ele>
      </trkpt>
      <trkpt lat="45.80604" lon="10.8969">
        <ele>1661.85</ele>
      </trkpt>
      <trkpt lat="45.80602" lon="10.89687">
        <ele>1661.93</ele>
      </trkpt>
      <trkpt lat="45.806" lon="10.89684">
        <ele>1661.96</ele>
      </trkpt>
      <trkpt lat="45.80597" lon="10.89679">
        <ele>1662.03</ele>
      </trkpt>
      <trkpt lat="45.80594" lon="10.89676">
        <ele>1661.54</ele>
      </trkpt>
      <trkpt lat="45.80589" lon="10.89674">
        <ele>1659.97</ele>
      </trkpt>
      <trkpt lat="45.80585" lon="10.89672">
        <ele>1658.73</ele>
      </trkpt>
      <trkpt lat="45.80582" lon="10.89671">
        <ele>1658.13</ele>
      </trkpt>
      <trkpt lat="45.80579" lon="10.8967">
        <ele>1658.15</ele>
      </trkpt>
      <trkpt lat="45.80575" lon="10.89668">
        <ele>1658.39</ele>
      </trkpt>
      <trkpt lat="45.80572" lon="10.89666">
        <ele>1658.88</ele>
      </trkpt>
      <trkpt lat="45.8057" lon="10.89664">
        <ele>1659.67</ele>
      </trkpt>
      <trkpt lat="45.8056" lon="10.89662">
        <ele>1660.29</ele>
      </trkpt>
      <trkpt lat="45.80557" lon="10.89662">
        <ele>1660.22</ele>
      </trkpt>
      <trkpt lat="45.80543" lon="10.89662">
        <ele>1660.26</ele>
      </trkpt>
      <trkpt lat="45.80536" lon="10.89662">
        <ele>1660.3</ele>
      </trkpt>
      <trkpt lat="45.80531" lon="10.89663">
        <ele>1659.83</ele>
      </trkpt>
      <trkpt lat="45.80523" lon="10.89663">
        <ele>1659.95</ele>
      </trkpt>
      <trkpt lat="45.80516" lon="10.89663">
        <ele>1660.1</ele>
      </trkpt>
      <trkpt lat="45.80511" lon="10.89663">
        <ele>1660.21</ele>
      </trkpt>
      <trkpt lat="45.80507" lon="10.89663">
        <ele>1660.3</ele>
      </trkpt>
      <trkpt lat="45.80494" lon="10.89663">
        <ele>1660.42</ele>
      </trkpt>
      <trkpt lat="45.80487" lon="10.89663">
        <ele>1660.39</ele>
      </trkpt>
      <trkpt lat="45.80484" lon="10.89663">
        <ele>1660.38</ele>
      </trkpt>
      <trkpt lat="45.80481" lon="10.89664">
        <ele>1659.99</ele>
      </trkpt>
      <trkpt lat="45.80477" lon="10.89666">
        <ele>1659.24</ele>
      </trkpt>
      <trkpt lat="45.80473" lon="10.89668">
        <ele>1658.62</ele>
      </trkpt>
      <trkpt lat="45.80469" lon="10.89673">
        <ele>1658.26</ele>
      </trkpt>
      <trkpt lat="45.80467" lon="10.89676">
        <ele>1658.0</ele>
      </trkpt>
      <trkpt lat="45.80464" lon="10.89679">
        <ele>1658.01</ele>
      </trkpt>
      <trkpt lat="45.80459" lon="10.89686">
        <ele>1657.2</ele>
      </trkpt>
      <trkpt lat="45.80457" lon="10.8969">
        <ele>1656.38</ele>
      </trkpt>
      <trkpt lat="45.80442" lon="10.89709">
        <ele>1652.37</ele>
      </trkpt>
      <trkpt lat="45.80436" lon="10.89714">
        <ele>1651.65</ele>
      </trkpt>
      <trkpt lat="45.8043" lon="10.89717">
        <ele>1651.67</ele>
      </trkpt>
      <trkpt lat="45.80425" lon="10.8972">
        <ele>1651.33</ele>
      </trkpt>
      <trkpt lat="45.80423" lon="10.89722">
        <ele>1650.75</ele>
      </trkpt>
      <trkpt lat="45.80418" lon="10.89725">
        <ele>1650.52</ele>
      </trkpt>
      <trkpt lat="45.8041" lon="10.89731">
        <ele>1651.34</ele>
      </trkpt>
      <trkpt lat="45.80405" lon="10.89733">
        <ele>1652.74</ele>
      </trkpt>
      <trkpt lat="45.80397" lon="10.89736">
        <ele>1654.91</ele>
      </trkpt>
      <trkpt lat="45.8039" lon="10.89737">
        <ele>1657.52</ele>
      </trkpt>
      <trkpt lat="45.80381" lon="10.89739">
        <ele>1661.08</ele>
      </trkpt>
      <trkpt lat="45.80369" lon="10.8974">
        <ele>1666.74</ele>
      </trkpt>
      <trkpt lat="45.80366" lon="10.89743">
        <ele>1666.32</ele>
      </trkpt>
      <trkpt lat="45.80362" lon="10.89748">
        <ele>1664.94</ele>
      </trkpt>
      <trkpt lat="45.80355" lon="10.89756">
        <ele>1664.36</ele>
      </trkpt>
      <trkpt lat="45.80349" lon="10.89764">
        <ele>1663.19</ele>
      </trkpt>
      <trkpt lat="45.80342" lon="10.89772">
        <ele>1662.18</ele>
      </trkpt>
      <trkpt lat="45.8034" lon="10.89775">
        <ele>1661.37</ele>
      </trkpt>
      <trkpt lat="45.80332" lon="10.89787">
        <ele>1658.23</ele>
      </trkpt>
      <trkpt lat="45.80328" lon="10.89792">
        <ele>1657.02</ele>
      </trkpt>
      <trkpt lat="45.80325" lon="10.89798">
        <ele>1654.87</ele>
      </trkpt>
      <trkpt lat="45.80319" lon="10.89806">
        <ele>1652.98</ele>
      </trkpt>
      <trkpt lat="45.80311" lon="10.89808">
        <ele>1655.38</ele>
      </trkpt>
      <trkpt lat="45.80292" lon="10.89809">
        <ele>1658.6</ele>
      </trkpt>
      <trkpt lat="45.80282" lon="10.89811">
        <ele>1658.6</ele>
      </trkpt>
      <trkpt lat="45.80277" lon="10.89811">
        <ele>1658.8</ele>
      </trkpt>
      <trkpt lat="45.80273" lon="10.89812">
        <ele>1656.93</ele>
      </trkpt>
      <trkpt lat="45.8027" lon="10.89811">
        <ele>1656.49</ele>
      </trkpt>
      <trkpt lat="45.80252" lon="10.89811">
        <ele>1650.53</ele>
      </trkpt>
      <trkpt lat="45.8024" lon="10.89811">
        <ele>1647.41</ele>
      </trkpt>
      <trkpt lat="45.80231" lon="10.89798">
        <ele>1650.83</ele>
      </trkpt>
      <trkpt lat="45.80223" lon="10.8978">
        <ele>1654.53</ele>
      </trkpt>
      <trkpt lat="45.80218" lon="10.89771">
        <ele>1655.56</ele>
      </trkpt>
      <trkpt lat="45.80216" lon="10.89767">
        <ele>1656.11</ele>
      </trkpt>
      <trkpt lat="45.80213" lon="10.89764">
        <ele>1655.98</ele>
      </trkpt>
      <trkpt lat="45.8021" lon="10.89759">
        <ele>1656.54</ele>
      </trkpt>
      <trkpt lat="45.80208" lon="10.89754">
        <ele>1657.51</ele>
      </trkpt>
      <trkpt lat="45.80206" lon="10.89751">
        <ele>1657.81</ele>
      </trkpt>
      <trkpt lat="45.80194" lon="10.89733">
        <ele>1659.22</ele>
      </trkpt>
      <trkpt lat="45.80192" lon="10.8973">
        <ele>1658.86</ele>
      </trkpt>
      <trkpt lat="45.80187" lon="10.89722">
        <ele>1657.96</ele>
      </trkpt>
      <trkpt lat="45.80184" lon="10.89717">
        <ele>1657.13</ele>
      </trkpt>
      <trkpt lat="45.8018" lon="10.89712">
        <ele>1655.71</ele>
      </trkpt>
      <trkpt lat="45.80177" lon="10.89707">
        <ele>1655.04</ele>
      </trkpt>
      <trkpt lat="45.80172" lon="10.897">
        <ele>1653.74</ele>
      </trkpt>
      <trkpt lat="45.80168" lon="10.89695">
        <ele>1652.66</ele>
      </trkpt>
      <trkpt lat="45.80166" lon="10.89693">
        <ele>1652.16</ele>
      </trkpt>
      <trkpt lat="45.80164" lon="10.89691">
        <ele>1651.87</ele>
      </trkpt>
      <trkpt lat="45.80154" lon="10.89677">
        <ele>1651.72</ele>
      </trkpt>
      <trkpt lat="45.80145" lon="10.89663">
        <ele>1651.74</ele>
      </trkpt>
      <trkpt lat="45.80139" lon="10.89656">
        <ele>1650.36</ele>
      </trkpt>
      <trkpt lat="45.80134" lon="10.89648">
        <ele>1650.8</ele>
      </trkpt>
      <trkpt lat="45.80132" lon="10.89646">
        <ele>1650.67</ele>
      </trkpt>
      <trkpt lat="45.80126" lon="10.89637">
        <ele>1650.93</ele>
      </trkpt>
      <trkpt lat="45.80123" lon="10.89632">
        <ele>1651.8</ele>
      </trkpt>
      <trkpt lat="45.80119" lon="10.89627">
        <ele>1652.43</ele>
      </trkpt>
      <trkpt lat="45.80111" lon="10.89616">
        <ele>1654.23</ele>
      </trkpt>
      <trkpt lat="45.80097" lon="10.89596">
        <ele>1656.63</ele>
      </trkpt>
      <trkpt lat="45.80094" lon="10.89591">
        <ele>1656.71</ele>
      </trkpt>
      <trkpt lat="45.80082" lon="10.89579">
        <ele>1656.48</ele>
      </trkpt>
      <trkpt lat="45.80073" lon="10.89568">
        <ele>1659.33</ele>
      </trkpt>
      <trkpt lat="45.80071" lon="10.89565">
        <ele>1659.98</ele>
      </trkpt>
      <trkpt lat="45.80067" lon="10.8956">
        <ele>1660.84</ele>
      </trkpt>
      <trkpt lat="45.80063" lon="10.89554">
        <ele>1661.5</ele>
      </trkpt>
      <trkpt lat="45.80059" lon="10.89551">
        <ele>1660.93</ele>
      </trkpt>
      <trkpt lat="45.80057" lon="10.8955">
        <ele>1660.53</ele>
      </trkpt>
      <trkpt lat="45.80052" lon="10.89546">
        <ele>1659.53</ele>
      </trkpt>
      <trkpt lat="45.80045" lon="10.89543">
        <ele>1657.86</ele>
      </trkpt>
      <trkpt lat="45.80041" lon="10.8954">
        <ele>1656.77</ele>
      </trkpt>
      <trkpt lat="45.80038" lon="10.89538">
        <ele>1655.87</ele>
      </trkpt>
      <trkpt lat="45.80033" lon="10.89536">
        <ele>1654.36</ele>
      </trkpt>
      <trkpt lat="45.8003" lon="10.89535">
        <ele>1653.42</ele>
      </trkpt>
      <trkpt lat="45.80027" lon="10.89534">
        <ele>1652.57</ele>
      </trkpt>
      <trkpt lat="45.80022" lon="10.89532">
        <ele>1651.66</ele>
      </trkpt>
      <trkpt lat="45.80017" lon="10.8953">
        <ele>1650.72</ele>
      </trkpt>
      <trkpt lat="45.80012" lon="10.89528">
        <ele>1649.76</ele>
      </trkpt>
      <trkpt lat="45.80008" lon="10.89527">
        <ele>1649.2</ele>
      </trkpt>
      <trkpt lat="45.80005" lon="10.89526">
        <ele>1648.84</ele>
      </trkpt>
      <trkpt lat="45.80002" lon="10.89525">
        <ele>1648.48</ele>
      </trkpt>
      <trkpt lat="45.79999" lon="10.89523">
        <ele>1648.31</ele>
      </trkpt>
      <trkpt lat="45.79987" lon="10.89519">
        <ele>1648.16</ele>
      </trkpt>
      <trkpt lat="45.79983" lon="10.89515">
        <ele>1648.31</ele>
      </trkpt>
      <trkpt lat="45.7998" lon="10.89513">
        <ele>1648.34</ele>
      </trkpt>
      <trkpt lat="45.79976" lon="10.89508">
        <ele>1648.56</ele>
      </trkpt>
      <trkpt lat="45.79974" lon="10.89505">
        <ele>1648.7</ele>
      </trkpt>
      <trkpt lat="45.79969" lon="10.89499">
        <ele>1648.82</ele>
      </trkpt>
      <trkpt lat="45.79967" lon="10.89487">
        <ele>1649.36</ele>
      </trkpt>
      <trkpt lat="45.79965" lon="10.89483">
        <ele>1649.57</ele>
      </trkpt>
      <trkpt lat="45.79964" lon="10.89479">
        <ele>1649.84</ele>
      </trkpt>
      <trkpt lat="45.79963" lon="10.89473">
        <ele>1650.28</ele>
      </trkpt>
      <trkpt lat="45.79961" lon="10.89469">
        <ele>1650.33</ele>
      </trkpt>
      <trkpt lat="45.7996" lon="10.89463">
        <ele>1650.19</ele>
      </trkpt>
      <trkpt lat="45.79958" lon="10.89456">
        <ele>1649.9</ele>
      </trkpt>
      <trkpt lat="45.79957" lon="10.89452">
        <ele>1649.68</ele>
      </trkpt>
      <trkpt lat="45.79956" lon="10.89444">
        <ele>1649.2</ele>
      </trkpt>
      <trkpt lat="45.79953" lon="10.89435">
        <ele>1647.75</ele>
      </trkpt>
      <trkpt lat="45.79952" lon="10.89431">
        <ele>1647.05</ele>
      </trkpt>
      <trkpt lat="45.79949" lon="10.89427">
        <ele>1645.87</ele>
      </trkpt>
      <trkpt lat="45.79947" lon="10.89424">
        <ele>1644.93</ele>
      </trkpt>
      <trkpt lat="45.79945" lon="10.89412">
        <ele>1642.64</ele>
      </trkpt>
      <trkpt lat="45.79943" lon="10.89396">
        <ele>1640.52</ele>
      </trkpt>
      <trkpt lat="45.7994" lon="10.89386">
        <ele>1638.71</ele>
      </trkpt>
      <trkpt lat="45.79938" lon="10.89376">
        <ele>1636.74</ele>
      </trkpt>
      <trkpt lat="45.79935" lon="10.89366">
        <ele>1634.74</ele>
      </trkpt>
      <trkpt lat="45.79932" lon="10.8936">
        <ele>1633.44</ele>
      </trkpt>
      <trkpt lat="45.79931" lon="10.89357">
        <ele>1632.74</ele>
      </trkpt>
      <trkpt lat="45.79929" lon="10.89337">
        <ele>1628.51</ele>
      </trkpt>
      <trkpt lat="45.79927" lon="10.8932">
        <ele>1624.13</ele>
      </trkpt>
      <trkpt lat="45.79926" lon="10.89313">
        <ele>1622.22</ele>
      </trkpt>
      <trkpt lat="45.79926" lon="10.89298">
        <ele>1618.08</ele>
      </trkpt>
      <trkpt lat="45.79926" lon="10.8929">
        <ele>1615.68</ele>
      </trkpt>
      <trkpt lat="45.79927" lon="10.89286">
        <ele>1614.59</ele>
      </trkpt>
      <trkpt lat="45.7993" lon="10.89269">
        <ele>1610.54</ele>
      </trkpt>
      <trkpt lat="45.79937" lon="10.89258">
        <ele>1608.92</ele>
      </trkpt>
      <trkpt lat="45.79939" lon="10.89255">
        <ele>1608.49</ele>
      </trkpt>
      <trkpt lat="45.79942" lon="10.89252">
        <ele>1608.17</ele>
      </trkpt>
      <trkpt lat="45.79939" lon="10.89251">
        <ele>1607.63</ele>
      </trkpt>
      <trkpt lat="45.79933" lon="10.89254">
        <ele>1607.63</ele>
      </trkpt>
      <trkpt lat="45.79923" lon="10.89262">
        <ele>1608.28</ele>
      </trkpt>
      <trkpt lat="45.7992" lon="10.89264">
        <ele>1608.38</ele>
      </trkpt>
      <trkpt lat="45.79918" lon="10.89267">
        <ele>1608.82</ele>
      </trkpt>
      <trkpt lat="45.79914" lon="10.89271">
        <ele>1609.06</ele>
      </trkpt>
      <trkpt lat="45.79909" lon="10.89277">
        <ele>1609.45</ele>
      </trkpt>
      <trkpt lat="45.79905" lon="10.89281">
        <ele>1609.73</ele>
      </trkpt>
      <trkpt lat="45.79896" lon="10.89302">
        <ele>1612.96</ele>
      </trkpt>
      <trkpt lat="45.79894" lon="10.89309">
        <ele>1614.16</ele>
      </trkpt>
      <trkpt lat="45.79891" lon="10.89315">
        <ele>1614.91</ele>
      </trkpt>
      <trkpt lat="45.79889" lon="10.89319">
        <ele>1615.42</ele>
      </trkpt>
      <trkpt lat="45.79887" lon="10.89329">
        <ele>1617.44</ele>
      </trkpt>
      <trkpt lat="45.79885" lon="10.89337">
        <ele>1618.91</ele>
      </trkpt>
      <trkpt lat="45.79881" lon="10.89348">
        <ele>1620.41</ele>
      </trkpt>
      <trkpt lat="45.79877" lon="10.89365">
        <ele>1622.55</ele>
      </trkpt>
      <trkpt lat="45.79873" lon="10.8937">
        <ele>1621.86</ele>
      </trkpt>
      <trkpt lat="45.79871" lon="10.89377">
        <ele>1622.08</ele>
      </trkpt>
      <trkpt lat="45.79867" lon="10.89385">
        <ele>1621.98</ele>
      </trkpt>
      <trkpt lat="45.79863" lon="10.89391">
        <ele>1621.62</ele>
      </trkpt>
      <trkpt lat="45.7986" lon="10.89394">
        <ele>1621.3</ele>
      </trkpt>
      <trkpt lat="45.79859" lon="10.89398">
        <ele>1621.55</ele>
      </trkpt>
      <trkpt lat="45.79855" lon="10.89398">
        <ele>1621.36</ele>
      </trkpt>
      <trkpt lat="45.7985" lon="10.89399">
        <ele>1621.22</ele>
      </trkpt>
      <trkpt lat="45.79844" lon="10.894">
        <ele>1621.06</ele>
      </trkpt>
      <trkpt lat="45.7984" lon="10.89401">
        <ele>1621.01</ele>
      </trkpt>
      <trkpt lat="45.79836" lon="10.89403">
        <ele>1621.13</ele>
      </trkpt>
      <trkpt lat="45.79833" lon="10.89408">
        <ele>1621.84</ele>
      </trkpt>
      <trkpt lat="45.7983" lon="10.89409">
        <ele>1622.77</ele>
      </trkpt>
      <trkpt lat="45.79826" lon="10.8941">
        <ele>1623.95</ele>
      </trkpt>
      <trkpt lat="45.79823" lon="10.8941">
        <ele>1624.73</ele>
      </trkpt>
      <trkpt lat="45.79817" lon="10.8941">
        <ele>1626.3</ele>
      </trkpt>
      <trkpt lat="45.79814" lon="10.89409">
        <ele>1626.96</ele>
      </trkpt>
      <trkpt lat="45.79811" lon="10.89408">
        <ele>1627.63</ele>
      </trkpt>
      <trkpt lat="45.79804" lon="10.89404">
        <ele>1629.44</ele>
      </trkpt>
      <trkpt lat="45.798" lon="10.89403">
        <ele>1631.42</ele>
      </trkpt>
      <trkpt lat="45.79797" lon="10.89403">
        <ele>1632.99</ele>
      </trkpt>
      <trkpt lat="45.79793" lon="10.89401">
        <ele>1634.89</ele>
      </trkpt>
      <trkpt lat="45.7979" lon="10.894">
        <ele>1636.38</ele>
      </trkpt>
      <trkpt lat="45.79787" lon="10.89399">
        <ele>1637.87</ele>
      </trkpt>
      <trkpt lat="45.79784" lon="10.89397">
        <ele>1639.29</ele>
      </trkpt>
      <trkpt lat="45.7978" lon="10.89394">
        <ele>1641.18</ele>
      </trkpt>
      <trkpt lat="45.79776" lon="10.89391">
        <ele>1643.0</ele>
      </trkpt>
      <trkpt lat="45.79773" lon="10.89389">
        <ele>1644.25</ele>
      </trkpt>
      <trkpt lat="45.79769" lon="10.89387">
        <ele>1645.75</ele>
      </trkpt>
      <trkpt lat="45.79766" lon="10.89386">
        <ele>1646.92</ele>
      </trkpt>
      <trkpt lat="45.7976" lon="10.89385">
        <ele>1649.4</ele>
      </trkpt>
      <trkpt lat="45.79753" lon="10.89384">
        <ele>1652.26</ele>
      </trkpt>
      <trkpt lat="45.79749" lon="10.89384">
        <ele>1654.01</ele>
      </trkpt>
      <trkpt lat="45.79746" lon="10.89384">
        <ele>1655.27</ele>
      </trkpt>
      <trkpt lat="45.79743" lon="10.89385">
        <ele>1656.83</ele>
      </trkpt>
      <trkpt lat="45.7974" lon="10.89386">
        <ele>1658.41</ele>
      </trkpt>
      <trkpt lat="45.79736" lon="10.89387">
        <ele>1660.44</ele>
      </trkpt>
      <trkpt lat="45.79733" lon="10.89389">
        <ele>1662.38</ele>
      </trkpt>
      <trkpt lat="45.7973" lon="10.89391">
        <ele>1664.31</ele>
      </trkpt>
      <trkpt lat="45.79727" lon="10.89392">
        <ele>1665.98</ele>
      </trkpt>
      <trkpt lat="45.79724" lon="10.89394">
        <ele>1668.02</ele>
      </trkpt>
      <trkpt lat="45.79721" lon="10.89395">
        <ele>1669.57</ele>
      </trkpt>
      <trkpt lat="45.79716" lon="10.89395">
        <ele>1671.09</ele>
      </trkpt>
      <trkpt lat="45.79713" lon="10.89396">
        <ele>1672.39</ele>
      </trkpt>
      <trkpt lat="45.7971" lon="10.89399">
        <ele>1674.48</ele>
      </trkpt>
      <trkpt lat="45.7971" lon="10.89405">
        <ele>1676.83</ele>
      </trkpt>
      <trkpt lat="45.79711" lon="10.89411">
        <ele>1678.84</ele>
      </trkpt>
      <trkpt lat="45.79706" lon="10.89414">
        <ele>1681.77</ele>
      </trkpt>
      <trkpt lat="45.79703" lon="10.89414">
        <ele>1682.83</ele>
      </trkpt>
      <trkpt lat="45.79699" lon="10.89414">
        <ele>1684.24</ele>
      </trkpt>
      <trkpt lat="45.79695" lon="10.89413">
        <ele>1685.22</ele>
      </trkpt>
      <trkpt lat="45.79689" lon="10.89413">
        <ele>1686.41</ele>
      </trkpt>
      <trkpt lat="45.79685" lon="10.89413">
        <ele>1687.14</ele>
      </trkpt>
      <trkpt lat="45.79679" lon="10.89414">
        <ele>1688.5</ele>
      </trkpt>
      <trkpt lat="45.79675" lon="10.89414">
        <ele>1689.19</ele>
      </trkpt>
      <trkpt lat="45.79672" lon="10.89415">
        <ele>1689.9</ele>
      </trkpt>
      <trkpt lat="45.79668" lon="10.89415">
        <ele>1690.54</ele>
      </trkpt>
      <trkpt lat="45.79664" lon="10.89415">
        <ele>1691.61</ele>
      </trkpt>
      <trkpt lat="45.7966" lon="10.89415">
        <ele>1692.89</ele>
      </trkpt>
      <trkpt lat="45.79656" lon="10.89415">
        <ele>1694.17</ele>
      </trkpt>
      <trkpt lat="45.79651" lon="10.89415">
        <ele>1695.77</ele>
      </trkpt>
      <trkpt lat="45.79648" lon="10.89414">
        <ele>1696.53</ele>
      </trkpt>
      <trkpt lat="45.79644" lon="10.89413">
        <ele>1697.6</ele>
      </trkpt>
      <trkpt lat="45.7964" lon="10.89412">
        <ele>1698.65</ele>
      </trkpt>
      <trkpt lat="45.79634" lon="10.89409">
        <ele>1698.52</ele>
      </trkpt>
      <trkpt lat="45.79629" lon="10.89408">
        <ele>1698.48</ele>
      </trkpt>
      <trkpt lat="45.79625" lon="10.89405">
        <ele>1697.98</ele>
      </trkpt>
      <trkpt lat="45.7962" lon="10.89404">
        <ele>1697.94</ele>
      </trkpt>
      <trkpt lat="45.79617" lon="10.89403">
        <ele>1697.84</ele>
      </trkpt>
      <trkpt lat="45.79613" lon="10.89401">
        <ele>1697.55</ele>
      </trkpt>
      <trkpt lat="45.7961" lon="10.89401">
        <ele>1697.43</ele>
      </trkpt>
      <trkpt lat="45.79607" lon="10.894">
        <ele>1696.72</ele>
      </trkpt>
      <trkpt lat="45.79604" lon="10.89399">
        <ele>1696.0</ele>
      </trkpt>
      <trkpt lat="45.79601" lon="10.89399">
        <ele>1695.5</ele>
      </trkpt>
      <trkpt lat="45.79597" lon="10.89398">
        <ele>1694.59</ele>
      </trkpt>
      <trkpt lat="45.79592" lon="10.89396">
        <ele>1693.27</ele>
      </trkpt>
      <trkpt lat="45.79589" lon="10.89396">
        <ele>1692.76</ele>
      </trkpt>
      <trkpt lat="45.79583" lon="10.89396">
        <ele>1691.72</ele>
      </trkpt>
      <trkpt lat="45.79579" lon="10.89397">
        <ele>1691.13</ele>
      </trkpt>
      <trkpt lat="45.79572" lon="10.89399">
        <ele>1690.06</ele>
      </trkpt>
      <trkpt lat="45.79568" lon="10.89402">
        <ele>1689.76</ele>
      </trkpt>
      <trkpt lat="45.79566" lon="10.89406">
        <ele>1690.04</ele>
      </trkpt>
      <trkpt lat="45.79563" lon="10.89412">
        <ele>1690.34</ele>
      </trkpt>
      <trkpt lat="45.79562" lon="10.89419">
        <ele>1690.79</ele>
      </trkpt>
      <trkpt lat="45.7956" lon="10.89425">
        <ele>1690.03</ele>
      </trkpt>
      <trkpt lat="45.79557" lon="10.8943">
        <ele>1688.96</ele>
      </trkpt>
      <trkpt lat="45.79553" lon="10.89436">
        <ele>1687.92</ele>
      </trkpt>
      <trkpt lat="45.7955" lon="10.89438">
        <ele>1687.45</ele>
      </trkpt>
      <trkpt lat="45.79545" lon="10.89448">
        <ele>1686.6</ele>
      </trkpt>
      <trkpt lat="45.79536" lon="10.89459">
        <ele>1684.84</ele>
      </trkpt>
      <trkpt lat="45.79531" lon="10.89465">
        <ele>1683.87</ele>
      </trkpt>
      <trkpt lat="45.79526" lon="10.8947">
        <ele>1682.9</ele>
      </trkpt>
      <trkpt lat="45.79522" lon="10.89474">
        <ele>1682.0</ele>
      </trkpt>
      <trkpt lat="45.79516" lon="10.89479">
        <ele>1680.78</ele>
      </trkpt>
      <trkpt lat="45.79512" lon="10.89484">
        <ele>1679.94</ele>
      </trkpt>
      <trkpt lat="45.79506" lon="10.8949">
        <ele>1678.95</ele>
      </trkpt>
      <trkpt lat="45.79502" lon="10.89494">
        <ele>1678.39</ele>
      </trkpt>
      <trkpt lat="45.79498" lon="10.89496">
        <ele>1677.73</ele>
      </trkpt>
      <trkpt lat="45.79495" lon="10.89498">
        <ele>1677.02</ele>
      </trkpt>
      <trkpt lat="45.79488" lon="10.89508">
        <ele>1675.12</ele>
      </trkpt>
      <trkpt lat="45.79484" lon="10.89513">
        <ele>1674.08</ele>
      </trkpt>
      <trkpt lat="45.79478" lon="10.89518">
        <ele>1672.6</ele>
      </trkpt>
      <trkpt lat="45.79473" lon="10.89522">
        <ele>1671.38</ele>
      </trkpt>
      <trkpt lat="45.79469" lon="10.89524">
        <ele>1670.79</ele>
      </trkpt>
      <trkpt lat="45.79456" lon="10.89535">
        <ele>1669.55</ele>
      </trkpt>
      <trkpt lat="45.79448" lon="10.89539">
        <ele>1669.09</ele>
      </trkpt>
      <trkpt lat="45.79446" lon="10.89541">
        <ele>1669.07</ele>
      </trkpt>
      <trkpt lat="45.79442" lon="10.89544">
        <ele>1669.01</ele>
      </trkpt>
      <trkpt lat="45.79433" lon="10.89554">
        <ele>1668.72</ele>
      </trkpt>
      <trkpt lat="45.7943" lon="10.89557">
        <ele>1668.54</ele>
      </trkpt>
      <trkpt lat="45.79426" lon="10.8956">
        <ele>1668.28</ele>
      </trkpt>
      <trkpt lat="45.79424" lon="10.89562">
        <ele>1668.15</ele>
      </trkpt>
      <trkpt lat="45.79421" lon="10.89565">
        <ele>1667.91</ele>
      </trkpt>
      <trkpt lat="45.79415" lon="10.89568">
        <ele>1667.69</ele>
      </trkpt>
      <trkpt lat="45.7941" lon="10.89569">
        <ele>1668.45</ele>
      </trkpt>
      <trkpt lat="45.79406" lon="10.89569">
        <ele>1669.03</ele>
      </trkpt>
      <trkpt lat="45.79399" lon="10.89569">
        <ele>1670.05</ele>
      </trkpt>
      <trkpt lat="45.79396" lon="10.89568">
        <ele>1670.5</ele>
      </trkpt>
      <trkpt lat="45.79388" lon="10.89565">
        <ele>1671.96</ele>
      </trkpt>
      <trkpt lat="45.79382" lon="10.89561">
        <ele>1674.08</ele>
      </trkpt>
      <trkpt lat="45.79378" lon="10.89559">
        <ele>1675.45</ele>
      </trkpt>
      <trkpt lat="45.79374" lon="10.89558">
        <ele>1676.78</ele>
      </trkpt>
      <trkpt lat="45.7937" lon="10.89556">
        <ele>1678.11</ele>
      </trkpt>
      <trkpt lat="45.79364" lon="10.89554">
        <ele>1679.92</ele>
      </trkpt>
      <trkpt lat="45.7936" lon="10.89551">
        <ele>1680.48</ele>
      </trkpt>
      <trkpt lat="45.79358" lon="10.89548">
        <ele>1680.13</ele>
      </trkpt>
      <trkpt lat="45.79356" lon="10.89544">
        <ele>1679.72</ele>
      </trkpt>
      <trkpt lat="45.79353" lon="10.89532">
        <ele>1678.66</ele>
      </trkpt>
      <trkpt lat="45.79347" lon="10.89521">
        <ele>1677.9</ele>
      </trkpt>
      <trkpt lat="45.79345" lon="10.89515">
        <ele>1677.54</ele>
      </trkpt>
      <trkpt lat="45.79342" lon="10.89513">
        <ele>1677.66</ele>
      </trkpt>
      <trkpt lat="45.79339" lon="10.8951">
        <ele>1677.76</ele>
      </trkpt>
      <trkpt lat="45.79336" lon="10.89508">
        <ele>1677.99</ele>
      </trkpt>
      <trkpt lat="45.79334" lon="10.89505">
        <ele>1678.1</ele>
      </trkpt>
      <trkpt lat="45.7933" lon="10.89502">
        <ele>1678.77</ele>
      </trkpt>
      <trkpt lat="45.79326" lon="10.89499">
        <ele>1679.53</ele>
      </trkpt>
      <trkpt lat="45.79318" lon="10.89497">
        <ele>1681.08</ele>
      </trkpt>
      <trkpt lat="45.79315" lon="10.89495">
        <ele>1681.54</ele>
      </trkpt>
      <trkpt lat="45.79311" lon="10.89493">
        <ele>1682.17</ele>
      </trkpt>
      <trkpt lat="45.79307" lon="10.89491">
        <ele>1682.75</ele>
      </trkpt>
      <trkpt lat="45.79301" lon="10.89488">
        <ele>1682.38</ele>
      </trkpt>
      <trkpt lat="45.79299" lon="10.89485">
        <ele>1681.91</ele>
      </trkpt>
      <trkpt lat="45.79295" lon="10.8948">
        <ele>1681.08</ele>
      </trkpt>
      <trkpt lat="45.79292" lon="10.89477">
        <ele>1680.54</ele>
      </trkpt>
      <trkpt lat="45.7929" lon="10.89475">
        <ele>1680.18</ele>
      </trkpt>
      <trkpt lat="45.79286" lon="10.89474">
        <ele>1679.78</ele>
      </trkpt>
      <trkpt lat="45.79283" lon="10.89472">
        <ele>1679.35</ele>
      </trkpt>
      <trkpt lat="45.79278" lon="10.89469">
        <ele>1678.67</ele>
      </trkpt>
      <trkpt lat="45.7927" lon="10.89465">
        <ele>1679.62</ele>
      </trkpt>
      <trkpt lat="45.79263" lon="10.89458">
        <ele>1680.12</ele>
      </trkpt>
      <trkpt lat="45.79261" lon="10.89455">
        <ele>1680.16</ele>
      </trkpt>
      <trkpt lat="45.79253" lon="10.8945">
        <ele>1681.06</ele>
      </trkpt>
      <trkpt lat="45.79246" lon="10.89446">
        <ele>1682.04</ele>
      </trkpt>
      <trkpt lat="45.79242" lon="10.89445">
        <ele>1682.79</ele>
      </trkpt>
      <trkpt lat="45.79238" lon="10.89443">
        <ele>1683.49</ele>
      </trkpt>
      <trkpt lat="45.79234" lon="10.89442">
        <ele>1684.28</ele>
      </trkpt>
      <trkpt lat="45.79231" lon="10.89442">
        <ele>1684.93</ele>
      </trkpt>
      <trkpt lat="45.79222" lon="10.8944">
        <ele>1686.73</ele>
      </trkpt>
      <trkpt lat="45.79213" lon="10.8944">
        <ele>1688.62</ele>
      </trkpt>
      <trkpt lat="45.79206" lon="10.89439">
        <ele>1690.0</ele>
      </trkpt>
      <trkpt lat="45.792" lon="10.89438">
        <ele>1691.15</ele>
      </trkpt>
      <trkpt lat="45.79192" lon="10.89436">
        <ele>1692.03</ele>
      </trkpt>
      <trkpt lat="45.79189" lon="10.89436">
        <ele>1691.95</ele>
      </trkpt>
      <trkpt lat="45.79185" lon="10.89435">
        <ele>1691.76</ele>
      </trkpt>
      <trkpt lat="45.79177" lon="10.89435">
        <ele>1691.57</ele>
      </trkpt>
      <trkpt lat="45.79174" lon="10.89435">
        <ele>1691.49</ele>
      </trkpt>
      <trkpt lat="45.79165" lon="10.89436">
        <ele>1690.78</ele>
      </trkpt>
      <trkpt lat="45.79159" lon="10.89437">
        <ele>1688.68</ele>
      </trkpt>
      <trkpt lat="45.79156" lon="10.8944">
        <ele>1687.98</ele>
      </trkpt>
      <trkpt lat="45.79154" lon="10.89443">
        <ele>1687.7</ele>
      </trkpt>
      <trkpt lat="45.79148" lon="10.89446">
        <ele>1686.34</ele>
      </trkpt>
      <trkpt lat="45.79146" lon="10.89449">
        <ele>1686.45</ele>
      </trkpt>
      <trkpt lat="45.79144" lon="10.89462">
        <ele>1689.08</ele>
      </trkpt>
      <trkpt lat="45.79143" lon="10.89476">
        <ele>1692.46</ele>
      </trkpt>
      <trkpt lat="45.79143" lon="10.89486">
        <ele>1695.43</ele>
      </trkpt>
      <trkpt lat="45.79142" lon="10.89492">
        <ele>1697.02</ele>
      </trkpt>
      <trkpt lat="45.79142" lon="10.89499">
        <ele>1699.14</ele>
      </trkpt>
      <trkpt lat="45.79141" lon="10.8951">
        <ele>1699.75</ele>
      </trkpt>
      <trkpt lat="45.79141" lon="10.89515">
        <ele>1699.97</ele>
      </trkpt>
      <trkpt lat="45.7914" lon="10.89523">
        <ele>1700.09</ele>
      </trkpt>
      <trkpt lat="45.7914" lon="10.89535">
        <ele>1700.28</ele>
      </trkpt>
      <trkpt lat="45.7914" lon="10.89544">
        <ele>1700.28</ele>
      </trkpt>
      <trkpt lat="45.79139" lon="10.89551">
        <ele>1700.03</ele>
      </trkpt>
      <trkpt lat="45.79139" lon="10.89557">
        <ele>1700.03</ele>
      </trkpt>
      <trkpt lat="45.79138" lon="10.89563">
        <ele>1699.5</ele>
      </trkpt>
      <trkpt lat="45.79138" lon="10.89583">
        <ele>1699.46</ele>
      </trkpt>
      <trkpt lat="45.79137" lon="10.89604">
        <ele>1697.51</ele>
      </trkpt>
      <trkpt lat="45.79137" lon="10.89609">
        <ele>1697.18</ele>
      </trkpt>
      <trkpt lat="45.79137" lon="10.89614">
        <ele>1696.39</ele>
      </trkpt>
      <trkpt lat="45.79137" lon="10.89627">
        <ele>1693.42</ele>
      </trkpt>
      <trkpt lat="45.79137" lon="10.89639">
        <ele>1690.7</ele>
      </trkpt>
      <trkpt lat="45.79138" lon="10.89645">
        <ele>1691.16</ele>
      </trkpt>
      <trkpt lat="45.79138" lon="10.89658">
        <ele>1690.68</ele>
      </trkpt>
      <trkpt lat="45.79137" lon="10.89662">
        <ele>1689.82</ele>
      </trkpt>
      <trkpt lat="45.79137" lon="10.89667">
        <ele>1689.64</ele>
      </trkpt>
      <trkpt lat="45.79137" lon="10.89671">
        <ele>1689.65</ele>
      </trkpt>
      <trkpt lat="45.79135" lon="10.89675">
        <ele>1688.24</ele>
      </trkpt>
      <trkpt lat="45.79135" lon="10.89681">
        <ele>1688.27</ele>
      </trkpt>
      <trkpt lat="45.79135" lon="10.89687">
        <ele>1688.3</ele>
      </trkpt>
      <trkpt lat="45.79134" lon="10.89692">
        <ele>1687.64</ele>
      </trkpt>
      <trkpt lat="45.79134" lon="10.89698">
        <ele>1686.81</ele>
      </trkpt>
      <trkpt lat="45.79134" lon="10.89716">
        <ele>1682.5</ele>
      </trkpt>
      <trkpt lat="45.79134" lon="10.89735">
        <ele>1682.17</ele>
      </trkpt>
      <trkpt lat="45.79133" lon="10.89745">
        <ele>1682.56</ele>
      </trkpt>
      <trkpt lat="45.79132" lon="10.89749">
        <ele>1682.43</ele>
      </trkpt>
      <trkpt lat="45.79131" lon="10.89754">
        <ele>1681.02</ele>
      </trkpt>
      <trkpt lat="45.79129" lon="10.89762">
        <ele>1677.78</ele>
      </trkpt>
      <trkpt lat="45.79125" lon="10.89775">
        <ele>1671.35</ele>
      </trkpt>
      <trkpt lat="45.79122" lon="10.89783">
        <ele>1668.98</ele>
      </trkpt>
      <trkpt lat="45.79116" lon="10.89783">
        <ele>1664.45</ele>
      </trkpt>
      <trkpt lat="45.79109" lon="10.89783">
        <ele>1660.19</ele>
      </trkpt>
      <trkpt lat="45.79106" lon="10.89783">
        <ele>1659.39</ele>
      </trkpt>
      <trkpt lat="45.79104" lon="10.8978">
        <ele>1658.49</ele>
      </trkpt>
      <trkpt lat="45.79103" lon="10.8977">
        <ele>1660.5</ele>
      </trkpt>
      <trkpt lat="45.79102" lon="10.89764">
        <ele>1662.03</ele>
      </trkpt>
      <trkpt lat="45.79101" lon="10.89754">
        <ele>1664.61</ele>
      </trkpt>
      <trkpt lat="45.791" lon="10.89744">
        <ele>1664.55</ele>
      </trkpt>
      <trkpt lat="45.79099" lon="10.8974">
        <ele>1663.57</ele>
      </trkpt>
      <trkpt lat="45.79097" lon="10.89728">
        <ele>1661.42</ele>
      </trkpt>
      <trkpt lat="45.79086" lon="10.89707">
        <ele>1657.41</ele>
      </trkpt>
      <trkpt lat="45.79082" lon="10.89703">
        <ele>1655.74</ele>
      </trkpt>
      <trkpt lat="45.79077" lon="10.89697">
        <ele>1653.67</ele>
      </trkpt>
      <trkpt lat="45.79075" lon="10.89689">
        <ele>1654.23</ele>
      </trkpt>
      <trkpt lat="45.79073" lon="10.89676">
        <ele>1656.69</ele>
      </trkpt>
      <trkpt lat="45.79072" lon="10.89671">
        <ele>1657.54</ele>
      </trkpt>
      <trkpt lat="45.79071" lon="10.89667">
        <ele>1658.14</ele>
      </trkpt>
      <trkpt lat="45.7907" lon="10.89661">
        <ele>1657.46</ele>
      </trkpt>
      <trkpt lat="45.79068" lon="10.89658">
        <ele>1656.34</ele>
      </trkpt>
      <trkpt lat="45.79065" lon="10.89657">
        <ele>1654.84</ele>
      </trkpt>
      <trkpt lat="45.7906" lon="10.89657">
        <ele>1652.44</ele>
      </trkpt>
      <trkpt lat="45.79058" lon="10.8966">
        <ele>1651.69</ele>
      </trkpt>
      <trkpt lat="45.79055" lon="10.89666">
        <ele>1650.71</ele>
      </trkpt>
      <trkpt lat="45.79053" lon="10.89673">
        <ele>1648.2</ele>
      </trkpt>
      <trkpt lat="45.79048" lon="10.89686">
        <ele>1643.3</ele>
      </trkpt>
      <trkpt lat="45.79041" lon="10.897">
        <ele>1639.44</ele>
      </trkpt>
      <trkpt lat="45.79039" lon="10.89703">
        <ele>1638.69</ele>
      </trkpt>
      <trkpt lat="45.79037" lon="10.89707">
        <ele>1637.78</ele>
      </trkpt>
      <trkpt lat="45.79035" lon="10.89712">
        <ele>1636.69</ele>
      </trkpt>
      <trkpt lat="45.79033" lon="10.89725">
        <ele>1634.29</ele>
      </trkpt>
      <trkpt lat="45.79033" lon="10.89731">
        <ele>1633.02</ele>
      </trkpt>
      <trkpt lat="45.79034" lon="10.89739">
        <ele>1631.82</ele>
      </trkpt>
      <trkpt lat="45.79036" lon="10.89744">
        <ele>1631.86</ele>
      </trkpt>
      <trkpt lat="45.79038" lon="10.8975">
        <ele>1631.89</ele>
      </trkpt>
      <trkpt lat="45.79038" lon="10.89765">
        <ele>1627.88</ele>
      </trkpt>
      <trkpt lat="45.79039" lon="10.89777">
        <ele>1625.49</ele>
      </trkpt>
      <trkpt lat="45.7904" lon="10.89784">
        <ele>1624.18</ele>
      </trkpt>
      <trkpt lat="45.79044" lon="10.89795">
        <ele>1624.32</ele>
      </trkpt>
      <trkpt lat="45.79046" lon="10.89807">
        <ele>1622.64</ele>
      </trkpt>
      <trkpt lat="45.79048" lon="10.89814">
        <ele>1622.5</ele>
      </trkpt>
      <trkpt lat="45.79049" lon="10.89818">
        <ele>1622.28</ele>
      </trkpt>
      <trkpt lat="45.79051" lon="10.89826">
        <ele>1621.85</ele>
      </trkpt>
      <trkpt lat="45.79052" lon="10.89838">
        <ele>1619.25</ele>
      </trkpt>
      <trkpt lat="45.79053" lon="10.89843">
        <ele>1618.6</ele>
      </trkpt>
      <trkpt lat="45.79054" lon="10.89847">
        <ele>1618.23</ele>
      </trkpt>
      <trkpt lat="45.79056" lon="10.89853">
        <ele>1618.15</ele>
      </trkpt>
      <trkpt lat="45.79059" lon="10.89871">
        <ele>1615.26</ele>
      </trkpt>
      <trkpt lat="45.79061" lon="10.89879">
        <ele>1614.64</ele>
      </trkpt>
      <trkpt lat="45.79062" lon="10.8989">
        <ele>1612.02</ele>
      </trkpt>
      <trkpt lat="45.79063" lon="10.89894">
        <ele>1612.99</ele>
      </trkpt>
      <trkpt lat="45.79064" lon="10.89913">
        <ele>1613.02</ele>
      </trkpt>
      <trkpt lat="45.79065" lon="10.89921">
        <ele>1614.33</ele>
      </trkpt>
      <trkpt lat="45.79066" lon="10.89931">
        <ele>1615.92</ele>
      </trkpt>
      <trkpt lat="45.79066" lon="10.89939">
        <ele>1615.99</ele>
      </trkpt>
      <trkpt lat="45.79066" lon="10.89943">
        <ele>1616.03</ele>
      </trkpt>
      <trkpt lat="45.79066" lon="10.89952">
        <ele>1613.76</ele>
      </trkpt>
      <trkpt lat="45.79065" lon="10.89956">
        <ele>1611.25</ele>
      </trkpt>
      <trkpt lat="45.79064" lon="10.89962">
        <ele>1608.27</ele>
      </trkpt>
      <trkpt lat="45.79061" lon="10.89992">
        <ele>1600.11</ele>
      </trkpt>
      <trkpt lat="45.7906" lon="10.89998">
        <ele>1598.7</ele>
      </trkpt>
      <trkpt lat="45.79059" lon="10.90011">
        <ele>1596.79</ele>
      </trkpt>
      <trkpt lat="45.79058" lon="10.90015">
        <ele>1595.71</ele>
      </trkpt>
      <trkpt lat="45.79057" lon="10.90024">
        <ele>1594.28</ele>
      </trkpt>
      <trkpt lat="45.79056" lon="10.90029">
        <ele>1593.31</ele>
      </trkpt>
      <trkpt lat="45.79055" lon="10.90044">
        <ele>1592.77</ele>
      </trkpt>
      <trkpt lat="45.79055" lon="10.90048">
        <ele>1592.77</ele>
      </trkpt>
      <trkpt lat="45.79054" lon="10.90058">
        <ele>1592.22</ele>
      </trkpt>
      <trkpt lat="45.79053" lon="10.90065">
        <ele>1591.37</ele>
      </trkpt>
      <trkpt lat="45.79052" lon="10.90081">
        <ele>1589.99</ele>
      </trkpt>
      <trkpt lat="45.79051" lon="10.90101">
        <ele>1587.82</ele>
      </trkpt>
      <trkpt lat="45.7905" lon="10.90108">
        <ele>1586.89</ele>
      </trkpt>
      <trkpt lat="45.79049" lon="10.90112">
        <ele>1586.3</ele>
      </trkpt>
      <trkpt lat="45.79049" lon="10.90134">
        <ele>1585.18</ele>
      </trkpt>
      <trkpt lat="45.79049" lon="10.9014">
        <ele>1584.74</ele>
      </trkpt>
      <trkpt lat="45.79049" lon="10.9015">
        <ele>1583.03</ele>
      </trkpt>
      <trkpt lat="45.79049" lon="10.90158">
        <ele>1581.65</ele>
      </trkpt>
      <trkpt lat="45.79049" lon="10.9017">
        <ele>1579.63</ele>
      </trkpt>
      <trkpt lat="45.7905" lon="10.9018">
        <ele>1578.49</ele>
      </trkpt>
      <trkpt lat="45.7905" lon="10.90187">
        <ele>1577.38</ele>
      </trkpt>
      <trkpt lat="45.79049" lon="10.90198">
        <ele>1575.09</ele>
      </trkpt>
      <trkpt lat="45.79048" lon="10.90205">
        <ele>1573.4</ele>
      </trkpt>
      <trkpt lat="45.79045" lon="10.90208">
        <ele>1571.43</ele>
      </trkpt>
      <trkpt lat="45.79042" lon="10.90204">
        <ele>1570.62</ele>
      </trkpt>
      <trkpt lat="45.7904" lon="10.90191">
        <ele>1571.79</ele>
      </trkpt>
      <trkpt lat="45.79038" lon="10.90188">
        <ele>1571.37</ele>
      </trkpt>
      <trkpt lat="45.7903" lon="10.90186">
        <ele>1567.9</ele>
      </trkpt>
      <trkpt lat="45.79024" lon="10.90184">
        <ele>1564.84</ele>
      </trkpt>
      <trkpt lat="45.79021" lon="10.90179">
        <ele>1563.92</ele>
      </trkpt>
      <trkpt lat="45.79019" lon="10.90167">
        <ele>1564.93</ele>
      </trkpt>
      <trkpt lat="45.79016" lon="10.90157">
        <ele>1564.63</ele>
      </trkpt>
      <trkpt lat="45.79013" lon="10.90156">
        <ele>1562.84</ele>
      </trkpt>
      <trkpt lat="45.79009" lon="10.90161">
        <ele>1559.25</ele>
      </trkpt>
      <trkpt lat="45.79008" lon="10.90165">
        <ele>1557.8</ele>
      </trkpt>
      <trkpt lat="45.79007" lon="10.90173">
        <ele>1555.76</ele>
      </trkpt>
      <trkpt lat="45.79006" lon="10.90177">
        <ele>1554.46</ele>
      </trkpt>
      <trkpt lat="45.79004" lon="10.90184">
        <ele>1552.06</ele>
      </trkpt>
      <trkpt lat="45.79003" lon="10.902">
        <ele>1548.5</ele>
      </trkpt>
      <trkpt lat="45.79003" lon="10.90204">
        <ele>1547.54</ele>
      </trkpt>
      <trkpt lat="45.79003" lon="10.90215">
        <ele>1544.9</ele>
      </trkpt>
      <trkpt lat="45.79003" lon="10.90232">
        <ele>1542.81</ele>
      </trkpt>
      <trkpt lat="45.79005" lon="10.90256">
        <ele>1543.92</ele>
      </trkpt>
      <trkpt lat="45.79008" lon="10.90259">
        <ele>1546.13</ele>
      </trkpt>
      <trkpt lat="45.7901" lon="10.90262">
        <ele>1547.6</ele>
      </trkpt>
      <trkpt lat="45.79013" lon="10.9027">
        <ele>1549.79</ele>
      </trkpt>
      <trkpt lat="45.79014" lon="10.90275">
        <ele>1550.52</ele>
      </trkpt>
      <trkpt lat="45.79016" lon="10.90285">
        <ele>1550.07</ele>
      </trkpt>
      <trkpt lat="45.79016" lon="10.90302">
        <ele>1546.03</ele>
      </trkpt>
      <trkpt lat="45.79017" lon="10.90306">
        <ele>1545.46</ele>
      </trkpt>
      <trkpt lat="45.79017" lon="10.90318">
        <ele>1544.16</ele>
      </trkpt>
      <trkpt lat="45.79018" lon="10.90327">
        <ele>1543.52</ele>
      </trkpt>
      <trkpt lat="45.79018" lon="10.90332">
        <ele>1542.98</ele>
      </trkpt>
      <trkpt lat="45.79018" lon="10.90347">
        <ele>1540.52</ele>
      </trkpt>
      <trkpt lat="45.79019" lon="10.90356">
        <ele>1539.38</ele>
      </trkpt>
      <trkpt lat="45.79019" lon="10.90366">
        <ele>1538.18</ele>
      </trkpt>
      <trkpt lat="45.7902" lon="10.9037">
        <ele>1538.33</ele>
      </trkpt>
      <trkpt lat="45.7902" lon="10.90377">
        <ele>1537.87</ele>
      </trkpt>
      <trkpt lat="45.7902" lon="10.90385">
        <ele>1537.34</ele>
      </trkpt>
      <trkpt lat="45.7902" lon="10.90399">
        <ele>1535.99</ele>
      </trkpt>
      <trkpt lat="45.7902" lon="10.90403">
        <ele>1535.56</ele>
      </trkpt>
      <trkpt lat="45.7902" lon="10.90413">
        <ele>1534.48</ele>
      </trkpt>
      <trkpt lat="45.7902" lon="10.90417">
        <ele>1534.02</ele>
      </trkpt>
      <trkpt lat="45.7902" lon="10.90425">
        <ele>1532.7</ele>
      </trkpt>
      <trkpt lat="45.79021" lon="10.90431">
        <ele>1532.12</ele>
      </trkpt>
      <trkpt lat="45.79022" lon="10.90435">
        <ele>1531.81</ele>
      </trkpt>
      <trkpt lat="45.79022" lon="10.90447">
        <ele>1529.65</ele>
      </trkpt>
      <trkpt lat="45.79024" lon="10.90454">
        <ele>1529.01</ele>
      </trkpt>
      <trkpt lat="45.79024" lon="10.90464">
        <ele>1527.16</ele>
      </trkpt>
      <trkpt lat="45.79024" lon="10.9047">
        <ele>1526.05</ele>
      </trkpt>
      <trkpt lat="45.79024" lon="10.90475">
        <ele>1524.97</ele>
      </trkpt>
      <trkpt lat="45.79024" lon="10.90483">
        <ele>1523.03</ele>
      </trkpt>
      <trkpt lat="45.79023" lon="10.90492">
        <ele>1520.54</ele>
      </trkpt>
      <trkpt lat="45.79023" lon="10.90496">
        <ele>1519.58</ele>
      </trkpt>
      <trkpt lat="45.79022" lon="10.90505">
        <ele>1517.47</ele>
      </trkpt>
      <trkpt lat="45.79022" lon="10.90509">
        <ele>1516.78</ele>
      </trkpt>
      <trkpt lat="45.79022" lon="10.90513">
        <ele>1516.09</ele>
      </trkpt>
      <trkpt lat="45.79021" lon="10.90518">
        <ele>1514.97</ele>
      </trkpt>
      <trkpt lat="45.79021" lon="10.90523">
        <ele>1514.11</ele>
      </trkpt>
      <trkpt lat="45.79021" lon="10.90527">
        <ele>1513.43</ele>
      </trkpt>
      <trkpt lat="45.7902" lon="10.90534">
        <ele>1512.59</ele>
      </trkpt>
      <trkpt lat="45.7902" lon="10.90539">
        <ele>1512.23</ele>
      </trkpt>
      <trkpt lat="45.79019" lon="10.90551">
        <ele>1511.12</ele>
      </trkpt>
      <trkpt lat="45.79018" lon="10.90556">
        <ele>1510.52</ele>
      </trkpt>
      <trkpt lat="45.79017" lon="10.90566">
        <ele>1509.91</ele>
      </trkpt>
      <trkpt lat="45.79015" lon="10.90572">
        <ele>1509.19</ele>
      </trkpt>
      <trkpt lat="45.79013" lon="10.90578">
        <ele>1508.47</ele>
      </trkpt>
      <trkpt lat="45.79011" lon="10.90588">
        <ele>1507.97</ele>
      </trkpt>
      <trkpt lat="45.79009" lon="10.90591">
        <ele>1507.54</ele>
      </trkpt>
      <trkpt lat="45.79005" lon="10.90593">
        <ele>1506.45</ele>
      </trkpt>
      <trkpt lat="45.79002" lon="10.90593">
        <ele>1505.58</ele>
      </trkpt>
      <trkpt lat="45.78999" lon="10.90592">
        <ele>1504.86</ele>
      </trkpt>
      <trkpt lat="45.78996" lon="10.9059">
        <ele>1504.42</ele>
      </trkpt>
      <trkpt lat="45.78994" lon="10.90586">
        <ele>1504.14</ele>
      </trkpt>
      <trkpt lat="45.78991" lon="10.90579">
        <ele>1503.96</ele>
      </trkpt>
      <trkpt lat="45.78986" lon="10.90572">
        <ele>1503.8</ele>
      </trkpt>
      <trkpt lat="45.78985" lon="10.90568">
        <ele>1503.99</ele>
      </trkpt>
      <trkpt lat="45.78981" lon="10.90553">
        <ele>1504.69</ele>
      </trkpt>
      <trkpt lat="45.78976" lon="10.90543">
        <ele>1504.39</ele>
      </trkpt>
      <trkpt lat="45.78974" lon="10.90539">
        <ele>1504.2</ele>
      </trkpt>
      <trkpt lat="45.78969" lon="10.90526">
        <ele>1504.07</ele>
      </trkpt>
      <trkpt lat="45.78965" lon="10.90517">
        <ele>1504.8</ele>
      </trkpt>
      <trkpt lat="45.78962" lon="10.90513">
        <ele>1505.03</ele>
      </trkpt>
      <trkpt lat="45.78959" lon="10.90506">
        <ele>1505.5</ele>
      </trkpt>
      <trkpt lat="45.78956" lon="10.905">
        <ele>1505.83</ele>
      </trkpt>
      <trkpt lat="45.78954" lon="10.90498">
        <ele>1505.98</ele>
      </trkpt>
      <trkpt lat="45.78951" lon="10.90488">
        <ele>1507.07</ele>
      </trkpt>
      <trkpt lat="45.78948" lon="10.90483">
        <ele>1507.33</ele>
      </trkpt>
      <trkpt lat="45.78943" lon="10.90472">
        <ele>1507.7</ele>
      </trkpt>
      <trkpt lat="45.78937" lon="10.90458">
        <ele>1507.14</ele>
      </trkpt>
      <trkpt lat="45.78932" lon="10.90443">
        <ele>1506.47</ele>
      </trkpt>
      <trkpt lat="45.78929" lon="10.90437">
        <ele>1505.79</ele>
      </trkpt>
      <trkpt lat="45.78926" lon="10.9043">
        <ele>1505.04</ele>
      </trkpt>
      <trkpt lat="45.78923" lon="10.90422">
        <ele>1504.19</ele>
      </trkpt>
      <trkpt lat="45.78921" lon="10.90418">
        <ele>1503.55</ele>
      </trkpt>
      <trkpt lat="45.78919" lon="10.90414">
        <ele>1502.94</ele>
      </trkpt>
      <trkpt lat="45.78916" lon="10.90406">
        <ele>1502.22</ele>
      </trkpt>
      <trkpt lat="45.78915" lon="10.90403">
        <ele>1502.07</ele>
      </trkpt>
      <trkpt lat="45.78914" lon="10.90399">
        <ele>1501.96</ele>
      </trkpt>
      <trkpt lat="45.78912" lon="10.90395">
        <ele>1501.6</ele>
      </trkpt>
      <trkpt lat="45.7891" lon="10.90391">
        <ele>1501.24</ele>
      </trkpt>
      <trkpt lat="45.78908" lon="10.90388">
        <ele>1500.86</ele>
      </trkpt>
      <trkpt lat="45.78904" lon="10.90382">
        <ele>1500.17</ele>
      </trkpt>
      <trkpt lat="45.78901" lon="10.90377">
        <ele>1499.72</ele>
      </trkpt>
      <trkpt lat="45.78895" lon="10.90368">
        <ele>1498.88</ele>
      </trkpt>
      <trkpt lat="45.78886" lon="10.90336">
        <ele>1496.44</ele>
      </trkpt>
      <trkpt lat="45.78881" lon="10.90318">
        <ele>1496.56</ele>
      </trkpt>
      <trkpt lat="45.78878" lon="10.90308">
        <ele>1496.83</ele>
      </trkpt>
      <trkpt lat="45.78876" lon="10.90306">
        <ele>1496.64</ele>
      </trkpt>
      <trkpt lat="45.7887" lon="10.9028">
        <ele>1497.15</ele>
      </trkpt>
      <trkpt lat="45.78863" lon="10.90253">
        <ele>1496.39</ele>
      </trkpt>
      <trkpt lat="45.78861" lon="10.90246">
        <ele>1495.96</ele>
      </trkpt>
      <trkpt lat="45.78859" lon="10.9024">
        <ele>1495.26</ele>
      </trkpt>
      <trkpt lat="45.78857" lon="10.90228">
        <ele>1494.43</ele>
      </trkpt>
      <trkpt lat="45.78856" lon="10.9022">
        <ele>1493.96</ele>
      </trkpt>
      <trkpt lat="45.78856" lon="10.90189">
        <ele>1493.12</ele>
      </trkpt>
      <trkpt lat="45.78854" lon="10.90163">
        <ele>1489.63</ele>
      </trkpt>
      <trkpt lat="45.78854" lon="10.90147">
        <ele>1489.35</ele>
      </trkpt>
      <trkpt lat="45.78853" lon="10.90135">
        <ele>1488.96</ele>
      </trkpt>
      <trkpt lat="45.78851" lon="10.90104">
        <ele>1488.01</ele>
      </trkpt>
      <trkpt lat="45.7885" lon="10.90081">
        <ele>1486.75</ele>
      </trkpt>
      <trkpt lat="45.7885" lon="10.90076">
        <ele>1487.51</ele>
      </trkpt>
      <trkpt lat="45.78849" lon="10.9007">
        <ele>1488.06</ele>
      </trkpt>
      <trkpt lat="45.78848" lon="10.90065">
        <ele>1488.43</ele>
      </trkpt>
      <trkpt lat="45.78847" lon="10.90052">
        <ele>1489.93</ele>
      </trkpt>
      <trkpt lat="45.78846" lon="10.90048">
        <ele>1490.15</ele>
      </trkpt>
      <trkpt lat="45.78841" lon="10.9003">
        <ele>1491.54</ele>
      </trkpt>
      <trkpt lat="45.78836" lon="10.90024">
        <ele>1490.47</ele>
      </trkpt>
      <trkpt lat="45.78829" lon="10.90015">
        <ele>1486.63</ele>
      </trkpt>
      <trkpt lat="45.78827" lon="10.90011">
        <ele>1485.38</ele>
      </trkpt>
      <trkpt lat="45.78823" lon="10.90004">
        <ele>1483.18</ele>
      </trkpt>
      <trkpt lat="45.78821" lon="10.89988">
        <ele>1483.33</ele>
      </trkpt>
      <trkpt lat="45.7882" lon="10.89984">
        <ele>1483.21</ele>
      </trkpt>
      <trkpt lat="45.78819" lon="10.89963">
        <ele>1484.1</ele>
      </trkpt>
      <trkpt lat="45.78817" lon="10.89956">
        <ele>1483.25</ele>
      </trkpt>
      <trkpt lat="45.78815" lon="10.8994">
        <ele>1482.76</ele>
      </trkpt>
      <trkpt lat="45.78808" lon="10.89911">
        <ele>1482.31</ele>
      </trkpt>
      <trkpt lat="45.78802" lon="10.89885">
        <ele>1485.45</ele>
      </trkpt>
      <trkpt lat="45.78801" lon="10.89876">
        <ele>1487.06</ele>
      </trkpt>
      <trkpt lat="45.788" lon="10.8987">
        <ele>1488.02</ele>
      </trkpt>
      <trkpt lat="45.788" lon="10.89858">
        <ele>1490.2</ele>
      </trkpt>
      <trkpt lat="45.78799" lon="10.89854">
        <ele>1490.14</ele>
      </trkpt>
      <trkpt lat="45.78799" lon="10.89842">
        <ele>1490.98</ele>
      </trkpt>
      <trkpt lat="45.78798" lon="10.89822">
        <ele>1491.78</ele>
      </trkpt>
      <trkpt lat="45.78797" lon="10.8979">
        <ele>1489.95</ele>
      </trkpt>
      <trkpt lat="45.78795" lon="10.89779">
        <ele>1487.76</ele>
      </trkpt>
      <trkpt lat="45.78794" lon="10.89775">
        <ele>1487.77</ele>
      </trkpt>
      <trkpt lat="45.78792" lon="10.89756">
        <ele>1490.55</ele>
      </trkpt>
      <trkpt lat="45.78791" lon="10.89752">
        <ele>1490.88</ele>
      </trkpt>
      <trkpt lat="45.78789" lon="10.8974">
        <ele>1491.67</ele>
      </trkpt>
      <trkpt lat="45.78788" lon="10.89733">
        <ele>1492.11</ele>
      </trkpt>
      <trkpt lat="45.78786" lon="10.89728">
        <ele>1491.87</ele>
      </trkpt>
      <trkpt lat="45.78783" lon="10.89707">
        <ele>1492.8</ele>
      </trkpt>
      <trkpt lat="45.78782" lon="10.89703">
        <ele>1492.79</ele>
      </trkpt>
      <trkpt lat="45.78777" lon="10.89691">
        <ele>1491.8</ele>
      </trkpt>
      <trkpt lat="45.78775" lon="10.8968">
        <ele>1491.49</ele>
      </trkpt>
      <trkpt lat="45.78773" lon="10.89676">
        <ele>1490.69</ele>
      </trkpt>
      <trkpt lat="45.78765" lon="10.89647">
        <ele>1489.61</ele>
      </trkpt>
      <trkpt lat="45.78759" lon="10.89632">
        <ele>1488.34</ele>
      </trkpt>
      <trkpt lat="45.78753" lon="10.89604">
        <ele>1491.09</ele>
      </trkpt>
      <trkpt lat="45.78751" lon="10.89602">
        <ele>1490.56</ele>
      </trkpt>
      <trkpt lat="45.7874" lon="10.89586">
        <ele>1493.56</ele>
      </trkpt>
      <trkpt lat="45.78734" lon="10.89572">
        <ele>1500.21</ele>
      </trkpt>
      <trkpt lat="45.78733" lon="10.89566">
        <ele>1503.36</ele>
      </trkpt>
      <trkpt lat="45.78728" lon="10.89559">
        <ele>1505.5</ele>
      </trkpt>
      <trkpt lat="45.78724" lon="10.89557">
        <ele>1505.0</ele>
      </trkpt>
      <trkpt lat="45.78709" lon="10.89555">
        <ele>1501.34</ele>
      </trkpt>
      <trkpt lat="45.78692" lon="10.89551">
        <ele>1497.58</ele>
      </trkpt>
      <trkpt lat="45.78686" lon="10.89549">
        <ele>1496.31</ele>
      </trkpt>
      <trkpt lat="45.78681" lon="10.89547">
        <ele>1495.29</ele>
      </trkpt>
      <trkpt lat="45.78674" lon="10.89539">
        <ele>1495.0</ele>
      </trkpt>
      <trkpt lat="45.78672" lon="10.89536">
        <ele>1495.03</ele>
      </trkpt>
      <trkpt lat="45.78669" lon="10.89531">
        <ele>1495.12</ele>
      </trkpt>
      <trkpt lat="45.7866" lon="10.89526">
        <ele>1493.82</ele>
      </trkpt>
      <trkpt lat="45.7865" lon="10.89518">
        <ele>1493.4</ele>
      </trkpt>
      <trkpt lat="45.78648" lon="10.89514">
        <ele>1493.93</ele>
      </trkpt>
      <trkpt lat="45.78642" lon="10.89507">
        <ele>1494.1</ele>
      </trkpt>
      <trkpt lat="45.78639" lon="10.89503">
        <ele>1494.28</ele>
      </trkpt>
      <trkpt lat="45.78628" lon="10.89491">
        <ele>1494.85</ele>
      </trkpt>
      <trkpt lat="45.78621" lon="10.89487">
        <ele>1494.24</ele>
      </trkpt>
      <trkpt lat="45.7861" lon="10.89486">
        <ele>1491.67</ele>
      </trkpt>
      <trkpt lat="45.78601" lon="10.89484">
        <ele>1489.22</ele>
      </trkpt>
      <trkpt lat="45.78597" lon="10.89483">
        <ele>1488.1</ele>
      </trkpt>
      <trkpt lat="45.7859" lon="10.89482">
        <ele>1485.89</ele>
      </trkpt>
      <trkpt lat="45.78581" lon="10.8948">
        <ele>1483.26</ele>
      </trkpt>
      <trkpt lat="45.78579" lon="10.89478">
        <ele>1482.98</ele>
      </trkpt>
      <trkpt lat="45.78575" lon="10.89473">
        <ele>1482.5</ele>
      </trkpt>
      <trkpt lat="45.78572" lon="10.89468">
        <ele>1481.74</ele>
      </trkpt>
      <trkpt lat="45.78569" lon="10.89463">
        <ele>1480.87</ele>
      </trkpt>
      <trkpt lat="45.78566" lon="10.8946">
        <ele>1480.01</ele>
      </trkpt>
      <trkpt lat="45.78563" lon="10.89447">
        <ele>1479.14</ele>
      </trkpt>
      <trkpt lat="45.78561" lon="10.89439">
        <ele>1478.17</ele>
      </trkpt>
      <trkpt lat="45.7856" lon="10.89435">
        <ele>1477.53</ele>
      </trkpt>
      <trkpt lat="45.78559" lon="10.8943">
        <ele>1476.75</ele>
      </trkpt>
      <trkpt lat="45.78559" lon="10.89425">
        <ele>1476.33</ele>
      </trkpt>
      <trkpt lat="45.78559" lon="10.89419">
        <ele>1475.81</ele>
      </trkpt>
      <trkpt lat="45.78558" lon="10.89411">
        <ele>1474.94</ele>
      </trkpt>
      <trkpt lat="45.78557" lon="10.89402">
        <ele>1474.15</ele>
      </trkpt>
      <trkpt lat="45.78556" lon="10.89381">
        <ele>1474.33</ele>
      </trkpt>
      <trkpt lat="45.78555" lon="10.89365">
        <ele>1476.16</ele>
      </trkpt>
      <trkpt lat="45.78553" lon="10.89357">
        <ele>1475.77</ele>
      </trkpt>
      <trkpt lat="45.78547" lon="10.89338">
        <ele>1473.71</ele>
      </trkpt>
      <trkpt lat="45.78544" lon="10.89335">
        <ele>1472.74</ele>
      </trkpt>
      <trkpt lat="45.78532" lon="10.89313">
        <ele>1467.79</ele>
      </trkpt>
      <trkpt lat="45.78522" lon="10.89306">
        <ele>1464.35</ele>
      </trkpt>
      <trkpt lat="45.78516" lon="10.89303">
        <ele>1462.27</ele>
      </trkpt>
      <trkpt lat="45.78509" lon="10.89297">
        <ele>1459.68</ele>
      </trkpt>
      <trkpt lat="45.78507" lon="10.89294">
        <ele>1458.87</ele>
      </trkpt>
      <trkpt lat="45.78506" lon="10.89283">
        <ele>1457.58</ele>
      </trkpt>
      <trkpt lat="45.78506" lon="10.89278">
        <ele>1457.1</ele>
      </trkpt>
      <trkpt lat="45.78506" lon="10.89274">
        <ele>1456.31</ele>
      </trkpt>
      <trkpt lat="45.78511" lon="10.89266">
        <ele>1455.36</ele>
      </trkpt>
      <trkpt lat="45.78513" lon="10.89264">
        <ele>1455.16</ele>
      </trkpt>
      <trkpt lat="45.78522" lon="10.8926">
        <ele>1455.24</ele>
      </trkpt>
      <trkpt lat="45.78528" lon="10.89257">
        <ele>1455.09</ele>
      </trkpt>
      <trkpt lat="45.78531" lon="10.89255">
        <ele>1455.53</ele>
      </trkpt>
      <trkpt lat="45.78537" lon="10.8925">
        <ele>1455.99</ele>
      </trkpt>
      <trkpt lat="45.78542" lon="10.89246">
        <ele>1456.45</ele>
      </trkpt>
      <trkpt lat="45.78544" lon="10.89244">
        <ele>1456.49</ele>
      </trkpt>
      <trkpt lat="45.78548" lon="10.8924">
        <ele>1456.51</ele>
      </trkpt>
      <trkpt lat="45.7855" lon="10.89239">
        <ele>1456.79</ele>
      </trkpt>
      <trkpt lat="45.78555" lon="10.89236">
        <ele>1457.3</ele>
      </trkpt>
      <trkpt lat="45.78561" lon="10.8923">
        <ele>1457.14</ele>
      </trkpt>
      <trkpt lat="45.78567" lon="10.89224">
        <ele>1456.9</ele>
      </trkpt>
      <trkpt lat="45.78569" lon="10.89216">
        <ele>1455.64</ele>
      </trkpt>
      <trkpt lat="45.7857" lon="10.89212">
        <ele>1455.14</ele>
      </trkpt>
      <trkpt lat="45.7857" lon="10.89206">
        <ele>1453.96</ele>
      </trkpt>
      <trkpt lat="45.7857" lon="10.89202">
        <ele>1453.17</ele>
      </trkpt>
      <trkpt lat="45.78571" lon="10.89195">
        <ele>1452.11</ele>
      </trkpt>
      <trkpt lat="45.78572" lon="10.89192">
        <ele>1451.7</ele>
      </trkpt>
      <trkpt lat="45.78575" lon="10.89189">
        <ele>1451.85</ele>
      </trkpt>
      <trkpt lat="45.78579" lon="10.89186">
        <ele>1452.26</ele>
      </trkpt>
      <trkpt lat="45.78581" lon="10.89183">
        <ele>1452.02</ele>
      </trkpt>
      <trkpt lat="45.78584" lon="10.89179">
        <ele>1451.66</ele>
      </trkpt>
      <trkpt lat="45.78587" lon="10.89173">
        <ele>1450.38</ele>
      </trkpt>
      <trkpt lat="45.7859" lon="10.89171">
        <ele>1450.25</ele>
      </trkpt>
      <trkpt lat="45.78591" lon="10.89168">
        <ele>1449.5</ele>
      </trkpt>
      <trkpt lat="45.78595" lon="10.89161">
        <ele>1448.71</ele>
      </trkpt>
      <trkpt lat="45.78598" lon="10.89155">
        <ele>1448.26</ele>
      </trkpt>
      <trkpt lat="45.786" lon="10.89152">
        <ele>1448.18</ele>
      </trkpt>
      <trkpt lat="45.78602" lon="10.89147">
        <ele>1447.87</ele>
      </trkpt>
      <trkpt lat="45.78604" lon="10.89143">
        <ele>1447.77</ele>
      </trkpt>
      <trkpt lat="45.78605" lon="10.89137">
        <ele>1447.19</ele>
      </trkpt>
      <trkpt lat="45.78608" lon="10.89133">
        <ele>1447.37</ele>
      </trkpt>
      <trkpt lat="45.7861" lon="10.89129">
        <ele>1447.3</ele>
      </trkpt>
      <trkpt lat="45.78613" lon="10.89123">
        <ele>1447.64</ele>
      </trkpt>
      <trkpt lat="45.78614" lon="10.89119">
        <ele>1447.5</ele>
      </trkpt>
      <trkpt lat="45.78616" lon="10.89111">
        <ele>1447.1</ele>
      </trkpt>
      <trkpt lat="45.78619" lon="10.891">
        <ele>1446.81</ele>
      </trkpt>
      <trkpt lat="45.7862" lon="10.89088">
        <ele>1445.51</ele>
      </trkpt>
      <trkpt lat="45.78622" lon="10.89084">
        <ele>1445.8</ele>
      </trkpt>
      <trkpt lat="45.78622" lon="10.89077">
        <ele>1444.3</ele>
      </trkpt>
      <trkpt lat="45.78623" lon="10.89073">
        <ele>1443.8</ele>
      </trkpt>
      <trkpt lat="45.78623" lon="10.89065">
        <ele>1441.99</ele>
      </trkpt>
      <trkpt lat="45.78623" lon="10.89061">
        <ele>1441.08</ele>
      </trkpt>
      <trkpt lat="45.78624" lon="10.89052">
        <ele>1439.54</ele>
      </trkpt>
      <trkpt lat="45.78624" lon="10.89043">
        <ele>1437.92</ele>
      </trkpt>
      <trkpt lat="45.78624" lon="10.89038">
        <ele>1437.02</ele>
      </trkpt>
      <trkpt lat="45.78625" lon="10.89033">
        <ele>1436.44</ele>
      </trkpt>
      <trkpt lat="45.78625" lon="10.89029">
        <ele>1435.72</ele>
      </trkpt>
      <trkpt lat="45.78626" lon="10.89019">
        <ele>1434.51</ele>
      </trkpt>
      <trkpt lat="45.78628" lon="10.89006">
        <ele>1433.0</ele>
      </trkpt>
      <trkpt lat="45.7863" lon="10.89002">
        <ele>1432.74</ele>
      </trkpt>
      <trkpt lat="45.78634" lon="10.88989">
        <ele>1431.21</ele>
      </trkpt>
      <trkpt lat="45.78636" lon="10.88983">
        <ele>1430.48</ele>
      </trkpt>
      <trkpt lat="45.78639" lon="10.88975">
        <ele>1429.55</ele>
      </trkpt>
      <trkpt lat="45.78642" lon="10.88973">
        <ele>1430.61</ele>
      </trkpt>
      <trkpt lat="45.78645" lon="10.88971">
        <ele>1431.7</ele>
      </trkpt>
      <trkpt lat="45.78649" lon="10.88963">
        <ele>1432.37</ele>
      </trkpt>
      <trkpt lat="45.78652" lon="10.88961">
        <ele>1433.35</ele>
      </trkpt>
      <trkpt lat="45.78653" lon="10.88957">
        <ele>1433.12</ele>
      </trkpt>
      <trkpt lat="45.78654" lon="10.88953">
        <ele>1432.87</ele>
      </trkpt>
      <trkpt lat="45.78655" lon="10.88946">
        <ele>1432.07</ele>
      </trkpt>
      <trkpt lat="45.78657" lon="10.88942">
        <ele>1432.08</ele>
      </trkpt>
      <trkpt lat="45.78658" lon="10.88937">
        <ele>1431.52</ele>
      </trkpt>
      <trkpt lat="45.78667" lon="10.88929">
        <ele>1432.9</ele>
      </trkpt>
      <trkpt lat="45.78669" lon="10.88927">
        <ele>1433.89</ele>
      </trkpt>
      <trkpt lat="45.78672" lon="10.88925">
        <ele>1435.56</ele>
      </trkpt>
      <trkpt lat="45.78676" lon="10.88922">
        <ele>1437.67</ele>
      </trkpt>
      <trkpt lat="45.78683" lon="10.88914">
        <ele>1440.79</ele>
      </trkpt>
      <trkpt lat="45.78685" lon="10.88911">
        <ele>1441.72</ele>
      </trkpt>
      <trkpt lat="45.78687" lon="10.88899">
        <ele>1441.36</ele>
      </trkpt>
      <trkpt lat="45.78689" lon="10.88895">
        <ele>1442.16</ele>
      </trkpt>
      <trkpt lat="45.78691" lon="10.88875">
        <ele>1441.14</ele>
      </trkpt>
      <trkpt lat="45.78695" lon="10.88869">
        <ele>1443.27</ele>
      </trkpt>
      <trkpt lat="45.787" lon="10.88863">
        <ele>1446.24</ele>
      </trkpt>
      <trkpt lat="45.78703" lon="10.88858">
        <ele>1447.98</ele>
      </trkpt>
      <trkpt lat="45.78709" lon="10.8885">
        <ele>1451.66</ele>
      </trkpt>
      <trkpt lat="45.7871" lon="10.88844">
        <ele>1451.89</ele>
      </trkpt>
      <trkpt lat="45.78716" lon="10.88828">
        <ele>1454.56</ele>
      </trkpt>
      <trkpt lat="45.7872" lon="10.88816">
        <ele>1455.89</ele>
      </trkpt>
      <trkpt lat="45.78722" lon="10.88795">
        <ele>1453.24</ele>
      </trkpt>
      <trkpt lat="45.78723" lon="10.88786">
        <ele>1451.32</ele>
      </trkpt>
      <trkpt lat="45.78724" lon="10.88769">
        <ele>1449.32</ele>
      </trkpt>
      <trkpt lat="45.78724" lon="10.88749">
        <ele>1448.98</ele>
      </trkpt>
      <trkpt lat="45.78724" lon="10.88724">
        <ele>1454.2</ele>
      </trkpt>
      <trkpt lat="45.78722" lon="10.88716">
        <ele>1454.83</ele>
      </trkpt>
      <trkpt lat="45.78719" lon="10.88712">
        <ele>1454.54</ele>
      </trkpt>
      <trkpt lat="45.78714" lon="10.88709">
        <ele>1453.54</ele>
      </trkpt>
      <trkpt lat="45.78712" lon="10.88707">
        <ele>1453.25</ele>
      </trkpt>
      <trkpt lat="45.78709" lon="10.88705">
        <ele>1452.67</ele>
      </trkpt>
      <trkpt lat="45.78698" lon="10.88697">
        <ele>1450.66</ele>
      </trkpt>
      <trkpt lat="45.78694" lon="10.88693">
        <ele>1449.97</ele>
      </trkpt>
      <trkpt lat="45.7869" lon="10.88686">
        <ele>1449.46</ele>
      </trkpt>
      <trkpt lat="45.78686" lon="10.88681">
        <ele>1448.82</ele>
      </trkpt>
      <trkpt lat="45.78684" lon="10.88678">
        <ele>1448.49</ele>
      </trkpt>
      <trkpt lat="45.78682" lon="10.88676">
        <ele>1448.13</ele>
      </trkpt>
      <trkpt lat="45.7868" lon="10.88673">
        <ele>1447.77</ele>
      </trkpt>
      <trkpt lat="45.78672" lon="10.88667">
        <ele>1446.15</ele>
      </trkpt>
      <trkpt lat="45.78666" lon="10.88664">
        <ele>1444.81</ele>
      </trkpt>
      <trkpt lat="45.78663" lon="10.8866">
        <ele>1444.2</ele>
      </trkpt>
      <trkpt lat="45.78659" lon="10.88657">
        <ele>1443.45</ele>
      </trkpt>
      <trkpt lat="45.78656" lon="10.88655">
        <ele>1442.88</ele>
      </trkpt>
      <trkpt lat="45.7865" lon="10.88654">
        <ele>1441.87</ele>
      </trkpt>
      <trkpt lat="45.78646" lon="10.88653">
        <ele>1441.17</ele>
      </trkpt>
      <trkpt lat="45.78641" lon="10.88652">
        <ele>1440.29</ele>
      </trkpt>
      <trkpt lat="45.78638" lon="10.8865">
        <ele>1439.68</ele>
      </trkpt>
      <trkpt lat="45.78633" lon="10.88646">
        <ele>1438.77</ele>
      </trkpt>
      <trkpt lat="45.78627" lon="10.88642">
        <ele>1437.84</ele>
      </trkpt>
      <trkpt lat="45.78624" lon="10.8864">
        <ele>1437.43</ele>
      </trkpt>
      <trkpt lat="45.7862" lon="10.88637">
        <ele>1436.69</ele>
      </trkpt>
      <trkpt lat="45.78616" lon="10.88635">
        <ele>1435.97</ele>
      </trkpt>
      <trkpt lat="45.78611" lon="10.88634">
        <ele>1435.27</ele>
      </trkpt>
      <trkpt lat="45.78604" lon="10.88633">
        <ele>1433.56</ele>
      </trkpt>
      <trkpt lat="45.78597" lon="10.88633">
        <ele>1432.0</ele>
      </trkpt>
      <trkpt lat="45.78593" lon="10.88632">
        <ele>1430.93</ele>
      </trkpt>
      <trkpt lat="45.78587" lon="10.88632">
        <ele>1429.58</ele>
      </trkpt>
      <trkpt lat="45.78575" lon="10.88633">
        <ele>1428.42</ele>
      </trkpt>
      <trkpt lat="45.78571" lon="10.88633">
        <ele>1428.17</ele>
      </trkpt>
      <trkpt lat="45.78567" lon="10.88634">
        <ele>1427.98</ele>
      </trkpt>
      <trkpt lat="45.78563" lon="10.88635">
        <ele>1427.72</ele>
      </trkpt>
      <trkpt lat="45.78556" lon="10.88637">
        <ele>1427.11</ele>
      </trkpt>
      <trkpt lat="45.78548" lon="10.88638">
        <ele>1428.6</ele>
      </trkpt>
      <trkpt lat="45.78542" lon="10.88638">
        <ele>1429.85</ele>
      </trkpt>
      <trkpt lat="45.78537" lon="10.88639">
        <ele>1431.01</ele>
      </trkpt>
      <trkpt lat="45.78532" lon="10.88639">
        <ele>1432.08</ele>
      </trkpt>
      <trkpt lat="45.78529" lon="10.88638">
        <ele>1432.55</ele>
      </trkpt>
      <trkpt lat="45.78523" lon="10.88638">
        <ele>1431.75</ele>
      </trkpt>
      <trkpt lat="45.78518" lon="10.88637">
        <ele>1430.36</ele>
      </trkpt>
      <trkpt lat="45.78514" lon="10.88637">
        <ele>1429.45</ele>
      </trkpt>
      <trkpt lat="45.78511" lon="10.88636">
        <ele>1428.44</ele>
      </trkpt>
      <trkpt lat="45.78508" lon="10.88636">
        <ele>1427.73</ele>
      </trkpt>
      <trkpt lat="45.78504" lon="10.88636">
        <ele>1426.79</ele>
      </trkpt>
      <trkpt lat="45.78499" lon="10.88637">
        <ele>1425.72</ele>
      </trkpt>
      <trkpt lat="45.78496" lon="10.88637">
        <ele>1424.13</ele>
      </trkpt>
      <trkpt lat="45.78492" lon="10.88639">
        <ele>1422.68</ele>
      </trkpt>
      <trkpt lat="45.78489" lon="10.88639">
        <ele>1421.06</ele>
      </trkpt>
      <trkpt lat="45.78486" lon="10.8864">
        <ele>1419.44</ele>
      </trkpt>
      <trkpt lat="45.78483" lon="10.8864">
        <ele>1417.84</ele>
      </trkpt>
      <trkpt lat="45.78479" lon="10.8864">
        <ele>1415.7</ele>
      </trkpt>
      <trkpt lat="45.78474" lon="10.88641">
        <ele>1413.09</ele>
      </trkpt>
      <trkpt lat="45.78468" lon="10.88641">
        <ele>1411.12</ele>
      </trkpt>
      <trkpt lat="45.78464" lon="10.8864">
        <ele>1410.04</ele>
      </trkpt>
      <trkpt lat="45.78457" lon="10.8864">
        <ele>1408.31</ele>
      </trkpt>
      <trkpt lat="45.7845" lon="10.88638">
        <ele>1406.3</ele>
      </trkpt>
      <trkpt lat="45.78442" lon="10.88635">
        <ele>1404.36</ele>
      </trkpt>
      <trkpt lat="45.78437" lon="10.88633">
        <ele>1403.45</ele>
      </trkpt>
      <trkpt lat="45.78433" lon="10.88632">
        <ele>1402.75</ele>
      </trkpt>
      <trkpt lat="45.7843" lon="10.88632">
        <ele>1402.3</ele>
      </trkpt>
      <trkpt lat="45.78427" lon="10.88631">
        <ele>1401.74</ele>
      </trkpt>
      <trkpt lat="45.78424" lon="10.88631">
        <ele>1401.28</ele>
      </trkpt>
      <trkpt lat="45.78421" lon="10.8863">
        <ele>1400.71</ele>
      </trkpt>
      <trkpt lat="45.78417" lon="10.88624">
        <ele>1399.45</ele>
      </trkpt>
      <trkpt lat="45.78417" lon="10.8862">
        <ele>1399.02</ele>
      </trkpt>
      <trkpt lat="45.78416" lon="10.88615">
        <ele>1398.27</ele>
      </trkpt>
      <trkpt lat="45.78416" lon="10.88611">
        <ele>1397.84</ele>
      </trkpt>
      <trkpt lat="45.78416" lon="10.88606">
        <ele>1397.12</ele>
      </trkpt>
      <trkpt lat="45.78417" lon="10.88602">
        <ele>1396.74</ele>
      </trkpt>
      <trkpt lat="45.78418" lon="10.88596">
        <ele>1396.01</ele>
      </trkpt>
      <trkpt lat="45.7842" lon="10.88591">
        <ele>1395.53</ele>
      </trkpt>
      <trkpt lat="45.78424" lon="10.88585">
        <ele>1395.06</ele>
      </trkpt>
      <trkpt lat="45.78426" lon="10.88582">
        <ele>1394.7</ele>
      </trkpt>
      <trkpt lat="45.7843" lon="10.88577">
        <ele>1393.96</ele>
      </trkpt>
      <trkpt lat="45.78432" lon="10.88576">
        <ele>1393.93</ele>
      </trkpt>
      <trkpt lat="45.78437" lon="10.88569">
        <ele>1392.72</ele>
      </trkpt>
      <trkpt lat="45.78441" lon="10.88562">
        <ele>1391.35</ele>
      </trkpt>
      <trkpt lat="45.78446" lon="10.88557">
        <ele>1390.53</ele>
      </trkpt>
      <trkpt lat="45.78449" lon="10.88555">
        <ele>1390.42</ele>
      </trkpt>
      <trkpt lat="45.78452" lon="10.88552">
        <ele>1390.33</ele>
      </trkpt>
      <trkpt lat="45.78459" lon="10.88546">
        <ele>1390.0</ele>
      </trkpt>
      <trkpt lat="45.78461" lon="10.88544">
        <ele>1389.8</ele>
      </trkpt>
      <trkpt lat="45.78464" lon="10.88537">
        <ele>1388.7</ele>
      </trkpt>
      <trkpt lat="45.78467" lon="10.88529">
        <ele>1387.24</ele>
      </trkpt>
      <trkpt lat="45.78469" lon="10.88525">
        <ele>1386.35</ele>
      </trkpt>
      <trkpt lat="45.78473" lon="10.88518">
        <ele>1384.92</ele>
      </trkpt>
      <trkpt lat="45.78479" lon="10.88513">
        <ele>1384.05</ele>
      </trkpt>
      <trkpt lat="45.78482" lon="10.8851">
        <ele>1383.51</ele>
      </trkpt>
      <trkpt lat="45.78486" lon="10.88504">
        <ele>1382.36</ele>
      </trkpt>
      <trkpt lat="45.78493" lon="10.88494">
        <ele>1380.23</ele>
      </trkpt>
      <trkpt lat="45.78498" lon="10.88485">
        <ele>1378.53</ele>
      </trkpt>
      <trkpt lat="45.78502" lon="10.88477">
        <ele>1377.12</ele>
      </trkpt>
      <trkpt lat="45.78504" lon="10.88473">
        <ele>1376.32</ele>
      </trkpt>
      <trkpt lat="45.78508" lon="10.88469">
        <ele>1375.43</ele>
      </trkpt>
      <trkpt lat="45.7851" lon="10.88467">
        <ele>1374.99</ele>
      </trkpt>
      <trkpt lat="45.78513" lon="10.88465">
        <ele>1374.63</ele>
      </trkpt>
      <trkpt lat="45.78518" lon="10.88461">
        <ele>1373.94</ele>
      </trkpt>
      <trkpt lat="45.78521" lon="10.88452">
        <ele>1372.03</ele>
      </trkpt>
      <trkpt lat="45.78522" lon="10.88444">
        <ele>1370.25</ele>
      </trkpt>
      <trkpt lat="45.78524" lon="10.88437">
        <ele>1368.61</ele>
      </trkpt>
      <trkpt lat="45.78525" lon="10.88431">
        <ele>1367.17</ele>
      </trkpt>
      <trkpt lat="45.78527" lon="10.88426">
        <ele>1366.21</ele>
      </trkpt>
      <trkpt lat="45.78529" lon="10.88423">
        <ele>1365.75</ele>
      </trkpt>
      <trkpt lat="45.7853" lon="10.88419">
        <ele>1364.89</ele>
      </trkpt>
      <trkpt lat="45.78533" lon="10.88413">
        <ele>1364.09</ele>
      </trkpt>
      <trkpt lat="45.78536" lon="10.88411">
        <ele>1364.16</ele>
      </trkpt>
      <trkpt lat="45.78539" lon="10.88409">
        <ele>1364.24</ele>
      </trkpt>
      <trkpt lat="45.78541" lon="10.88406">
        <ele>1363.98</ele>
      </trkpt>
      <trkpt lat="45.78543" lon="10.884">
        <ele>1363.19</ele>
      </trkpt>
      <trkpt lat="45.78544" lon="10.88393">
        <ele>1362.08</ele>
      </trkpt>
      <trkpt lat="45.78544" lon="10.88387">
        <ele>1360.9</ele>
      </trkpt>
      <trkpt lat="45.78545" lon="10.88383">
        <ele>1360.13</ele>
      </trkpt>
      <trkpt lat="45.78546" lon="10.88378">
        <ele>1359.14</ele>
      </trkpt>
      <trkpt lat="45.78546" lon="10.88374">
        <ele>1358.22</ele>
      </trkpt>
      <trkpt lat="45.78547" lon="10.88367">
        <ele>1356.8</ele>
      </trkpt>
      <trkpt lat="45.78549" lon="10.88363">
        <ele>1356.24</ele>
      </trkpt>
      <trkpt lat="45.78551" lon="10.88357">
        <ele>1355.27</ele>
      </trkpt>
      <trkpt lat="45.78554" lon="10.88353">
        <ele>1354.95</ele>
      </trkpt>
      <trkpt lat="45.78555" lon="10.88343">
        <ele>1352.97</ele>
      </trkpt>
      <trkpt lat="45.78555" lon="10.88337">
        <ele>1351.67</ele>
      </trkpt>
      <trkpt lat="45.78556" lon="10.88333">
        <ele>1350.96</ele>
      </trkpt>
      <trkpt lat="45.78556" lon="10.88327">
        <ele>1349.88</ele>
      </trkpt>
      <trkpt lat="45.78557" lon="10.88318">
        <ele>1348.29</ele>
      </trkpt>
      <trkpt lat="45.78558" lon="10.8831">
        <ele>1346.89</ele>
      </trkpt>
      <trkpt lat="45.78558" lon="10.88306">
        <ele>1346.17</ele>
      </trkpt>
      <trkpt lat="45.78559" lon="10.88301">
        <ele>1345.04</ele>
      </trkpt>
      <trkpt lat="45.78559" lon="10.88295">
        <ele>1343.61</ele>
      </trkpt>
      <trkpt lat="45.78558" lon="10.88289">
        <ele>1342.07</ele>
      </trkpt>
      <trkpt lat="45.78557" lon="10.88281">
        <ele>1340.0</ele>
      </trkpt>
      <trkpt lat="45.78555" lon="10.88278">
        <ele>1338.88</ele>
      </trkpt>
      <trkpt lat="45.78553" lon="10.88274">
        <ele>1337.11</ele>
      </trkpt>
      <trkpt lat="45.78552" lon="10.8827">
        <ele>1335.68</ele>
      </trkpt>
      <trkpt lat="45.7855" lon="10.88264">
        <ele>1333.43</ele>
      </trkpt>
      <trkpt lat="45.78546" lon="10.88259">
        <ele>1330.96</ele>
      </trkpt>
      <trkpt lat="45.78544" lon="10.88251">
        <ele>1328.35</ele>
      </trkpt>
      <trkpt lat="45.78542" lon="10.88247">
        <ele>1326.93</ele>
      </trkpt>
      <trkpt lat="45.7854" lon="10.88241">
        <ele>1325.21</ele>
      </trkpt>
      <trkpt lat="45.78539" lon="10.88236">
        <ele>1324.0</ele>
      </trkpt>
      <trkpt lat="45.78536" lon="10.8823">
        <ele>1322.34</ele>
      </trkpt>
      <trkpt lat="45.78533" lon="10.88226">
        <ele>1321.21</ele>
      </trkpt>
      <trkpt lat="45.78531" lon="10.88223">
        <ele>1320.47</ele>
      </trkpt>
      <trkpt lat="45.78527" lon="10.8822">
        <ele>1319.34</ele>
      </trkpt>
      <trkpt lat="45.78525" lon="10.88217">
        <ele>1318.12</ele>
      </trkpt>
      <trkpt lat="45.78519" lon="10.88211">
        <ele>1314.88</ele>
      </trkpt>
      <trkpt lat="45.78516" lon="10.8821">
        <ele>1313.61</ele>
      </trkpt>
      <trkpt lat="45.78513" lon="10.8821">
        <ele>1312.54</ele>
      </trkpt>
      <trkpt lat="45.78507" lon="10.88211">
        <ele>1310.64</ele>
      </trkpt>
      <trkpt lat="45.78503" lon="10.88212">
        <ele>1309.48</ele>
      </trkpt>
      <trkpt lat="45.78502" lon="10.88216">
        <ele>1310.11</ele>
      </trkpt>
      <trkpt lat="45.785" lon="10.88222">
        <ele>1310.94</ele>
      </trkpt>
      <trkpt lat="45.78499" lon="10.88233">
        <ele>1313.59</ele>
      </trkpt>
      <trkpt lat="45.78498" lon="10.8824">
        <ele>1315.05</ele>
      </trkpt>
      <trkpt lat="45.78496" lon="10.88243">
        <ele>1314.79</ele>
      </trkpt>
      <trkpt lat="45.78493" lon="10.88247">
        <ele>1314.19</ele>
      </trkpt>
      <trkpt lat="45.7849" lon="10.88252">
        <ele>1313.72</ele>
      </trkpt>
      <trkpt lat="45.78487" lon="10.88255">
        <ele>1312.76</ele>
      </trkpt>
      <trkpt lat="45.78481" lon="10.88266">
        <ele>1312.3</ele>
      </trkpt>
      <trkpt lat="45.78479" lon="10.88269">
        <ele>1312.04</ele>
      </trkpt>
      <trkpt lat="45.78473" lon="10.88276">
        <ele>1310.88</ele>
      </trkpt>
      <trkpt lat="45.78469" lon="10.8828">
        <ele>1309.41</ele>
      </trkpt>
      <trkpt lat="45.78465" lon="10.88283">
        <ele>1307.42</ele>
      </trkpt>
      <trkpt lat="45.78457" lon="10.88291">
        <ele>1303.61</ele>
      </trkpt>
      <trkpt lat="45.78444" lon="10.88298">
        <ele>1295.53</ele>
      </trkpt>
      <trkpt lat="45.78441" lon="10.883">
        <ele>1295.13</ele>
      </trkpt>
      <trkpt lat="45.78436" lon="10.88304">
        <ele>1294.59</ele>
      </trkpt>
      <trkpt lat="45.78419" lon="10.88313">
        <ele>1292.24</ele>
      </trkpt>
      <trkpt lat="45.78416" lon="10.88315">
        <ele>1291.94</ele>
      </trkpt>
      <trkpt lat="45.784" lon="10.88317">
        <ele>1289.97</ele>
      </trkpt>
      <trkpt lat="45.78397" lon="10.88315">
        <ele>1288.98</ele>
      </trkpt>
      <trkpt lat="45.784" lon="10.88307">
        <ele>1287.37</ele>
      </trkpt>
      <trkpt lat="45.78402" lon="10.88305">
        <ele>1287.24</ele>
      </trkpt>
      <trkpt lat="45.78406" lon="10.88295">
        <ele>1285.89</ele>
      </trkpt>
      <trkpt lat="45.7841" lon="10.88287">
        <ele>1285.14</ele>
      </trkpt>
      <trkpt lat="45.78412" lon="10.88284">
        <ele>1285.02</ele>
      </trkpt>
      <trkpt lat="45.78418" lon="10.88276">
        <ele>1284.96</ele>
      </trkpt>
      <trkpt lat="45.78429" lon="10.88266">
        <ele>1286.13</ele>
      </trkpt>
      <trkpt lat="45.78431" lon="10.88263">
        <ele>1286.24</ele>
      </trkpt>
      <trkpt lat="45.78438" lon="10.88257">
        <ele>1287.61</ele>
      </trkpt>
      <trkpt lat="45.78442" lon="10.88252">
        <ele>1288.36</ele>
      </trkpt>
      <trkpt lat="45.7845" lon="10.88235">
        <ele>1289.96</ele>
      </trkpt>
      <trkpt lat="45.78452" lon="10.88231">
        <ele>1290.38</ele>
      </trkpt>
      <trkpt lat="45.78457" lon="10.88211">
        <ele>1289.66</ele>
      </trkpt>
      <trkpt lat="45.78459" lon="10.88206">
        <ele>1289.62</ele>
      </trkpt>
      <trkpt lat="45.78461" lon="10.88198">
        <ele>1288.98</ele>
      </trkpt>
      <trkpt lat="45.78466" lon="10.88186">
        <ele>1288.09</ele>
      </trkpt>
      <trkpt lat="45.78468" lon="10.88182">
        <ele>1287.88</ele>
      </trkpt>
      <trkpt lat="45.78474" lon="10.88172">
        <ele>1287.71</ele>
      </trkpt>
      <trkpt lat="45.78477" lon="10.88165">
        <ele>1286.94</ele>
      </trkpt>
      <trkpt lat="45.78479" lon="10.88161">
        <ele>1286.42</ele>
      </trkpt>
      <trkpt lat="45.78481" lon="10.88158">
        <ele>1286.15</ele>
      </trkpt>
      <trkpt lat="45.78487" lon="10.88147">
        <ele>1284.55</ele>
      </trkpt>
      <trkpt lat="45.78491" lon="10.8814">
        <ele>1283.39</ele>
      </trkpt>
      <trkpt lat="45.78493" lon="10.88137">
        <ele>1283.2</ele>
      </trkpt>
      <trkpt lat="45.78495" lon="10.88133">
        <ele>1283.03</ele>
      </trkpt>
      <trkpt lat="45.78504" lon="10.88116">
        <ele>1283.08</ele>
      </trkpt>
      <trkpt lat="45.78508" lon="10.88111">
        <ele>1283.57</ele>
      </trkpt>
      <trkpt lat="45.78515" lon="10.88102">
        <ele>1284.04</ele>
      </trkpt>
      <trkpt lat="45.78519" lon="10.88095">
        <ele>1283.86</ele>
      </trkpt>
      <trkpt lat="45.78523" lon="10.88085">
        <ele>1282.97</ele>
      </trkpt>
      <trkpt lat="45.78529" lon="10.88073">
        <ele>1281.93</ele>
      </trkpt>
      <trkpt lat="45.78539" lon="10.88065">
        <ele>1281.39</ele>
      </trkpt>
      <trkpt lat="45.78544" lon="10.8806">
        <ele>1280.81</ele>
      </trkpt>
      <trkpt lat="45.78552" lon="10.88053">
        <ele>1280.26</ele>
      </trkpt>
      <trkpt lat="45.78557" lon="10.88046">
        <ele>1280.4</ele>
      </trkpt>
      <trkpt lat="45.78568" lon="10.88031">
        <ele>1280.85</ele>
      </trkpt>
      <trkpt lat="45.78571" lon="10.88023">
        <ele>1279.82</ele>
      </trkpt>
      <trkpt lat="45.78573" lon="10.88015">
        <ele>1278.55</ele>
      </trkpt>
      <trkpt lat="45.78577" lon="10.8801">
        <ele>1278.17</ele>
      </trkpt>
      <trkpt lat="45.78579" lon="10.88005">
        <ele>1277.43</ele>
      </trkpt>
      <trkpt lat="45.78581" lon="10.87999">
        <ele>1276.44</ele>
      </trkpt>
      <trkpt lat="45.78583" lon="10.87993">
        <ele>1275.43</ele>
      </trkpt>
      <trkpt lat="45.78585" lon="10.87987">
        <ele>1274.29</ele>
      </trkpt>
      <trkpt lat="45.78587" lon="10.8798">
        <ele>1272.79</ele>
      </trkpt>
      <trkpt lat="45.78588" lon="10.87962">
        <ele>1268.49</ele>
      </trkpt>
      <trkpt lat="45.78589" lon="10.87956">
        <ele>1267.03</ele>
      </trkpt>
      <trkpt lat="45.7859" lon="10.8795">
        <ele>1265.59</ele>
      </trkpt>
      <trkpt lat="45.78594" lon="10.87947">
        <ele>1264.99</ele>
      </trkpt>
      <trkpt lat="45.78597" lon="10.87945">
        <ele>1264.62</ele>
      </trkpt>
      <trkpt lat="45.786" lon="10.8794">
        <ele>1262.74</ele>
      </trkpt>
      <trkpt lat="45.78599" lon="10.87936">
        <ele>1261.05</ele>
      </trkpt>
      <trkpt lat="45.78594" lon="10.87938">
        <ele>1261.74</ele>
      </trkpt>
      <trkpt lat="45.78592" lon="10.8794">
        <ele>1262.5</ele>
      </trkpt>
      <trkpt lat="45.78589" lon="10.87943">
        <ele>1263.62</ele>
      </trkpt>
      <trkpt lat="45.78586" lon="10.87945">
        <ele>1264.23</ele>
      </trkpt>
      <trkpt lat="45.78582" lon="10.87949">
        <ele>1264.78</ele>
      </trkpt>
      <trkpt lat="45.78579" lon="10.87954">
        <ele>1265.27</ele>
      </trkpt>
      <trkpt lat="45.78575" lon="10.87956">
        <ele>1264.76</ele>
      </trkpt>
      <trkpt lat="45.78572" lon="10.87958">
        <ele>1264.55</ele>
      </trkpt>
      <trkpt lat="45.78569" lon="10.8796">
        <ele>1264.37</ele>
      </trkpt>
      <trkpt lat="45.78561" lon="10.8796">
        <ele>1262.39</ele>
      </trkpt>
      <trkpt lat="45.78552" lon="10.87961">
        <ele>1259.57</ele>
      </trkpt>
      <trkpt lat="45.78546" lon="10.87961">
        <ele>1256.55</ele>
      </trkpt>
      <trkpt lat="45.7854" lon="10.87961">
        <ele>1253.54</ele>
      </trkpt>
      <trkpt lat="45.78537" lon="10.8796">
        <ele>1251.82</ele>
      </trkpt>
      <trkpt lat="45.78532" lon="10.8796">
        <ele>1249.34</ele>
      </trkpt>
      <trkpt lat="45.78528" lon="10.8796">
        <ele>1247.35</ele>
      </trkpt>
      <trkpt lat="45.78524" lon="10.8796">
        <ele>1245.72</ele>
      </trkpt>
      <trkpt lat="45.78511" lon="10.87961">
        <ele>1240.73</ele>
      </trkpt>
      <trkpt lat="45.78506" lon="10.87962">
        <ele>1239.03</ele>
      </trkpt>
      <trkpt lat="45.78498" lon="10.87963">
        <ele>1236.36</ele>
      </trkpt>
      <trkpt lat="45.78493" lon="10.87963">
        <ele>1234.74</ele>
      </trkpt>
      <trkpt lat="45.7849" lon="10.87963">
        <ele>1233.77</ele>
      </trkpt>
      <trkpt lat="45.78487" lon="10.87962">
        <ele>1232.48</ele>
      </trkpt>
      <trkpt lat="45.78483" lon="10.87956">
        <ele>1229.24</ele>
      </trkpt>
      <trkpt lat="45.78483" lon="10.87951">
        <ele>1227.62</ele>
      </trkpt>
      <trkpt lat="45.78483" lon="10.87943">
        <ele>1224.96</ele>
      </trkpt>
      <trkpt lat="45.78487" lon="10.87935">
        <ele>1223.41</ele>
      </trkpt>
      <trkpt lat="45.78492" lon="10.8793">
        <ele>1223.43</ele>
      </trkpt>
      <trkpt lat="45.78495" lon="10.87927">
        <ele>1223.5</ele>
      </trkpt>
      <trkpt lat="45.78497" lon="10.87925">
        <ele>1223.58</ele>
      </trkpt>
      <trkpt lat="45.78501" lon="10.87919">
        <ele>1223.13</ele>
      </trkpt>
      <trkpt lat="45.78505" lon="10.87911">
        <ele>1222.47</ele>
      </trkpt>
      <trkpt lat="45.78506" lon="10.87908">
        <ele>1222.09</ele>
      </trkpt>
      <trkpt lat="45.7851" lon="10.87902">
        <ele>1221.86</ele>
      </trkpt>
      <trkpt lat="45.78513" lon="10.87898">
        <ele>1221.7</ele>
      </trkpt>
      <trkpt lat="45.78515" lon="10.87896">
        <ele>1221.73</ele>
      </trkpt>
      <trkpt lat="45.78518" lon="10.87893">
        <ele>1221.71</ele>
      </trkpt>
      <trkpt lat="45.78522" lon="10.8789">
        <ele>1221.88</ele>
      </trkpt>
      <trkpt lat="45.78525" lon="10.87888">
        <ele>1222.17</ele>
      </trkpt>
      <trkpt lat="45.78528" lon="10.87886">
        <ele>1222.68</ele>
      </trkpt>
      <trkpt lat="45.78531" lon="10.87883">
        <ele>1223.44</ele>
      </trkpt>
      <trkpt lat="45.78534" lon="10.87881">
        <ele>1224.2</ele>
      </trkpt>
      <trkpt lat="45.78538" lon="10.87875">
        <ele>1224.13</ele>
      </trkpt>
      <trkpt lat="45.78541" lon="10.87871">
        <ele>1223.85</ele>
      </trkpt>
      <trkpt lat="45.78543" lon="10.87868">
        <ele>1223.41</ele>
      </trkpt>
      <trkpt lat="45.78546" lon="10.87864">
        <ele>1222.65</ele>
      </trkpt>
      <trkpt lat="45.78549" lon="10.87862">
        <ele>1222.4</ele>
      </trkpt>
      <trkpt lat="45.78556" lon="10.87859">
        <ele>1222.81</ele>
      </trkpt>
      <trkpt lat="45.7856" lon="10.87858">
        <ele>1222.4</ele>
      </trkpt>
      <trkpt lat="45.78562" lon="10.87856">
        <ele>1222.04</ele>
      </trkpt>
      <trkpt lat="45.78574" lon="10.87852">
        <ele>1220.36</ele>
      </trkpt>
      <trkpt lat="45.78579" lon="10.8785">
        <ele>1219.5</ele>
      </trkpt>
      <trkpt lat="45.78583" lon="10.87849">
        <ele>1218.86</ele>
      </trkpt>
      <trkpt lat="45.78585" lon="10.87855">
        <ele>1220.08</ele>
      </trkpt>
      <trkpt lat="45.78585" lon="10.87859">
        <ele>1220.88</ele>
      </trkpt>
      <trkpt lat="45.78581" lon="10.87858">
        <ele>1220.64</ele>
      </trkpt>
      <trkpt lat="45.78577" lon="10.87859">
        <ele>1221.13</ele>
      </trkpt>
      <trkpt lat="45.78573" lon="10.87859">
        <ele>1221.45</ele>
      </trkpt>
      <trkpt lat="45.78565" lon="10.8786">
        <ele>1222.2</ele>
      </trkpt>
      <trkpt lat="45.78561" lon="10.87862">
        <ele>1223.02</ele>
      </trkpt>
      <trkpt lat="45.78557" lon="10.87864">
        <ele>1224.25</ele>
      </trkpt>
      <trkpt lat="45.78547" lon="10.8787">
        <ele>1225.04</ele>
      </trkpt>
      <trkpt lat="45.78543" lon="10.87872">
        <ele>1224.69</ele>
      </trkpt>
      <trkpt lat="45.7854" lon="10.87873">
        <ele>1224.17</ele>
      </trkpt>
      <trkpt lat="45.78537" lon="10.87873">
        <ele>1223.32</ele>
      </trkpt>
      <trkpt lat="45.78534" lon="10.87873">
        <ele>1222.47</ele>
      </trkpt>
      <trkpt lat="45.78525" lon="10.87872">
        <ele>1219.81</ele>
      </trkpt>
      <trkpt lat="45.78522" lon="10.8787">
        <ele>1218.68</ele>
      </trkpt>
      <trkpt lat="45.78521" lon="10.87862">
        <ele>1217.18</ele>
      </trkpt>
      <trkpt lat="45.78521" lon="10.87857">
        <ele>1217.01</ele>
      </trkpt>
      <trkpt lat="45.78521" lon="10.87851">
        <ele>1216.95</ele>
      </trkpt>
      <trkpt lat="45.78523" lon="10.87843">
        <ele>1217.31</ele>
      </trkpt>
      <trkpt lat="45.78526" lon="10.87834">
        <ele>1217.7</ele>
      </trkpt>
      <trkpt lat="45.78528" lon="10.8783">
        <ele>1217.9</ele>
      </trkpt>
      <trkpt lat="45.7853" lon="10.87822">
        <ele>1217.83</ele>
      </trkpt>
      <trkpt lat="45.78529" lon="10.87818">
        <ele>1217.58</ele>
      </trkpt>
      <trkpt lat="45.78524" lon="10.87818">
        <ele>1217.37</ele>
      </trkpt>
      <trkpt lat="45.78517" lon="10.87819">
        <ele>1217.15</ele>
      </trkpt>
      <trkpt lat="45.78507" lon="10.87829">
        <ele>1215.04</ele>
      </trkpt>
      <trkpt lat="45.78499" lon="10.87842">
        <ele>1212.4</ele>
      </trkpt>
      <trkpt lat="45.78497" lon="10.87846">
        <ele>1212.11</ele>
      </trkpt>
      <trkpt lat="45.78492" lon="10.87851">
        <ele>1211.57</ele>
      </trkpt>
      <trkpt lat="45.78487" lon="10.87856">
        <ele>1210.78</ele>
      </trkpt>
      <trkpt lat="45.78484" lon="10.87859">
        <ele>1210.18</ele>
      </trkpt>
      <trkpt lat="45.78481" lon="10.87863">
        <ele>1209.51</ele>
      </trkpt>
      <trkpt lat="45.78479" lon="10.87873">
        <ele>1208.39</ele>
      </trkpt>
      <trkpt lat="45.78477" lon="10.87878">
        <ele>1207.35</ele>
      </trkpt>
      <trkpt lat="45.78471" lon="10.87884">
        <ele>1204.72</ele>
      </trkpt>
      <trkpt lat="45.78467" lon="10.8789">
        <ele>1203.07</ele>
      </trkpt>
      <trkpt lat="45.78463" lon="10.87896">
        <ele>1202.87</ele>
      </trkpt>
      <trkpt lat="45.78461" lon="10.87899">
        <ele>1202.51</ele>
      </trkpt>
      <trkpt lat="45.78459" lon="10.87904">
        <ele>1202.1</ele>
      </trkpt>
      <trkpt lat="45.78457" lon="10.87907">
        <ele>1201.35</ele>
      </trkpt>
      <trkpt lat="45.78456" lon="10.87913">
        <ele>1201.0</ele>
      </trkpt>
      <trkpt lat="45.78454" lon="10.87917">
        <ele>1199.96</ele>
      </trkpt>
      <trkpt lat="45.7845" lon="10.87924">
        <ele>1199.88</ele>
      </trkpt>
      <trkpt lat="45.78445" lon="10.87928">
        <ele>1198.03</ele>
      </trkpt>
      <trkpt lat="45.7844" lon="10.87935">
        <ele>1198.51</ele>
      </trkpt>
      <trkpt lat="45.78436" lon="10.8794">
        <ele>1198.35</ele>
      </trkpt>
      <trkpt lat="45.78431" lon="10.87942">
        <ele>1196.78</ele>
      </trkpt>
      <trkpt lat="45.78427" lon="10.87944">
        <ele>1195.41</ele>
      </trkpt>
      <trkpt lat="45.78331" lon="10.88037">
        <ele>1178.38</ele>
      </trkpt>
      <trkpt lat="45.7829" lon="10.88047">
        <ele>1173.41</ele>
      </trkpt>
      <trkpt lat="45.78285" lon="10.88048">
        <ele>1172.63</ele>
      </trkpt>
      <trkpt lat="45.7828" lon="10.88049">
        <ele>1171.82</ele>
      </trkpt>
      <trkpt lat="45.78276" lon="10.8805">
        <ele>1171.3</ele>
      </trkpt>
      <trkpt lat="45.78274" lon="10.88053">
        <ele>1170.94</ele>
      </trkpt>
      <trkpt lat="45.78273" lon="10.88056">
        <ele>1170.69</ele>
      </trkpt>
      <trkpt lat="45.7827" lon="10.8806">
        <ele>1170.72</ele>
      </trkpt>
      <trkpt lat="45.78263" lon="10.88061">
        <ele>1170.22</ele>
      </trkpt>
      <trkpt lat="45.78255" lon="10.88061">
        <ele>1169.59</ele>
      </trkpt>
      <trkpt lat="45.78219" lon="10.88059">
        <ele>1171.77</ele>
      </trkpt>
      <trkpt lat="45.78209" lon="10.88057">
        <ele>1169.9</ele>
      </trkpt>
      <trkpt lat="45.78192" lon="10.88056">
        <ele>1166.26</ele>
      </trkpt>
      <trkpt lat="45.78179" lon="10.88058">
        <ele>1161.99</ele>
      </trkpt>
      <trkpt lat="45.78165" lon="10.88068">
        <ele>1158.38</ele>
      </trkpt>
      <trkpt lat="45.78147" lon="10.88074">
        <ele>1153.07</ele>
      </trkpt>
      <trkpt lat="45.78144" lon="10.88077">
        <ele>1151.53</ele>
      </trkpt>
      <trkpt lat="45.78141" lon="10.88082">
        <ele>1149.28</ele>
      </trkpt>
      <trkpt lat="45.78066" lon="10.88315">
        <ele>1123.46</ele>
      </trkpt>
      <trkpt lat="45.78065" lon="10.8832">
        <ele>1124.5</ele>
      </trkpt>
      <trkpt lat="45.78065" lon="10.88331">
        <ele>1128.36</ele>
      </trkpt>
      <trkpt lat="45.78063" lon="10.88336">
        <ele>1128.61</ele>
      </trkpt>
      <trkpt lat="45.78061" lon="10.88339">
        <ele>1128.36</ele>
      </trkpt>
      <trkpt lat="45.78056" lon="10.88341">
        <ele>1125.08</ele>
      </trkpt>
      <trkpt lat="45.78053" lon="10.88341">
        <ele>1124.28</ele>
      </trkpt>
      <trkpt lat="45.78047" lon="10.88341">
        <ele>1123.3</ele>
      </trkpt>
      <trkpt lat="45.78044" lon="10.88341">
        <ele>1122.81</ele>
      </trkpt>
      <trkpt lat="45.78041" lon="10.8834">
        <ele>1122.09</ele>
      </trkpt>
      <trkpt lat="45.78036" lon="10.88338">
        <ele>1121.19</ele>
      </trkpt>
      <trkpt lat="45.78022" lon="10.88334">
        <ele>1119.49</ele>
      </trkpt>
      <trkpt lat="45.78018" lon="10.88332">
        <ele>1118.56</ele>
      </trkpt>
      <trkpt lat="45.78015" lon="10.88332">
        <ele>1117.86</ele>
      </trkpt>
      <trkpt lat="45.78009" lon="10.88331">
        <ele>1116.58</ele>
      </trkpt>
      <trkpt lat="45.78006" lon="10.88331">
        <ele>1115.92</ele>
      </trkpt>
      <trkpt lat="45.78003" lon="10.88331">
        <ele>1115.25</ele>
      </trkpt>
      <trkpt lat="45.78" lon="10.88331">
        <ele>1114.59</ele>
      </trkpt>
      <trkpt lat="45.77999" lon="10.88335">
        <ele>1114.24</ele>
      </trkpt>
      <trkpt lat="45.77997" lon="10.88339">
        <ele>1114.67</ele>
      </trkpt>
      <trkpt lat="45.77995" lon="10.88343">
        <ele>1115.01</ele>
      </trkpt>
      <trkpt lat="45.77993" lon="10.88349">
        <ele>1115.2</ele>
      </trkpt>
      <trkpt lat="45.7799" lon="10.88352">
        <ele>1115.55</ele>
      </trkpt>
      <trkpt lat="45.77979" lon="10.88356">
        <ele>1116.82</ele>
      </trkpt>
      <trkpt lat="45.77968" lon="10.88358">
        <ele>1118.65</ele>
      </trkpt>
      <trkpt lat="45.7796" lon="10.88363">
        <ele>1119.99</ele>
      </trkpt>
      <trkpt lat="45.77955" lon="10.88366">
        <ele>1121.01</ele>
      </trkpt>
      <trkpt lat="45.7795" lon="10.8837">
        <ele>1121.83</ele>
      </trkpt>
      <trkpt lat="45.77947" lon="10.88374">
        <ele>1122.09</ele>
      </trkpt>
      <trkpt lat="45.7794" lon="10.88381">
        <ele>1123.15</ele>
      </trkpt>
      <trkpt lat="45.77938" lon="10.88383">
        <ele>1123.46</ele>
      </trkpt>
      <trkpt lat="45.77929" lon="10.88391">
        <ele>1124.5</ele>
      </trkpt>
      <trkpt lat="45.77924" lon="10.884">
        <ele>1123.96</ele>
      </trkpt>
      <trkpt lat="45.77917" lon="10.88405">
        <ele>1124.45</ele>
      </trkpt>
      <trkpt lat="45.7791" lon="10.8841">
        <ele>1125.24</ele>
      </trkpt>
      <trkpt lat="45.77906" lon="10.88413">
        <ele>1125.58</ele>
      </trkpt>
      <trkpt lat="45.77902" lon="10.88415">
        <ele>1126.12</ele>
      </trkpt>
      <trkpt lat="45.77896" lon="10.88416">
        <ele>1127.39</ele>
      </trkpt>
      <trkpt lat="45.77891" lon="10.88418">
        <ele>1128.18</ele>
      </trkpt>
      <trkpt lat="45.77888" lon="10.88419">
        <ele>1129.03</ele>
      </trkpt>
      <trkpt lat="45.77885" lon="10.8842">
        <ele>1130.61</ele>
      </trkpt>
      <trkpt lat="45.7788" lon="10.88421">
        <ele>1133.35</ele>
      </trkpt>
      <trkpt lat="45.77875" lon="10.88424">
        <ele>1135.52</ele>
      </trkpt>
      <trkpt lat="45.77868" lon="10.88425">
        <ele>1139.31</ele>
      </trkpt>
      <trkpt lat="45.77865" lon="10.88428">
        <ele>1140.12</ele>
      </trkpt>
      <trkpt lat="45.77861" lon="10.88432">
        <ele>1141.09</ele>
      </trkpt>
      <trkpt lat="45.77859" lon="10.88436">
        <ele>1140.75</ele>
      </trkpt>
      <trkpt lat="45.77858" lon="10.88441">
        <ele>1139.59</ele>
      </trkpt>
      <trkpt lat="45.77856" lon="10.88444">
        <ele>1139.54</ele>
      </trkpt>
      <trkpt lat="45.77853" lon="10.88456">
        <ele>1136.69</ele>
      </trkpt>
      <trkpt lat="45.77849" lon="10.88465">
        <ele>1135.04</ele>
      </trkpt>
      <trkpt lat="45.77846" lon="10.88468">
        <ele>1135.06</ele>
      </trkpt>
      <trkpt lat="45.77843" lon="10.88472">
        <ele>1134.61</ele>
      </trkpt>
      <trkpt lat="45.77841" lon="10.88476">
        <ele>1133.78</ele>
      </trkpt>
      <trkpt lat="45.77836" lon="10.88481">
        <ele>1133.59</ele>
      </trkpt>
      <trkpt lat="45.77833" lon="10.88485">
        <ele>1133.18</ele>
      </trkpt>
      <trkpt lat="45.77831" lon="10.88489">
        <ele>1133.0</ele>
      </trkpt>
      <trkpt lat="45.77829" lon="10.88494">
        <ele>1132.32</ele>
      </trkpt>
      <trkpt lat="45.77826" lon="10.88498">
        <ele>1132.62</ele>
      </trkpt>
      <trkpt lat="45.77823" lon="10.885">
        <ele>1133.7</ele>
      </trkpt>
      <trkpt lat="45.77819" lon="10.88501">
        <ele>1135.76</ele>
      </trkpt>
      <trkpt lat="45.77815" lon="10.88503">
        <ele>1137.23</ele>
      </trkpt>
      <trkpt lat="45.77812" lon="10.88501">
        <ele>1140.25</ele>
      </trkpt>
      <trkpt lat="45.77811" lon="10.88497">
        <ele>1143.01</ele>
      </trkpt>
      <trkpt lat="45.7781" lon="10.88493">
        <ele>1145.74</ele>
      </trkpt>
      <trkpt lat="45.77808" lon="10.88491">
        <ele>1148.16</ele>
      </trkpt>
      <trkpt lat="45.77804" lon="10.8849">
        <ele>1151.58</ele>
      </trkpt>
      <trkpt lat="45.778" lon="10.88488">
        <ele>1155.68</ele>
      </trkpt>
      <trkpt lat="45.77797" lon="10.88485">
        <ele>1159.57</ele>
      </trkpt>
      <trkpt lat="45.77795" lon="10.88481">
        <ele>1163.24</ele>
      </trkpt>
      <trkpt lat="45.77793" lon="10.88479">
        <ele>1165.83</ele>
      </trkpt>
      <trkpt lat="45.77788" lon="10.88478">
        <ele>1170.15</ele>
      </trkpt>
      <trkpt lat="45.77785" lon="10.88477">
        <ele>1172.96</ele>
      </trkpt>
      <trkpt lat="45.77782" lon="10.88476">
        <ele>1175.77</ele>
      </trkpt>
      <trkpt lat="45.77777" lon="10.88476">
        <ele>1179.24</ele>
      </trkpt>
      <trkpt lat="45.77771" lon="10.88477">
        <ele>1180.86</ele>
      </trkpt>
      <trkpt lat="45.77768" lon="10.88478">
        <ele>1181.4</ele>
      </trkpt>
      <trkpt lat="45.77765" lon="10.8848">
        <ele>1181.4</ele>
      </trkpt>
      <trkpt lat="45.77763" lon="10.88483">
        <ele>1180.5</ele>
      </trkpt>
      <trkpt lat="45.77759" lon="10.88485">
        <ele>1180.86</ele>
      </trkpt>
      <trkpt lat="45.77756" lon="10.88485">
        <ele>1181.94</ele>
      </trkpt>
      <trkpt lat="45.77752" lon="10.88484">
        <ele>1183.92</ele>
      </trkpt>
      <trkpt lat="45.77747" lon="10.88483">
        <ele>1185.37</ele>
      </trkpt>
      <trkpt lat="45.77744" lon="10.88482">
        <ele>1186.09</ele>
      </trkpt>
      <trkpt lat="45.77741" lon="10.88482">
        <ele>1186.27</ele>
      </trkpt>
      <trkpt lat="45.77738" lon="10.88481">
        <ele>1186.97</ele>
      </trkpt>
      <trkpt lat="45.77733" lon="10.88481">
        <ele>1187.26</ele>
      </trkpt>
      <trkpt lat="45.77729" lon="10.88481">
        <ele>1187.49</ele>
      </trkpt>
      <trkpt lat="45.77726" lon="10.88481">
        <ele>1187.67</ele>
      </trkpt>
      <trkpt lat="45.77723" lon="10.88481">
        <ele>1187.85</ele>
      </trkpt>
      <trkpt lat="45.7772" lon="10.88481">
        <ele>1188.06</ele>
      </trkpt>
      <trkpt lat="45.77714" lon="10.88487">
        <ele>1185.5</ele>
      </trkpt>
      <trkpt lat="45.77709" lon="10.8849">
        <ele>1184.19</ele>
      </trkpt>
      <trkpt lat="45.77703" lon="10.88491">
        <ele>1183.88</ele>
      </trkpt>
      <trkpt lat="45.77697" lon="10.88492">
        <ele>1183.53</ele>
      </trkpt>
      <trkpt lat="45.77693" lon="10.88494">
        <ele>1182.76</ele>
      </trkpt>
      <trkpt lat="45.77689" lon="10.88496">
        <ele>1182.45</ele>
      </trkpt>
      <trkpt lat="45.77685" lon="10.88498">
        <ele>1182.17</ele>
      </trkpt>
      <trkpt lat="45.77681" lon="10.885">
        <ele>1181.9</ele>
      </trkpt>
      <trkpt lat="45.77678" lon="10.88501">
        <ele>1182.28</ele>
      </trkpt>
      <trkpt lat="45.77674" lon="10.88502">
        <ele>1182.86</ele>
      </trkpt>
      <trkpt lat="45.77671" lon="10.88503">
        <ele>1183.22</ele>
      </trkpt>
      <trkpt lat="45.77667" lon="10.88504">
        <ele>1183.78</ele>
      </trkpt>
      <trkpt lat="45.77663" lon="10.88504">
        <ele>1185.37</ele>
      </trkpt>
      <trkpt lat="45.77658" lon="10.88504">
        <ele>1187.46</ele>
      </trkpt>
      <trkpt lat="45.77655" lon="10.88504">
        <ele>1188.71</ele>
      </trkpt>
      <trkpt lat="45.77652" lon="10.88504">
        <ele>1189.96</ele>
      </trkpt>
      <trkpt lat="45.77648" lon="10.88504">
        <ele>1191.62</ele>
      </trkpt>
      <trkpt lat="45.77642" lon="10.88504">
        <ele>1194.12</ele>
      </trkpt>
      <trkpt lat="45.77638" lon="10.88505">
        <ele>1195.29</ele>
      </trkpt>
      <trkpt lat="45.77635" lon="10.88506">
        <ele>1195.83</ele>
      </trkpt>
      <trkpt lat="45.77632" lon="10.88508">
        <ele>1196.03</ele>
      </trkpt>
      <trkpt lat="45.7763" lon="10.88511">
        <ele>1195.58</ele>
      </trkpt>
      <trkpt lat="45.77627" lon="10.88514">
        <ele>1195.53</ele>
      </trkpt>
      <trkpt lat="45.77625" lon="10.88515">
        <ele>1195.87</ele>
      </trkpt>
      <trkpt lat="45.77616" lon="10.88518">
        <ele>1198.07</ele>
      </trkpt>
      <trkpt lat="45.77614" lon="10.8852">
        <ele>1198.18</ele>
      </trkpt>
      <trkpt lat="45.7761" lon="10.88524">
        <ele>1198.42</ele>
      </trkpt>
      <trkpt lat="45.77606" lon="10.88526">
        <ele>1199.02</ele>
      </trkpt>
      <trkpt lat="45.77602" lon="10.88526">
        <ele>1200.2</ele>
      </trkpt>
      <trkpt lat="45.77598" lon="10.88527">
        <ele>1201.04</ele>
      </trkpt>
      <trkpt lat="45.77594" lon="10.88526">
        <ele>1202.56</ele>
      </trkpt>
      <trkpt lat="45.77589" lon="10.88525">
        <ele>1204.41</ele>
      </trkpt>
      <trkpt lat="45.77586" lon="10.88522">
        <ele>1206.46</ele>
      </trkpt>
      <trkpt lat="45.77581" lon="10.8852">
        <ele>1208.79</ele>
      </trkpt>
      <trkpt lat="45.77578" lon="10.8852">
        <ele>1209.69</ele>
      </trkpt>
      <trkpt lat="45.77575" lon="10.88521">
        <ele>1210.15</ele>
      </trkpt>
      <trkpt lat="45.77568" lon="10.88524">
        <ele>1210.74</ele>
      </trkpt>
      <trkpt lat="45.77563" lon="10.88526">
        <ele>1211.06</ele>
      </trkpt>
      <trkpt lat="45.77558" lon="10.88528">
        <ele>1211.28</ele>
      </trkpt>
      <trkpt lat="45.77554" lon="10.88529">
        <ele>1211.64</ele>
      </trkpt>
      <trkpt lat="45.7755" lon="10.8853">
        <ele>1211.71</ele>
      </trkpt>
      <trkpt lat="45.77545" lon="10.88531">
        <ele>1211.88</ele>
      </trkpt>
      <trkpt lat="45.77542" lon="10.88531">
        <ele>1212.27</ele>
      </trkpt>
      <trkpt lat="45.77539" lon="10.88531">
        <ele>1212.67</ele>
      </trkpt>
      <trkpt lat="45.77536" lon="10.88529">
        <ele>1214.15</ele>
      </trkpt>
      <trkpt lat="45.77533" lon="10.88526">
        <ele>1216.38</ele>
      </trkpt>
      <trkpt lat="45.7753" lon="10.88525">
        <ele>1217.46</ele>
      </trkpt>
      <trkpt lat="45.77527" lon="10.88523">
        <ele>1219.21</ele>
      </trkpt>
      <trkpt lat="45.77525" lon="10.88519">
        <ele>1222.09</ele>
      </trkpt>
      <trkpt lat="45.77521" lon="10.88518">
        <ele>1223.31</ele>
      </trkpt>
      <trkpt lat="45.77517" lon="10.88517">
        <ele>1224.54</ele>
      </trkpt>
      <trkpt lat="45.77513" lon="10.88517">
        <ele>1225.11</ele>
      </trkpt>
      <trkpt lat="45.77508" lon="10.88517">
        <ele>1225.83</ele>
      </trkpt>
      <trkpt lat="45.77503" lon="10.88517">
        <ele>1226.55</ele>
      </trkpt>
      <trkpt lat="45.77498" lon="10.88516">
        <ele>1227.8</ele>
      </trkpt>
      <trkpt lat="45.77492" lon="10.88516">
        <ele>1228.3</ele>
      </trkpt>
      <trkpt lat="45.77489" lon="10.88514">
        <ele>1229.73</ele>
      </trkpt>
      <trkpt lat="45.77486" lon="10.88511">
        <ele>1231.67</ele>
      </trkpt>
      <trkpt lat="45.77483" lon="10.88507">
        <ele>1234.08</ele>
      </trkpt>
      <trkpt lat="45.77481" lon="10.88505">
        <ele>1235.25</ele>
      </trkpt>
      <trkpt lat="45.77477" lon="10.88503">
        <ele>1236.41</ele>
      </trkpt>
      <trkpt lat="45.77473" lon="10.88502">
        <ele>1236.98</ele>
      </trkpt>
      <trkpt lat="45.7747" lon="10.885">
        <ele>1237.44</ele>
      </trkpt>
      <trkpt lat="45.77466" lon="10.88495">
        <ele>1239.91</ele>
      </trkpt>
      <trkpt lat="45.77462" lon="10.88491">
        <ele>1241.55</ele>
      </trkpt>
      <trkpt lat="45.77458" lon="10.88486">
        <ele>1243.72</ele>
      </trkpt>
      <trkpt lat="45.77456" lon="10.88483">
        <ele>1245.08</ele>
      </trkpt>
      <trkpt lat="45.77453" lon="10.88478">
        <ele>1247.35</ele>
      </trkpt>
      <trkpt lat="45.77449" lon="10.88475">
        <ele>1247.89</ele>
      </trkpt>
      <trkpt lat="45.77443" lon="10.88472">
        <ele>1247.46</ele>
      </trkpt>
      <trkpt lat="45.7744" lon="10.88471">
        <ele>1246.65</ele>
      </trkpt>
      <trkpt lat="45.77436" lon="10.8847">
        <ele>1245.34</ele>
      </trkpt>
      <trkpt lat="45.77433" lon="10.88469">
        <ele>1244.47</ele>
      </trkpt>
      <trkpt lat="45.77429" lon="10.88467">
        <ele>1243.65</ele>
      </trkpt>
      <trkpt lat="45.77427" lon="10.88465">
        <ele>1243.77</ele>
      </trkpt>
      <trkpt lat="45.77424" lon="10.88461">
        <ele>1244.41</ele>
      </trkpt>
      <trkpt lat="45.77422" lon="10.88458">
        <ele>1244.96</ele>
      </trkpt>
      <trkpt lat="45.77418" lon="10.88456">
        <ele>1243.88</ele>
      </trkpt>
      <trkpt lat="45.77415" lon="10.88455">
        <ele>1243.17</ele>
      </trkpt>
      <trkpt lat="45.77412" lon="10.88453">
        <ele>1243.21</ele>
      </trkpt>
      <trkpt lat="45.77408" lon="10.8845">
        <ele>1243.33</ele>
      </trkpt>
      <trkpt lat="45.77405" lon="10.88445">
        <ele>1244.55</ele>
      </trkpt>
      <trkpt lat="45.774" lon="10.88441">
        <ele>1245.28</ele>
      </trkpt>
      <trkpt lat="45.77397" lon="10.88438">
        <ele>1246.16</ele>
      </trkpt>
      <trkpt lat="45.77394" lon="10.88436">
        <ele>1246.37</ele>
      </trkpt>
      <trkpt lat="45.77391" lon="10.88433">
        <ele>1247.21</ele>
      </trkpt>
      <trkpt lat="45.77387" lon="10.88432">
        <ele>1246.72</ele>
      </trkpt>
      <trkpt lat="45.77384" lon="10.88429">
        <ele>1248.13</ele>
      </trkpt>
      <trkpt lat="45.77382" lon="10.88423">
        <ele>1251.66</ele>
      </trkpt>
      <trkpt lat="45.7738" lon="10.88418">
        <ele>1254.54</ele>
      </trkpt>
      <trkpt lat="45.77379" lon="10.88414">
        <ele>1256.63</ele>
      </trkpt>
      <trkpt lat="45.77376" lon="10.88411">
        <ele>1257.65</ele>
      </trkpt>
      <trkpt lat="45.77373" lon="10.88409">
        <ele>1258.12</ele>
      </trkpt>
      <trkpt lat="45.7737" lon="10.88407">
        <ele>1258.58</ele>
      </trkpt>
      <trkpt lat="45.77367" lon="10.88406">
        <ele>1258.52</ele>
      </trkpt>
      <trkpt lat="45.77363" lon="10.88404">
        <ele>1258.76</ele>
      </trkpt>
      <trkpt lat="45.77357" lon="10.88402">
        <ele>1258.06</ele>
      </trkpt>
      <trkpt lat="45.77351" lon="10.88401">
        <ele>1256.62</ele>
      </trkpt>
      <trkpt lat="45.77347" lon="10.884">
        <ele>1255.83</ele>
      </trkpt>
      <trkpt lat="45.77343" lon="10.88399">
        <ele>1255.04</ele>
      </trkpt>
      <trkpt lat="45.77338" lon="10.88398">
        <ele>1253.92</ele>
      </trkpt>
      <trkpt lat="45.77329" lon="10.88398">
        <ele>1251.52</ele>
      </trkpt>
      <trkpt lat="45.77327" lon="10.88397">
        <ele>1251.58</ele>
      </trkpt>
      <trkpt lat="45.77321" lon="10.88395">
        <ele>1251.2</ele>
      </trkpt>
      <trkpt lat="45.77318" lon="10.88398">
        <ele>1249.27</ele>
      </trkpt>
      <trkpt lat="45.77315" lon="10.88396">
        <ele>1249.47</ele>
      </trkpt>
      <trkpt lat="45.77311" lon="10.88393">
        <ele>1249.78</ele>
      </trkpt>
      <trkpt lat="45.77308" lon="10.88392">
        <ele>1249.46</ele>
      </trkpt>
      <trkpt lat="45.77306" lon="10.8839">
        <ele>1249.71</ele>
      </trkpt>
      <trkpt lat="45.77303" lon="10.88388">
        <ele>1251.16</ele>
      </trkpt>
      <trkpt lat="45.77296" lon="10.88387">
        <ele>1253.17</ele>
      </trkpt>
      <trkpt lat="45.77289" lon="10.88385">
        <ele>1255.89</ele>
      </trkpt>
      <trkpt lat="45.77285" lon="10.88384">
        <ele>1257.31</ele>
      </trkpt>
      <trkpt lat="45.77282" lon="10.88384">
        <ele>1257.81</ele>
      </trkpt>
      <trkpt lat="45.77279" lon="10.88384">
        <ele>1258.32</ele>
      </trkpt>
      <trkpt lat="45.77276" lon="10.88384">
        <ele>1259.16</ele>
      </trkpt>
      <trkpt lat="45.77273" lon="10.88386">
        <ele>1258.86</ele>
      </trkpt>
      <trkpt lat="45.77269" lon="10.88389">
        <ele>1258.43</ele>
      </trkpt>
      <trkpt lat="45.77267" lon="10.88392">
        <ele>1257.95</ele>
      </trkpt>
      <trkpt lat="45.77263" lon="10.88394">
        <ele>1258.63</ele>
      </trkpt>
      <trkpt lat="45.77259" lon="10.88395">
        <ele>1259.72</ele>
      </trkpt>
      <trkpt lat="45.77256" lon="10.88397">
        <ele>1259.95</ele>
      </trkpt>
      <trkpt lat="45.77255" lon="10.88405">
        <ele>1256.69</ele>
      </trkpt>
      <trkpt lat="45.77257" lon="10.88412">
        <ele>1252.83</ele>
      </trkpt>
      <trkpt lat="45.7726" lon="10.88419">
        <ele>1249.03</ele>
      </trkpt>
      <trkpt lat="45.77263" lon="10.88424">
        <ele>1246.54</ele>
      </trkpt>
      <trkpt lat="45.77265" lon="10.88432">
        <ele>1243.47</ele>
      </trkpt>
      <trkpt lat="45.77267" lon="10.88437">
        <ele>1241.35</ele>
      </trkpt>
      <trkpt lat="45.77268" lon="10.88443">
        <ele>1239.25</ele>
      </trkpt>
      <trkpt lat="45.77269" lon="10.8845">
        <ele>1236.73</ele>
      </trkpt>
      <trkpt lat="45.77269" lon="10.88457">
        <ele>1234.46</ele>
      </trkpt>
      <trkpt lat="45.7727" lon="10.88471">
        <ele>1229.64</ele>
      </trkpt>
      <trkpt lat="45.77272" lon="10.88479">
        <ele>1226.71</ele>
      </trkpt>
      <trkpt lat="45.77272" lon="10.88483">
        <ele>1225.56</ele>
      </trkpt>
      <trkpt lat="45.77273" lon="10.88494">
        <ele>1222.1</ele>
      </trkpt>
      <trkpt lat="45.77273" lon="10.885">
        <ele>1220.38</ele>
      </trkpt>
      <trkpt lat="45.77273" lon="10.88508">
        <ele>1219.55</ele>
      </trkpt>
      <trkpt lat="45.77273" lon="10.88519">
        <ele>1218.42</ele>
      </trkpt>
      <trkpt lat="45.77273" lon="10.88531">
        <ele>1217.73</ele>
      </trkpt>
      <trkpt lat="45.77272" lon="10.88537">
        <ele>1218.22</ele>
      </trkpt>
      <trkpt lat="45.7727" lon="10.88541">
        <ele>1218.66</ele>
      </trkpt>
      <trkpt lat="45.77268" lon="10.88547">
        <ele>1219.2</ele>
      </trkpt>
      <trkpt lat="45.77264" lon="10.88554">
        <ele>1219.91</ele>
      </trkpt>
      <trkpt lat="45.77262" lon="10.88557">
        <ele>1220.3</ele>
      </trkpt>
      <trkpt lat="45.7726" lon="10.88562">
        <ele>1221.04</ele>
      </trkpt>
      <trkpt lat="45.77258" lon="10.88567">
        <ele>1221.83</ele>
      </trkpt>
      <trkpt lat="45.77256" lon="10.88571">
        <ele>1222.55</ele>
      </trkpt>
      <trkpt lat="45.77255" lon="10.88576">
        <ele>1223.32</ele>
      </trkpt>
      <trkpt lat="45.77252" lon="10.88581">
        <ele>1224.39</ele>
      </trkpt>
      <trkpt lat="45.77248" lon="10.88587">
        <ele>1225.78</ele>
      </trkpt>
      <trkpt lat="45.77246" lon="10.88591">
        <ele>1226.55</ele>
      </trkpt>
      <trkpt lat="45.77243" lon="10.88598">
        <ele>1227.74</ele>
      </trkpt>
      <trkpt lat="45.77241" lon="10.88601">
        <ele>1228.21</ele>
      </trkpt>
      <trkpt lat="45.77236" lon="10.88606">
        <ele>1228.85</ele>
      </trkpt>
      <trkpt lat="45.77234" lon="10.8861">
        <ele>1229.29</ele>
      </trkpt>
      <trkpt lat="45.77233" lon="10.88615">
        <ele>1229.9</ele>
      </trkpt>
      <trkpt lat="45.77232" lon="10.88622">
        <ele>1230.88</ele>
      </trkpt>
      <trkpt lat="45.77232" lon="10.88626">
        <ele>1231.44</ele>
      </trkpt>
      <trkpt lat="45.77232" lon="10.88634">
        <ele>1232.56</ele>
      </trkpt>
      <trkpt lat="45.77232" lon="10.88638">
        <ele>1233.12</ele>
      </trkpt>
      <trkpt lat="45.77232" lon="10.88645">
        <ele>1233.02</ele>
      </trkpt>
      <trkpt lat="45.77232" lon="10.88652">
        <ele>1232.77</ele>
      </trkpt>
      <trkpt lat="45.77232" lon="10.88656">
        <ele>1232.62</ele>
      </trkpt>
      <trkpt lat="45.77232" lon="10.88661">
        <ele>1232.44</ele>
      </trkpt>
      <trkpt lat="45.77232" lon="10.88666">
        <ele>1232.26</ele>
      </trkpt>
      <trkpt lat="45.77232" lon="10.8867">
        <ele>1232.16</ele>
      </trkpt>
      <trkpt lat="45.77231" lon="10.88675">
        <ele>1232.21</ele>
      </trkpt>
      <trkpt lat="45.7723" lon="10.88682">
        <ele>1232.2</ele>
      </trkpt>
      <trkpt lat="45.77228" lon="10.88685">
        <ele>1232.44</ele>
      </trkpt>
      <trkpt lat="45.77223" lon="10.88691">
        <ele>1233.01</ele>
      </trkpt>
      <trkpt lat="45.77218" lon="10.88698">
        <ele>1232.61</ele>
      </trkpt>
      <trkpt lat="45.77215" lon="10.88701">
        <ele>1232.27</ele>
      </trkpt>
      <trkpt lat="45.77212" lon="10.88702">
        <ele>1231.87</ele>
      </trkpt>
      <trkpt lat="45.77208" lon="10.88703">
        <ele>1231.3</ele>
      </trkpt>
      <trkpt lat="45.77205" lon="10.88705">
        <ele>1230.81</ele>
      </trkpt>
      <trkpt lat="45.77199" lon="10.88708">
        <ele>1229.76</ele>
      </trkpt>
      <trkpt lat="45.77195" lon="10.8871">
        <ele>1228.97</ele>
      </trkpt>
      <trkpt lat="45.77189" lon="10.88713">
        <ele>1229.06</ele>
      </trkpt>
      <trkpt lat="45.77184" lon="10.88722">
        <ele>1228.77</ele>
      </trkpt>
      <trkpt lat="45.77181" lon="10.88724">
        <ele>1229.03</ele>
      </trkpt>
      <trkpt lat="45.77178" lon="10.8873">
        <ele>1229.46</ele>
      </trkpt>
      <trkpt lat="45.77175" lon="10.88731">
        <ele>1229.72</ele>
      </trkpt>
      <trkpt lat="45.77171" lon="10.88733">
        <ele>1230.08</ele>
      </trkpt>
      <trkpt lat="45.77168" lon="10.88735">
        <ele>1230.36</ele>
      </trkpt>
      <trkpt lat="45.77161" lon="10.88738">
        <ele>1233.25</ele>
      </trkpt>
      <trkpt lat="45.77157" lon="10.88739">
        <ele>1235.2</ele>
      </trkpt>
      <trkpt lat="45.77154" lon="10.8874">
        <ele>1236.7</ele>
      </trkpt>
      <trkpt lat="45.77146" lon="10.88742">
        <ele>1240.7</ele>
      </trkpt>
      <trkpt lat="45.77141" lon="10.88745">
        <ele>1243.42</ele>
      </trkpt>
      <trkpt lat="45.77131" lon="10.88748">
        <ele>1248.82</ele>
      </trkpt>
      <trkpt lat="45.77126" lon="10.8875">
        <ele>1251.5</ele>
      </trkpt>
      <trkpt lat="45.77122" lon="10.88754">
        <ele>1253.57</ele>
      </trkpt>
      <trkpt lat="45.77118" lon="10.88755">
        <ele>1255.57</ele>
      </trkpt>
      <trkpt lat="45.77113" lon="10.88756">
        <ele>1258.06</ele>
      </trkpt>
      <trkpt lat="45.77107" lon="10.88756">
        <ele>1260.04</ele>
      </trkpt>
      <trkpt lat="45.77102" lon="10.88756">
        <ele>1261.3</ele>
      </trkpt>
      <trkpt lat="45.77096" lon="10.88757">
        <ele>1262.81</ele>
      </trkpt>
      <trkpt lat="45.77091" lon="10.88757">
        <ele>1264.07</ele>
      </trkpt>
      <trkpt lat="45.77088" lon="10.88757">
        <ele>1264.82</ele>
      </trkpt>
      <trkpt lat="45.77085" lon="10.88759">
        <ele>1265.58</ele>
      </trkpt>
      <trkpt lat="45.77081" lon="10.88764">
        <ele>1266.5</ele>
      </trkpt>
      <trkpt lat="45.77078" lon="10.88766">
        <ele>1267.12</ele>
      </trkpt>
      <trkpt lat="45.77071" lon="10.8877">
        <ele>1268.47</ele>
      </trkpt>
      <trkpt lat="45.77066" lon="10.88772">
        <ele>1269.38</ele>
      </trkpt>
      <trkpt lat="45.77063" lon="10.88774">
        <ele>1269.86</ele>
      </trkpt>
      <trkpt lat="45.77059" lon="10.88774">
        <ele>1270.62</ele>
      </trkpt>
      <trkpt lat="45.77056" lon="10.88775">
        <ele>1271.12</ele>
      </trkpt>
      <trkpt lat="45.77053" lon="10.88775">
        <ele>1271.58</ele>
      </trkpt>
      <trkpt lat="45.77049" lon="10.88775">
        <ele>1272.17</ele>
      </trkpt>
      <trkpt lat="45.77043" lon="10.88775">
        <ele>1273.05</ele>
      </trkpt>
      <trkpt lat="45.7704" lon="10.88774">
        <ele>1273.59</ele>
      </trkpt>
      <trkpt lat="45.77036" lon="10.88774">
        <ele>1274.18</ele>
      </trkpt>
      <trkpt lat="45.77032" lon="10.88775">
        <ele>1274.68</ele>
      </trkpt>
      <trkpt lat="45.77026" lon="10.88776">
        <ele>1275.78</ele>
      </trkpt>
      <trkpt lat="45.77019" lon="10.88777">
        <ele>1277.95</ele>
      </trkpt>
      <trkpt lat="45.77013" lon="10.88778">
        <ele>1279.73</ele>
      </trkpt>
      <trkpt lat="45.77007" lon="10.88772">
        <ele>1282.67</ele>
      </trkpt>
      <trkpt lat="45.77004" lon="10.8877">
        <ele>1284.02</ele>
      </trkpt>
      <trkpt lat="45.77001" lon="10.88769">
        <ele>1285.23</ele>
      </trkpt>
      <trkpt lat="45.76997" lon="10.88767">
        <ele>1286.82</ele>
      </trkpt>
      <trkpt lat="45.76993" lon="10.88765">
        <ele>1288.41</ele>
      </trkpt>
      <trkpt lat="45.76989" lon="10.88762">
        <ele>1290.29</ele>
      </trkpt>
      <trkpt lat="45.76986" lon="10.88761">
        <ele>1291.46</ele>
      </trkpt>
      <trkpt lat="45.76982" lon="10.8876">
        <ele>1292.98</ele>
      </trkpt>
      <trkpt lat="45.76979" lon="10.8876">
        <ele>1293.94</ele>
      </trkpt>
      <trkpt lat="45.76973" lon="10.8876">
        <ele>1295.87</ele>
      </trkpt>
      <trkpt lat="45.7697" lon="10.88761">
        <ele>1296.23</ele>
      </trkpt>
      <trkpt lat="45.76967" lon="10.88761">
        <ele>1296.78</ele>
      </trkpt>
      <trkpt lat="45.76963" lon="10.88762">
        <ele>1297.15</ele>
      </trkpt>
      <trkpt lat="45.7696" lon="10.88762">
        <ele>1297.67</ele>
      </trkpt>
      <trkpt lat="45.76957" lon="10.88761">
        <ele>1298.58</ele>
      </trkpt>
      <trkpt lat="45.76953" lon="10.8876">
        <ele>1299.72</ele>
      </trkpt>
      <trkpt lat="45.7695" lon="10.88758">
        <ele>1301.14</ele>
      </trkpt>
      <trkpt lat="45.76947" lon="10.88754">
        <ele>1303.55</ele>
      </trkpt>
      <trkpt lat="45.76944" lon="10.88751">
        <ele>1305.66</ele>
      </trkpt>
      <trkpt lat="45.76941" lon="10.88749">
        <ele>1307.3</ele>
      </trkpt>
      <trkpt lat="45.76938" lon="10.88746">
        <ele>1309.14</ele>
      </trkpt>
      <trkpt lat="45.76935" lon="10.88744">
        <ele>1310.74</ele>
      </trkpt>
      <trkpt lat="45.76931" lon="10.88743">
        <ele>1312.38</ele>
      </trkpt>
      <trkpt lat="45.76927" lon="10.88743">
        <ele>1313.67</ele>
      </trkpt>
      <trkpt lat="45.76924" lon="10.88743">
        <ele>1314.65</ele>
      </trkpt>
      <trkpt lat="45.76921" lon="10.88745">
        <ele>1314.8</ele>
      </trkpt>
      <trkpt lat="45.76918" lon="10.88747">
        <ele>1314.89</ele>
      </trkpt>
      <trkpt lat="45.76913" lon="10.88749">
        <ele>1315.74</ele>
      </trkpt>
      <trkpt lat="45.7691" lon="10.88749">
        <ele>1316.81</ele>
      </trkpt>
      <trkpt lat="45.76901" lon="10.8875">
        <ele>1319.64</ele>
      </trkpt>
      <trkpt lat="45.76893" lon="10.88749">
        <ele>1322.89</ele>
      </trkpt>
      <trkpt lat="45.76882" lon="10.8875">
        <ele>1324.25</ele>
      </trkpt>
      <trkpt lat="45.76871" lon="10.88751">
        <ele>1323.93</ele>
      </trkpt>
      <trkpt lat="45.76867" lon="10.88753">
        <ele>1322.69</ele>
      </trkpt>
      <trkpt lat="45.76864" lon="10.88754">
        <ele>1322.13</ele>
      </trkpt>
      <trkpt lat="45.76856" lon="10.88756">
        <ele>1321.59</ele>
      </trkpt>
      <trkpt lat="45.76851" lon="10.88757">
        <ele>1321.58</ele>
      </trkpt>
      <trkpt lat="45.76848" lon="10.88758">
        <ele>1321.28</ele>
      </trkpt>
      <trkpt lat="45.76843" lon="10.88758">
        <ele>1321.95</ele>
      </trkpt>
      <trkpt lat="45.76839" lon="10.88758">
        <ele>1322.48</ele>
      </trkpt>
      <trkpt lat="45.76836" lon="10.88758">
        <ele>1322.88</ele>
      </trkpt>
      <trkpt lat="45.76833" lon="10.88757">
        <ele>1323.96</ele>
      </trkpt>
      <trkpt lat="45.76825" lon="10.88754">
        <ele>1326.04</ele>
      </trkpt>
      <trkpt lat="45.76821" lon="10.88754">
        <ele>1326.0</ele>
      </trkpt>
      <trkpt lat="45.76816" lon="10.88754">
        <ele>1325.95</ele>
      </trkpt>
      <trkpt lat="45.76808" lon="10.88754">
        <ele>1325.86</ele>
      </trkpt>
      <trkpt lat="45.76801" lon="10.88759">
        <ele>1324.34</ele>
      </trkpt>
      <trkpt lat="45.76794" lon="10.88775">
        <ele>1318.49</ele>
      </trkpt>
      <trkpt lat="45.7679" lon="10.88778">
        <ele>1318.51</ele>
      </trkpt>
      <trkpt lat="45.76786" lon="10.88782">
        <ele>1318.43</ele>
      </trkpt>
      <trkpt lat="45.76781" lon="10.88787">
        <ele>1318.44</ele>
      </trkpt>
      <trkpt lat="45.76779" lon="10.8879">
        <ele>1318.12</ele>
      </trkpt>
      <trkpt lat="45.76776" lon="10.88795">
        <ele>1317.65</ele>
      </trkpt>
      <trkpt lat="45.76774" lon="10.888">
        <ele>1316.85</ele>
      </trkpt>
      <trkpt lat="45.76771" lon="10.88802">
        <ele>1317.63</ele>
      </trkpt>
      <trkpt lat="45.76768" lon="10.88807">
        <ele>1317.37</ele>
      </trkpt>
      <trkpt lat="45.76766" lon="10.88813">
        <ele>1315.96</ele>
      </trkpt>
      <trkpt lat="45.76764" lon="10.88819">
        <ele>1314.39</ele>
      </trkpt>
      <trkpt lat="45.76757" lon="10.8883">
        <ele>1312.26</ele>
      </trkpt>
      <trkpt lat="45.76755" lon="10.88833">
        <ele>1311.54</ele>
      </trkpt>
      <trkpt lat="45.76751" lon="10.88835">
        <ele>1312.07</ele>
      </trkpt>
      <trkpt lat="45.76748" lon="10.88837">
        <ele>1312.72</ele>
      </trkpt>
      <trkpt lat="45.76743" lon="10.88837">
        <ele>1315.33</ele>
      </trkpt>
      <trkpt lat="45.76739" lon="10.88839">
        <ele>1316.58</ele>
      </trkpt>
      <trkpt lat="45.76729" lon="10.8884">
        <ele>1321.21</ele>
      </trkpt>
      <trkpt lat="45.76726" lon="10.88842">
        <ele>1321.76</ele>
      </trkpt>
      <trkpt lat="45.76717" lon="10.88845">
        <ele>1324.99</ele>
      </trkpt>
      <trkpt lat="45.76712" lon="10.88851">
        <ele>1324.95</ele>
      </trkpt>
      <trkpt lat="45.7671" lon="10.88853">
        <ele>1325.18</ele>
      </trkpt>
      <trkpt lat="45.76708" lon="10.88855">
        <ele>1325.45</ele>
      </trkpt>
      <trkpt lat="45.76702" lon="10.88861">
        <ele>1326.42</ele>
      </trkpt>
      <trkpt lat="45.76699" lon="10.88863">
        <ele>1327.17</ele>
      </trkpt>
      <trkpt lat="45.76692" lon="10.88869">
        <ele>1327.8</ele>
      </trkpt>
      <trkpt lat="45.76687" lon="10.88877">
        <ele>1326.02</ele>
      </trkpt>
      <trkpt lat="45.76685" lon="10.88883">
        <ele>1323.76</ele>
      </trkpt>
      <trkpt lat="45.76679" lon="10.88902">
        <ele>1317.24</ele>
      </trkpt>
      <trkpt lat="45.76668" lon="10.88911">
        <ele>1318.37</ele>
      </trkpt>
      <trkpt lat="45.76666" lon="10.88912">
        <ele>1318.81</ele>
      </trkpt>
      <trkpt lat="45.76663" lon="10.88914">
        <ele>1319.02</ele>
      </trkpt>
      <trkpt lat="45.7666" lon="10.88917">
        <ele>1318.72</ele>
      </trkpt>
      <trkpt lat="45.76649" lon="10.88927">
        <ele>1318.09</ele>
      </trkpt>
      <trkpt lat="45.76643" lon="10.88929">
        <ele>1319.32</ele>
      </trkpt>
      <trkpt lat="45.76637" lon="10.88936">
        <ele>1317.64</ele>
      </trkpt>
      <trkpt lat="45.76633" lon="10.8894">
        <ele>1317.04</ele>
      </trkpt>
      <trkpt lat="45.76627" lon="10.88947">
        <ele>1315.56</ele>
      </trkpt>
      <trkpt lat="45.7662" lon="10.88954">
        <ele>1313.83</ele>
      </trkpt>
      <trkpt lat="45.76613" lon="10.88957">
        <ele>1314.3</ele>
      </trkpt>
      <trkpt lat="45.76608" lon="10.88961">
        <ele>1313.53</ele>
      </trkpt>
      <trkpt lat="45.76605" lon="10.88963">
        <ele>1313.57</ele>
      </trkpt>
      <trkpt lat="45.76598" lon="10.8897">
        <ele>1312.49</ele>
      </trkpt>
      <trkpt lat="45.76596" lon="10.88974">
        <ele>1311.23</ele>
      </trkpt>
      <trkpt lat="45.76592" lon="10.88978">
        <ele>1311.34</ele>
      </trkpt>
      <trkpt lat="45.76587" lon="10.88981">
        <ele>1312.55</ele>
      </trkpt>
      <trkpt lat="45.76583" lon="10.88983">
        <ele>1313.67</ele>
      </trkpt>
      <trkpt lat="45.76574" lon="10.88985">
        <ele>1315.56</ele>
      </trkpt>
      <trkpt lat="45.76568" lon="10.88987">
        <ele>1316.56</ele>
      </trkpt>
      <trkpt lat="45.76565" lon="10.88989">
        <ele>1316.62</ele>
      </trkpt>
      <trkpt lat="45.76557" lon="10.88994">
        <ele>1317.09</ele>
      </trkpt>
      <trkpt lat="45.76549" lon="10.89002">
        <ele>1315.1</ele>
      </trkpt>
      <trkpt lat="45.76541" lon="10.89006">
        <ele>1314.62</ele>
      </trkpt>
      <trkpt lat="45.76536" lon="10.8901">
        <ele>1313.75</ele>
      </trkpt>
      <trkpt lat="45.76532" lon="10.89014">
        <ele>1312.77</ele>
      </trkpt>
      <trkpt lat="45.7653" lon="10.89017">
        <ele>1311.9</ele>
      </trkpt>
      <trkpt lat="45.76526" lon="10.89022">
        <ele>1310.62</ele>
      </trkpt>
      <trkpt lat="45.76523" lon="10.89024">
        <ele>1310.38</ele>
      </trkpt>
      <trkpt lat="45.76519" lon="10.89027">
        <ele>1309.9</ele>
      </trkpt>
      <trkpt lat="45.76517" lon="10.89029">
        <ele>1309.46</ele>
      </trkpt>
      <trkpt lat="45.76514" lon="10.89032">
        <ele>1308.81</ele>
      </trkpt>
      <trkpt lat="45.76508" lon="10.89035">
        <ele>1308.7</ele>
      </trkpt>
      <trkpt lat="45.76503" lon="10.89037">
        <ele>1308.81</ele>
      </trkpt>
      <trkpt lat="45.76499" lon="10.8904">
        <ele>1308.36</ele>
      </trkpt>
      <trkpt lat="45.76495" lon="10.89043">
        <ele>1307.94</ele>
      </trkpt>
      <trkpt lat="45.76484" lon="10.89048">
        <ele>1307.77</ele>
      </trkpt>
      <trkpt lat="45.76482" lon="10.8905">
        <ele>1307.18</ele>
      </trkpt>
      <trkpt lat="45.76479" lon="10.89051">
        <ele>1307.2</ele>
      </trkpt>
      <trkpt lat="45.76474" lon="10.89053">
        <ele>1307.01</ele>
      </trkpt>
      <trkpt lat="45.76469" lon="10.89057">
        <ele>1305.97</ele>
      </trkpt>
      <trkpt lat="45.76463" lon="10.89058">
        <ele>1306.79</ele>
      </trkpt>
      <trkpt lat="45.76454" lon="10.8906">
        <ele>1307.8</ele>
      </trkpt>
      <trkpt lat="45.76452" lon="10.89063">
        <ele>1306.81</ele>
      </trkpt>
      <trkpt lat="45.76447" lon="10.89071">
        <ele>1304.17</ele>
      </trkpt>
      <trkpt lat="45.76444" lon="10.89076">
        <ele>1302.58</ele>
      </trkpt>
      <trkpt lat="45.7644" lon="10.89077">
        <ele>1303.44</ele>
      </trkpt>
      <trkpt lat="45.76437" lon="10.89081">
        <ele>1302.53</ele>
      </trkpt>
      <trkpt lat="45.76433" lon="10.89085">
        <ele>1302.0</ele>
      </trkpt>
      <trkpt lat="45.7643" lon="10.89091">
        <ele>1300.36</ele>
      </trkpt>
      <trkpt lat="45.76427" lon="10.89095">
        <ele>1299.5</ele>
      </trkpt>
      <trkpt lat="45.76423" lon="10.89097">
        <ele>1299.78</ele>
      </trkpt>
      <trkpt lat="45.7642" lon="10.891">
        <ele>1299.26</ele>
      </trkpt>
      <trkpt lat="45.76413" lon="10.89113">
        <ele>1295.35</ele>
      </trkpt>
      <trkpt lat="45.76409" lon="10.89115">
        <ele>1295.73</ele>
      </trkpt>
      <trkpt lat="45.76406" lon="10.89116">
        <ele>1296.21</ele>
      </trkpt>
      <trkpt lat="45.76402" lon="10.89116">
        <ele>1297.45</ele>
      </trkpt>
      <trkpt lat="45.76396" lon="10.89117">
        <ele>1298.84</ele>
      </trkpt>
      <trkpt lat="45.76387" lon="10.89118">
        <ele>1301.19</ele>
      </trkpt>
      <trkpt lat="45.76377" lon="10.89122">
        <ele>1302.38</ele>
      </trkpt>
      <trkpt lat="45.76374" lon="10.89128">
        <ele>1299.75</ele>
      </trkpt>
      <trkpt lat="45.76368" lon="10.89136">
        <ele>1296.36</ele>
      </trkpt>
      <trkpt lat="45.76362" lon="10.89141">
        <ele>1294.9</ele>
      </trkpt>
      <trkpt lat="45.76357" lon="10.89143">
        <ele>1294.37</ele>
      </trkpt>
      <trkpt lat="45.76354" lon="10.89144">
        <ele>1294.05</ele>
      </trkpt>
      <trkpt lat="45.76346" lon="10.89145">
        <ele>1293.9</ele>
      </trkpt>
      <trkpt lat="45.76342" lon="10.89146">
        <ele>1293.62</ele>
      </trkpt>
      <trkpt lat="45.76338" lon="10.89146">
        <ele>1293.76</ele>
      </trkpt>
      <trkpt lat="45.76334" lon="10.89146">
        <ele>1293.9</ele>
      </trkpt>
      <trkpt lat="45.76328" lon="10.89146">
        <ele>1296.56</ele>
      </trkpt>
      <trkpt lat="45.76325" lon="10.89146">
        <ele>1298.04</ele>
      </trkpt>
      <trkpt lat="45.76322" lon="10.89146">
        <ele>1299.52</ele>
      </trkpt>
      <trkpt lat="45.76315" lon="10.89146">
        <ele>1302.97</ele>
      </trkpt>
      <trkpt lat="45.76306" lon="10.89146">
        <ele>1307.4</ele>
      </trkpt>
      <trkpt lat="45.76298" lon="10.89146">
        <ele>1310.29</ele>
      </trkpt>
      <trkpt lat="45.76292" lon="10.89149">
        <ele>1310.73</ele>
      </trkpt>
      <trkpt lat="45.76289" lon="10.89153">
        <ele>1309.83</ele>
      </trkpt>
      <trkpt lat="45.76287" lon="10.89155">
        <ele>1309.76</ele>
      </trkpt>
      <trkpt lat="45.76282" lon="10.89158">
        <ele>1310.91</ele>
      </trkpt>
      <trkpt lat="45.76279" lon="10.89161">
        <ele>1311.35</ele>
      </trkpt>
      <trkpt lat="45.76277" lon="10.89163">
        <ele>1311.39</ele>
      </trkpt>
      <trkpt lat="45.76274" lon="10.89166">
        <ele>1310.53</ele>
      </trkpt>
      <trkpt lat="45.76272" lon="10.8917">
        <ele>1308.93</ele>
      </trkpt>
      <trkpt lat="45.7627" lon="10.8918">
        <ele>1304.72</ele>
      </trkpt>
      <trkpt lat="45.76269" lon="10.8919">
        <ele>1300.51</ele>
      </trkpt>
      <trkpt lat="45.76267" lon="10.89194">
        <ele>1299.13</ele>
      </trkpt>
      <trkpt lat="45.76265" lon="10.89195">
        <ele>1299.14</ele>
      </trkpt>
      <trkpt lat="45.76256" lon="10.89195">
        <ele>1300.78</ele>
      </trkpt>
      <trkpt lat="45.76252" lon="10.89196">
        <ele>1301.29</ele>
      </trkpt>
      <trkpt lat="45.76249" lon="10.89196">
        <ele>1302.09</ele>
      </trkpt>
      <trkpt lat="45.76241" lon="10.89196">
        <ele>1305.53</ele>
      </trkpt>
      <trkpt lat="45.76236" lon="10.89196">
        <ele>1307.68</ele>
      </trkpt>
      <trkpt lat="45.76233" lon="10.89195">
        <ele>1309.21</ele>
      </trkpt>
      <trkpt lat="45.76229" lon="10.89195">
        <ele>1310.94</ele>
      </trkpt>
      <trkpt lat="45.76223" lon="10.89194">
        <ele>1313.81</ele>
      </trkpt>
      <trkpt lat="45.76218" lon="10.89193">
        <ele>1317.35</ele>
      </trkpt>
      <trkpt lat="45.76214" lon="10.89192">
        <ele>1320.39</ele>
      </trkpt>
      <trkpt lat="45.76207" lon="10.89192">
        <ele>1325.16</ele>
      </trkpt>
      <trkpt lat="45.76206" lon="10.89219">
        <ele>1317.88</ele>
      </trkpt>
      <trkpt lat="45.76207" lon="10.89236">
        <ele>1313.02</ele>
      </trkpt>
      <trkpt lat="45.76209" lon="10.89255">
        <ele>1307.58</ele>
      </trkpt>
      <trkpt lat="45.7621" lon="10.89266">
        <ele>1304.7</ele>
      </trkpt>
      <trkpt lat="45.7621" lon="10.89271">
        <ele>1303.62</ele>
      </trkpt>
      <trkpt lat="45.76209" lon="10.89277">
        <ele>1302.83</ele>
      </trkpt>
      <trkpt lat="45.76208" lon="10.89283">
        <ele>1301.38</ele>
      </trkpt>
      <trkpt lat="45.76206" lon="10.89287">
        <ele>1301.05</ele>
      </trkpt>
      <trkpt lat="45.76201" lon="10.89295">
        <ele>1300.97</ele>
      </trkpt>
      <trkpt lat="45.76197" lon="10.89298">
        <ele>1302.09</ele>
      </trkpt>
      <trkpt lat="45.76187" lon="10.89302">
        <ele>1304.13</ele>
      </trkpt>
      <trkpt lat="45.76179" lon="10.89305">
        <ele>1305.11</ele>
      </trkpt>
      <trkpt lat="45.76176" lon="10.89309">
        <ele>1304.41</ele>
      </trkpt>
      <trkpt lat="45.76168" lon="10.89317">
        <ele>1303.54</ele>
      </trkpt>
      <trkpt lat="45.76165" lon="10.8932">
        <ele>1303.19</ele>
      </trkpt>
      <trkpt lat="45.76162" lon="10.89323">
        <ele>1302.88</ele>
      </trkpt>
      <trkpt lat="45.76158" lon="10.89326">
        <ele>1302.89</ele>
      </trkpt>
      <trkpt lat="45.76155" lon="10.89328">
        <ele>1303.04</ele>
      </trkpt>
      <trkpt lat="45.7615" lon="10.8933">
        <ele>1303.78</ele>
      </trkpt>
      <trkpt lat="45.76146" lon="10.8933">
        <ele>1304.88</ele>
      </trkpt>
      <trkpt lat="45.76137" lon="10.8933">
        <ele>1306.61</ele>
      </trkpt>
      <trkpt lat="45.76131" lon="10.89329">
        <ele>1306.18</ele>
      </trkpt>
      <trkpt lat="45.76124" lon="10.89328">
        <ele>1305.71</ele>
      </trkpt>
      <trkpt lat="45.76121" lon="10.89325">
        <ele>1306.49</ele>
      </trkpt>
      <trkpt lat="45.76109" lon="10.89314">
        <ele>1309.69</ele>
      </trkpt>
      <trkpt lat="45.76102" lon="10.89313">
        <ele>1307.92</ele>
      </trkpt>
      <trkpt lat="45.76099" lon="10.89313">
        <ele>1306.98</ele>
      </trkpt>
      <trkpt lat="45.76089" lon="10.89313">
        <ele>1303.83</ele>
      </trkpt>
      <trkpt lat="45.76078" lon="10.89315">
        <ele>1300.3</ele>
      </trkpt>
      <trkpt lat="45.76075" lon="10.89317">
        <ele>1299.04</ele>
      </trkpt>
      <trkpt lat="45.76068" lon="10.89318">
        <ele>1297.5</ele>
      </trkpt>
      <trkpt lat="45.7606" lon="10.8932">
        <ele>1295.55</ele>
      </trkpt>
      <trkpt lat="45.76055" lon="10.89324">
        <ele>1293.68</ele>
      </trkpt>
      <trkpt lat="45.76045" lon="10.89329">
        <ele>1291.99</ele>
      </trkpt>
      <trkpt lat="45.76038" lon="10.89331">
        <ele>1291.15</ele>
      </trkpt>
      <trkpt lat="45.76029" lon="10.89333">
        <ele>1290.16</ele>
      </trkpt>
      <trkpt lat="45.76015" lon="10.89338">
        <ele>1291.44</ele>
      </trkpt>
      <trkpt lat="45.76009" lon="10.89346">
        <ele>1290.09</ele>
      </trkpt>
      <trkpt lat="45.76" lon="10.89355">
        <ele>1288.2</ele>
      </trkpt>
      <trkpt lat="45.75997" lon="10.89359">
        <ele>1287.02</ele>
      </trkpt>
      <trkpt lat="45.75994" lon="10.89361">
        <ele>1286.48</ele>
      </trkpt>
      <trkpt lat="45.75992" lon="10.89364">
        <ele>1285.77</ele>
      </trkpt>
      <trkpt lat="45.75987" lon="10.8937">
        <ele>1284.53</ele>
      </trkpt>
      <trkpt lat="45.75982" lon="10.89374">
        <ele>1283.88</ele>
      </trkpt>
      <trkpt lat="45.75974" lon="10.8938">
        <ele>1283.07</ele>
      </trkpt>
      <trkpt lat="45.75965" lon="10.89391">
        <ele>1283.16</ele>
      </trkpt>
      <trkpt lat="45.75955" lon="10.89396">
        <ele>1285.82</ele>
      </trkpt>
      <trkpt lat="45.75949" lon="10.89406">
        <ele>1286.18</ele>
      </trkpt>
      <trkpt lat="45.75941" lon="10.89415">
        <ele>1287.66</ele>
      </trkpt>
      <trkpt lat="45.75939" lon="10.8942">
        <ele>1287.65</ele>
      </trkpt>
      <trkpt lat="45.75936" lon="10.89427">
        <ele>1287.74</ele>
      </trkpt>
      <trkpt lat="45.75934" lon="10.8943">
        <ele>1288.04</ele>
      </trkpt>
      <trkpt lat="45.75926" lon="10.89435">
        <ele>1290.23</ele>
      </trkpt>
      <trkpt lat="45.75921" lon="10.89438">
        <ele>1291.56</ele>
      </trkpt>
      <trkpt lat="45.75915" lon="10.89439">
        <ele>1293.6</ele>
      </trkpt>
      <trkpt lat="45.75907" lon="10.89441">
        <ele>1296.19</ele>
      </trkpt>
      <trkpt lat="45.75904" lon="10.89445">
        <ele>1296.47</ele>
      </trkpt>
      <trkpt lat="45.75902" lon="10.89448">
        <ele>1296.7</ele>
      </trkpt>
      <trkpt lat="45.75896" lon="10.89454">
        <ele>1297.81</ele>
      </trkpt>
      <trkpt lat="45.75894" lon="10.89458">
        <ele>1297.81</ele>
      </trkpt>
      <trkpt lat="45.75889" lon="10.89462">
        <ele>1298.8</ele>
      </trkpt>
      <trkpt lat="45.75887" lon="10.89464">
        <ele>1299.25</ele>
      </trkpt>
      <trkpt lat="45.75881" lon="10.89476">
        <ele>1299.39</ele>
      </trkpt>
      <trkpt lat="45.75879" lon="10.8949">
        <ele>1297.53</ele>
      </trkpt>
      <trkpt lat="45.75873" lon="10.89503">
        <ele>1297.99</ele>
      </trkpt>
      <trkpt lat="45.7587" lon="10.89512">
        <ele>1297.96</ele>
      </trkpt>
      <trkpt lat="45.75868" lon="10.8952">
        <ele>1297.53</ele>
      </trkpt>
      <trkpt lat="45.75867" lon="10.89536">
        <ele>1294.89</ele>
      </trkpt>
      <trkpt lat="45.75866" lon="10.89544">
        <ele>1293.56</ele>
      </trkpt>
      <trkpt lat="45.75865" lon="10.89565">
        <ele>1290.58</ele>
      </trkpt>
      <trkpt lat="45.75863" lon="10.89569">
        <ele>1290.9</ele>
      </trkpt>
      <trkpt lat="45.7586" lon="10.89577">
        <ele>1290.68</ele>
      </trkpt>
      <trkpt lat="45.75854" lon="10.89582">
        <ele>1290.14</ele>
      </trkpt>
      <trkpt lat="45.7585" lon="10.89583">
        <ele>1290.04</ele>
      </trkpt>
      <trkpt lat="45.75848" lon="10.89584">
        <ele>1289.95</ele>
      </trkpt>
      <trkpt lat="45.75843" lon="10.8958">
        <ele>1290.36</ele>
      </trkpt>
      <trkpt lat="45.7584" lon="10.89579">
        <ele>1290.47</ele>
      </trkpt>
      <trkpt lat="45.75837" lon="10.89577">
        <ele>1290.68</ele>
      </trkpt>
      <trkpt lat="45.7583" lon="10.89574">
        <ele>1291.09</ele>
      </trkpt>
      <trkpt lat="45.75821" lon="10.89571">
        <ele>1291.73</ele>
      </trkpt>
      <trkpt lat="45.75817" lon="10.89569">
        <ele>1292.15</ele>
      </trkpt>
      <trkpt lat="45.75811" lon="10.89567">
        <ele>1292.71</ele>
      </trkpt>
      <trkpt lat="45.75807" lon="10.89566">
        <ele>1293.06</ele>
      </trkpt>
      <trkpt lat="45.75804" lon="10.89564">
        <ele>1293.2</ele>
      </trkpt>
      <trkpt lat="45.75799" lon="10.89562">
        <ele>1292.73</ele>
      </trkpt>
      <trkpt lat="45.75795" lon="10.8956">
        <ele>1292.5</ele>
      </trkpt>
      <trkpt lat="45.75789" lon="10.89558">
        <ele>1292.02</ele>
      </trkpt>
      <trkpt lat="45.7578" lon="10.89554">
        <ele>1291.76</ele>
      </trkpt>
      <trkpt lat="45.75778" lon="10.89552">
        <ele>1292.05</ele>
      </trkpt>
      <trkpt lat="45.75765" lon="10.89546">
        <ele>1288.39</ele>
      </trkpt>
      <trkpt lat="45.75763" lon="10.89544">
        <ele>1288.17</ele>
      </trkpt>
      <trkpt lat="45.75757" lon="10.89542">
        <ele>1286.29</ele>
      </trkpt>
      <trkpt lat="45.75752" lon="10.8954">
        <ele>1284.86</ele>
      </trkpt>
      <trkpt lat="45.75746" lon="10.89538">
        <ele>1283.12</ele>
      </trkpt>
      <trkpt lat="45.75743" lon="10.89537">
        <ele>1282.24</ele>
      </trkpt>
      <trkpt lat="45.75735" lon="10.89535">
        <ele>1279.6</ele>
      </trkpt>
      <trkpt lat="45.75727" lon="10.89535">
        <ele>1276.37</ele>
      </trkpt>
      <trkpt lat="45.75719" lon="10.89535">
        <ele>1273.86</ele>
      </trkpt>
      <trkpt lat="45.75707" lon="10.89537">
        <ele>1271.45</ele>
      </trkpt>
      <trkpt lat="45.75699" lon="10.89541">
        <ele>1269.72</ele>
      </trkpt>
      <trkpt lat="45.75694" lon="10.89543">
        <ele>1268.87</ele>
      </trkpt>
      <trkpt lat="45.75691" lon="10.89545">
        <ele>1268.51</ele>
      </trkpt>
      <trkpt lat="45.75672" lon="10.89547">
        <ele>1267.0</ele>
      </trkpt>
      <trkpt lat="45.75669" lon="10.89547">
        <ele>1266.78</ele>
      </trkpt>
      <trkpt lat="45.75664" lon="10.89547">
        <ele>1265.97</ele>
      </trkpt>
      <trkpt lat="45.75659" lon="10.89546">
        <ele>1264.85</ele>
      </trkpt>
      <trkpt lat="45.75657" lon="10.89544">
        <ele>1264.54</ele>
      </trkpt>
      <trkpt lat="45.7565" lon="10.89536">
        <ele>1263.63</ele>
      </trkpt>
      <trkpt lat="45.75645" lon="10.8953">
        <ele>1263.1</ele>
      </trkpt>
      <trkpt lat="45.75643" lon="10.89527">
        <ele>1263.0</ele>
      </trkpt>
      <trkpt lat="45.7564" lon="10.8952">
        <ele>1263.36</ele>
      </trkpt>
      <trkpt lat="45.75637" lon="10.8951">
        <ele>1263.86</ele>
      </trkpt>
      <trkpt lat="45.75635" lon="10.89502">
        <ele>1264.19</ele>
      </trkpt>
      <trkpt lat="45.75633" lon="10.89491">
        <ele>1266.12</ele>
      </trkpt>
      <trkpt lat="45.7563" lon="10.89484">
        <ele>1266.72</ele>
      </trkpt>
      <trkpt lat="45.75625" lon="10.89475">
        <ele>1266.8</ele>
      </trkpt>
      <trkpt lat="45.7562" lon="10.89467">
        <ele>1266.61</ele>
      </trkpt>
      <trkpt lat="45.75618" lon="10.89465">
        <ele>1266.31</ele>
      </trkpt>
      <trkpt lat="45.75615" lon="10.89461">
        <ele>1266.23</ele>
      </trkpt>
      <trkpt lat="45.75611" lon="10.89461">
        <ele>1264.59</ele>
      </trkpt>
      <trkpt lat="45.75608" lon="10.89462">
        <ele>1262.97</ele>
      </trkpt>
      <trkpt lat="45.75608" lon="10.89473">
        <ele>1259.48</ele>
      </trkpt>
      <trkpt lat="45.75608" lon="10.89478">
        <ele>1258.38</ele>
      </trkpt>
      <trkpt lat="45.75609" lon="10.89482">
        <ele>1257.95</ele>
      </trkpt>
      <trkpt lat="45.7561" lon="10.8949">
        <ele>1256.65</ele>
      </trkpt>
      <trkpt lat="45.75611" lon="10.89497">
        <ele>1255.6</ele>
      </trkpt>
      <trkpt lat="45.75611" lon="10.89501">
        <ele>1254.88</ele>
      </trkpt>
      <trkpt lat="45.75611" lon="10.89509">
        <ele>1254.31</ele>
      </trkpt>
      <trkpt lat="45.75611" lon="10.89516">
        <ele>1253.81</ele>
      </trkpt>
      <trkpt lat="45.75611" lon="10.89522">
        <ele>1253.38</ele>
      </trkpt>
      <trkpt lat="45.75609" lon="10.89526">
        <ele>1252.57</ele>
      </trkpt>
      <trkpt lat="45.75607" lon="10.89534">
        <ele>1252.6</ele>
      </trkpt>
      <trkpt lat="45.75597" lon="10.89547">
        <ele>1251.17</ele>
      </trkpt>
      <trkpt lat="45.75591" lon="10.89556">
        <ele>1250.22</ele>
      </trkpt>
      <trkpt lat="45.75589" lon="10.89563">
        <ele>1249.85</ele>
      </trkpt>
      <trkpt lat="45.75587" lon="10.89571">
        <ele>1249.54</ele>
      </trkpt>
      <trkpt lat="45.75586" lon="10.8958">
        <ele>1249.56</ele>
      </trkpt>
      <trkpt lat="45.75584" lon="10.89594">
        <ele>1248.77</ele>
      </trkpt>
      <trkpt lat="45.7558" lon="10.89611">
        <ele>1246.8</ele>
      </trkpt>
      <trkpt lat="45.75577" lon="10.89625">
        <ele>1243.33</ele>
      </trkpt>
      <trkpt lat="45.75576" lon="10.8963">
        <ele>1242.14</ele>
      </trkpt>
      <trkpt lat="45.75575" lon="10.89634">
        <ele>1241.13</ele>
      </trkpt>
      <trkpt lat="45.75575" lon="10.89641">
        <ele>1239.77</ele>
      </trkpt>
      <trkpt lat="45.75575" lon="10.89649">
        <ele>1237.75</ele>
      </trkpt>
      <trkpt lat="45.75576" lon="10.89654">
        <ele>1236.82</ele>
      </trkpt>
      <trkpt lat="45.75579" lon="10.89661">
        <ele>1236.02</ele>
      </trkpt>
      <trkpt lat="45.75586" lon="10.89666">
        <ele>1236.74</ele>
      </trkpt>
      <trkpt lat="45.75591" lon="10.89669">
        <ele>1237.11</ele>
      </trkpt>
      <trkpt lat="45.75595" lon="10.89672">
        <ele>1237.21</ele>
      </trkpt>
      <trkpt lat="45.75605" lon="10.89676">
        <ele>1238.14</ele>
      </trkpt>
      <trkpt lat="45.75608" lon="10.89678">
        <ele>1238.16</ele>
      </trkpt>
      <trkpt lat="45.75619" lon="10.8968">
        <ele>1238.73</ele>
      </trkpt>
      <trkpt lat="45.75624" lon="10.89681">
        <ele>1238.8</ele>
      </trkpt>
      <trkpt lat="45.75628" lon="10.89682">
        <ele>1238.8</ele>
      </trkpt>
      <trkpt lat="45.75631" lon="10.89684">
        <ele>1238.44</ele>
      </trkpt>
      <trkpt lat="45.75634" lon="10.89685">
        <ele>1238.37</ele>
      </trkpt>
      <trkpt lat="45.75636" lon="10.89692">
        <ele>1236.5</ele>
      </trkpt>
      <trkpt lat="45.75636" lon="10.89697">
        <ele>1235.66</ele>
      </trkpt>
      <trkpt lat="45.75635" lon="10.89704">
        <ele>1235.27</ele>
      </trkpt>
      <trkpt lat="45.75633" lon="10.89711">
        <ele>1235.02</ele>
      </trkpt>
      <trkpt lat="45.75631" lon="10.89716">
        <ele>1234.98</ele>
      </trkpt>
      <trkpt lat="45.75626" lon="10.89738">
        <ele>1236.31</ele>
      </trkpt>
      <trkpt lat="45.75622" lon="10.89744">
        <ele>1236.75</ele>
      </trkpt>
      <trkpt lat="45.75617" lon="10.89749">
        <ele>1236.98</ele>
      </trkpt>
      <trkpt lat="45.75614" lon="10.89751">
        <ele>1236.92</ele>
      </trkpt>
      <trkpt lat="45.7561" lon="10.89755">
        <ele>1235.91</ele>
      </trkpt>
      <trkpt lat="45.75607" lon="10.8976">
        <ele>1233.95</ele>
      </trkpt>
      <trkpt lat="45.75601" lon="10.89765">
        <ele>1230.68</ele>
      </trkpt>
      <trkpt lat="45.75596" lon="10.89771">
        <ele>1227.94</ele>
      </trkpt>
      <trkpt lat="45.75591" lon="10.89784">
        <ele>1225.52</ele>
      </trkpt>
      <trkpt lat="45.75586" lon="10.89797">
        <ele>1222.93</ele>
      </trkpt>
      <trkpt lat="45.75584" lon="10.898">
        <ele>1221.62</ele>
      </trkpt>
      <trkpt lat="45.75582" lon="10.89805">
        <ele>1220.3</ele>
      </trkpt>
      <trkpt lat="45.7558" lon="10.89816">
        <ele>1219.25</ele>
      </trkpt>
      <trkpt lat="45.75579" lon="10.89825">
        <ele>1218.77</ele>
      </trkpt>
      <trkpt lat="45.75577" lon="10.89834">
        <ele>1217.84</ele>
      </trkpt>
      <trkpt lat="45.75575" lon="10.89839">
        <ele>1217.13</ele>
      </trkpt>
      <trkpt lat="45.75571" lon="10.89843">
        <ele>1215.44</ele>
      </trkpt>
      <trkpt lat="45.75567" lon="10.89846">
        <ele>1213.76</ele>
      </trkpt>
      <trkpt lat="45.75558" lon="10.89852">
        <ele>1210.13</ele>
      </trkpt>
      <trkpt lat="45.75555" lon="10.89855">
        <ele>1209.0</ele>
      </trkpt>
      <trkpt lat="45.75544" lon="10.89867">
        <ele>1203.53</ele>
      </trkpt>
      <trkpt lat="45.75537" lon="10.89874">
        <ele>1200.19</ele>
      </trkpt>
      <trkpt lat="45.75533" lon="10.89878">
        <ele>1198.4</ele>
      </trkpt>
      <trkpt lat="45.75525" lon="10.89887">
        <ele>1194.83</ele>
      </trkpt>
      <trkpt lat="45.75521" lon="10.89892">
        <ele>1192.5</ele>
      </trkpt>
      <trkpt lat="45.75516" lon="10.89898">
        <ele>1189.41</ele>
      </trkpt>
      <trkpt lat="45.75514" lon="10.89901">
        <ele>1188.23</ele>
      </trkpt>
      <trkpt lat="45.7551" lon="10.89909">
        <ele>1186.03</ele>
      </trkpt>
      <trkpt lat="45.75506" lon="10.89919">
        <ele>1184.13</ele>
      </trkpt>
      <trkpt lat="45.755" lon="10.89919">
        <ele>1180.34</ele>
      </trkpt>
      <trkpt lat="45.75497" lon="10.899">
        <ele>1177.35</ele>
      </trkpt>
      <trkpt lat="45.75497" lon="10.89892">
        <ele>1176.81</ele>
      </trkpt>
      <trkpt lat="45.75499" lon="10.89888">
        <ele>1177.41</ele>
      </trkpt>
      <trkpt lat="45.75502" lon="10.89873">
        <ele>1177.08</ele>
      </trkpt>
      <trkpt lat="45.75503" lon="10.89869">
        <ele>1177.19</ele>
      </trkpt>
      <trkpt lat="45.75506" lon="10.89859">
        <ele>1178.11</ele>
      </trkpt>
      <trkpt lat="45.75511" lon="10.89842">
        <ele>1181.12</ele>
      </trkpt>
      <trkpt lat="45.75516" lon="10.89827">
        <ele>1183.83</ele>
      </trkpt>
      <trkpt lat="45.75518" lon="10.89813">
        <ele>1185.24</ele>
      </trkpt>
      <trkpt lat="45.75519" lon="10.89801">
        <ele>1186.16</ele>
      </trkpt>
      <trkpt lat="45.75519" lon="10.89796">
        <ele>1186.45</ele>
      </trkpt>
      <trkpt lat="45.75518" lon="10.89791">
        <ele>1186.32</ele>
      </trkpt>
      <trkpt lat="45.75515" lon="10.8979">
        <ele>1185.1</ele>
      </trkpt>
      <trkpt lat="45.75512" lon="10.8979">
        <ele>1183.81</ele>
      </trkpt>
      <trkpt lat="45.75508" lon="10.8979">
        <ele>1182.1</ele>
      </trkpt>
      <trkpt lat="45.75498" lon="10.89792">
        <ele>1177.92</ele>
      </trkpt>
      <trkpt lat="45.75489" lon="10.89795">
        <ele>1175.22</ele>
      </trkpt>
      <trkpt lat="45.75484" lon="10.89798">
        <ele>1173.63</ele>
      </trkpt>
      <trkpt lat="45.75479" lon="10.898">
        <ele>1172.16</ele>
      </trkpt>
      <trkpt lat="45.75475" lon="10.89802">
        <ele>1170.97</ele>
      </trkpt>
      <trkpt lat="45.75471" lon="10.89804">
        <ele>1169.89</ele>
      </trkpt>
      <trkpt lat="45.75465" lon="10.89806">
        <ele>1168.68</ele>
      </trkpt>
      <trkpt lat="45.7546" lon="10.89808">
        <ele>1167.71</ele>
      </trkpt>
      <trkpt lat="45.75457" lon="10.8981">
        <ele>1167.1</ele>
      </trkpt>
      <trkpt lat="45.75453" lon="10.89813">
        <ele>1166.27</ele>
      </trkpt>
      <trkpt lat="45.75451" lon="10.89818">
        <ele>1165.73</ele>
      </trkpt>
      <trkpt lat="45.75447" lon="10.89821">
        <ele>1164.9</ele>
      </trkpt>
      <trkpt lat="45.75444" lon="10.89822">
        <ele>1164.28</ele>
      </trkpt>
      <trkpt lat="45.75437" lon="10.89823">
        <ele>1162.26</ele>
      </trkpt>
      <trkpt lat="45.75434" lon="10.89823">
        <ele>1161.41</ele>
      </trkpt>
      <trkpt lat="45.75429" lon="10.89821">
        <ele>1160.18</ele>
      </trkpt>
      <trkpt lat="45.75426" lon="10.89819">
        <ele>1159.57</ele>
      </trkpt>
      <trkpt lat="45.75424" lon="10.898">
        <ele>1161.17</ele>
      </trkpt>
      <trkpt lat="45.75422" lon="10.89788">
        <ele>1162.19</ele>
      </trkpt>
      <trkpt lat="45.75413" lon="10.89788">
        <ele>1161.47</ele>
      </trkpt>
      <trkpt lat="45.75404" lon="10.89789">
        <ele>1161.1</ele>
      </trkpt>
      <trkpt lat="45.75395" lon="10.89794">
        <ele>1159.62</ele>
      </trkpt>
      <trkpt lat="45.75387" lon="10.898">
        <ele>1157.41</ele>
      </trkpt>
      <trkpt lat="45.75382" lon="10.89803">
        <ele>1156.01</ele>
      </trkpt>
      <trkpt lat="45.75373" lon="10.89808">
        <ele>1153.44</ele>
      </trkpt>
      <trkpt lat="45.75366" lon="10.89813">
        <ele>1150.9</ele>
      </trkpt>
      <trkpt lat="45.75359" lon="10.89817">
        <ele>1148.85</ele>
      </trkpt>
      <trkpt lat="45.75353" lon="10.8982">
        <ele>1147.65</ele>
      </trkpt>
      <trkpt lat="45.7535" lon="10.89821">
        <ele>1147.22</ele>
      </trkpt>
      <trkpt lat="45.75341" lon="10.89824">
        <ele>1145.88</ele>
      </trkpt>
      <trkpt lat="45.75339" lon="10.89826">
        <ele>1145.05</ele>
      </trkpt>
      <trkpt lat="45.75336" lon="10.89827">
        <ele>1144.58</ele>
      </trkpt>
      <trkpt lat="45.75327" lon="10.89831">
        <ele>1142.45</ele>
      </trkpt>
      <trkpt lat="45.75321" lon="10.8984">
        <ele>1139.51</ele>
      </trkpt>
      <trkpt lat="45.75316" lon="10.89851">
        <ele>1136.85</ele>
      </trkpt>
      <trkpt lat="45.75314" lon="10.89855">
        <ele>1136.0</ele>
      </trkpt>
      <trkpt lat="45.75308" lon="10.89862">
        <ele>1134.73</ele>
      </trkpt>
      <trkpt lat="45.75297" lon="10.89862">
        <ele>1132.35</ele>
      </trkpt>
      <trkpt lat="45.75292" lon="10.89862">
        <ele>1130.92</ele>
      </trkpt>
      <trkpt lat="45.75286" lon="10.89856">
        <ele>1130.16</ele>
      </trkpt>
      <trkpt lat="45.75284" lon="10.89853">
        <ele>1130.03</ele>
      </trkpt>
      <trkpt lat="45.7528" lon="10.89846">
        <ele>1129.86</ele>
      </trkpt>
      <trkpt lat="45.75276" lon="10.89832">
        <ele>1130.88</ele>
      </trkpt>
      <trkpt lat="45.75274" lon="10.89825">
        <ele>1132.9</ele>
      </trkpt>
      <trkpt lat="45.75271" lon="10.89814">
        <ele>1136.05</ele>
      </trkpt>
      <trkpt lat="45.75263" lon="10.89797">
        <ele>1139.23</ele>
      </trkpt>
      <trkpt lat="45.75261" lon="10.89793">
        <ele>1139.88</ele>
      </trkpt>
      <trkpt lat="45.75253" lon="10.89775">
        <ele>1143.74</ele>
      </trkpt>
      <trkpt lat="45.75243" lon="10.89753">
        <ele>1149.64</ele>
      </trkpt>
      <trkpt lat="45.75239" lon="10.89749">
        <ele>1148.32</ele>
      </trkpt>
      <trkpt lat="45.75232" lon="10.89737">
        <ele>1147.71</ele>
      </trkpt>
      <trkpt lat="45.75228" lon="10.89732">
        <ele>1146.56</ele>
      </trkpt>
      <trkpt lat="45.75212" lon="10.89725">
        <ele>1140.86</ele>
      </trkpt>
      <trkpt lat="45.7521" lon="10.89723">
        <ele>1141.18</ele>
      </trkpt>
      <trkpt lat="45.75194" lon="10.89711">
        <ele>1141.86</ele>
      </trkpt>
      <trkpt lat="45.75188" lon="10.89703">
        <ele>1143.52</ele>
      </trkpt>
      <trkpt lat="45.75179" lon="10.8969">
        <ele>1145.93</ele>
      </trkpt>
      <trkpt lat="45.75175" lon="10.89686">
        <ele>1145.64</ele>
      </trkpt>
      <trkpt lat="45.75164" lon="10.89677">
        <ele>1144.18</ele>
      </trkpt>
      <trkpt lat="45.75156" lon="10.89672">
        <ele>1142.95</ele>
      </trkpt>
      <trkpt lat="45.75144" lon="10.89653">
        <ele>1145.58</ele>
      </trkpt>
      <trkpt lat="45.75131" lon="10.89636">
        <ele>1146.23</ele>
      </trkpt>
      <trkpt lat="45.75125" lon="10.89633">
        <ele>1144.17</ele>
      </trkpt>
      <trkpt lat="45.7512" lon="10.8963">
        <ele>1142.43</ele>
      </trkpt>
      <trkpt lat="45.75116" lon="10.89627">
        <ele>1141.05</ele>
      </trkpt>
      <trkpt lat="45.75114" lon="10.89624">
        <ele>1140.56</ele>
      </trkpt>
      <trkpt lat="45.75099" lon="10.89618">
        <ele>1133.47</ele>
      </trkpt>
      <trkpt lat="45.75093" lon="10.89613">
        <ele>1130.95</ele>
      </trkpt>
      <trkpt lat="45.75091" lon="10.89609">
        <ele>1130.69</ele>
      </trkpt>
      <trkpt lat="45.75089" lon="10.89596">
        <ele>1132.98</ele>
      </trkpt>
      <trkpt lat="45.75087" lon="10.89585">
        <ele>1134.68</ele>
      </trkpt>
      <trkpt lat="45.75086" lon="10.89567">
        <ele>1133.59</ele>
      </trkpt>
      <trkpt lat="45.75086" lon="10.89562">
        <ele>1133.29</ele>
      </trkpt>
      <trkpt lat="45.75085" lon="10.8955">
        <ele>1131.84</ele>
      </trkpt>
      <trkpt lat="45.75083" lon="10.89538">
        <ele>1129.55</ele>
      </trkpt>
      <trkpt lat="45.75081" lon="10.89528">
        <ele>1127.84</ele>
      </trkpt>
      <trkpt lat="45.75078" lon="10.89518">
        <ele>1126.79</ele>
      </trkpt>
      <trkpt lat="45.75077" lon="10.89508">
        <ele>1126.94</ele>
      </trkpt>
      <trkpt lat="45.75076" lon="10.89491">
        <ele>1131.36</ele>
      </trkpt>
      <trkpt lat="45.75075" lon="10.89485">
        <ele>1133.92</ele>
      </trkpt>
      <trkpt lat="45.75075" lon="10.89472">
        <ele>1139.94</ele>
      </trkpt>
      <trkpt lat="45.75074" lon="10.89462">
        <ele>1141.74</ele>
      </trkpt>
      <trkpt lat="45.75068" lon="10.89461">
        <ele>1141.13</ele>
      </trkpt>
      <trkpt lat="45.75056" lon="10.89461">
        <ele>1139.5</ele>
      </trkpt>
      <trkpt lat="45.75052" lon="10.89464">
        <ele>1138.51</ele>
      </trkpt>
      <trkpt lat="45.75047" lon="10.8947">
        <ele>1136.5</ele>
      </trkpt>
      <trkpt lat="45.75044" lon="10.89472">
        <ele>1135.92</ele>
      </trkpt>
      <trkpt lat="45.7504" lon="10.89475">
        <ele>1134.65</ele>
      </trkpt>
      <trkpt lat="45.75031" lon="10.89478">
        <ele>1133.51</ele>
      </trkpt>
      <trkpt lat="45.75023" lon="10.8948">
        <ele>1132.0</ele>
      </trkpt>
      <trkpt lat="45.75015" lon="10.89484">
        <ele>1128.84</ele>
      </trkpt>
      <trkpt lat="45.75012" lon="10.89485">
        <ele>1127.94</ele>
      </trkpt>
      <trkpt lat="45.75008" lon="10.89486">
        <ele>1126.93</ele>
      </trkpt>
      <trkpt lat="45.74998" lon="10.89487">
        <ele>1125.89</ele>
      </trkpt>
      <trkpt lat="45.74993" lon="10.89488">
        <ele>1126.32</ele>
      </trkpt>
      <trkpt lat="45.74989" lon="10.8949">
        <ele>1125.99</ele>
      </trkpt>
      <trkpt lat="45.74984" lon="10.89498">
        <ele>1122.57</ele>
      </trkpt>
      <trkpt lat="45.74978" lon="10.89503">
        <ele>1121.31</ele>
      </trkpt>
      <trkpt lat="45.74975" lon="10.89505">
        <ele>1120.93</ele>
      </trkpt>
      <trkpt lat="45.74964" lon="10.89515">
        <ele>1118.86</ele>
      </trkpt>
      <trkpt lat="45.74962" lon="10.89517">
        <ele>1118.54</ele>
      </trkpt>
      <trkpt lat="45.74954" lon="10.89527">
        <ele>1116.88</ele>
      </trkpt>
      <trkpt lat="45.74947" lon="10.89534">
        <ele>1115.8</ele>
      </trkpt>
      <trkpt lat="45.74945" lon="10.89537">
        <ele>1114.85</ele>
      </trkpt>
      <trkpt lat="45.74938" lon="10.89544">
        <ele>1113.25</ele>
      </trkpt>
      <trkpt lat="45.74932" lon="10.89547">
        <ele>1113.89</ele>
      </trkpt>
      <trkpt lat="45.74928" lon="10.89547">
        <ele>1115.27</ele>
      </trkpt>
      <trkpt lat="45.74922" lon="10.89547">
        <ele>1117.33</ele>
      </trkpt>
      <trkpt lat="45.74915" lon="10.89548">
        <ele>1118.62</ele>
      </trkpt>
      <trkpt lat="45.74901" lon="10.89547">
        <ele>1116.51</ele>
      </trkpt>
      <trkpt lat="45.74896" lon="10.89547">
        <ele>1115.67</ele>
      </trkpt>
      <trkpt lat="45.74891" lon="10.89546">
        <ele>1115.11</ele>
      </trkpt>
      <trkpt lat="45.74885" lon="10.89546">
        <ele>1113.25</ele>
      </trkpt>
      <trkpt lat="45.7488" lon="10.89545">
        <ele>1111.55</ele>
      </trkpt>
      <trkpt lat="45.74872" lon="10.89545">
        <ele>1108.41</ele>
      </trkpt>
      <trkpt lat="45.74868" lon="10.89544">
        <ele>1107.0</ele>
      </trkpt>
      <trkpt lat="45.74861" lon="10.89543">
        <ele>1104.32</ele>
      </trkpt>
      <trkpt lat="45.74857" lon="10.89541">
        <ele>1103.17</ele>
      </trkpt>
      <trkpt lat="45.74848" lon="10.89539">
        <ele>1100.35</ele>
      </trkpt>
      <trkpt lat="45.74845" lon="10.89537">
        <ele>1099.59</ele>
      </trkpt>
      <trkpt lat="45.74832" lon="10.89532">
        <ele>1095.86</ele>
      </trkpt>
      <trkpt lat="45.74829" lon="10.8953">
        <ele>1094.96</ele>
      </trkpt>
      <trkpt lat="45.74821" lon="10.89519">
        <ele>1092.26</ele>
      </trkpt>
      <trkpt lat="45.74819" lon="10.89513">
        <ele>1091.6</ele>
      </trkpt>
      <trkpt lat="45.74818" lon="10.89506">
        <ele>1091.36</ele>
      </trkpt>
      <trkpt lat="45.74818" lon="10.89497">
        <ele>1091.05</ele>
      </trkpt>
      <trkpt lat="45.74819" lon="10.89493">
        <ele>1090.83</ele>
      </trkpt>
      <trkpt lat="45.7482" lon="10.89489">
        <ele>1090.62</ele>
      </trkpt>
      <trkpt lat="45.74821" lon="10.89485">
        <ele>1090.4</ele>
      </trkpt>
      <trkpt lat="45.74826" lon="10.89471">
        <ele>1090.26</ele>
      </trkpt>
      <trkpt lat="45.74828" lon="10.89468">
        <ele>1090.78</ele>
      </trkpt>
      <trkpt lat="45.74829" lon="10.89464">
        <ele>1090.91</ele>
      </trkpt>
      <trkpt lat="45.74833" lon="10.89454">
        <ele>1092.18</ele>
      </trkpt>
      <trkpt lat="45.74834" lon="10.89447">
        <ele>1092.33</ele>
      </trkpt>
      <trkpt lat="45.74836" lon="10.89432">
        <ele>1091.38</ele>
      </trkpt>
      <trkpt lat="45.74838" lon="10.89425">
        <ele>1091.47</ele>
      </trkpt>
      <trkpt lat="45.74839" lon="10.89408">
        <ele>1089.38</ele>
      </trkpt>
      <trkpt lat="45.7484" lon="10.89392">
        <ele>1086.91</ele>
      </trkpt>
      <trkpt lat="45.74841" lon="10.89383">
        <ele>1085.4</ele>
      </trkpt>
      <trkpt lat="45.74843" lon="10.89364">
        <ele>1081.33</ele>
      </trkpt>
      <trkpt lat="45.74846" lon="10.89355">
        <ele>1080.21</ele>
      </trkpt>
      <trkpt lat="45.74847" lon="10.89351">
        <ele>1079.5</ele>
      </trkpt>
      <trkpt lat="45.74851" lon="10.89341">
        <ele>1078.08</ele>
      </trkpt>
      <trkpt lat="45.74855" lon="10.89331">
        <ele>1076.88</ele>
      </trkpt>
      <trkpt lat="45.74857" lon="10.89328">
        <ele>1077.39</ele>
      </trkpt>
      <trkpt lat="45.74861" lon="10.89318">
        <ele>1078.41</ele>
      </trkpt>
      <trkpt lat="45.74869" lon="10.89305">
        <ele>1081.38</ele>
      </trkpt>
      <trkpt lat="45.74873" lon="10.89294">
        <ele>1082.36</ele>
      </trkpt>
      <trkpt lat="45.74876" lon="10.89288">
        <ele>1083.12</ele>
      </trkpt>
      <trkpt lat="45.74878" lon="10.89284">
        <ele>1083.58</ele>
      </trkpt>
      <trkpt lat="45.74879" lon="10.89277">
        <ele>1083.49</ele>
      </trkpt>
      <trkpt lat="45.74879" lon="10.89259">
        <ele>1084.64</ele>
      </trkpt>
      <trkpt lat="45.74879" lon="10.89255">
        <ele>1084.9</ele>
      </trkpt>
      <trkpt lat="45.74878" lon="10.89249">
        <ele>1085.25</ele>
      </trkpt>
      <trkpt lat="45.74871" lon="10.89238">
        <ele>1086.5</ele>
      </trkpt>
      <trkpt lat="45.74866" lon="10.89236">
        <ele>1086.23</ele>
      </trkpt>
      <trkpt lat="45.74861" lon="10.89236">
        <ele>1085.49</ele>
      </trkpt>
      <trkpt lat="45.74859" lon="10.89243">
        <ele>1083.04</ele>
      </trkpt>
      <trkpt lat="45.74858" lon="10.89251">
        <ele>1080.69</ele>
      </trkpt>
      <trkpt lat="45.74857" lon="10.89255">
        <ele>1079.57</ele>
      </trkpt>
      <trkpt lat="45.74856" lon="10.89263">
        <ele>1077.65</ele>
      </trkpt>
      <trkpt lat="45.74855" lon="10.89267">
        <ele>1076.47</ele>
      </trkpt>
      <trkpt lat="45.74853" lon="10.89273">
        <ele>1074.46</ele>
      </trkpt>
      <trkpt lat="45.74851" lon="10.89276">
        <ele>1073.0</ele>
      </trkpt>
      <trkpt lat="45.74847" lon="10.89278">
        <ele>1070.91</ele>
      </trkpt>
      <trkpt lat="45.74839" lon="10.89278">
        <ele>1067.46</ele>
      </trkpt>
      <trkpt lat="45.74837" lon="10.89278">
        <ele>1066.59</ele>
      </trkpt>
      <trkpt lat="45.7483" lon="10.89277">
        <ele>1064.49</ele>
      </trkpt>
      <trkpt lat="45.74828" lon="10.89273">
        <ele>1065.22</ele>
      </trkpt>
      <trkpt lat="45.74825" lon="10.89269">
        <ele>1065.89</ele>
      </trkpt>
      <trkpt lat="45.74822" lon="10.89262">
        <ele>1067.69</ele>
      </trkpt>
      <trkpt lat="45.74818" lon="10.8926">
        <ele>1067.93</ele>
      </trkpt>
      <trkpt lat="45.74811" lon="10.89258">
        <ele>1068.02</ele>
      </trkpt>
      <trkpt lat="45.74807" lon="10.89256">
        <ele>1068.52</ele>
      </trkpt>
      <trkpt lat="45.74804" lon="10.89255">
        <ele>1068.47</ele>
      </trkpt>
      <trkpt lat="45.74798" lon="10.89253">
        <ele>1067.86</ele>
      </trkpt>
      <trkpt lat="45.74791" lon="10.89251">
        <ele>1066.94</ele>
      </trkpt>
      <trkpt lat="45.74776" lon="10.89251">
        <ele>1063.33</ele>
      </trkpt>
      <trkpt lat="45.74768" lon="10.8925">
        <ele>1062.24</ele>
      </trkpt>
      <trkpt lat="45.74764" lon="10.8925">
        <ele>1061.52</ele>
      </trkpt>
      <trkpt lat="45.7476" lon="10.89249">
        <ele>1061.13</ele>
      </trkpt>
      <trkpt lat="45.74756" lon="10.89249">
        <ele>1060.38</ele>
      </trkpt>
      <trkpt lat="45.74753" lon="10.89248">
        <ele>1060.09</ele>
      </trkpt>
      <trkpt lat="45.74749" lon="10.89246">
        <ele>1059.82</ele>
      </trkpt>
      <trkpt lat="45.74743" lon="10.89245">
        <ele>1058.95</ele>
      </trkpt>
      <trkpt lat="45.74736" lon="10.89244">
        <ele>1057.88</ele>
      </trkpt>
      <trkpt lat="45.74733" lon="10.89244">
        <ele>1057.32</ele>
      </trkpt>
      <trkpt lat="45.74729" lon="10.89243">
        <ele>1056.79</ele>
      </trkpt>
      <trkpt lat="45.74718" lon="10.89243">
        <ele>1056.23</ele>
      </trkpt>
      <trkpt lat="45.74713" lon="10.89242">
        <ele>1057.34</ele>
      </trkpt>
      <trkpt lat="45.74697" lon="10.89241">
        <ele>1060.46</ele>
      </trkpt>
      <trkpt lat="45.74693" lon="10.89238">
        <ele>1061.97</ele>
      </trkpt>
      <trkpt lat="45.74687" lon="10.89233">
        <ele>1063.88</ele>
      </trkpt>
      <trkpt lat="45.74679" lon="10.89227">
        <ele>1066.1</ele>
      </trkpt>
      <trkpt lat="45.74669" lon="10.89221">
        <ele>1068.15</ele>
      </trkpt>
      <trkpt lat="45.74653" lon="10.89213">
        <ele>1066.54</ele>
      </trkpt>
      <trkpt lat="45.74649" lon="10.89211">
        <ele>1065.95</ele>
      </trkpt>
      <trkpt lat="45.74646" lon="10.89209">
        <ele>1065.56</ele>
      </trkpt>
      <trkpt lat="45.74643" lon="10.89206">
        <ele>1065.31</ele>
      </trkpt>
      <trkpt lat="45.74639" lon="10.89203">
        <ele>1064.79</ele>
      </trkpt>
      <trkpt lat="45.74633" lon="10.89198">
        <ele>1064.43</ele>
      </trkpt>
      <trkpt lat="45.74626" lon="10.89189">
        <ele>1064.27</ele>
      </trkpt>
      <trkpt lat="45.74623" lon="10.89186">
        <ele>1064.05</ele>
      </trkpt>
      <trkpt lat="45.74617" lon="10.89178">
        <ele>1063.84</ele>
      </trkpt>
      <trkpt lat="45.7461" lon="10.89169">
        <ele>1063.51</ele>
      </trkpt>
      <trkpt lat="45.74604" lon="10.89162">
        <ele>1063.01</ele>
      </trkpt>
      <trkpt lat="45.74602" lon="10.89159">
        <ele>1062.86</ele>
      </trkpt>
      <trkpt lat="45.74599" lon="10.89156">
        <ele>1062.42</ele>
      </trkpt>
      <trkpt lat="45.7459" lon="10.89146">
        <ele>1060.72</ele>
      </trkpt>
      <trkpt lat="45.74587" lon="10.89143">
        <ele>1059.98</ele>
      </trkpt>
      <trkpt lat="45.74579" lon="10.89141">
        <ele>1058.62</ele>
      </trkpt>
      <trkpt lat="45.74567" lon="10.8914">
        <ele>1057.81</ele>
      </trkpt>
      <trkpt lat="45.74555" lon="10.89139">
        <ele>1056.92</ele>
      </trkpt>
      <trkpt lat="45.74549" lon="10.89137">
        <ele>1055.98</ele>
      </trkpt>
      <trkpt lat="45.74545" lon="10.89136">
        <ele>1055.28</ele>
      </trkpt>
      <trkpt lat="45.74543" lon="10.89125">
        <ele>1054.06</ele>
      </trkpt>
      <trkpt lat="45.74543" lon="10.89114">
        <ele>1053.17</ele>
      </trkpt>
      <trkpt lat="45.74544" lon="10.89103">
        <ele>1052.6</ele>
      </trkpt>
      <trkpt lat="45.74546" lon="10.891">
        <ele>1053.09</ele>
      </trkpt>
      <trkpt lat="45.74549" lon="10.89092">
        <ele>1053.7</ele>
      </trkpt>
      <trkpt lat="45.7455" lon="10.89089">
        <ele>1053.93</ele>
      </trkpt>
      <trkpt lat="45.74553" lon="10.8908">
        <ele>1054.04</ele>
      </trkpt>
      <trkpt lat="45.74556" lon="10.89074">
        <ele>1053.79</ele>
      </trkpt>
      <trkpt lat="45.74562" lon="10.89067">
        <ele>1054.19</ele>
      </trkpt>
      <trkpt lat="45.74566" lon="10.89064">
        <ele>1055.07</ele>
      </trkpt>
      <trkpt lat="45.7457" lon="10.89061">
        <ele>1056.1</ele>
      </trkpt>
      <trkpt lat="45.74573" lon="10.89056">
        <ele>1056.6</ele>
      </trkpt>
      <trkpt lat="45.74575" lon="10.89049">
        <ele>1056.88</ele>
      </trkpt>
      <trkpt lat="45.74576" lon="10.89042">
        <ele>1056.83</ele>
      </trkpt>
      <trkpt lat="45.74576" lon="10.89035">
        <ele>1056.31</ele>
      </trkpt>
      <trkpt lat="45.74576" lon="10.89023">
        <ele>1055.4</ele>
      </trkpt>
      <trkpt lat="45.74576" lon="10.89012">
        <ele>1054.52</ele>
      </trkpt>
      <trkpt lat="45.74575" lon="10.89008">
        <ele>1053.7</ele>
      </trkpt>
      <trkpt lat="45.74572" lon="10.8898">
        <ele>1049.96</ele>
      </trkpt>
      <trkpt lat="45.74572" lon="10.8897">
        <ele>1048.95</ele>
      </trkpt>
      <trkpt lat="45.74571" lon="10.88966">
        <ele>1047.81</ele>
      </trkpt>
      <trkpt lat="45.7457" lon="10.88958">
        <ele>1046.01</ele>
      </trkpt>
      <trkpt lat="45.7457" lon="10.88947">
        <ele>1044.25</ele>
      </trkpt>
      <trkpt lat="45.7457" lon="10.88943">
        <ele>1043.63</ele>
      </trkpt>
      <trkpt lat="45.7457" lon="10.88928">
        <ele>1041.47</ele>
      </trkpt>
      <trkpt lat="45.74571" lon="10.88916">
        <ele>1040.33</ele>
      </trkpt>
      <trkpt lat="45.74571" lon="10.88898">
        <ele>1037.09</ele>
      </trkpt>
      <trkpt lat="45.74572" lon="10.88891">
        <ele>1036.44</ele>
      </trkpt>
      <trkpt lat="45.74573" lon="10.88883">
        <ele>1035.85</ele>
      </trkpt>
      <trkpt lat="45.74573" lon="10.88874">
        <ele>1034.59</ele>
      </trkpt>
      <trkpt lat="45.74574" lon="10.88857">
        <ele>1032.8</ele>
      </trkpt>
      <trkpt lat="45.74575" lon="10.88848">
        <ele>1032.2</ele>
      </trkpt>
      <trkpt lat="45.74575" lon="10.88844">
        <ele>1031.71</ele>
      </trkpt>
      <trkpt lat="45.74575" lon="10.88837">
        <ele>1030.85</ele>
      </trkpt>
      <trkpt lat="45.74575" lon="10.88829">
        <ele>1029.93</ele>
      </trkpt>
      <trkpt lat="45.74575" lon="10.88823">
        <ele>1029.28</ele>
      </trkpt>
      <trkpt lat="45.74575" lon="10.88817">
        <ele>1028.64</ele>
      </trkpt>
      <trkpt lat="45.74575" lon="10.88811">
        <ele>1027.99</ele>
      </trkpt>
      <trkpt lat="45.74574" lon="10.88802">
        <ele>1026.54</ele>
      </trkpt>
      <trkpt lat="45.74573" lon="10.88796">
        <ele>1025.42</ele>
      </trkpt>
      <trkpt lat="45.74572" lon="10.8878">
        <ele>1023.17</ele>
      </trkpt>
      <trkpt lat="45.74571" lon="10.88771">
        <ele>1022.07</ele>
      </trkpt>
      <trkpt lat="45.7457" lon="10.88765">
        <ele>1021.28</ele>
      </trkpt>
      <trkpt lat="45.74569" lon="10.88751">
        <ele>1019.91</ele>
      </trkpt>
      <trkpt lat="45.74566" lon="10.88725">
        <ele>1016.62</ele>
      </trkpt>
      <trkpt lat="45.74563" lon="10.88716">
        <ele>1015.52</ele>
      </trkpt>
      <trkpt lat="45.74561" lon="10.8871">
        <ele>1015.03</ele>
      </trkpt>
      <trkpt lat="45.74557" lon="10.88702">
        <ele>1014.12</ele>
      </trkpt>
      <trkpt lat="45.74553" lon="10.88695">
        <ele>1014.07</ele>
      </trkpt>
      <trkpt lat="45.74544" lon="10.88692">
        <ele>1014.54</ele>
      </trkpt>
      <trkpt lat="45.74536" lon="10.88692">
        <ele>1014.85</ele>
      </trkpt>
      <trkpt lat="45.74532" lon="10.88693">
        <ele>1014.94</ele>
      </trkpt>
      <trkpt lat="45.74524" lon="10.887">
        <ele>1014.95</ele>
      </trkpt>
      <trkpt lat="45.74521" lon="10.88707">
        <ele>1014.61</ele>
      </trkpt>
      <trkpt lat="45.74519" lon="10.88709">
        <ele>1014.57</ele>
      </trkpt>
      <trkpt lat="45.74517" lon="10.88714">
        <ele>1014.21</ele>
      </trkpt>
      <trkpt lat="45.74515" lon="10.8872">
        <ele>1013.69</ele>
      </trkpt>
      <trkpt lat="45.74514" lon="10.88728">
        <ele>1012.98</ele>
      </trkpt>
      <trkpt lat="45.74513" lon="10.88733">
        <ele>1012.55</ele>
      </trkpt>
      <trkpt lat="45.74512" lon="10.88737">
        <ele>1012.2</ele>
      </trkpt>
      <trkpt lat="45.74511" lon="10.88741">
        <ele>1011.84</ele>
      </trkpt>
      <trkpt lat="45.74507" lon="10.88744">
        <ele>1011.59</ele>
      </trkpt>
      <trkpt lat="45.74502" lon="10.88747">
        <ele>1011.32</ele>
      </trkpt>
      <trkpt lat="45.74499" lon="10.88749">
        <ele>1011.58</ele>
      </trkpt>
      <trkpt lat="45.74497" lon="10.88751">
        <ele>1012.32</ele>
      </trkpt>
      <trkpt lat="45.74495" lon="10.88757">
        <ele>1012.65</ele>
      </trkpt>
      <trkpt lat="45.74493" lon="10.88761">
        <ele>1013.08</ele>
      </trkpt>
      <trkpt lat="45.74489" lon="10.88764">
        <ele>1014.34</ele>
      </trkpt>
      <trkpt lat="45.74486" lon="10.88765">
        <ele>1015.38</ele>
      </trkpt>
      <trkpt lat="45.74483" lon="10.88767">
        <ele>1016.23</ele>
      </trkpt>
      <trkpt lat="45.7448" lon="10.88771">
        <ele>1016.67</ele>
      </trkpt>
      <trkpt lat="45.74478" lon="10.88762">
        <ele>1019.06</ele>
      </trkpt>
      <trkpt lat="45.74477" lon="10.88756">
        <ele>1020.62</ele>
      </trkpt>
      <trkpt lat="45.74477" lon="10.88751">
        <ele>1021.57</ele>
      </trkpt>
      <trkpt lat="45.74477" lon="10.88741">
        <ele>1023.0</ele>
      </trkpt>
      <trkpt lat="45.74476" lon="10.88735">
        <ele>1024.32</ele>
      </trkpt>
      <trkpt lat="45.74475" lon="10.8873">
        <ele>1025.51</ele>
      </trkpt>
      <trkpt lat="45.74469" lon="10.88729">
        <ele>1028.5</ele>
      </trkpt>
      <trkpt lat="45.74466" lon="10.88729">
        <ele>1029.88</ele>
      </trkpt>
      <trkpt lat="45.74462" lon="10.8873">
        <ele>1031.56</ele>
      </trkpt>
      <trkpt lat="45.74458" lon="10.88733">
        <ele>1032.91</ele>
      </trkpt>
      <trkpt lat="45.74454" lon="10.88738">
        <ele>1033.88</ele>
      </trkpt>
      <trkpt lat="45.74452" lon="10.88742">
        <ele>1034.1</ele>
      </trkpt>
      <trkpt lat="45.74449" lon="10.88745">
        <ele>1034.9</ele>
      </trkpt>
      <trkpt lat="45.74445" lon="10.8875">
        <ele>1035.76</ele>
      </trkpt>
      <trkpt lat="45.74443" lon="10.88753">
        <ele>1036.34</ele>
      </trkpt>
      <trkpt lat="45.74439" lon="10.8876">
        <ele>1037.46</ele>
      </trkpt>
      <trkpt lat="45.74438" lon="10.88765">
        <ele>1037.12</ele>
      </trkpt>
      <trkpt lat="45.74436" lon="10.88771">
        <ele>1037.16</ele>
      </trkpt>
      <trkpt lat="45.74436" lon="10.88776">
        <ele>1036.2</ele>
      </trkpt>
      <trkpt lat="45.74436" lon="10.8878">
        <ele>1035.53</ele>
      </trkpt>
      <trkpt lat="45.74436" lon="10.88787">
        <ele>1034.46</ele>
      </trkpt>
      <trkpt lat="45.74436" lon="10.88792">
        <ele>1033.71</ele>
      </trkpt>
      <trkpt lat="45.74436" lon="10.88799">
        <ele>1032.64</ele>
      </trkpt>
      <trkpt lat="45.74436" lon="10.88804">
        <ele>1031.88</ele>
      </trkpt>
      <trkpt lat="45.74434" lon="10.88808">
        <ele>1032.3</ele>
      </trkpt>
      <trkpt lat="45.74433" lon="10.88811">
        <ele>1032.47</ele>
      </trkpt>
      <trkpt lat="45.74429" lon="10.88813">
        <ele>1033.99</ele>
      </trkpt>
      <trkpt lat="45.74425" lon="10.88815">
        <ele>1035.48</ele>
      </trkpt>
      <trkpt lat="45.74423" lon="10.88818">
        <ele>1036.02</ele>
      </trkpt>
      <trkpt lat="45.7442" lon="10.8882">
        <ele>1037.06</ele>
      </trkpt>
      <trkpt lat="45.74414" lon="10.88822">
        <ele>1039.63</ele>
      </trkpt>
      <trkpt lat="45.74411" lon="10.88825">
        <ele>1040.8</ele>
      </trkpt>
      <trkpt lat="45.74408" lon="10.88828">
        <ele>1041.87</ele>
      </trkpt>
      <trkpt lat="45.74406" lon="10.88832">
        <ele>1042.21</ele>
      </trkpt>
      <trkpt lat="45.74404" lon="10.88835">
        <ele>1042.84</ele>
      </trkpt>
      <trkpt lat="45.744" lon="10.88837">
        <ele>1044.62</ele>
      </trkpt>
      <trkpt lat="45.74398" lon="10.8884">
        <ele>1045.42</ele>
      </trkpt>
      <trkpt lat="45.74396" lon="10.88844">
        <ele>1046.19</ele>
      </trkpt>
      <trkpt lat="45.74395" lon="10.88852">
        <ele>1046.32</ele>
      </trkpt>
      <trkpt lat="45.74394" lon="10.88856">
        <ele>1046.64</ele>
      </trkpt>
      <trkpt lat="45.74392" lon="10.88861">
        <ele>1047.44</ele>
      </trkpt>
      <trkpt lat="45.74391" lon="10.88866">
        <ele>1047.23</ele>
      </trkpt>
      <trkpt lat="45.74388" lon="10.8887">
        <ele>1047.96</ele>
      </trkpt>
      <trkpt lat="45.74386" lon="10.88873">
        <ele>1048.11</ele>
      </trkpt>
      <trkpt lat="45.74383" lon="10.88878">
        <ele>1048.31</ele>
      </trkpt>
      <trkpt lat="45.74378" lon="10.88885">
        <ele>1048.98</ele>
      </trkpt>
      <trkpt lat="45.74375" lon="10.88888">
        <ele>1049.6</ele>
      </trkpt>
      <trkpt lat="45.74372" lon="10.88892">
        <ele>1049.96</ele>
      </trkpt>
      <trkpt lat="45.74368" lon="10.88895">
        <ele>1050.89</ele>
      </trkpt>
      <trkpt lat="45.74366" lon="10.88897">
        <ele>1051.33</ele>
      </trkpt>
      <trkpt lat="45.74362" lon="10.88899">
        <ele>1052.57</ele>
      </trkpt>
      <trkpt lat="45.74359" lon="10.88901">
        <ele>1053.02</ele>
      </trkpt>
      <trkpt lat="45.74356" lon="10.88903">
        <ele>1053.31</ele>
      </trkpt>
      <trkpt lat="45.74353" lon="10.88904">
        <ele>1053.72</ele>
      </trkpt>
      <trkpt lat="45.74349" lon="10.88904">
        <ele>1054.39</ele>
      </trkpt>
      <trkpt lat="45.74343" lon="10.88904">
        <ele>1055.39</ele>
      </trkpt>
      <trkpt lat="45.74339" lon="10.88904">
        <ele>1056.06</ele>
      </trkpt>
      <trkpt lat="45.74335" lon="10.88903">
        <ele>1056.73</ele>
      </trkpt>
      <trkpt lat="45.74332" lon="10.88902">
        <ele>1057.19</ele>
      </trkpt>
      <trkpt lat="45.74329" lon="10.889">
        <ele>1057.59</ele>
      </trkpt>
      <trkpt lat="45.74318" lon="10.88893">
        <ele>1058.82</ele>
      </trkpt>
      <trkpt lat="45.74314" lon="10.8889">
        <ele>1059.14</ele>
      </trkpt>
      <trkpt lat="45.74305" lon="10.88886">
        <ele>1060.0</ele>
      </trkpt>
      <trkpt lat="45.74303" lon="10.88883">
        <ele>1060.29</ele>
      </trkpt>
      <trkpt lat="45.74298" lon="10.88879">
        <ele>1061.2</ele>
      </trkpt>
      <trkpt lat="45.74291" lon="10.88875">
        <ele>1062.64</ele>
      </trkpt>
      <trkpt lat="45.74286" lon="10.88873">
        <ele>1063.75</ele>
      </trkpt>
      <trkpt lat="45.74281" lon="10.88873">
        <ele>1064.86</ele>
      </trkpt>
      <trkpt lat="45.74277" lon="10.88873">
        <ele>1065.66</ele>
      </trkpt>
      <trkpt lat="45.74274" lon="10.88873">
        <ele>1065.98</ele>
      </trkpt>
      <trkpt lat="45.7427" lon="10.88875">
        <ele>1066.34</ele>
      </trkpt>
      <trkpt lat="45.74268" lon="10.88877">
        <ele>1066.48</ele>
      </trkpt>
      <trkpt lat="45.74265" lon="10.88878">
        <ele>1066.77</ele>
      </trkpt>
      <trkpt lat="45.74261" lon="10.88881">
        <ele>1067.1</ele>
      </trkpt>
      <trkpt lat="45.74259" lon="10.88883">
        <ele>1067.24</ele>
      </trkpt>
      <trkpt lat="45.74256" lon="10.88885">
        <ele>1067.49</ele>
      </trkpt>
      <trkpt lat="45.74252" lon="10.88887">
        <ele>1067.85</ele>
      </trkpt>
      <trkpt lat="45.74247" lon="10.88889">
        <ele>1068.0</ele>
      </trkpt>
      <trkpt lat="45.74242" lon="10.88889">
        <ele>1068.0</ele>
      </trkpt>
      <trkpt lat="45.74238" lon="10.8889">
        <ele>1067.96</ele>
      </trkpt>
      <trkpt lat="45.74232" lon="10.8889">
        <ele>1067.96</ele>
      </trkpt>
      <trkpt lat="45.74229" lon="10.8889">
        <ele>1067.96</ele>
      </trkpt>
      <trkpt lat="45.74225" lon="10.88889">
        <ele>1068.0</ele>
      </trkpt>
      <trkpt lat="45.74218" lon="10.88889">
        <ele>1068.6</ele>
      </trkpt>
      <trkpt lat="45.74212" lon="10.88889">
        <ele>1069.47</ele>
      </trkpt>
      <trkpt lat="45.74207" lon="10.88888">
        <ele>1070.31</ele>
      </trkpt>
      <trkpt lat="45.74202" lon="10.88888">
        <ele>1071.05</ele>
      </trkpt>
      <trkpt lat="45.74199" lon="10.88888">
        <ele>1071.49</ele>
      </trkpt>
      <trkpt lat="45.74196" lon="10.88887">
        <ele>1072.1</ele>
      </trkpt>
      <trkpt lat="45.74192" lon="10.88887">
        <ele>1072.6</ele>
      </trkpt>
      <trkpt lat="45.74187" lon="10.88886">
        <ele>1073.32</ele>
      </trkpt>
      <trkpt lat="45.74184" lon="10.88885">
        <ele>1073.83</ele>
      </trkpt>
      <trkpt lat="45.74179" lon="10.88885">
        <ele>1074.37</ele>
      </trkpt>
      <trkpt lat="45.74173" lon="10.88884">
        <ele>1075.2</ele>
      </trkpt>
      <trkpt lat="45.74166" lon="10.88884">
        <ele>1075.84</ele>
      </trkpt>
      <trkpt lat="45.74161" lon="10.88883">
        <ele>1075.68</ele>
      </trkpt>
      <trkpt lat="45.74158" lon="10.88881">
        <ele>1075.75</ele>
      </trkpt>
      <trkpt lat="45.74154" lon="10.88879">
        <ele>1075.67</ele>
      </trkpt>
      <trkpt lat="45.7415" lon="10.88876">
        <ele>1075.61</ele>
      </trkpt>
      <trkpt lat="45.74147" lon="10.88874">
        <ele>1075.45</ele>
      </trkpt>
      <trkpt lat="45.74141" lon="10.88872">
        <ele>1074.87</ele>
      </trkpt>
      <trkpt lat="45.74138" lon="10.8887">
        <ele>1074.55</ele>
      </trkpt>
      <trkpt lat="45.74135" lon="10.88867">
        <ele>1074.18</ele>
      </trkpt>
      <trkpt lat="45.74133" lon="10.8886">
        <ele>1074.11</ele>
      </trkpt>
      <trkpt lat="45.74131" lon="10.88853">
        <ele>1074.79</ele>
      </trkpt>
      <trkpt lat="45.74129" lon="10.88849">
        <ele>1074.93</ele>
      </trkpt>
      <trkpt lat="45.74127" lon="10.8884">
        <ele>1075.68</ele>
      </trkpt>
      <trkpt lat="45.74125" lon="10.88836">
        <ele>1075.66</ele>
      </trkpt>
      <trkpt lat="45.74123" lon="10.88832">
        <ele>1075.7</ele>
      </trkpt>
      <trkpt lat="45.74121" lon="10.88828">
        <ele>1075.99</ele>
      </trkpt>
      <trkpt lat="45.74117" lon="10.88821">
        <ele>1076.52</ele>
      </trkpt>
      <trkpt lat="45.74114" lon="10.88818">
        <ele>1076.52</ele>
      </trkpt>
      <trkpt lat="45.74111" lon="10.88815">
        <ele>1076.59</ele>
      </trkpt>
      <trkpt lat="45.74101" lon="10.8881">
        <ele>1075.52</ele>
      </trkpt>
      <trkpt lat="45.7409" lon="10.88804">
        <ele>1074.81</ele>
      </trkpt>
      <trkpt lat="45.74088" lon="10.88802">
        <ele>1074.86</ele>
      </trkpt>
      <trkpt lat="45.74081" lon="10.888">
        <ele>1073.48</ele>
      </trkpt>
      <trkpt lat="45.7407" lon="10.88793">
        <ele>1070.88</ele>
      </trkpt>
      <trkpt lat="45.74056" lon="10.88789">
        <ele>1066.35</ele>
      </trkpt>
      <trkpt lat="45.74045" lon="10.88784">
        <ele>1064.31</ele>
      </trkpt>
      <trkpt lat="45.74036" lon="10.88774">
        <ele>1064.35</ele>
      </trkpt>
      <trkpt lat="45.74025" lon="10.88755">
        <ele>1064.86</ele>
      </trkpt>
      <trkpt lat="45.74021" lon="10.88752">
        <ele>1063.92</ele>
      </trkpt>
      <trkpt lat="45.74017" lon="10.88748">
        <ele>1063.18</ele>
      </trkpt>
      <trkpt lat="45.74009" lon="10.88742">
        <ele>1061.59</ele>
      </trkpt>
      <trkpt lat="45.74003" lon="10.88737">
        <ele>1060.78</ele>
      </trkpt>
      <trkpt lat="45.74" lon="10.88735">
        <ele>1060.32</ele>
      </trkpt>
      <trkpt lat="45.73997" lon="10.88732">
        <ele>1061.36</ele>
      </trkpt>
      <trkpt lat="45.73993" lon="10.88729">
        <ele>1062.49</ele>
      </trkpt>
      <trkpt lat="45.73985" lon="10.88727">
        <ele>1063.61</ele>
      </trkpt>
      <trkpt lat="45.73972" lon="10.88726">
        <ele>1064.84</ele>
      </trkpt>
      <trkpt lat="45.73969" lon="10.88726">
        <ele>1065.64</ele>
      </trkpt>
      <trkpt lat="45.73956" lon="10.88727">
        <ele>1068.84</ele>
      </trkpt>
      <trkpt lat="45.73951" lon="10.88728">
        <ele>1069.95</ele>
      </trkpt>
      <trkpt lat="45.73947" lon="10.88731">
        <ele>1070.37</ele>
      </trkpt>
      <trkpt lat="45.73939" lon="10.88739">
        <ele>1069.45</ele>
      </trkpt>
      <trkpt lat="45.73928" lon="10.8875">
        <ele>1067.0</ele>
      </trkpt>
      <trkpt lat="45.73925" lon="10.88753">
        <ele>1066.96</ele>
      </trkpt>
      <trkpt lat="45.73921" lon="10.88757">
        <ele>1067.19</ele>
      </trkpt>
      <trkpt lat="45.73918" lon="10.88759">
        <ele>1067.52</ele>
      </trkpt>
      <trkpt lat="45.73912" lon="10.8876">
        <ele>1067.87</ele>
      </trkpt>
      <trkpt lat="45.73907" lon="10.88761">
        <ele>1068.07</ele>
      </trkpt>
      <trkpt lat="45.73902" lon="10.88761">
        <ele>1068.22</ele>
      </trkpt>
      <trkpt lat="45.73898" lon="10.88759">
        <ele>1068.34</ele>
      </trkpt>
      <trkpt lat="45.73896" lon="10.88756">
        <ele>1068.44</ele>
      </trkpt>
      <trkpt lat="45.73894" lon="10.88753">
        <ele>1068.58</ele>
      </trkpt>
      <trkpt lat="45.73893" lon="10.88756">
        <ele>1068.58</ele>
      </trkpt>
      <trkpt lat="45.73881" lon="10.88753">
        <ele>1067.25</ele>
      </trkpt>
      <trkpt lat="45.73874" lon="10.88745">
        <ele>1066.54</ele>
      </trkpt>
      <trkpt lat="45.73871" lon="10.88742">
        <ele>1066.54</ele>
      </trkpt>
      <trkpt lat="45.73867" lon="10.88738">
        <ele>1066.75</ele>
      </trkpt>
      <trkpt lat="45.73865" lon="10.88735">
        <ele>1067.17</ele>
      </trkpt>
      <trkpt lat="45.73861" lon="10.88731">
        <ele>1067.78</ele>
      </trkpt>
      <trkpt lat="45.73856" lon="10.88725">
        <ele>1068.78</ele>
      </trkpt>
      <trkpt lat="45.73845" lon="10.8871">
        <ele>1070.02</ele>
      </trkpt>
      <trkpt lat="45.73834" lon="10.88697">
        <ele>1070.7</ele>
      </trkpt>
      <trkpt lat="45.73832" lon="10.88694">
        <ele>1070.54</ele>
      </trkpt>
      <trkpt lat="45.73817" lon="10.88674">
        <ele>1067.04</ele>
      </trkpt>
      <trkpt lat="45.73807" lon="10.88658">
        <ele>1064.62</ele>
      </trkpt>
      <trkpt lat="45.73806" lon="10.88655">
        <ele>1064.48</ele>
      </trkpt>
      <trkpt lat="45.73804" lon="10.88651">
        <ele>1064.08</ele>
      </trkpt>
      <trkpt lat="45.73799" lon="10.88641">
        <ele>1063.18</ele>
      </trkpt>
      <trkpt lat="45.73795" lon="10.88634">
        <ele>1062.39</ele>
      </trkpt>
      <trkpt lat="45.73791" lon="10.88623">
        <ele>1061.92</ele>
      </trkpt>
      <trkpt lat="45.7379" lon="10.8862">
        <ele>1061.8</ele>
      </trkpt>
      <trkpt lat="45.73786" lon="10.88614">
        <ele>1060.58</ele>
      </trkpt>
      <trkpt lat="45.73783" lon="10.88607">
        <ele>1060.01</ele>
      </trkpt>
      <trkpt lat="45.73772" lon="10.88595">
        <ele>1059.2</ele>
      </trkpt>
      <trkpt lat="45.73763" lon="10.8859">
        <ele>1059.64</ele>
      </trkpt>
      <trkpt lat="45.73761" lon="10.88588">
        <ele>1059.83</ele>
      </trkpt>
      <trkpt lat="45.73751" lon="10.88584">
        <ele>1059.96</ele>
      </trkpt>
      <trkpt lat="45.73745" lon="10.88583">
        <ele>1060.4</ele>
      </trkpt>
      <trkpt lat="45.73738" lon="10.88582">
        <ele>1061.01</ele>
      </trkpt>
      <trkpt lat="45.73731" lon="10.88581">
        <ele>1061.62</ele>
      </trkpt>
      <trkpt lat="45.73725" lon="10.88581">
        <ele>1062.05</ele>
      </trkpt>
      <trkpt lat="45.73721" lon="10.88579">
        <ele>1062.64</ele>
      </trkpt>
      <trkpt lat="45.73719" lon="10.88576">
        <ele>1063.23</ele>
      </trkpt>
      <trkpt lat="45.73716" lon="10.88572">
        <ele>1064.03</ele>
      </trkpt>
      <trkpt lat="45.73704" lon="10.88558">
        <ele>1066.76</ele>
      </trkpt>
      <trkpt lat="45.73694" lon="10.88607">
        <ele>1064.31</ele>
      </trkpt>
      <trkpt lat="45.73692" lon="10.8864">
        <ele>1060.22</ele>
      </trkpt>
      <trkpt lat="45.73685" lon="10.88656">
        <ele>1060.19</ele>
      </trkpt>
      <trkpt lat="45.73676" lon="10.88682">
        <ele>1059.96</ele>
      </trkpt>
      <trkpt lat="45.73674" lon="10.8871">
        <ele>1058.35</ele>
      </trkpt>
      <trkpt lat="45.73679" lon="10.88744">
        <ele>1056.84</ele>
      </trkpt>
      <trkpt lat="45.73674" lon="10.88755">
        <ele>1057.39</ele>
      </trkpt>
      <trkpt lat="45.73673" lon="10.88756">
        <ele>1057.53</ele>
      </trkpt>
      <trkpt lat="45.73672" lon="10.88754">
        <ele>1057.57</ele>
      </trkpt>
      <trkpt lat="45.73649" lon="10.88709">
        <ele>1061.27</ele>
      </trkpt>
      <trkpt lat="45.73642" lon="10.88698">
        <ele>1063.94</ele>
      </trkpt>
      <trkpt lat="45.73639" lon="10.88684">
        <ele>1064.98</ele>
      </trkpt>
      <trkpt lat="45.73638" lon="10.8867">
        <ele>1064.9</ele>
      </trkpt>
      <trkpt lat="45.7364" lon="10.88654">
        <ele>1063.56</ele>
      </trkpt>
      <trkpt lat="45.73645" lon="10.88607">
        <ele>1064.63</ele>
      </trkpt>
      <trkpt lat="45.73647" lon="10.88591">
        <ele>1066.25</ele>
      </trkpt>
      <trkpt lat="45.7365" lon="10.88551">
        <ele>1070.03</ele>
      </trkpt>
      <trkpt lat="45.73647" lon="10.88551">
        <ele>1070.15</ele>
      </trkpt>
      <trkpt lat="45.73646" lon="10.88545">
        <ele>1070.79</ele>
      </trkpt>
      <trkpt lat="45.73645" lon="10.88541">
        <ele>1071.24</ele>
      </trkpt>
      <trkpt lat="45.73641" lon="10.88535">
        <ele>1072.09</ele>
      </trkpt>
      <trkpt lat="45.7364" lon="10.8853">
        <ele>1072.68</ele>
      </trkpt>
      <trkpt lat="45.73638" lon="10.88525">
        <ele>1073.44</ele>
      </trkpt>
      <trkpt lat="45.73636" lon="10.88519">
        <ele>1074.4</ele>
      </trkpt>
      <trkpt lat="45.73633" lon="10.88511">
        <ele>1075.72</ele>
      </trkpt>
      <trkpt lat="45.73632" lon="10.88506">
        <ele>1076.62</ele>
      </trkpt>
      <trkpt lat="45.73631" lon="10.88497">
        <ele>1078.04</ele>
      </trkpt>
      <trkpt lat="45.73631" lon="10.88485">
        <ele>1079.34</ele>
      </trkpt>
      <trkpt lat="45.73631" lon="10.8848">
        <ele>1079.88</ele>
      </trkpt>
      <trkpt lat="45.7363" lon="10.88474">
        <ele>1080.49</ele>
      </trkpt>
      <trkpt lat="45.7363" lon="10.88469">
        <ele>1080.91</ele>
      </trkpt>
      <trkpt lat="45.7363" lon="10.88465">
        <ele>1081.2</ele>
      </trkpt>
      <trkpt lat="45.73629" lon="10.88458">
        <ele>1081.67</ele>
      </trkpt>
      <trkpt lat="45.73627" lon="10.88449">
        <ele>1082.24</ele>
      </trkpt>
      <trkpt lat="45.73625" lon="10.88446">
        <ele>1082.39</ele>
      </trkpt>
      <trkpt lat="45.73623" lon="10.88442">
        <ele>1082.92</ele>
      </trkpt>
      <trkpt lat="45.73623" lon="10.88438">
        <ele>1083.72</ele>
      </trkpt>
      <trkpt lat="45.73622" lon="10.88433">
        <ele>1084.7</ele>
      </trkpt>
      <trkpt lat="45.73622" lon="10.88425">
        <ele>1086.32</ele>
      </trkpt>
      <trkpt lat="45.73623" lon="10.8842">
        <ele>1087.33</ele>
      </trkpt>
      <trkpt lat="45.73624" lon="10.88414">
        <ele>1088.63</ele>
      </trkpt>
      <trkpt lat="45.73624" lon="10.88406">
        <ele>1090.54</ele>
      </trkpt>
      <trkpt lat="45.73624" lon="10.88401">
        <ele>1091.73</ele>
      </trkpt>
      <trkpt lat="45.73624" lon="10.88394">
        <ele>1093.39</ele>
      </trkpt>
      <trkpt lat="45.73624" lon="10.88381">
        <ele>1096.33</ele>
      </trkpt>
      <trkpt lat="45.73623" lon="10.88377">
        <ele>1097.35</ele>
      </trkpt>
      <trkpt lat="45.73622" lon="10.88364">
        <ele>1100.39</ele>
      </trkpt>
      <trkpt lat="45.7362" lon="10.8836">
        <ele>1101.63</ele>
      </trkpt>
      <trkpt lat="45.73618" lon="10.88356">
        <ele>1102.82</ele>
      </trkpt>
      <trkpt lat="45.73616" lon="10.88352">
        <ele>1104.03</ele>
      </trkpt>
      <trkpt lat="45.73614" lon="10.88348">
        <ele>1105.26</ele>
      </trkpt>
      <trkpt lat="45.73612" lon="10.88341">
        <ele>1107.16</ele>
      </trkpt>
      <trkpt lat="45.73611" lon="10.88333">
        <ele>1109.02</ele>
      </trkpt>
      <trkpt lat="45.73609" lon="10.88329">
        <ele>1109.21</ele>
      </trkpt>
      <trkpt lat="45.73606" lon="10.88323">
        <ele>1109.65</ele>
      </trkpt>
      <trkpt lat="45.73605" lon="10.8832">
        <ele>1109.94</ele>
      </trkpt>
      <trkpt lat="45.73602" lon="10.88314">
        <ele>1110.65</ele>
      </trkpt>
      <trkpt lat="45.73599" lon="10.8831">
        <ele>1111.27</ele>
      </trkpt>
      <trkpt lat="45.73597" lon="10.88307">
        <ele>1111.81</ele>
      </trkpt>
      <trkpt lat="45.73593" lon="10.88304">
        <ele>1112.45</ele>
      </trkpt>
      <trkpt lat="45.7359" lon="10.883">
        <ele>1113.07</ele>
      </trkpt>
      <trkpt lat="45.73587" lon="10.88297">
        <ele>1113.62</ele>
      </trkpt>
      <trkpt lat="45.73584" lon="10.88294">
        <ele>1114.19</ele>
      </trkpt>
      <trkpt lat="45.73581" lon="10.88292">
        <ele>1113.92</ele>
      </trkpt>
      <trkpt lat="45.73577" lon="10.88289">
        <ele>1113.33</ele>
      </trkpt>
      <trkpt lat="45.73575" lon="10.88286">
        <ele>1113.22</ele>
      </trkpt>
      <trkpt lat="45.73574" lon="10.88282">
        <ele>1113.48</ele>
      </trkpt>
      <trkpt lat="45.73573" lon="10.88276">
        <ele>1113.94</ele>
      </trkpt>
      <trkpt lat="45.73572" lon="10.88262">
        <ele>1115.15</ele>
      </trkpt>
      <trkpt lat="45.73572" lon="10.88257">
        <ele>1115.66</ele>
      </trkpt>
      <trkpt lat="45.73573" lon="10.88251">
        <ele>1116.41</ele>
      </trkpt>
      <trkpt lat="45.73573" lon="10.88247">
        <ele>1116.77</ele>
      </trkpt>
      <trkpt lat="45.73575" lon="10.8824">
        <ele>1117.63</ele>
      </trkpt>
      <trkpt lat="45.73575" lon="10.88233">
        <ele>1118.21</ele>
      </trkpt>
      <trkpt lat="45.73575" lon="10.88224">
        <ele>1118.95</ele>
      </trkpt>
      <trkpt lat="45.73575" lon="10.8822">
        <ele>1119.18</ele>
      </trkpt>
      <trkpt lat="45.73567" lon="10.88211">
        <ele>1118.64</ele>
      </trkpt>
      <trkpt lat="45.73559" lon="10.88209">
        <ele>1117.85</ele>
      </trkpt>
      <trkpt lat="45.73555" lon="10.88205">
        <ele>1117.53</ele>
      </trkpt>
      <trkpt lat="45.73554" lon="10.88201">
        <ele>1117.53</ele>
      </trkpt>
      <trkpt lat="45.73554" lon="10.88197">
        <ele>1117.68</ele>
      </trkpt>
      <trkpt lat="45.73553" lon="10.88193">
        <ele>1117.68</ele>
      </trkpt>
      <trkpt lat="45.73551" lon="10.88188">
        <ele>1117.54</ele>
      </trkpt>
      <trkpt lat="45.7355" lon="10.88184">
        <ele>1117.5</ele>
      </trkpt>
      <trkpt lat="45.7355" lon="10.88177">
        <ele>1117.7</ele>
      </trkpt>
      <trkpt lat="45.7355" lon="10.88173">
        <ele>1117.82</ele>
      </trkpt>
      <trkpt lat="45.73549" lon="10.88166">
        <ele>1117.9</ele>
      </trkpt>
      <trkpt lat="45.73549" lon="10.88156">
        <ele>1119.06</ele>
      </trkpt>
      <trkpt lat="45.73548" lon="10.88147">
        <ele>1119.96</ele>
      </trkpt>
      <trkpt lat="45.73547" lon="10.8814">
        <ele>1120.64</ele>
      </trkpt>
      <trkpt lat="45.73546" lon="10.88136">
        <ele>1121.32</ele>
      </trkpt>
      <trkpt lat="45.73543" lon="10.88126">
        <ele>1123.23</ele>
      </trkpt>
      <trkpt lat="45.73541" lon="10.88122">
        <ele>1123.84</ele>
      </trkpt>
      <trkpt lat="45.73536" lon="10.88111">
        <ele>1125.52</ele>
      </trkpt>
      <trkpt lat="45.7353" lon="10.88102">
        <ele>1127.43</ele>
      </trkpt>
      <trkpt lat="45.73525" lon="10.88095">
        <ele>1129.2</ele>
      </trkpt>
      <trkpt lat="45.73522" lon="10.88091">
        <ele>1130.42</ele>
      </trkpt>
      <trkpt lat="45.7352" lon="10.88081">
        <ele>1133.48</ele>
      </trkpt>
      <trkpt lat="45.73518" lon="10.88077">
        <ele>1134.59</ele>
      </trkpt>
      <trkpt lat="45.73515" lon="10.88071">
        <ele>1135.99</ele>
      </trkpt>
      <trkpt lat="45.7351" lon="10.88061">
        <ele>1137.6</ele>
      </trkpt>
      <trkpt lat="45.73508" lon="10.88059">
        <ele>1137.56</ele>
      </trkpt>
      <trkpt lat="45.73501" lon="10.88048">
        <ele>1138.24</ele>
      </trkpt>
      <trkpt lat="45.73499" lon="10.88044">
        <ele>1138.68</ele>
      </trkpt>
      <trkpt lat="45.73497" lon="10.8804">
        <ele>1139.21</ele>
      </trkpt>
      <trkpt lat="45.73493" lon="10.88036">
        <ele>1139.24</ele>
      </trkpt>
      <trkpt lat="45.73489" lon="10.88033">
        <ele>1138.99</ele>
      </trkpt>
      <trkpt lat="45.73484" lon="10.88027">
        <ele>1139.2</ele>
      </trkpt>
      <trkpt lat="45.73479" lon="10.88019">
        <ele>1140.15</ele>
      </trkpt>
      <trkpt lat="45.73476" lon="10.88014">
        <ele>1140.63</ele>
      </trkpt>
      <trkpt lat="45.73473" lon="10.88007">
        <ele>1141.49</ele>
      </trkpt>
      <trkpt lat="45.73469" lon="10.88">
        <ele>1142.77</ele>
      </trkpt>
      <trkpt lat="45.73467" lon="10.87995">
        <ele>1144.14</ele>
      </trkpt>
      <trkpt lat="45.73463" lon="10.87992">
        <ele>1144.64</ele>
      </trkpt>
      <trkpt lat="45.7346" lon="10.87988">
        <ele>1145.44</ele>
      </trkpt>
      <trkpt lat="45.73457" lon="10.87983">
        <ele>1146.41</ele>
      </trkpt>
      <trkpt lat="45.73454" lon="10.87979">
        <ele>1147.0</ele>
      </trkpt>
      <trkpt lat="45.73451" lon="10.87976">
        <ele>1147.27</ele>
      </trkpt>
      <trkpt lat="45.73448" lon="10.87973">
        <ele>1147.46</ele>
      </trkpt>
      <trkpt lat="45.73444" lon="10.8797">
        <ele>1147.33</ele>
      </trkpt>
      <trkpt lat="45.7344" lon="10.87969">
        <ele>1146.92</ele>
      </trkpt>
      <trkpt lat="45.73433" lon="10.87969">
        <ele>1145.88</ele>
      </trkpt>
      <trkpt lat="45.73429" lon="10.87969">
        <ele>1145.29</ele>
      </trkpt>
      <trkpt lat="45.73423" lon="10.8797">
        <ele>1144.25</ele>
      </trkpt>
      <trkpt lat="45.73419" lon="10.87972">
        <ele>1143.37</ele>
      </trkpt>
      <trkpt lat="45.73415" lon="10.87976">
        <ele>1142.7</ele>
      </trkpt>
      <trkpt lat="45.73413" lon="10.87978">
        <ele>1142.61</ele>
      </trkpt>
      <trkpt lat="45.7341" lon="10.87981">
        <ele>1142.46</ele>
      </trkpt>
      <trkpt lat="45.73406" lon="10.87982">
        <ele>1142.58</ele>
      </trkpt>
      <trkpt lat="45.73402" lon="10.87983">
        <ele>1142.69</ele>
      </trkpt>
      <trkpt lat="45.73397" lon="10.87983">
        <ele>1142.98</ele>
      </trkpt>
      <trkpt lat="45.73392" lon="10.87983">
        <ele>1143.27</ele>
      </trkpt>
      <trkpt lat="45.73388" lon="10.87981">
        <ele>1143.73</ele>
      </trkpt>
      <trkpt lat="45.73386" lon="10.87977">
        <ele>1144.21</ele>
      </trkpt>
      <trkpt lat="45.73385" lon="10.87973">
        <ele>1144.63</ele>
      </trkpt>
      <trkpt lat="45.73383" lon="10.87965">
        <ele>1145.97</ele>
      </trkpt>
      <trkpt lat="45.73381" lon="10.8796">
        <ele>1146.7</ele>
      </trkpt>
      <trkpt lat="45.73379" lon="10.87955">
        <ele>1147.35</ele>
      </trkpt>
      <trkpt lat="45.73378" lon="10.87951">
        <ele>1147.9</ele>
      </trkpt>
      <trkpt lat="45.73377" lon="10.87945">
        <ele>1148.77</ele>
      </trkpt>
      <trkpt lat="45.73376" lon="10.87941">
        <ele>1149.17</ele>
      </trkpt>
      <trkpt lat="45.73375" lon="10.87937">
        <ele>1149.57</ele>
      </trkpt>
      <trkpt lat="45.73375" lon="10.87927">
        <ele>1151.01</ele>
      </trkpt>
      <trkpt lat="45.73374" lon="10.87923">
        <ele>1151.46</ele>
      </trkpt>
      <trkpt lat="45.73373" lon="10.87918">
        <ele>1152.09</ele>
      </trkpt>
      <trkpt lat="45.73372" lon="10.87912">
        <ele>1153.18</ele>
      </trkpt>
      <trkpt lat="45.73371" lon="10.87903">
        <ele>1155.02</ele>
      </trkpt>
      <trkpt lat="45.73369" lon="10.87899">
        <ele>1155.67</ele>
      </trkpt>
      <trkpt lat="45.73367" lon="10.87893">
        <ele>1156.75</ele>
      </trkpt>
      <trkpt lat="45.73364" lon="10.87889">
        <ele>1157.29</ele>
      </trkpt>
      <trkpt lat="45.7336" lon="10.87884">
        <ele>1158.22</ele>
      </trkpt>
      <trkpt lat="45.73358" lon="10.87881">
        <ele>1159.15</ele>
      </trkpt>
      <trkpt lat="45.73357" lon="10.87877">
        <ele>1160.16</ele>
      </trkpt>
      <trkpt lat="45.73353" lon="10.87868">
        <ele>1162.68</ele>
      </trkpt>
      <trkpt lat="45.7335" lon="10.87862">
        <ele>1164.41</ele>
      </trkpt>
      <trkpt lat="45.73348" lon="10.87856">
        <ele>1165.93</ele>
      </trkpt>
      <trkpt lat="45.73346" lon="10.87854">
        <ele>1166.53</ele>
      </trkpt>
      <trkpt lat="45.73341" lon="10.8785">
        <ele>1167.65</ele>
      </trkpt>
      <trkpt lat="45.73335" lon="10.87849">
        <ele>1168.2</ele>
      </trkpt>
      <trkpt lat="45.73332" lon="10.87848">
        <ele>1168.3</ele>
      </trkpt>
      <trkpt lat="45.7333" lon="10.87846">
        <ele>1168.33</ele>
      </trkpt>
      <trkpt lat="45.73329" lon="10.87841">
        <ele>1168.75</ele>
      </trkpt>
      <trkpt lat="45.73327" lon="10.87836">
        <ele>1169.05</ele>
      </trkpt>
      <trkpt lat="45.73324" lon="10.87831">
        <ele>1169.38</ele>
      </trkpt>
      <trkpt lat="45.73322" lon="10.87827">
        <ele>1169.87</ele>
      </trkpt>
      <trkpt lat="45.7332" lon="10.87822">
        <ele>1170.58</ele>
      </trkpt>
      <trkpt lat="45.73316" lon="10.87818">
        <ele>1171.02</ele>
      </trkpt>
      <trkpt lat="45.73314" lon="10.87815">
        <ele>1171.47</ele>
      </trkpt>
      <trkpt lat="45.73311" lon="10.87813">
        <ele>1171.69</ele>
      </trkpt>
      <trkpt lat="45.73309" lon="10.87809">
        <ele>1172.41</ele>
      </trkpt>
      <trkpt lat="45.73305" lon="10.87807">
        <ele>1172.81</ele>
      </trkpt>
      <trkpt lat="45.73303" lon="10.87806">
        <ele>1173.46</ele>
      </trkpt>
      <trkpt lat="45.73297" lon="10.87803">
        <ele>1175.68</ele>
      </trkpt>
      <trkpt lat="45.73294" lon="10.87802">
        <ele>1176.65</ele>
      </trkpt>
      <trkpt lat="45.73288" lon="10.87798">
        <ele>1179.24</ele>
      </trkpt>
      <trkpt lat="45.73285" lon="10.87796">
        <ele>1180.54</ele>
      </trkpt>
      <trkpt lat="45.73281" lon="10.87793">
        <ele>1182.37</ele>
      </trkpt>
      <trkpt lat="45.73277" lon="10.87791">
        <ele>1183.98</ele>
      </trkpt>
      <trkpt lat="45.73273" lon="10.8779">
        <ele>1185.62</ele>
      </trkpt>
      <trkpt lat="45.7327" lon="10.87788">
        <ele>1187.16</ele>
      </trkpt>
      <trkpt lat="45.73267" lon="10.87787">
        <ele>1188.37</ele>
      </trkpt>
      <trkpt lat="45.73264" lon="10.87783">
        <ele>1190.25</ele>
      </trkpt>
      <trkpt lat="45.73262" lon="10.87778">
        <ele>1191.93</ele>
      </trkpt>
      <trkpt lat="45.73261" lon="10.87774">
        <ele>1193.23</ele>
      </trkpt>
      <trkpt lat="45.73259" lon="10.87771">
        <ele>1194.52</ele>
      </trkpt>
      <trkpt lat="45.73256" lon="10.87767">
        <ele>1196.29</ele>
      </trkpt>
      <trkpt lat="45.73253" lon="10.87764">
        <ele>1197.77</ele>
      </trkpt>
      <trkpt lat="45.7325" lon="10.87762">
        <ele>1198.98</ele>
      </trkpt>
      <trkpt lat="45.73247" lon="10.87759">
        <ele>1200.27</ele>
      </trkpt>
      <trkpt lat="45.73244" lon="10.87756">
        <ele>1201.49</ele>
      </trkpt>
      <trkpt lat="45.73241" lon="10.87751">
        <ele>1203.08</ele>
      </trkpt>
      <trkpt lat="45.73239" lon="10.87744">
        <ele>1205.14</ele>
      </trkpt>
      <trkpt lat="45.73239" lon="10.87744">
        <ele>1205.14</ele>
      </trkpt>
      <trkpt lat="45.73239" lon="10.87745">
        <ele>1204.88</ele>
      </trkpt>
      <trkpt lat="45.73213" lon="10.87718">
        <ele>1214.47</ele>
      </trkpt>
      <trkpt lat="45.73197" lon="10.87698">
        <ele>1218.69</ele>
      </trkpt>
      <trkpt lat="45.73193" lon="10.87692">
        <ele>1220.15</ele>
      </trkpt>
      <trkpt lat="45.73187" lon="10.87682">
        <ele>1224.51</ele>
      </trkpt>
      <trkpt lat="45.73177" lon="10.87652">
        <ele>1231.99</ele>
      </trkpt>
      <trkpt lat="45.73168" lon="10.87614">
        <ele>1236.73</ele>
      </trkpt>
      <trkpt lat="45.73168" lon="10.87614">
        <ele>1236.73</ele>
      </trkpt>
      <trkpt lat="45.73167" lon="10.87612">
        <ele>1236.92</ele>
      </trkpt>
      <trkpt lat="45.73166" lon="10.87607">
        <ele>1237.68</ele>
      </trkpt>
      <trkpt lat="45.73162" lon="10.87603">
        <ele>1239.51</ele>
      </trkpt>
      <trkpt lat="45.73158" lon="10.87601">
        <ele>1241.1</ele>
      </trkpt>
      <trkpt lat="45.73156" lon="10.87596">
        <ele>1242.26</ele>
      </trkpt>
      <trkpt lat="45.73155" lon="10.87592">
        <ele>1242.98</ele>
      </trkpt>
      <trkpt lat="45.73154" lon="10.87586">
        <ele>1243.86</ele>
      </trkpt>
      <trkpt lat="45.73153" lon="10.87582">
        <ele>1244.6</ele>
      </trkpt>
      <trkpt lat="45.73152" lon="10.87576">
        <ele>1245.67</ele>
      </trkpt>
      <trkpt lat="45.73151" lon="10.87572">
        <ele>1246.48</ele>
      </trkpt>
      <trkpt lat="45.73151" lon="10.87566">
        <ele>1247.22</ele>
      </trkpt>
      <trkpt lat="45.73149" lon="10.87561">
        <ele>1248.43</ele>
      </trkpt>
      <trkpt lat="45.73149" lon="10.87555">
        <ele>1249.19</ele>
      </trkpt>
      <trkpt lat="45.73149" lon="10.87546">
        <ele>1250.81</ele>
      </trkpt>
      <trkpt lat="45.73148" lon="10.87541">
        <ele>1252.0</ele>
      </trkpt>
      <trkpt lat="45.73148" lon="10.87536">
        <ele>1252.9</ele>
      </trkpt>
      <trkpt lat="45.73148" lon="10.87529">
        <ele>1254.16</ele>
      </trkpt>
      <trkpt lat="45.73147" lon="10.87524">
        <ele>1255.38</ele>
      </trkpt>
      <trkpt lat="45.73145" lon="10.87519">
        <ele>1256.89</ele>
      </trkpt>
      <trkpt lat="45.73144" lon="10.87515">
        <ele>1257.91</ele>
      </trkpt>
      <trkpt lat="45.73143" lon="10.8751">
        <ele>1259.11</ele>
      </trkpt>
      <trkpt lat="45.73142" lon="10.87505">
        <ele>1260.3</ele>
      </trkpt>
      <trkpt lat="45.7314" lon="10.875">
        <ele>1261.72</ele>
      </trkpt>
      <trkpt lat="45.73139" lon="10.87495">
        <ele>1262.69</ele>
      </trkpt>
      <trkpt lat="45.73137" lon="10.87491">
        <ele>1263.48</ele>
      </trkpt>
      <trkpt lat="45.73135" lon="10.87487">
        <ele>1264.28</ele>
      </trkpt>
      <trkpt lat="45.73134" lon="10.87483">
        <ele>1265.02</ele>
      </trkpt>
      <trkpt lat="45.73133" lon="10.87479">
        <ele>1265.77</ele>
      </trkpt>
      <trkpt lat="45.73132" lon="10.87475">
        <ele>1266.54</ele>
      </trkpt>
      <trkpt lat="45.73132" lon="10.8747">
        <ele>1267.31</ele>
      </trkpt>
      <trkpt lat="45.73132" lon="10.87465">
        <ele>1268.03</ele>
      </trkpt>
      <trkpt lat="45.73132" lon="10.8746">
        <ele>1268.75</ele>
      </trkpt>
      <trkpt lat="45.73132" lon="10.87455">
        <ele>1269.47</ele>
      </trkpt>
      <trkpt lat="45.73132" lon="10.87449">
        <ele>1270.34</ele>
      </trkpt>
      <trkpt lat="45.73132" lon="10.87445">
        <ele>1270.91</ele>
      </trkpt>
      <trkpt lat="45.73132" lon="10.87439">
        <ele>1271.34</ele>
      </trkpt>
      <trkpt lat="45.73131" lon="10.87435">
        <ele>1271.72</ele>
      </trkpt>
      <trkpt lat="45.73131" lon="10.87431">
        <ele>1271.97</ele>
      </trkpt>
      <trkpt lat="45.73131" lon="10.87426">
        <ele>1272.28</ele>
      </trkpt>
      <trkpt lat="45.73131" lon="10.87422">
        <ele>1272.52</ele>
      </trkpt>
      <trkpt lat="45.7313" lon="10.87416">
        <ele>1273.09</ele>
      </trkpt>
      <trkpt lat="45.73129" lon="10.87411">
        <ele>1274.12</ele>
      </trkpt>
      <trkpt lat="45.73128" lon="10.87405">
        <ele>1275.22</ele>
      </trkpt>
      <trkpt lat="45.73126" lon="10.87399">
        <ele>1276.12</ele>
      </trkpt>
      <trkpt lat="45.73124" lon="10.87396">
        <ele>1276.37</ele>
      </trkpt>
      <trkpt lat="45.73123" lon="10.87392">
        <ele>1276.76</ele>
      </trkpt>
      <trkpt lat="45.73122" lon="10.87387">
        <ele>1277.22</ele>
      </trkpt>
      <trkpt lat="45.73122" lon="10.87382">
        <ele>1277.9</ele>
      </trkpt>
      <trkpt lat="45.73122" lon="10.87377">
        <ele>1278.58</ele>
      </trkpt>
      <trkpt lat="45.73122" lon="10.8737">
        <ele>1279.53</ele>
      </trkpt>
      <trkpt lat="45.73121" lon="10.87365">
        <ele>1279.97</ele>
      </trkpt>
      <trkpt lat="45.7312" lon="10.8736">
        <ele>1280.36</ele>
      </trkpt>
      <trkpt lat="45.73119" lon="10.87355">
        <ele>1280.71</ele>
      </trkpt>
      <trkpt lat="45.73116" lon="10.87348">
        <ele>1281.09</ele>
      </trkpt>
      <trkpt lat="45.73115" lon="10.87339">
        <ele>1282.29</ele>
      </trkpt>
      <trkpt lat="45.73115" lon="10.87324">
        <ele>1284.67</ele>
      </trkpt>
      <trkpt lat="45.73115" lon="10.87319">
        <ele>1285.48</ele>
      </trkpt>
      <trkpt lat="45.73115" lon="10.87314">
        <ele>1286.3</ele>
      </trkpt>
      <trkpt lat="45.73114" lon="10.87308">
        <ele>1286.88</ele>
      </trkpt>
      <trkpt lat="45.73114" lon="10.87304">
        <ele>1287.8</ele>
      </trkpt>
      <trkpt lat="45.73113" lon="10.87295">
        <ele>1290.59</ele>
      </trkpt>
      <trkpt lat="45.73112" lon="10.87291">
        <ele>1291.61</ele>
      </trkpt>
      <trkpt lat="45.73112" lon="10.87284">
        <ele>1294.12</ele>
      </trkpt>
      <trkpt lat="45.73112" lon="10.87277">
        <ele>1296.55</ele>
      </trkpt>
      <trkpt lat="45.73111" lon="10.87272">
        <ele>1297.41</ele>
      </trkpt>
      <trkpt lat="45.73111" lon="10.87267">
        <ele>1298.67</ele>
      </trkpt>
      <trkpt lat="45.73111" lon="10.8726">
        <ele>1300.44</ele>
      </trkpt>
      <trkpt lat="45.7311" lon="10.87256">
        <ele>1301.13</ele>
      </trkpt>
      <trkpt lat="45.7311" lon="10.87251">
        <ele>1302.42</ele>
      </trkpt>
      <trkpt lat="45.73109" lon="10.87244">
        <ele>1303.97</ele>
      </trkpt>
      <trkpt lat="45.73112" lon="10.87243">
        <ele>1305.14</ele>
      </trkpt>
      <trkpt lat="45.73109" lon="10.87229">
        <ele>1307.91</ele>
      </trkpt>
      <trkpt lat="45.73107" lon="10.87211">
        <ele>1313.15</ele>
      </trkpt>
      <trkpt lat="45.73105" lon="10.87187">
        <ele>1320.52</ele>
      </trkpt>
      <trkpt lat="45.73103" lon="10.87181">
        <ele>1321.79</ele>
      </trkpt>
      <trkpt lat="45.73103" lon="10.87181">
        <ele>1321.79</ele>
      </trkpt>
      <trkpt lat="45.73098" lon="10.87174">
        <ele>1322.07</ele>
      </trkpt>
      <trkpt lat="45.73084" lon="10.87171">
        <ele>1317.18</ele>
      </trkpt>
      <trkpt lat="45.73076" lon="10.87165">
        <ele>1318.77</ele>
      </trkpt>
      <trkpt lat="45.73076" lon="10.87165">
        <ele>1318.77</ele>
      </trkpt>
      <trkpt lat="45.73087" lon="10.87155">
        <ele>1323.42</ele>
      </trkpt>
      <trkpt lat="45.731" lon="10.87152">
        <ele>1330.27</ele>
      </trkpt>
      <trkpt lat="45.73113" lon="10.87156">
        <ele>1334.62</ele>
      </trkpt>
      <trkpt lat="45.7312" lon="10.87169">
        <ele>1332.36</ele>
      </trkpt>
      <trkpt lat="45.73121" lon="10.87172">
        <ele>1331.64</ele>
      </trkpt>
      <trkpt lat="45.73123" lon="10.87177">
        <ele>1330.56</ele>
      </trkpt>
      <trkpt lat="45.73126" lon="10.87179">
        <ele>1330.92</ele>
      </trkpt>
      <trkpt lat="45.7313" lon="10.87181">
        <ele>1331.64</ele>
      </trkpt>
      <trkpt lat="45.73132" lon="10.87183">
        <ele>1331.64</ele>
      </trkpt>
      <trkpt lat="45.73134" lon="10.87187">
        <ele>1330.92</ele>
      </trkpt>
      <trkpt lat="45.73136" lon="10.8719">
        <ele>1330.56</ele>
      </trkpt>
      <trkpt lat="45.7314" lon="10.87193">
        <ele>1331.29</ele>
      </trkpt>
      <trkpt lat="45.73142" lon="10.87196">
        <ele>1331.58</ele>
      </trkpt>
      <trkpt lat="45.73145" lon="10.87197">
        <ele>1333.21</ele>
      </trkpt>
      <trkpt lat="45.73148" lon="10.87199">
        <ele>1334.38</ele>
      </trkpt>
      <trkpt lat="45.73151" lon="10.87199">
        <ele>1336.31</ele>
      </trkpt>
      <trkpt lat="45.73156" lon="10.872">
        <ele>1339.04</ele>
      </trkpt>
      <trkpt lat="45.73161" lon="10.872">
        <ele>1342.21</ele>
      </trkpt>
      <trkpt lat="45.73164" lon="10.87201">
        <ele>1343.56</ele>
      </trkpt>
      <trkpt lat="45.73167" lon="10.872">
        <ele>1345.9</ele>
      </trkpt>
      <trkpt lat="45.73171" lon="10.87202">
        <ele>1346.02</ele>
      </trkpt>
      <trkpt lat="45.73173" lon="10.87199">
        <ele>1348.31</ele>
      </trkpt>
      <trkpt lat="45.7318" lon="10.87199">
        <ele>1350.45</ele>
      </trkpt>
      <trkpt lat="45.73186" lon="10.87199">
        <ele>1352.29</ele>
      </trkpt>
      <trkpt lat="45.73193" lon="10.87199">
        <ele>1354.43</ele>
      </trkpt>
      <trkpt lat="45.73197" lon="10.872">
        <ele>1355.03</ele>
      </trkpt>
      <trkpt lat="45.73201" lon="10.872">
        <ele>1356.0</ele>
      </trkpt>
      <trkpt lat="45.73205" lon="10.872">
        <ele>1356.98</ele>
      </trkpt>
      <trkpt lat="45.73208" lon="10.87199">
        <ele>1358.12</ele>
      </trkpt>
      <trkpt lat="45.73211" lon="10.87199">
        <ele>1358.83</ele>
      </trkpt>
      <trkpt lat="45.73215" lon="10.87199">
        <ele>1359.79</ele>
      </trkpt>
      <trkpt lat="45.73223" lon="10.87199">
        <ele>1361.57</ele>
      </trkpt>
      <trkpt lat="45.73226" lon="10.87199">
        <ele>1361.73</ele>
      </trkpt>
      <trkpt lat="45.7323" lon="10.87199">
        <ele>1361.94</ele>
      </trkpt>
      <trkpt lat="45.73233" lon="10.872">
        <ele>1361.82</ele>
      </trkpt>
      <trkpt lat="45.73237" lon="10.87201">
        <ele>1361.78</ele>
      </trkpt>
      <trkpt lat="45.73241" lon="10.87203">
        <ele>1361.53</ele>
      </trkpt>
      <trkpt lat="45.73252" lon="10.87205">
        <ele>1361.54</ele>
      </trkpt>
      <trkpt lat="45.73255" lon="10.87206">
        <ele>1361.08</ele>
      </trkpt>
      <trkpt lat="45.7326" lon="10.87208">
        <ele>1360.33</ele>
      </trkpt>
      <trkpt lat="45.73264" lon="10.8721">
        <ele>1359.75</ele>
      </trkpt>
      <trkpt lat="45.7327" lon="10.87216">
        <ele>1358.7</ele>
      </trkpt>
      <trkpt lat="45.73272" lon="10.87217">
        <ele>1358.53</ele>
      </trkpt>
      <trkpt lat="45.73281" lon="10.87222">
        <ele>1357.79</ele>
      </trkpt>
      <trkpt lat="45.73284" lon="10.87224">
        <ele>1357.47</ele>
      </trkpt>
      <trkpt lat="45.73287" lon="10.87224">
        <ele>1357.25</ele>
      </trkpt>
      <trkpt lat="45.73291" lon="10.87225">
        <ele>1356.9</ele>
      </trkpt>
      <trkpt lat="45.73296" lon="10.87224">
        <ele>1356.58</ele>
      </trkpt>
      <trkpt lat="45.733" lon="10.87223">
        <ele>1356.35</ele>
      </trkpt>
      <trkpt lat="45.73303" lon="10.87218">
        <ele>1356.9</ele>
      </trkpt>
      <trkpt lat="45.73305" lon="10.87206">
        <ele>1358.92</ele>
      </trkpt>
      <trkpt lat="45.73307" lon="10.872">
        <ele>1360.02</ele>
      </trkpt>
      <trkpt lat="45.73309" lon="10.87196">
        <ele>1360.82</ele>
      </trkpt>
      <trkpt lat="45.7331" lon="10.87189">
        <ele>1363.68</ele>
      </trkpt>
      <trkpt lat="45.73312" lon="10.87185">
        <ele>1365.57</ele>
      </trkpt>
      <trkpt lat="45.73315" lon="10.87174">
        <ele>1370.66</ele>
      </trkpt>
      <trkpt lat="45.73317" lon="10.8717">
        <ele>1372.49</ele>
      </trkpt>
      <trkpt lat="45.73319" lon="10.87167">
        <ele>1373.85</ele>
      </trkpt>
      <trkpt lat="45.73321" lon="10.87165">
        <ele>1375.03</ele>
      </trkpt>
      <trkpt lat="45.73326" lon="10.87162">
        <ele>1376.94</ele>
      </trkpt>
      <trkpt lat="45.73329" lon="10.8716">
        <ele>1378.25</ele>
      </trkpt>
      <trkpt lat="45.73337" lon="10.87156">
        <ele>1380.71</ele>
      </trkpt>
      <trkpt lat="45.73344" lon="10.87151">
        <ele>1383.29</ele>
      </trkpt>
      <trkpt lat="45.73354" lon="10.87147">
        <ele>1384.64</ele>
      </trkpt>
      <trkpt lat="45.73363" lon="10.87143">
        <ele>1386.04</ele>
      </trkpt>
      <trkpt lat="45.73371" lon="10.87141">
        <ele>1387.59</ele>
      </trkpt>
      <trkpt lat="45.73375" lon="10.87139">
        <ele>1388.94</ele>
      </trkpt>
      <trkpt lat="45.73381" lon="10.87138">
        <ele>1389.96</ele>
      </trkpt>
      <trkpt lat="45.73384" lon="10.87138">
        <ele>1390.18</ele>
      </trkpt>
      <trkpt lat="45.73387" lon="10.87138">
        <ele>1390.4</ele>
      </trkpt>
      <trkpt lat="45.73391" lon="10.87139">
        <ele>1390.01</ele>
      </trkpt>
      <trkpt lat="45.73393" lon="10.87141">
        <ele>1388.98</ele>
      </trkpt>
      <trkpt lat="45.734" lon="10.87147">
        <ele>1386.2</ele>
      </trkpt>
      <trkpt lat="45.73408" lon="10.87154">
        <ele>1383.48</ele>
      </trkpt>
      <trkpt lat="45.7341" lon="10.87156">
        <ele>1382.78</ele>
      </trkpt>
      <trkpt lat="45.73417" lon="10.8716">
        <ele>1381.92</ele>
      </trkpt>
      <trkpt lat="45.73422" lon="10.87164">
        <ele>1380.73</ele>
      </trkpt>
      <trkpt lat="45.73425" lon="10.87167">
        <ele>1379.8</ele>
      </trkpt>
      <trkpt lat="45.73428" lon="10.8717">
        <ele>1379.22</ele>
      </trkpt>
      <trkpt lat="45.7343" lon="10.87174">
        <ele>1378.2</ele>
      </trkpt>
      <trkpt lat="45.73433" lon="10.87179">
        <ele>1376.95</ele>
      </trkpt>
      <trkpt lat="45.73435" lon="10.87183">
        <ele>1375.89</ele>
      </trkpt>
      <trkpt lat="45.73439" lon="10.87185">
        <ele>1375.6</ele>
      </trkpt>
      <trkpt lat="45.73442" lon="10.87188">
        <ele>1374.89</ele>
      </trkpt>
      <trkpt lat="45.73445" lon="10.87193">
        <ele>1373.66</ele>
      </trkpt>
      <trkpt lat="45.7345" lon="10.87209">
        <ele>1372.17</ele>
      </trkpt>
      <trkpt lat="45.73452" lon="10.87221">
        <ele>1370.08</ele>
      </trkpt>
      <trkpt lat="45.73453" lon="10.87225">
        <ele>1369.46</ele>
      </trkpt>
      <trkpt lat="45.73455" lon="10.87238">
        <ele>1367.44</ele>
      </trkpt>
      <trkpt lat="45.73456" lon="10.87249">
        <ele>1365.59</ele>
      </trkpt>
      <trkpt lat="45.73457" lon="10.87258">
        <ele>1365.32</ele>
      </trkpt>
      <trkpt lat="45.73459" lon="10.87263">
        <ele>1365.28</ele>
      </trkpt>
      <trkpt lat="45.73461" lon="10.8727">
        <ele>1365.17</ele>
      </trkpt>
      <trkpt lat="45.73462" lon="10.87276">
        <ele>1365.04</ele>
      </trkpt>
      <trkpt lat="45.73465" lon="10.8728">
        <ele>1364.94</ele>
      </trkpt>
      <trkpt lat="45.73468" lon="10.87281">
        <ele>1364.9</ele>
      </trkpt>
      <trkpt lat="45.73471" lon="10.87282">
        <ele>1364.85</ele>
      </trkpt>
      <trkpt lat="45.73474" lon="10.87282">
        <ele>1365.16</ele>
      </trkpt>
      <trkpt lat="45.7348" lon="10.8728">
        <ele>1366.3</ele>
      </trkpt>
      <trkpt lat="45.73487" lon="10.87279">
        <ele>1367.59</ele>
      </trkpt>
      <trkpt lat="45.7349" lon="10.87279">
        <ele>1368.13</ele>
      </trkpt>
      <trkpt lat="45.73494" lon="10.87279">
        <ele>1368.84</ele>
      </trkpt>
      <trkpt lat="45.73499" lon="10.87281">
        <ele>1369.59</ele>
      </trkpt>
      <trkpt lat="45.73503" lon="10.87284">
        <ele>1369.64</ele>
      </trkpt>
      <trkpt lat="45.73509" lon="10.87288">
        <ele>1369.47</ele>
      </trkpt>
      <trkpt lat="45.73512" lon="10.87291">
        <ele>1369.27</ele>
      </trkpt>
      <trkpt lat="45.73517" lon="10.87296">
        <ele>1368.9</ele>
      </trkpt>
      <trkpt lat="45.73521" lon="10.873">
        <ele>1368.55</ele>
      </trkpt>
      <trkpt lat="45.73524" lon="10.87304">
        <ele>1368.16</ele>
      </trkpt>
      <trkpt lat="45.73528" lon="10.87309">
        <ele>1368.01</ele>
      </trkpt>
      <trkpt lat="45.73531" lon="10.87311">
        <ele>1368.07</ele>
      </trkpt>
      <trkpt lat="45.73535" lon="10.87311">
        <ele>1368.16</ele>
      </trkpt>
      <trkpt lat="45.73539" lon="10.87311">
        <ele>1368.25</ele>
      </trkpt>
      <trkpt lat="45.73546" lon="10.8731">
        <ele>1368.45</ele>
      </trkpt>
      <trkpt lat="45.73553" lon="10.87306">
        <ele>1368.88</ele>
      </trkpt>
      <trkpt lat="45.73556" lon="10.87303">
        <ele>1369.26</ele>
      </trkpt>
      <trkpt lat="45.73559" lon="10.873">
        <ele>1369.4</ele>
      </trkpt>
      <trkpt lat="45.73563" lon="10.87297">
        <ele>1369.41</ele>
      </trkpt>
      <trkpt lat="45.73572" lon="10.87287">
        <ele>1369.23</ele>
      </trkpt>
      <trkpt lat="45.73577" lon="10.8728">
        <ele>1368.86</ele>
      </trkpt>
      <trkpt lat="45.7358" lon="10.87276">
        <ele>1368.74</ele>
      </trkpt>
      <trkpt lat="45.73585" lon="10.87271">
        <ele>1368.62</ele>
      </trkpt>
      <trkpt lat="45.73589" lon="10.87266">
        <ele>1368.47</ele>
      </trkpt>
      <trkpt lat="45.73595" lon="10.87257">
        <ele>1368.47</ele>
      </trkpt>
      <trkpt lat="45.73601" lon="10.87248">
        <ele>1368.66</ele>
      </trkpt>
      <trkpt lat="45.73603" lon="10.87246">
        <ele>1368.72</ele>
      </trkpt>
      <trkpt lat="45.73606" lon="10.87243">
        <ele>1368.82</ele>
      </trkpt>
      <trkpt lat="45.73609" lon="10.87241">
        <ele>1368.7</ele>
      </trkpt>
      <trkpt lat="45.73614" lon="10.87237">
        <ele>1369.12</ele>
      </trkpt>
      <trkpt lat="45.73616" lon="10.87235">
        <ele>1369.52</ele>
      </trkpt>
      <trkpt lat="45.73619" lon="10.87233">
        <ele>1369.89</ele>
      </trkpt>
      <trkpt lat="45.73624" lon="10.87232">
        <ele>1369.91</ele>
      </trkpt>
      <trkpt lat="45.73629" lon="10.87232">
        <ele>1369.67</ele>
      </trkpt>
      <trkpt lat="45.73639" lon="10.8723">
        <ele>1369.76</ele>
      </trkpt>
      <trkpt lat="45.73645" lon="10.87229">
        <ele>1370.1</ele>
      </trkpt>
      <trkpt lat="45.73651" lon="10.87228">
        <ele>1370.43</ele>
      </trkpt>
      <trkpt lat="45.73659" lon="10.87225">
        <ele>1371.27</ele>
      </trkpt>
      <trkpt lat="45.73661" lon="10.87223">
        <ele>1371.8</ele>
      </trkpt>
      <trkpt lat="45.73667" lon="10.87221">
        <ele>1372.38</ele>
      </trkpt>
      <trkpt lat="45.73676" lon="10.8722">
        <ele>1372.3</ele>
      </trkpt>
      <trkpt lat="45.73682" lon="10.87219">
        <ele>1372.3</ele>
      </trkpt>
      <trkpt lat="45.73686" lon="10.87219">
        <ele>1372.11</ele>
      </trkpt>
      <trkpt lat="45.7369" lon="10.87219">
        <ele>1371.91</ele>
      </trkpt>
      <trkpt lat="45.73694" lon="10.87218">
        <ele>1371.94</ele>
      </trkpt>
      <trkpt lat="45.73701" lon="10.87218">
        <ele>1370.97</ele>
      </trkpt>
      <trkpt lat="45.73704" lon="10.87218">
        <ele>1370.54</ele>
      </trkpt>
      <trkpt lat="45.73707" lon="10.87217">
        <ele>1370.32</ele>
      </trkpt>
      <trkpt lat="45.73714" lon="10.87216">
        <ele>1369.53</ele>
      </trkpt>
      <trkpt lat="45.73718" lon="10.87214">
        <ele>1369.38</ele>
      </trkpt>
      <trkpt lat="45.73727" lon="10.87211">
        <ele>1368.81</ele>
      </trkpt>
      <trkpt lat="45.73732" lon="10.87207">
        <ele>1369.07</ele>
      </trkpt>
      <trkpt lat="45.73741" lon="10.87202">
        <ele>1369.16</ele>
      </trkpt>
      <trkpt lat="45.73751" lon="10.87198">
        <ele>1368.99</ele>
      </trkpt>
      <trkpt lat="45.73753" lon="10.87196">
        <ele>1369.28</ele>
      </trkpt>
      <trkpt lat="45.73757" lon="10.87195">
        <ele>1369.1</ele>
      </trkpt>
      <trkpt lat="45.7376" lon="10.87193">
        <ele>1369.42</ele>
      </trkpt>
      <trkpt lat="45.73764" lon="10.87191">
        <ele>1369.67</ele>
      </trkpt>
      <trkpt lat="45.73769" lon="10.87189">
        <ele>1369.77</ele>
      </trkpt>
      <trkpt lat="45.73772" lon="10.87187">
        <ele>1370.09</ele>
      </trkpt>
      <trkpt lat="45.73774" lon="10.87185">
        <ele>1370.51</ele>
      </trkpt>
      <trkpt lat="45.73779" lon="10.87181">
        <ele>1371.25</ele>
      </trkpt>
      <trkpt lat="45.73783" lon="10.87177">
        <ele>1372.16</ele>
      </trkpt>
      <trkpt lat="45.73787" lon="10.87174">
        <ele>1372.72</ele>
      </trkpt>
      <trkpt lat="45.73789" lon="10.87172">
        <ele>1373.14</ele>
      </trkpt>
      <trkpt lat="45.73793" lon="10.8717">
        <ele>1373.34</ele>
      </trkpt>
      <trkpt lat="45.73799" lon="10.87162">
        <ele>1375.43</ele>
      </trkpt>
      <trkpt lat="45.73807" lon="10.87157">
        <ele>1376.13</ele>
      </trkpt>
      <trkpt lat="45.73812" lon="10.87154">
        <ele>1375.96</ele>
      </trkpt>
      <trkpt lat="45.73815" lon="10.87152">
        <ele>1375.88</ele>
      </trkpt>
      <trkpt lat="45.73818" lon="10.8715">
        <ele>1375.77</ele>
      </trkpt>
      <trkpt lat="45.73826" lon="10.87146">
        <ele>1374.93</ele>
      </trkpt>
      <trkpt lat="45.73833" lon="10.8714">
        <ele>1374.78</ele>
      </trkpt>
      <trkpt lat="45.73836" lon="10.87136">
        <ele>1375.78</ele>
      </trkpt>
      <trkpt lat="45.7384" lon="10.87134">
        <ele>1375.88</ele>
      </trkpt>
      <trkpt lat="45.73843" lon="10.87132">
        <ele>1375.99</ele>
      </trkpt>
      <trkpt lat="45.73846" lon="10.8713">
        <ele>1375.98</ele>
      </trkpt>
      <trkpt lat="45.7385" lon="10.87127">
        <ele>1375.85</ele>
      </trkpt>
      <trkpt lat="45.73853" lon="10.87126">
        <ele>1375.35</ele>
      </trkpt>
      <trkpt lat="45.73855" lon="10.87124">
        <ele>1375.21</ele>
      </trkpt>
      <trkpt lat="45.73859" lon="10.87119">
        <ele>1374.81</ele>
      </trkpt>
      <trkpt lat="45.73862" lon="10.87116">
        <ele>1374.57</ele>
      </trkpt>
      <trkpt lat="45.73865" lon="10.87114">
        <ele>1375.12</ele>
      </trkpt>
      <trkpt lat="45.73867" lon="10.87111">
        <ele>1375.67</ele>
      </trkpt>
      <trkpt lat="45.73871" lon="10.8711">
        <ele>1376.39</ele>
      </trkpt>
      <trkpt lat="45.73876" lon="10.8711">
        <ele>1376.9</ele>
      </trkpt>
      <trkpt lat="45.7388" lon="10.87109">
        <ele>1377.57</ele>
      </trkpt>
      <trkpt lat="45.73884" lon="10.87109">
        <ele>1377.97</ele>
      </trkpt>
      <trkpt lat="45.73888" lon="10.87117">
        <ele>1377.47</ele>
      </trkpt>
      <trkpt lat="45.7389" lon="10.87126">
        <ele>1377.41</ele>
      </trkpt>
      <trkpt lat="45.73893" lon="10.87135">
        <ele>1377.95</ele>
      </trkpt>
      <trkpt lat="45.73896" lon="10.8714">
        <ele>1378.7</ele>
      </trkpt>
      <trkpt lat="45.739" lon="10.87144">
        <ele>1379.85</ele>
      </trkpt>
      <trkpt lat="45.73902" lon="10.87153">
        <ele>1379.67</ele>
      </trkpt>
      <trkpt lat="45.73904" lon="10.87156">
        <ele>1380.14</ele>
      </trkpt>
      <trkpt lat="45.73907" lon="10.87161">
        <ele>1380.78</ele>
      </trkpt>
      <trkpt lat="45.7391" lon="10.87168">
        <ele>1381.11</ele>
      </trkpt>
      <trkpt lat="45.73914" lon="10.87181">
        <ele>1380.31</ele>
      </trkpt>
      <trkpt lat="45.73919" lon="10.87192">
        <ele>1380.46</ele>
      </trkpt>
      <trkpt lat="45.73922" lon="10.87196">
        <ele>1380.91</ele>
      </trkpt>
      <trkpt lat="45.73925" lon="10.87197">
        <ele>1381.91</ele>
      </trkpt>
      <trkpt lat="45.73929" lon="10.87198">
        <ele>1383.28</ele>
      </trkpt>
      <trkpt lat="45.73934" lon="10.87199">
        <ele>1384.99</ele>
      </trkpt>
      <trkpt lat="45.73937" lon="10.87202">
        <ele>1385.16</ele>
      </trkpt>
      <trkpt lat="45.73938" lon="10.87208">
        <ele>1383.41</ele>
      </trkpt>
      <trkpt lat="45.73942" lon="10.87215">
        <ele>1382.13</ele>
      </trkpt>
      <trkpt lat="45.73946" lon="10.87224">
        <ele>1379.82</ele>
      </trkpt>
      <trkpt lat="45.73948" lon="10.87227">
        <ele>1379.37</ele>
      </trkpt>
      <trkpt lat="45.73954" lon="10.87236">
        <ele>1377.55</ele>
      </trkpt>
      <trkpt lat="45.73957" lon="10.87238">
        <ele>1377.12</ele>
      </trkpt>
      <trkpt lat="45.7396" lon="10.87242">
        <ele>1375.97</ele>
      </trkpt>
      <trkpt lat="45.73964" lon="10.87243">
        <ele>1375.7</ele>
      </trkpt>
      <trkpt lat="45.73971" lon="10.87244">
        <ele>1375.37</ele>
      </trkpt>
      <trkpt lat="45.73975" lon="10.87244">
        <ele>1376.05</ele>
      </trkpt>
      <trkpt lat="45.73978" lon="10.87244">
        <ele>1376.79</ele>
      </trkpt>
      <trkpt lat="45.73982" lon="10.87245">
        <ele>1377.38</ele>
      </trkpt>
      <trkpt lat="45.73986" lon="10.87247">
        <ele>1377.61</ele>
      </trkpt>
      <trkpt lat="45.73995" lon="10.87251">
        <ele>1378.53</ele>
      </trkpt>
      <trkpt lat="45.73998" lon="10.87252">
        <ele>1379.07</ele>
      </trkpt>
      <trkpt lat="45.74002" lon="10.87255">
        <ele>1379.34</ele>
      </trkpt>
      <trkpt lat="45.74005" lon="10.87257">
        <ele>1379.52</ele>
      </trkpt>
      <trkpt lat="45.74011" lon="10.8726">
        <ele>1380.07</ele>
      </trkpt>
      <trkpt lat="45.74017" lon="10.87263">
        <ele>1380.58</ele>
      </trkpt>
      <trkpt lat="45.7402" lon="10.87265">
        <ele>1380.69</ele>
      </trkpt>
      <trkpt lat="45.74024" lon="10.87267">
        <ele>1380.98</ele>
      </trkpt>
      <trkpt lat="45.7403" lon="10.87269">
        <ele>1381.83</ele>
      </trkpt>
      <trkpt lat="45.74036" lon="10.87275">
        <ele>1382.04</ele>
      </trkpt>
      <trkpt lat="45.74039" lon="10.87277">
        <ele>1382.42</ele>
      </trkpt>
      <trkpt lat="45.74044" lon="10.87282">
        <ele>1383.06</ele>
      </trkpt>
      <trkpt lat="45.74051" lon="10.87284">
        <ele>1384.79</ele>
      </trkpt>
      <trkpt lat="45.74062" lon="10.87292">
        <ele>1387.5</ele>
      </trkpt>
      <trkpt lat="45.74069" lon="10.87295">
        <ele>1389.73</ele>
      </trkpt>
      <trkpt lat="45.74073" lon="10.87297">
        <ele>1390.9</ele>
      </trkpt>
      <trkpt lat="45.74083" lon="10.873">
        <ele>1394.08</ele>
      </trkpt>
      <trkpt lat="45.74088" lon="10.87303">
        <ele>1395.77</ele>
      </trkpt>
      <trkpt lat="45.74092" lon="10.87306">
        <ele>1396.97</ele>
      </trkpt>
      <trkpt lat="45.74095" lon="10.8731">
        <ele>1397.48</ele>
      </trkpt>
      <trkpt lat="45.74098" lon="10.87314">
        <ele>1397.85</ele>
      </trkpt>
      <trkpt lat="45.74103" lon="10.87322">
        <ele>1397.74</ele>
      </trkpt>
      <trkpt lat="45.74107" lon="10.87329">
        <ele>1397.1</ele>
      </trkpt>
      <trkpt lat="45.7411" lon="10.87336">
        <ele>1396.12</ele>
      </trkpt>
      <trkpt lat="45.74113" lon="10.87349">
        <ele>1394.4</ele>
      </trkpt>
      <trkpt lat="45.74114" lon="10.87354">
        <ele>1393.76</ele>
      </trkpt>
      <trkpt lat="45.74117" lon="10.87359">
        <ele>1393.98</ele>
      </trkpt>
      <trkpt lat="45.7412" lon="10.87363">
        <ele>1394.57</ele>
      </trkpt>
      <trkpt lat="45.74122" lon="10.87366">
        <ele>1394.97</ele>
      </trkpt>
      <trkpt lat="45.74126" lon="10.8737">
        <ele>1395.96</ele>
      </trkpt>
      <trkpt lat="45.7413" lon="10.87373">
        <ele>1397.0</ele>
      </trkpt>
      <trkpt lat="45.74136" lon="10.87376">
        <ele>1398.7</ele>
      </trkpt>
      <trkpt lat="45.74141" lon="10.8738">
        <ele>1399.32</ele>
      </trkpt>
      <trkpt lat="45.74144" lon="10.87383">
        <ele>1399.23</ele>
      </trkpt>
      <trkpt lat="45.74147" lon="10.87386">
        <ele>1399.11</ele>
      </trkpt>
      <trkpt lat="45.74152" lon="10.8739">
        <ele>1399.06</ele>
      </trkpt>
      <trkpt lat="45.74158" lon="10.87392">
        <ele>1399.54</ele>
      </trkpt>
      <trkpt lat="45.74164" lon="10.87393">
        <ele>1400.23</ele>
      </trkpt>
      <trkpt lat="45.74168" lon="10.87394">
        <ele>1400.37</ele>
      </trkpt>
      <trkpt lat="45.74172" lon="10.87395">
        <ele>1400.15</ele>
      </trkpt>
      <trkpt lat="45.74176" lon="10.87395">
        <ele>1400.24</ele>
      </trkpt>
      <trkpt lat="45.74176" lon="10.87395">
        <ele>1400.24</ele>
      </trkpt>
      <trkpt lat="45.74177" lon="10.87395">
        <ele>1400.27</ele>
      </trkpt>
      <trkpt lat="45.74181" lon="10.87395">
        <ele>1400.36</ele>
      </trkpt>
      <trkpt lat="45.74195" lon="10.87391">
        <ele>1401.51</ele>
      </trkpt>
      <trkpt lat="45.7421" lon="10.87391">
        <ele>1400.47</ele>
      </trkpt>
      <trkpt lat="45.74224" lon="10.87394">
        <ele>1398.84</ele>
      </trkpt>
      <trkpt lat="45.7425" lon="10.87401">
        <ele>1394.26</ele>
      </trkpt>
      <trkpt lat="45.7425" lon="10.87401">
        <ele>1394.26</ele>
      </trkpt>
      <trkpt lat="45.74277" lon="10.87407">
        <ele>1392.42</ele>
      </trkpt>
      <trkpt lat="45.74315" lon="10.87411">
        <ele>1392.7</ele>
      </trkpt>
      <trkpt lat="45.74315" lon="10.87413">
        <ele>1392.34</ele>
      </trkpt>
      <trkpt lat="45.74315" lon="10.87413">
        <ele>1392.34</ele>
      </trkpt>
      <trkpt lat="45.74316" lon="10.87413">
        <ele>1392.41</ele>
      </trkpt>
      <trkpt lat="45.74319" lon="10.87413">
        <ele>1392.63</ele>
      </trkpt>
      <trkpt lat="45.74325" lon="10.87412">
        <ele>1393.24</ele>
      </trkpt>
      <trkpt lat="45.74328" lon="10.87412">
        <ele>1393.46</ele>
      </trkpt>
      <trkpt lat="45.74331" lon="10.87412">
        <ele>1393.67</ele>
      </trkpt>
      <trkpt lat="45.74334" lon="10.87412">
        <ele>1393.86</ele>
      </trkpt>
      <trkpt lat="45.74339" lon="10.87413">
        <ele>1393.86</ele>
      </trkpt>
      <trkpt lat="45.74343" lon="10.87414">
        <ele>1393.83</ele>
      </trkpt>
      <trkpt lat="45.74349" lon="10.87416">
        <ele>1393.68</ele>
      </trkpt>
      <trkpt lat="45.74352" lon="10.87418">
        <ele>1393.3</ele>
      </trkpt>
      <trkpt lat="45.74358" lon="10.87419">
        <ele>1393.23</ele>
      </trkpt>
      <trkpt lat="45.74367" lon="10.8742">
        <ele>1393.12</ele>
      </trkpt>
      <trkpt lat="45.74373" lon="10.8742">
        <ele>1393.21</ele>
      </trkpt>
      <trkpt lat="45.74381" lon="10.87421">
        <ele>1392.91</ele>
      </trkpt>
      <trkpt lat="45.74386" lon="10.87422">
        <ele>1392.5</ele>
      </trkpt>
      <trkpt lat="45.74393" lon="10.87423">
        <ele>1391.91</ele>
      </trkpt>
      <trkpt lat="45.744" lon="10.87423">
        <ele>1391.69</ele>
      </trkpt>
      <trkpt lat="45.74403" lon="10.87424">
        <ele>1391.22</ele>
      </trkpt>
      <trkpt lat="45.74406" lon="10.87424">
        <ele>1391.15</ele>
      </trkpt>
      <trkpt lat="45.7441" lon="10.87424">
        <ele>1391.05</ele>
      </trkpt>
      <trkpt lat="45.74414" lon="10.87423">
        <ele>1391.26</ele>
      </trkpt>
      <trkpt lat="45.74417" lon="10.87423">
        <ele>1391.13</ele>
      </trkpt>
      <trkpt lat="45.74422" lon="10.87421">
        <ele>1391.12</ele>
      </trkpt>
      <trkpt lat="45.74425" lon="10.8742">
        <ele>1391.07</ele>
      </trkpt>
      <trkpt lat="45.74429" lon="10.87417">
        <ele>1391.56</ele>
      </trkpt>
      <trkpt lat="45.74432" lon="10.87413">
        <ele>1392.84</ele>
      </trkpt>
      <trkpt lat="45.74435" lon="10.87411">
        <ele>1393.27</ele>
      </trkpt>
      <trkpt lat="45.74441" lon="10.8741">
        <ele>1392.86</ele>
      </trkpt>
      <trkpt lat="45.74452" lon="10.87408">
        <ele>1391.59</ele>
      </trkpt>
      <trkpt lat="45.74462" lon="10.87407">
        <ele>1389.88</ele>
      </trkpt>
      <trkpt lat="45.74472" lon="10.87406">
        <ele>1388.12</ele>
      </trkpt>
      <trkpt lat="45.74476" lon="10.87405">
        <ele>1387.0</ele>
      </trkpt>
      <trkpt lat="45.74479" lon="10.87404">
        <ele>1386.21</ele>
      </trkpt>
      <trkpt lat="45.74488" lon="10.87402">
        <ele>1383.54</ele>
      </trkpt>
      <trkpt lat="45.74492" lon="10.87399">
        <ele>1382.97</ele>
      </trkpt>
      <trkpt lat="45.74495" lon="10.87396">
        <ele>1382.75</ele>
      </trkpt>
      <trkpt lat="45.74499" lon="10.87394">
        <ele>1381.89</ele>
      </trkpt>
      <trkpt lat="45.74502" lon="10.87392">
        <ele>1381.52</ele>
      </trkpt>
      <trkpt lat="45.74505" lon="10.87389">
        <ele>1381.53</ele>
      </trkpt>
      <trkpt lat="45.74508" lon="10.87387">
        <ele>1381.1</ele>
      </trkpt>
      <trkpt lat="45.74511" lon="10.87382">
        <ele>1381.32</ele>
      </trkpt>
      <trkpt lat="45.74515" lon="10.87373">
        <ele>1382.11</ele>
      </trkpt>
      <trkpt lat="45.7452" lon="10.87367">
        <ele>1381.97</ele>
      </trkpt>
      <trkpt lat="45.74528" lon="10.87361">
        <ele>1380.99</ele>
      </trkpt>
      <trkpt lat="45.74533" lon="10.87357">
        <ele>1381.24</ele>
      </trkpt>
      <trkpt lat="45.74537" lon="10.87354">
        <ele>1381.39</ele>
      </trkpt>
      <trkpt lat="45.7454" lon="10.87351">
        <ele>1381.71</ele>
      </trkpt>
      <trkpt lat="45.74542" lon="10.87348">
        <ele>1382.22</ele>
      </trkpt>
      <trkpt lat="45.74545" lon="10.87345">
        <ele>1382.54</ele>
      </trkpt>
      <trkpt lat="45.74549" lon="10.87343">
        <ele>1382.4</ele>
      </trkpt>
      <trkpt lat="45.74554" lon="10.87342">
        <ele>1381.78</ele>
      </trkpt>
      <trkpt lat="45.74562" lon="10.87342">
        <ele>1381.5</ele>
      </trkpt>
      <trkpt lat="45.74565" lon="10.87342">
        <ele>1381.5</ele>
      </trkpt>
      <trkpt lat="45.74574" lon="10.87348">
        <ele>1379.78</ele>
      </trkpt>
      <trkpt lat="45.74577" lon="10.87351">
        <ele>1378.91</ele>
      </trkpt>
      <trkpt lat="45.74581" lon="10.87359">
        <ele>1376.61</ele>
      </trkpt>
      <trkpt lat="45.74583" lon="10.87361">
        <ele>1376.03</ele>
      </trkpt>
      <trkpt lat="45.74587" lon="10.87366">
        <ele>1375.49</ele>
      </trkpt>
      <trkpt lat="45.74591" lon="10.87374">
        <ele>1374.09</ele>
      </trkpt>
      <trkpt lat="45.74597" lon="10.87384">
        <ele>1372.45</ele>
      </trkpt>
      <trkpt lat="45.74606" lon="10.87393">
        <ele>1371.59</ele>
      </trkpt>
      <trkpt lat="45.74609" lon="10.87397">
        <ele>1370.94</ele>
      </trkpt>
      <trkpt lat="45.74615" lon="10.87403">
        <ele>1369.85</ele>
      </trkpt>
      <trkpt lat="45.7462" lon="10.87404">
        <ele>1370.12</ele>
      </trkpt>
      <trkpt lat="45.74623" lon="10.87403">
        <ele>1370.73</ele>
      </trkpt>
      <trkpt lat="45.74625" lon="10.87401">
        <ele>1371.45</ele>
      </trkpt>
      <trkpt lat="45.74629" lon="10.87399">
        <ele>1372.31</ele>
      </trkpt>
      <trkpt lat="45.74633" lon="10.87396">
        <ele>1373.29</ele>
      </trkpt>
      <trkpt lat="45.7464" lon="10.8739">
        <ele>1375.0</ele>
      </trkpt>
      <trkpt lat="45.74647" lon="10.87386">
        <ele>1377.29</ele>
      </trkpt>
      <trkpt lat="45.7465" lon="10.87384">
        <ele>1378.41</ele>
      </trkpt>
      <trkpt lat="45.74655" lon="10.87384">
        <ele>1379.31</ele>
      </trkpt>
      <trkpt lat="45.74661" lon="10.87384">
        <ele>1380.39</ele>
      </trkpt>
      <trkpt lat="45.74664" lon="10.87384">
        <ele>1380.93</ele>
      </trkpt>
      <trkpt lat="45.74666" lon="10.87387">
        <ele>1380.42</ele>
      </trkpt>
      <trkpt lat="45.74668" lon="10.87393">
        <ele>1379.37</ele>
      </trkpt>
      <trkpt lat="45.7467" lon="10.87401">
        <ele>1378.09</ele>
      </trkpt>
      <trkpt lat="45.74671" lon="10.87409">
        <ele>1376.66</ele>
      </trkpt>
      <trkpt lat="45.74675" lon="10.87422">
        <ele>1375.75</ele>
      </trkpt>
      <trkpt lat="45.74677" lon="10.87428">
        <ele>1375.99</ele>
      </trkpt>
      <trkpt lat="45.74678" lon="10.87439">
        <ele>1375.76</ele>
      </trkpt>
      <trkpt lat="45.74681" lon="10.87448">
        <ele>1376.55</ele>
      </trkpt>
      <trkpt lat="45.74682" lon="10.87453">
        <ele>1376.8</ele>
      </trkpt>
      <trkpt lat="45.74684" lon="10.87457">
        <ele>1377.52</ele>
      </trkpt>
      <trkpt lat="45.74685" lon="10.87461">
        <ele>1377.85</ele>
      </trkpt>
      <trkpt lat="45.74686" lon="10.87465">
        <ele>1378.21</ele>
      </trkpt>
      <trkpt lat="45.74688" lon="10.8747">
        <ele>1379.02</ele>
      </trkpt>
      <trkpt lat="45.74693" lon="10.87475">
        <ele>1381.31</ele>
      </trkpt>
      <trkpt lat="45.74695" lon="10.87478">
        <ele>1382.28</ele>
      </trkpt>
      <trkpt lat="45.74697" lon="10.87483">
        <ele>1383.25</ele>
      </trkpt>
      <trkpt lat="45.74699" lon="10.87487">
        <ele>1384.21</ele>
      </trkpt>
      <trkpt lat="45.74704" lon="10.87492">
        <ele>1386.57</ele>
      </trkpt>
      <trkpt lat="45.74706" lon="10.87497">
        <ele>1387.45</ele>
      </trkpt>
      <trkpt lat="45.74708" lon="10.87502">
        <ele>1388.13</ele>
      </trkpt>
      <trkpt lat="45.74713" lon="10.87508">
        <ele>1389.63</ele>
      </trkpt>
      <trkpt lat="45.74718" lon="10.87511">
        <ele>1391.28</ele>
      </trkpt>
      <trkpt lat="45.74721" lon="10.87515">
        <ele>1391.82</ele>
      </trkpt>
      <trkpt lat="45.74725" lon="10.8752">
        <ele>1391.93</ele>
      </trkpt>
      <trkpt lat="45.7473" lon="10.87529">
        <ele>1391.09</ele>
      </trkpt>
      <trkpt lat="45.74734" lon="10.87535">
        <ele>1390.3</ele>
      </trkpt>
      <trkpt lat="45.74738" lon="10.87536">
        <ele>1390.77</ele>
      </trkpt>
      <trkpt lat="45.74748" lon="10.87537">
        <ele>1392.32</ele>
      </trkpt>
      <trkpt lat="45.74752" lon="10.87538">
        <ele>1392.97</ele>
      </trkpt>
      <trkpt lat="45.74758" lon="10.8754">
        <ele>1394.1</ele>
      </trkpt>
      <trkpt lat="45.74761" lon="10.87541">
        <ele>1394.65</ele>
      </trkpt>
      <trkpt lat="45.74765" lon="10.87542">
        <ele>1395.46</ele>
      </trkpt>
      <trkpt lat="45.74768" lon="10.87543">
        <ele>1395.99</ele>
      </trkpt>
      <trkpt lat="45.74773" lon="10.87544">
        <ele>1397.05</ele>
      </trkpt>
      <trkpt lat="45.7478" lon="10.87546">
        <ele>1398.34</ele>
      </trkpt>
      <trkpt lat="45.74784" lon="10.87548">
        <ele>1398.8</ele>
      </trkpt>
      <trkpt lat="45.74787" lon="10.87552">
        <ele>1398.39</ele>
      </trkpt>
      <trkpt lat="45.74789" lon="10.87555">
        <ele>1398.0</ele>
      </trkpt>
      <trkpt lat="45.74794" lon="10.87557">
        <ele>1398.4</ele>
      </trkpt>
      <trkpt lat="45.74797" lon="10.87558">
        <ele>1398.67</ele>
      </trkpt>
      <trkpt lat="45.748" lon="10.87559">
        <ele>1398.91</ele>
      </trkpt>
      <trkpt lat="45.74804" lon="10.8756">
        <ele>1399.39</ele>
      </trkpt>
      <trkpt lat="45.74807" lon="10.8756">
        <ele>1399.57</ele>
      </trkpt>
      <trkpt lat="45.74814" lon="10.8756">
        <ele>1398.65</ele>
      </trkpt>
      <trkpt lat="45.74819" lon="10.87561">
        <ele>1397.42</ele>
      </trkpt>
      <trkpt lat="45.74823" lon="10.8756">
        <ele>1397.47</ele>
      </trkpt>
      <trkpt lat="45.74826" lon="10.8756">
        <ele>1397.08</ele>
      </trkpt>
      <trkpt lat="45.74829" lon="10.8756">
        <ele>1396.69</ele>
      </trkpt>
      <trkpt lat="45.74835" lon="10.87558">
        <ele>1396.68</ele>
      </trkpt>
      <trkpt lat="45.74838" lon="10.87556">
        <ele>1396.55</ele>
      </trkpt>
      <trkpt lat="45.74841" lon="10.87555">
        <ele>1395.63</ele>
      </trkpt>
      <trkpt lat="45.74845" lon="10.87554">
        <ele>1394.19</ele>
      </trkpt>
      <trkpt lat="45.74848" lon="10.87552">
        <ele>1393.69</ele>
      </trkpt>
      <trkpt lat="45.74854" lon="10.8755">
        <ele>1391.92</ele>
      </trkpt>
      <trkpt lat="45.74864" lon="10.87544">
        <ele>1390.88</ele>
      </trkpt>
      <trkpt lat="45.74873" lon="10.87538">
        <ele>1390.5</ele>
      </trkpt>
      <trkpt lat="45.74882" lon="10.87532">
        <ele>1389.42</ele>
      </trkpt>
      <trkpt lat="45.74888" lon="10.87529">
        <ele>1387.98</ele>
      </trkpt>
      <trkpt lat="45.74893" lon="10.87525">
        <ele>1387.11</ele>
      </trkpt>
      <trkpt lat="45.74897" lon="10.8752">
        <ele>1387.19</ele>
      </trkpt>
      <trkpt lat="45.749" lon="10.87516">
        <ele>1387.32</ele>
      </trkpt>
      <trkpt lat="45.74902" lon="10.87512">
        <ele>1387.94</ele>
      </trkpt>
      <trkpt lat="45.74904" lon="10.8751">
        <ele>1387.72</ele>
      </trkpt>
      <trkpt lat="45.74907" lon="10.87505">
        <ele>1388.18</ele>
      </trkpt>
      <trkpt lat="45.74913" lon="10.875">
        <ele>1386.98</ele>
      </trkpt>
      <trkpt lat="45.74918" lon="10.87496">
        <ele>1386.8</ele>
      </trkpt>
      <trkpt lat="45.74922" lon="10.87494">
        <ele>1386.37</ele>
      </trkpt>
      <trkpt lat="45.74926" lon="10.87493">
        <ele>1385.33</ele>
      </trkpt>
      <trkpt lat="45.74929" lon="10.87492">
        <ele>1384.66</ele>
      </trkpt>
      <trkpt lat="45.74933" lon="10.8749">
        <ele>1384.03</ele>
      </trkpt>
      <trkpt lat="45.74939" lon="10.87488">
        <ele>1382.48</ele>
      </trkpt>
      <trkpt lat="45.74942" lon="10.87487">
        <ele>1381.66</ele>
      </trkpt>
      <trkpt lat="45.74949" lon="10.87486">
        <ele>1380.31</ele>
      </trkpt>
      <trkpt lat="45.74954" lon="10.87485">
        <ele>1380.0</ele>
      </trkpt>
      <trkpt lat="45.74962" lon="10.87485">
        <ele>1378.76</ele>
      </trkpt>
      <trkpt lat="45.74965" lon="10.87485">
        <ele>1378.3</ele>
      </trkpt>
      <trkpt lat="45.74968" lon="10.87485">
        <ele>1377.83</ele>
      </trkpt>
      <trkpt lat="45.74972" lon="10.87486">
        <ele>1376.6</ele>
      </trkpt>
      <trkpt lat="45.74976" lon="10.87487">
        <ele>1377.81</ele>
      </trkpt>
      <trkpt lat="45.7498" lon="10.8749">
        <ele>1378.1</ele>
      </trkpt>
      <trkpt lat="45.74982" lon="10.87493">
        <ele>1377.47</ele>
      </trkpt>
      <trkpt lat="45.7499" lon="10.87509">
        <ele>1374.05</ele>
      </trkpt>
      <trkpt lat="45.74994" lon="10.87518">
        <ele>1371.89</ele>
      </trkpt>
      <trkpt lat="45.74999" lon="10.87526">
        <ele>1370.42</ele>
      </trkpt>
      <trkpt lat="45.75004" lon="10.87538">
        <ele>1369.78</ele>
      </trkpt>
      <trkpt lat="45.75006" lon="10.8754">
        <ele>1370.78</ele>
      </trkpt>
      <trkpt lat="45.75011" lon="10.87544">
        <ele>1373.66</ele>
      </trkpt>
      <trkpt lat="45.75015" lon="10.87548">
        <ele>1375.68</ele>
      </trkpt>
      <trkpt lat="45.7502" lon="10.87555">
        <ele>1377.48</ele>
      </trkpt>
      <trkpt lat="45.75022" lon="10.87558">
        <ele>1378.33</ele>
      </trkpt>
      <trkpt lat="45.75032" lon="10.87564">
        <ele>1384.22</ele>
      </trkpt>
      <trkpt lat="45.75042" lon="10.87567">
        <ele>1389.99</ele>
      </trkpt>
      <trkpt lat="45.75046" lon="10.87572">
        <ele>1390.51</ele>
      </trkpt>
      <trkpt lat="45.75056" lon="10.87579">
        <ele>1393.36</ele>
      </trkpt>
      <trkpt lat="45.75065" lon="10.87586">
        <ele>1393.99</ele>
      </trkpt>
      <trkpt lat="45.75067" lon="10.87589">
        <ele>1393.57</ele>
      </trkpt>
      <trkpt lat="45.75072" lon="10.87594">
        <ele>1393.35</ele>
      </trkpt>
      <trkpt lat="45.75078" lon="10.87605">
        <ele>1390.38</ele>
      </trkpt>
      <trkpt lat="45.75081" lon="10.87607">
        <ele>1390.35</ele>
      </trkpt>
      <trkpt lat="45.75088" lon="10.87614">
        <ele>1388.43</ele>
      </trkpt>
      <trkpt lat="45.75093" lon="10.87621">
        <ele>1386.24</ele>
      </trkpt>
      <trkpt lat="45.75095" lon="10.87623">
        <ele>1385.62</ele>
      </trkpt>
      <trkpt lat="45.751" lon="10.87626">
        <ele>1384.8</ele>
      </trkpt>
      <trkpt lat="45.75103" lon="10.87628">
        <ele>1384.18</ele>
      </trkpt>
      <trkpt lat="45.75109" lon="10.87632">
        <ele>1382.86</ele>
      </trkpt>
      <trkpt lat="45.75113" lon="10.87633">
        <ele>1382.92</ele>
      </trkpt>
      <trkpt lat="45.75121" lon="10.87634">
        <ele>1384.17</ele>
      </trkpt>
      <trkpt lat="45.75125" lon="10.87635">
        <ele>1384.69</ele>
      </trkpt>
      <trkpt lat="45.7513" lon="10.87636">
        <ele>1385.51</ele>
      </trkpt>
      <trkpt lat="45.75133" lon="10.87636">
        <ele>1386.19</ele>
      </trkpt>
      <trkpt lat="45.75136" lon="10.87638">
        <ele>1386.46</ele>
      </trkpt>
      <trkpt lat="45.75138" lon="10.87641">
        <ele>1385.95</ele>
      </trkpt>
      <trkpt lat="45.75141" lon="10.87643">
        <ele>1385.35</ele>
      </trkpt>
      <trkpt lat="45.75147" lon="10.87646">
        <ele>1384.27</ele>
      </trkpt>
      <trkpt lat="45.75155" lon="10.87646">
        <ele>1384.35</ele>
      </trkpt>
      <trkpt lat="45.75162" lon="10.87647">
        <ele>1384.17</ele>
      </trkpt>
      <trkpt lat="45.75168" lon="10.87647">
        <ele>1384.46</ele>
      </trkpt>
      <trkpt lat="45.75173" lon="10.87647">
        <ele>1385.25</ele>
      </trkpt>
      <trkpt lat="45.75178" lon="10.87648">
        <ele>1385.8</ele>
      </trkpt>
      <trkpt lat="45.75188" lon="10.87649">
        <ele>1387.1</ele>
      </trkpt>
      <trkpt lat="45.75191" lon="10.8765">
        <ele>1387.28</ele>
      </trkpt>
      <trkpt lat="45.75195" lon="10.87652">
        <ele>1387.31</ele>
      </trkpt>
      <trkpt lat="45.75197" lon="10.87655">
        <ele>1386.77</ele>
      </trkpt>
      <trkpt lat="45.75201" lon="10.87659">
        <ele>1386.22</ele>
      </trkpt>
      <trkpt lat="45.75211" lon="10.87664">
        <ele>1386.21</ele>
      </trkpt>
      <trkpt lat="45.75222" lon="10.87667">
        <ele>1386.8</ele>
      </trkpt>
      <trkpt lat="45.75226" lon="10.87671">
        <ele>1384.84</ele>
      </trkpt>
      <trkpt lat="45.75231" lon="10.87673">
        <ele>1383.88</ele>
      </trkpt>
      <trkpt lat="45.75241" lon="10.87674">
        <ele>1383.48</ele>
      </trkpt>
      <trkpt lat="45.75252" lon="10.87674">
        <ele>1383.75</ele>
      </trkpt>
      <trkpt lat="45.75264" lon="10.87674">
        <ele>1384.84</ele>
      </trkpt>
      <trkpt lat="45.75271" lon="10.87673">
        <ele>1385.89</ele>
      </trkpt>
      <trkpt lat="45.7528" lon="10.87672">
        <ele>1387.01</ele>
      </trkpt>
      <trkpt lat="45.75288" lon="10.87672">
        <ele>1387.47</ele>
      </trkpt>
      <trkpt lat="45.75295" lon="10.87673">
        <ele>1387.54</ele>
      </trkpt>
      <trkpt lat="45.75299" lon="10.87673">
        <ele>1387.78</ele>
      </trkpt>
      <trkpt lat="45.75303" lon="10.87675">
        <ele>1387.43</ele>
      </trkpt>
      <trkpt lat="45.75307" lon="10.87676">
        <ele>1387.43</ele>
      </trkpt>
      <trkpt lat="45.75311" lon="10.87677">
        <ele>1387.47</ele>
      </trkpt>
      <trkpt lat="45.75318" lon="10.87678">
        <ele>1387.71</ele>
      </trkpt>
      <trkpt lat="45.75321" lon="10.87679">
        <ele>1387.62</ele>
      </trkpt>
      <trkpt lat="45.75328" lon="10.87679">
        <ele>1388.15</ele>
      </trkpt>
      <trkpt lat="45.75333" lon="10.87683">
        <ele>1387.1</ele>
      </trkpt>
      <trkpt lat="45.7534" lon="10.87687">
        <ele>1387.89</ele>
      </trkpt>
      <trkpt lat="45.75349" lon="10.87692">
        <ele>1389.37</ele>
      </trkpt>
      <trkpt lat="45.75352" lon="10.87697">
        <ele>1388.98</ele>
      </trkpt>
      <trkpt lat="45.75356" lon="10.87701">
        <ele>1389.17</ele>
      </trkpt>
      <trkpt lat="45.75369" lon="10.87703">
        <ele>1391.56</ele>
      </trkpt>
      <trkpt lat="45.75372" lon="10.87705">
        <ele>1391.39</ele>
      </trkpt>
      <trkpt lat="45.75377" lon="10.87706">
        <ele>1391.88</ele>
      </trkpt>
      <trkpt lat="45.75381" lon="10.87708">
        <ele>1391.84</ele>
      </trkpt>
      <trkpt lat="45.75388" lon="10.87711">
        <ele>1391.9</ele>
      </trkpt>
      <trkpt lat="45.75394" lon="10.87713">
        <ele>1392.24</ele>
      </trkpt>
      <trkpt lat="45.75398" lon="10.87714">
        <ele>1392.6</ele>
      </trkpt>
      <trkpt lat="45.75403" lon="10.87716">
        <ele>1392.78</ele>
      </trkpt>
      <trkpt lat="45.7541" lon="10.87718">
        <ele>1393.32</ele>
      </trkpt>
      <trkpt lat="45.75417" lon="10.87726">
        <ele>1392.17</ele>
      </trkpt>
      <trkpt lat="45.75421" lon="10.87734">
        <ele>1390.3</ele>
      </trkpt>
      <trkpt lat="45.75425" lon="10.87739">
        <ele>1389.08</ele>
      </trkpt>
      <trkpt lat="45.7543" lon="10.8774">
        <ele>1388.68</ele>
      </trkpt>
      <trkpt lat="45.75435" lon="10.87744">
        <ele>1387.64</ele>
      </trkpt>
      <trkpt lat="45.75439" lon="10.87746">
        <ele>1387.06</ele>
      </trkpt>
      <trkpt lat="45.75443" lon="10.87747">
        <ele>1386.7</ele>
      </trkpt>
      <trkpt lat="45.75447" lon="10.87748">
        <ele>1386.7</ele>
      </trkpt>
      <trkpt lat="45.75462" lon="10.87749">
        <ele>1388.09</ele>
      </trkpt>
      <trkpt lat="45.75466" lon="10.87752">
        <ele>1388.02</ele>
      </trkpt>
      <trkpt lat="45.75469" lon="10.87756">
        <ele>1387.76</ele>
      </trkpt>
      <trkpt lat="45.75471" lon="10.87761">
        <ele>1387.27</ele>
      </trkpt>
      <trkpt lat="45.75475" lon="10.87764">
        <ele>1387.53</ele>
      </trkpt>
      <trkpt lat="45.7548" lon="10.87767">
        <ele>1388.06</ele>
      </trkpt>
      <trkpt lat="45.75485" lon="10.87768">
        <ele>1388.87</ele>
      </trkpt>
      <trkpt lat="45.75489" lon="10.8777">
        <ele>1389.31</ele>
      </trkpt>
      <trkpt lat="45.75492" lon="10.87771">
        <ele>1389.71</ele>
      </trkpt>
      <trkpt lat="45.75495" lon="10.87771">
        <ele>1390.28</ele>
      </trkpt>
      <trkpt lat="45.75502" lon="10.87772">
        <ele>1391.79</ele>
      </trkpt>
      <trkpt lat="45.75505" lon="10.87773">
        <ele>1392.72</ele>
      </trkpt>
      <trkpt lat="45.75509" lon="10.87774">
        <ele>1394.01</ele>
      </trkpt>
      <trkpt lat="45.75513" lon="10.87775">
        <ele>1395.27</ele>
      </trkpt>
      <trkpt lat="45.75517" lon="10.87777">
        <ele>1396.29</ele>
      </trkpt>
      <trkpt lat="45.7552" lon="10.8778">
        <ele>1397.0</ele>
      </trkpt>
      <trkpt lat="45.75523" lon="10.87785">
        <ele>1397.59</ele>
      </trkpt>
      <trkpt lat="45.75526" lon="10.8779">
        <ele>1398.1</ele>
      </trkpt>
      <trkpt lat="45.7553" lon="10.87792">
        <ele>1399.14</ele>
      </trkpt>
      <trkpt lat="45.75533" lon="10.87794">
        <ele>1399.83</ele>
      </trkpt>
      <trkpt lat="45.75537" lon="10.87795">
        <ele>1400.92</ele>
      </trkpt>
      <trkpt lat="45.75544" lon="10.87797">
        <ele>1402.78</ele>
      </trkpt>
      <trkpt lat="45.75548" lon="10.878">
        <ele>1403.57</ele>
      </trkpt>
      <trkpt lat="45.75551" lon="10.87804">
        <ele>1403.9</ele>
      </trkpt>
      <trkpt lat="45.75555" lon="10.87809">
        <ele>1404.96</ele>
      </trkpt>
      <trkpt lat="45.75561" lon="10.87812">
        <ele>1407.39</ele>
      </trkpt>
      <trkpt lat="45.75564" lon="10.87814">
        <ele>1408.65</ele>
      </trkpt>
      <trkpt lat="45.75566" lon="10.87817">
        <ele>1409.55</ele>
      </trkpt>
      <trkpt lat="45.75569" lon="10.87819">
        <ele>1410.81</ele>
      </trkpt>
      <trkpt lat="45.75572" lon="10.87822">
        <ele>1412.1</ele>
      </trkpt>
      <trkpt lat="45.75575" lon="10.87825">
        <ele>1413.4</ele>
      </trkpt>
      <trkpt lat="45.75587" lon="10.8783">
        <ele>1418.33</ele>
      </trkpt>
      <trkpt lat="45.756" lon="10.87832">
        <ele>1423.55</ele>
      </trkpt>
      <trkpt lat="45.75599" lon="10.87832">
        <ele>1423.16</ele>
      </trkpt>
      <trkpt lat="45.75604" lon="10.87837">
        <ele>1425.02</ele>
      </trkpt>
      <trkpt lat="45.75626" lon="10.8786">
        <ele>1431.5</ele>
      </trkpt>
      <trkpt lat="45.7563" lon="10.87864">
        <ele>1432.13</ele>
      </trkpt>
      <trkpt lat="45.75635" lon="10.87867">
        <ele>1432.93</ele>
      </trkpt>
      <trkpt lat="45.75663" lon="10.87893">
        <ele>1433.24</ele>
      </trkpt>
      <trkpt lat="45.75685" lon="10.87907">
        <ele>1433.29</ele>
      </trkpt>
      <trkpt lat="45.75685" lon="10.87905">
        <ele>1433.7</ele>
      </trkpt>
      <trkpt lat="45.75687" lon="10.87907">
        <ele>1433.46</ele>
      </trkpt>
      <trkpt lat="45.75692" lon="10.8791">
        <ele>1433.24</ele>
      </trkpt>
      <trkpt lat="45.75696" lon="10.8791">
        <ele>1433.23</ele>
      </trkpt>
      <trkpt lat="45.757" lon="10.8791">
        <ele>1432.69</ele>
      </trkpt>
      <trkpt lat="45.75703" lon="10.8791">
        <ele>1432.28</ele>
      </trkpt>
      <trkpt lat="45.75706" lon="10.87909">
        <ele>1432.11</ele>
      </trkpt>
      <trkpt lat="45.7571" lon="10.87909">
        <ele>1431.57</ele>
      </trkpt>
      <trkpt lat="45.75714" lon="10.87908">
        <ele>1431.28</ele>
      </trkpt>
      <trkpt lat="45.75721" lon="10.87908">
        <ele>1430.35</ele>
      </trkpt>
      <trkpt lat="45.75726" lon="10.87908">
        <ele>1430.07</ele>
      </trkpt>
      <trkpt lat="45.75731" lon="10.87907">
        <ele>1430.09</ele>
      </trkpt>
      <trkpt lat="45.75739" lon="10.87907">
        <ele>1429.78</ele>
      </trkpt>
      <trkpt lat="45.75742" lon="10.87907">
        <ele>1429.66</ele>
      </trkpt>
      <trkpt lat="45.75753" lon="10.87906">
        <ele>1429.68</ele>
      </trkpt>
      <trkpt lat="45.75756" lon="10.87906">
        <ele>1429.98</ele>
      </trkpt>
      <trkpt lat="45.7576" lon="10.87905">
        <ele>1430.44</ele>
      </trkpt>
      <trkpt lat="45.75765" lon="10.87904">
        <ele>1431.03</ele>
      </trkpt>
      <trkpt lat="45.75768" lon="10.87903">
        <ele>1431.43</ele>
      </trkpt>
      <trkpt lat="45.75771" lon="10.87902">
        <ele>1431.84</ele>
      </trkpt>
      <trkpt lat="45.75779" lon="10.87905">
        <ele>1432.4</ele>
      </trkpt>
      <trkpt lat="45.75784" lon="10.8792">
        <ele>1431.95</ele>
      </trkpt>
      <trkpt lat="45.75785" lon="10.87934">
        <ele>1432.36</ele>
      </trkpt>
      <trkpt lat="45.75783" lon="10.87943">
        <ele>1432.11</ele>
      </trkpt>
      <trkpt lat="45.7578" lon="10.8795">
        <ele>1431.63</ele>
      </trkpt>
      <trkpt lat="45.75779" lon="10.8796">
        <ele>1431.75</ele>
      </trkpt>
      <trkpt lat="45.7578" lon="10.87971">
        <ele>1432.21</ele>
      </trkpt>
      <trkpt lat="45.75781" lon="10.87981">
        <ele>1432.11</ele>
      </trkpt>
      <trkpt lat="45.7578" lon="10.87994">
        <ele>1431.58</ele>
      </trkpt>
      <trkpt lat="45.75787" lon="10.88007">
        <ele>1432.66</ele>
      </trkpt>
      <trkpt lat="45.75794" lon="10.88015">
        <ele>1433.92</ele>
      </trkpt>
      <trkpt lat="45.75801" lon="10.88024">
        <ele>1435.18</ele>
      </trkpt>
      <trkpt lat="45.7581" lon="10.88028">
        <ele>1436.3</ele>
      </trkpt>
      <trkpt lat="45.7582" lon="10.88034">
        <ele>1436.37</ele>
      </trkpt>
      <trkpt lat="45.75827" lon="10.88037">
        <ele>1436.55</ele>
      </trkpt>
      <trkpt lat="45.75832" lon="10.8804">
        <ele>1436.58</ele>
      </trkpt>
      <trkpt lat="45.75837" lon="10.88036">
        <ele>1436.85</ele>
      </trkpt>
      <trkpt lat="45.75843" lon="10.88036">
        <ele>1436.42</ele>
      </trkpt>
      <trkpt lat="45.7585" lon="10.8804">
        <ele>1435.48</ele>
      </trkpt>
      <trkpt lat="45.75857" lon="10.88045">
        <ele>1434.44</ele>
      </trkpt>
      <trkpt lat="45.75862" lon="10.88048">
        <ele>1433.74</ele>
      </trkpt>
      <trkpt lat="45.75866" lon="10.88048">
        <ele>1433.42</ele>
      </trkpt>
      <trkpt lat="45.75868" lon="10.88043">
        <ele>1433.75</ele>
      </trkpt>
      <trkpt lat="45.75873" lon="10.88043">
        <ele>1433.31</ele>
      </trkpt>
      <trkpt lat="45.75879" lon="10.88052">
        <ele>1432.01</ele>
      </trkpt>
      <trkpt lat="45.75885" lon="10.88061">
        <ele>1431.03</ele>
      </trkpt>
      <trkpt lat="45.75892" lon="10.88063">
        <ele>1430.9</ele>
      </trkpt>
      <trkpt lat="45.75947" lon="10.87963">
        <ele>1435.97</ele>
      </trkpt>
      <trkpt lat="45.75947" lon="10.87963">
        <ele>1435.97</ele>
      </trkpt>
      <trkpt lat="45.75984" lon="10.87894">
        <ele>1442.01</ele>
      </trkpt>
      <trkpt lat="45.76005" lon="10.87856">
        <ele>1444.97</ele>
      </trkpt>
      <trkpt lat="45.76024" lon="10.87829">
        <ele>1444.31</ele>
      </trkpt>
      <trkpt lat="45.76035" lon="10.87817">
        <ele>1443.2</ele>
      </trkpt>
      <trkpt lat="45.76033" lon="10.87813">
        <ele>1443.62</ele>
      </trkpt>
      <trkpt lat="45.76035" lon="10.87813">
        <ele>1443.19</ele>
      </trkpt>
      <trkpt lat="45.76046" lon="10.87807">
        <ele>1440.49</ele>
      </trkpt>
      <trkpt lat="45.76057" lon="10.87796">
        <ele>1438.03</ele>
      </trkpt>
      <trkpt lat="45.76063" lon="10.87793">
        <ele>1438.15</ele>
      </trkpt>
      <trkpt lat="45.76067" lon="10.87791">
        <ele>1438.2</ele>
      </trkpt>
      <trkpt lat="45.76071" lon="10.87788">
        <ele>1438.2</ele>
      </trkpt>
      <trkpt lat="45.7608" lon="10.87784">
        <ele>1438.2</ele>
      </trkpt>
      <trkpt lat="45.76084" lon="10.87782">
        <ele>1438.27</ele>
      </trkpt>
      <trkpt lat="45.7609" lon="10.87779">
        <ele>1439.24</ele>
      </trkpt>
      <trkpt lat="45.76094" lon="10.87778">
        <ele>1439.93</ele>
      </trkpt>
      <trkpt lat="45.76099" lon="10.87774">
        <ele>1441.0</ele>
      </trkpt>
      <trkpt lat="45.76101" lon="10.87772">
        <ele>1441.41</ele>
      </trkpt>
      <trkpt lat="45.76104" lon="10.87769">
        <ele>1441.96</ele>
      </trkpt>
      <trkpt lat="45.7611" lon="10.87766">
        <ele>1442.85</ele>
      </trkpt>
      <trkpt lat="45.76117" lon="10.87763">
        <ele>1443.62</ele>
      </trkpt>
      <trkpt lat="45.76123" lon="10.87761">
        <ele>1444.19</ele>
      </trkpt>
      <trkpt lat="45.76127" lon="10.87758">
        <ele>1444.47</ele>
      </trkpt>
      <trkpt lat="45.76133" lon="10.87755">
        <ele>1444.86</ele>
      </trkpt>
      <trkpt lat="45.76136" lon="10.87753">
        <ele>1444.99</ele>
      </trkpt>
      <trkpt lat="45.76144" lon="10.87749">
        <ele>1446.42</ele>
      </trkpt>
      <trkpt lat="45.76148" lon="10.87747">
        <ele>1447.66</ele>
      </trkpt>
      <trkpt lat="45.76155" lon="10.87745">
        <ele>1449.57</ele>
      </trkpt>
      <trkpt lat="45.76158" lon="10.87743">
        <ele>1450.48</ele>
      </trkpt>
      <trkpt lat="45.76166" lon="10.8774">
        <ele>1452.57</ele>
      </trkpt>
      <trkpt lat="45.7617" lon="10.87736">
        <ele>1453.73</ele>
      </trkpt>
      <trkpt lat="45.76173" lon="10.87734">
        <ele>1454.45</ele>
      </trkpt>
      <trkpt lat="45.76179" lon="10.87731">
        <ele>1455.71</ele>
      </trkpt>
      <trkpt lat="45.76182" lon="10.8773">
        <ele>1456.27</ele>
      </trkpt>
      <trkpt lat="45.76185" lon="10.87728">
        <ele>1456.77</ele>
      </trkpt>
      <trkpt lat="45.76188" lon="10.87726">
        <ele>1457.22</ele>
      </trkpt>
      <trkpt lat="45.76195" lon="10.87723">
        <ele>1458.1</ele>
      </trkpt>
      <trkpt lat="45.76202" lon="10.87719">
        <ele>1458.9</ele>
      </trkpt>
      <trkpt lat="45.76209" lon="10.87715">
        <ele>1460.11</ele>
      </trkpt>
      <trkpt lat="45.76211" lon="10.87714">
        <ele>1460.49</ele>
      </trkpt>
      <trkpt lat="45.76218" lon="10.8771">
        <ele>1462.07</ele>
      </trkpt>
      <trkpt lat="45.76222" lon="10.87708">
        <ele>1463.04</ele>
      </trkpt>
      <trkpt lat="45.76226" lon="10.87707">
        <ele>1463.68</ele>
      </trkpt>
      <trkpt lat="45.76232" lon="10.87707">
        <ele>1464.31</ele>
      </trkpt>
      <trkpt lat="45.76241" lon="10.87708">
        <ele>1465.08</ele>
      </trkpt>
      <trkpt lat="45.7625" lon="10.8771">
        <ele>1465.76</ele>
      </trkpt>
      <trkpt lat="45.76253" lon="10.87713">
        <ele>1465.36</ele>
      </trkpt>
      <trkpt lat="45.76256" lon="10.87718">
        <ele>1464.76</ele>
      </trkpt>
      <trkpt lat="45.76265" lon="10.87723">
        <ele>1464.53</ele>
      </trkpt>
      <trkpt lat="45.76267" lon="10.87725">
        <ele>1464.57</ele>
      </trkpt>
      <trkpt lat="45.76276" lon="10.87726">
        <ele>1464.93</ele>
      </trkpt>
      <trkpt lat="45.76279" lon="10.87727">
        <ele>1465.07</ele>
      </trkpt>
      <trkpt lat="45.76284" lon="10.87726">
        <ele>1465.39</ele>
      </trkpt>
      <trkpt lat="45.76291" lon="10.87725">
        <ele>1465.86</ele>
      </trkpt>
      <trkpt lat="45.76298" lon="10.87723">
        <ele>1466.42</ele>
      </trkpt>
      <trkpt lat="45.76302" lon="10.87719">
        <ele>1466.87</ele>
      </trkpt>
      <trkpt lat="45.7631" lon="10.87712">
        <ele>1467.92</ele>
      </trkpt>
      <trkpt lat="45.76313" lon="10.87709">
        <ele>1468.52</ele>
      </trkpt>
      <trkpt lat="45.76317" lon="10.87706">
        <ele>1469.37</ele>
      </trkpt>
      <trkpt lat="45.76319" lon="10.87705">
        <ele>1469.79</ele>
      </trkpt>
      <trkpt lat="45.76326" lon="10.87703">
        <ele>1471.2</ele>
      </trkpt>
      <trkpt lat="45.7633" lon="10.87702">
        <ele>1472.05</ele>
      </trkpt>
      <trkpt lat="45.76333" lon="10.87702">
        <ele>1472.58</ele>
      </trkpt>
      <trkpt lat="45.76338" lon="10.87703">
        <ele>1472.86</ele>
      </trkpt>
      <trkpt lat="45.76347" lon="10.87704">
        <ele>1473.42</ele>
      </trkpt>
      <trkpt lat="45.76351" lon="10.87705">
        <ele>1473.52</ele>
      </trkpt>
      <trkpt lat="45.76357" lon="10.87707">
        <ele>1473.53</ele>
      </trkpt>
      <trkpt lat="45.76365" lon="10.87709">
        <ele>1473.47</ele>
      </trkpt>
      <trkpt lat="45.76377" lon="10.87714">
        <ele>1472.64</ele>
      </trkpt>
      <trkpt lat="45.76382" lon="10.87716">
        <ele>1472.32</ele>
      </trkpt>
      <trkpt lat="45.76391" lon="10.87717">
        <ele>1472.68</ele>
      </trkpt>
      <trkpt lat="45.76395" lon="10.87719">
        <ele>1472.89</ele>
      </trkpt>
      <trkpt lat="45.76398" lon="10.87721">
        <ele>1472.93</ele>
      </trkpt>
      <trkpt lat="45.76407" lon="10.87725">
        <ele>1473.46</ele>
      </trkpt>
      <trkpt lat="45.76412" lon="10.87729">
        <ele>1473.09</ele>
      </trkpt>
      <trkpt lat="45.76427" lon="10.87731">
        <ele>1472.94</ele>
      </trkpt>
      <trkpt lat="45.76433" lon="10.87733">
        <ele>1471.96</ele>
      </trkpt>
      <trkpt lat="45.7644" lon="10.87734">
        <ele>1471.24</ele>
      </trkpt>
      <trkpt lat="45.76446" lon="10.87735">
        <ele>1470.01</ele>
      </trkpt>
      <trkpt lat="45.76461" lon="10.87735">
        <ele>1464.68</ele>
      </trkpt>
      <trkpt lat="45.76476" lon="10.87734">
        <ele>1460.49</ele>
      </trkpt>
      <trkpt lat="45.76495" lon="10.87732">
        <ele>1459.02</ele>
      </trkpt>
      <trkpt lat="45.7651" lon="10.8772">
        <ele>1459.82</ele>
      </trkpt>
      <trkpt lat="45.7651" lon="10.8772">
        <ele>1459.82</ele>
      </trkpt>
      <trkpt lat="45.7651" lon="10.87717">
        <ele>1461.13</ele>
      </trkpt>
      <trkpt lat="45.76517" lon="10.87722">
        <ele>1457.42</ele>
      </trkpt>
      <trkpt lat="45.76523" lon="10.87724">
        <ele>1455.64</ele>
      </trkpt>
      <trkpt lat="45.7653" lon="10.87724">
        <ele>1454.47</ele>
      </trkpt>
      <trkpt lat="45.76533" lon="10.87721">
        <ele>1455.0</ele>
      </trkpt>
      <trkpt lat="45.76535" lon="10.8772">
        <ele>1455.16</ele>
      </trkpt>
      <trkpt lat="45.76551" lon="10.87707">
        <ele>1457.34</ele>
      </trkpt>
      <trkpt lat="45.76555" lon="10.87705">
        <ele>1457.4</ele>
      </trkpt>
      <trkpt lat="45.76555" lon="10.87705">
        <ele>1457.4</ele>
      </trkpt>
      <trkpt lat="45.76555" lon="10.87705">
        <ele>1457.4</ele>
      </trkpt>
      <trkpt lat="45.76565" lon="10.87699">
        <ele>1457.26</ele>
      </trkpt>
      <trkpt lat="45.7658" lon="10.87682">
        <ele>1459.13</ele>
      </trkpt>
      <trkpt lat="45.76586" lon="10.87677">
        <ele>1459.36</ele>
      </trkpt>
      <trkpt lat="45.76596" lon="10.8767">
        <ele>1458.56</ele>
      </trkpt>
      <trkpt lat="45.76607" lon="10.8766">
        <ele>1457.77</ele>
      </trkpt>
      <trkpt lat="45.76612" lon="10.87654">
        <ele>1457.59</ele>
      </trkpt>
      <trkpt lat="45.7662" lon="10.87646">
        <ele>1457.95</ele>
      </trkpt>
      <trkpt lat="45.7662" lon="10.87646">
        <ele>1457.95</ele>
      </trkpt>
      <trkpt lat="45.7662" lon="10.87646">
        <ele>1457.95</ele>
      </trkpt>
      <trkpt lat="45.76628" lon="10.87641">
        <ele>1457.55</ele>
      </trkpt>
      <trkpt lat="45.76639" lon="10.87633">
        <ele>1456.63</ele>
      </trkpt>
      <trkpt lat="45.76651" lon="10.87627">
        <ele>1457.22</ele>
      </trkpt>
      <trkpt lat="45.7666" lon="10.87622">
        <ele>1457.99</ele>
      </trkpt>
      <trkpt lat="45.76671" lon="10.8762">
        <ele>1458.14</ele>
      </trkpt>
      <trkpt lat="45.76683" lon="10.87617">
        <ele>1457.89</ele>
      </trkpt>
      <trkpt lat="45.76695" lon="10.87609">
        <ele>1458.24</ele>
      </trkpt>
      <trkpt lat="45.76695" lon="10.87609">
        <ele>1458.24</ele>
      </trkpt>
      <trkpt lat="45.76695" lon="10.87609">
        <ele>1458.24</ele>
      </trkpt>
      <trkpt lat="45.76702" lon="10.87606">
        <ele>1457.02</ele>
      </trkpt>
      <trkpt lat="45.76711" lon="10.87602">
        <ele>1455.47</ele>
      </trkpt>
      <trkpt lat="45.76723" lon="10.87598">
        <ele>1453.21</ele>
      </trkpt>
      <trkpt lat="45.76733" lon="10.87598">
        <ele>1451.26</ele>
      </trkpt>
      <trkpt lat="45.76747" lon="10.87593">
        <ele>1448.95</ele>
      </trkpt>
      <trkpt lat="45.76755" lon="10.87587">
        <ele>1447.38</ele>
      </trkpt>
      <trkpt lat="45.76763" lon="10.87582">
        <ele>1445.94</ele>
      </trkpt>
      <trkpt lat="45.76765" lon="10.8758">
        <ele>1445.76</ele>
      </trkpt>
      <trkpt lat="45.76765" lon="10.8758">
        <ele>1445.76</ele>
      </trkpt>
      <trkpt lat="45.76778" lon="10.87562">
        <ele>1445.05</ele>
      </trkpt>
      <trkpt lat="45.76778" lon="10.87562">
        <ele>1445.05</ele>
      </trkpt>
      <trkpt lat="45.76788" lon="10.87547">
        <ele>1446.58</ele>
      </trkpt>
      <trkpt lat="45.76788" lon="10.87547">
        <ele>1446.58</ele>
      </trkpt>
      <trkpt lat="45.768" lon="10.87534">
        <ele>1449.19</ele>
      </trkpt>
      <trkpt lat="45.76814" lon="10.8752">
        <ele>1454.55</ele>
      </trkpt>
      <trkpt lat="45.7683" lon="10.87509">
        <ele>1459.19</ele>
      </trkpt>
      <trkpt lat="45.76843" lon="10.87497">
        <ele>1462.44</ele>
      </trkpt>
      <trkpt lat="45.76856" lon="10.87481">
        <ele>1465.45</ele>
      </trkpt>
      <trkpt lat="45.76863" lon="10.87468">
        <ele>1468.23</ele>
      </trkpt>
      <trkpt lat="45.76853" lon="10.87475">
        <ele>1468.35</ele>
      </trkpt>
      <trkpt lat="45.76852" lon="10.87477">
        <ele>1467.91</ele>
      </trkpt>
      <trkpt lat="45.76852" lon="10.87477">
        <ele>1467.91</ele>
      </trkpt>
      <trkpt lat="45.76851" lon="10.87478">
        <ele>1467.81</ele>
      </trkpt>
      <trkpt lat="45.76848" lon="10.8748">
        <ele>1467.86</ele>
      </trkpt>
      <trkpt lat="45.76842" lon="10.8748">
        <ele>1469.41</ele>
      </trkpt>
      <trkpt lat="45.76839" lon="10.8748">
        <ele>1470.18</ele>
      </trkpt>
      <trkpt lat="45.76836" lon="10.87479">
        <ele>1471.37</ele>
      </trkpt>
      <trkpt lat="45.76832" lon="10.87477">
        <ele>1472.98</ele>
      </trkpt>
      <trkpt lat="45.76827" lon="10.87475">
        <ele>1474.03</ele>
      </trkpt>
      <trkpt lat="45.76824" lon="10.87473">
        <ele>1475.0</ele>
      </trkpt>
      <trkpt lat="45.7682" lon="10.87472">
        <ele>1475.57</ele>
      </trkpt>
      <trkpt lat="45.76817" lon="10.8747">
        <ele>1476.45</ele>
      </trkpt>
      <trkpt lat="45.76813" lon="10.87468">
        <ele>1477.33</ele>
      </trkpt>
      <trkpt lat="45.76809" lon="10.87465">
        <ele>1478.54</ele>
      </trkpt>
      <trkpt lat="45.76804" lon="10.87464">
        <ele>1479.13</ele>
      </trkpt>
      <trkpt lat="45.768" lon="10.87462">
        <ele>1480.26</ele>
      </trkpt>
      <trkpt lat="45.76798" lon="10.87454">
        <ele>1483.11</ele>
      </trkpt>
      <trkpt lat="45.76798" lon="10.87445">
        <ele>1486.09</ele>
      </trkpt>
      <trkpt lat="45.76799" lon="10.8744">
        <ele>1487.47</ele>
      </trkpt>
      <trkpt lat="45.76801" lon="10.87437">
        <ele>1488.17</ele>
      </trkpt>
      <trkpt lat="45.76803" lon="10.87434">
        <ele>1488.83</ele>
      </trkpt>
      <trkpt lat="45.76805" lon="10.87431">
        <ele>1489.44</ele>
      </trkpt>
      <trkpt lat="45.76808" lon="10.87427">
        <ele>1490.48</ele>
      </trkpt>
      <trkpt lat="45.76811" lon="10.87421">
        <ele>1492.1</ele>
      </trkpt>
      <trkpt lat="45.76813" lon="10.87416">
        <ele>1493.54</ele>
      </trkpt>
      <trkpt lat="45.76815" lon="10.87411">
        <ele>1495.65</ele>
      </trkpt>
      <trkpt lat="45.76811" lon="10.87407">
        <ele>1497.24</ele>
      </trkpt>
      <trkpt lat="45.76808" lon="10.87406">
        <ele>1497.63</ele>
      </trkpt>
      <trkpt lat="45.76804" lon="10.87404">
        <ele>1498.77</ele>
      </trkpt>
      <trkpt lat="45.76802" lon="10.87401">
        <ele>1500.5</ele>
      </trkpt>
      <trkpt lat="45.768" lon="10.87399">
        <ele>1501.81</ele>
      </trkpt>
      <trkpt lat="45.76799" lon="10.87391">
        <ele>1505.69</ele>
      </trkpt>
      <trkpt lat="45.76799" lon="10.87386">
        <ele>1508.96</ele>
      </trkpt>
      <trkpt lat="45.76801" lon="10.87382">
        <ele>1511.64</ele>
      </trkpt>
      <trkpt lat="45.76804" lon="10.87378">
        <ele>1514.04</ele>
      </trkpt>
      <trkpt lat="45.76806" lon="10.87374">
        <ele>1516.71</ele>
      </trkpt>
      <trkpt lat="45.76808" lon="10.87372">
        <ele>1517.86</ele>
      </trkpt>
      <trkpt lat="45.76811" lon="10.8737">
        <ele>1518.7</ele>
      </trkpt>
      <trkpt lat="45.76816" lon="10.87368">
        <ele>1518.91</ele>
      </trkpt>
      <trkpt lat="45.7682" lon="10.87367">
        <ele>1518.54</ele>
      </trkpt>
      <trkpt lat="45.76825" lon="10.87363">
        <ele>1519.58</ele>
      </trkpt>
      <trkpt lat="45.76827" lon="10.87359">
        <ele>1521.57</ele>
      </trkpt>
      <trkpt lat="45.7683" lon="10.87352">
        <ele>1525.64</ele>
      </trkpt>
      <trkpt lat="45.76831" lon="10.87348">
        <ele>1528.2</ele>
      </trkpt>
      <trkpt lat="45.76833" lon="10.87345">
        <ele>1529.71</ele>
      </trkpt>
      <trkpt lat="45.76835" lon="10.87342">
        <ele>1531.25</ele>
      </trkpt>
      <trkpt lat="45.76838" lon="10.87339">
        <ele>1532.41</ele>
      </trkpt>
      <trkpt lat="45.7684" lon="10.87334">
        <ele>1535.15</ele>
      </trkpt>
      <trkpt lat="45.76838" lon="10.87331">
        <ele>1537.58</ele>
      </trkpt>
      <trkpt lat="45.76835" lon="10.8733">
        <ele>1539.2</ele>
      </trkpt>
      <trkpt lat="45.76831" lon="10.87329">
        <ele>1541.12</ele>
      </trkpt>
      <trkpt lat="45.76829" lon="10.87324">
        <ele>1544.55</ele>
      </trkpt>
      <trkpt lat="45.76829" lon="10.87316">
        <ele>1548.96</ele>
      </trkpt>
      <trkpt lat="45.76829" lon="10.87311">
        <ele>1551.71</ele>
      </trkpt>
      <trkpt lat="45.76832" lon="10.87306">
        <ele>1553.29</ele>
      </trkpt>
      <trkpt lat="45.76835" lon="10.87305">
        <ele>1552.74</ele>
      </trkpt>
      <trkpt lat="45.76843" lon="10.87303">
        <ele>1551.08</ele>
      </trkpt>
      <trkpt lat="45.76846" lon="10.87301">
        <ele>1551.23</ele>
      </trkpt>
      <trkpt lat="45.76849" lon="10.87298">
        <ele>1551.98</ele>
      </trkpt>
      <trkpt lat="45.7685" lon="10.87293">
        <ele>1554.68</ele>
      </trkpt>
      <trkpt lat="45.76848" lon="10.87288">
        <ele>1558.46</ele>
      </trkpt>
      <trkpt lat="45.76849" lon="10.87278">
        <ele>1564.22</ele>
      </trkpt>
      <trkpt lat="45.76851" lon="10.87273">
        <ele>1566.31</ele>
      </trkpt>
      <trkpt lat="45.76855" lon="10.87269">
        <ele>1567.29</ele>
      </trkpt>
      <trkpt lat="45.76859" lon="10.87267">
        <ele>1567.24</ele>
      </trkpt>
      <trkpt lat="45.7686" lon="10.87261">
        <ele>1570.57</ele>
      </trkpt>
      <trkpt lat="45.76857" lon="10.8726">
        <ele>1571.98</ele>
      </trkpt>
      <trkpt lat="45.76854" lon="10.8726">
        <ele>1572.78</ele>
      </trkpt>
      <trkpt lat="45.76851" lon="10.8726">
        <ele>1573.59</ele>
      </trkpt>
      <trkpt lat="45.76848" lon="10.87259">
        <ele>1574.94</ele>
      </trkpt>
      <trkpt lat="45.76845" lon="10.87256">
        <ele>1577.31</ele>
      </trkpt>
      <trkpt lat="45.76843" lon="10.87253">
        <ele>1579.36</ele>
      </trkpt>
      <trkpt lat="45.7684" lon="10.8725">
        <ele>1581.56</ele>
      </trkpt>
      <trkpt lat="45.76837" lon="10.87248">
        <ele>1582.99</ele>
      </trkpt>
      <trkpt lat="45.76834" lon="10.87247">
        <ele>1584.04</ele>
      </trkpt>
      <trkpt lat="45.76831" lon="10.87245">
        <ele>1585.57</ele>
      </trkpt>
      <trkpt lat="45.76827" lon="10.87242">
        <ele>1587.76</ele>
      </trkpt>
      <trkpt lat="45.76825" lon="10.8724">
        <ele>1589.06</ele>
      </trkpt>
      <trkpt lat="45.76822" lon="10.87239">
        <ele>1590.21</ele>
      </trkpt>
      <trkpt lat="45.76819" lon="10.87239">
        <ele>1590.97</ele>
      </trkpt>
      <trkpt lat="45.76816" lon="10.87238">
        <ele>1592.12</ele>
      </trkpt>
      <trkpt lat="45.76813" lon="10.87239">
        <ele>1592.48</ele>
      </trkpt>
      <trkpt lat="45.7681" lon="10.87239">
        <ele>1593.24</ele>
      </trkpt>
      <trkpt lat="45.76807" lon="10.87236">
        <ele>1595.18</ele>
      </trkpt>
      <trkpt lat="45.76807" lon="10.87231">
        <ele>1597.16</ele>
      </trkpt>
      <trkpt lat="45.76807" lon="10.87227">
        <ele>1598.74</ele>
      </trkpt>
      <trkpt lat="45.76807" lon="10.87222">
        <ele>1600.73</ele>
      </trkpt>
      <trkpt lat="45.76808" lon="10.87216">
        <ele>1603.01</ele>
      </trkpt>
      <trkpt lat="45.76811" lon="10.87209">
        <ele>1605.06</ele>
      </trkpt>
      <trkpt lat="45.76813" lon="10.87205">
        <ele>1606.07</ele>
      </trkpt>
      <trkpt lat="45.76814" lon="10.87201">
        <ele>1607.34</ele>
      </trkpt>
      <trkpt lat="45.76816" lon="10.87197">
        <ele>1608.24</ele>
      </trkpt>
      <trkpt lat="45.76819" lon="10.87196">
        <ele>1607.57</ele>
      </trkpt>
      <trkpt lat="45.76823" lon="10.87197">
        <ele>1605.79</ele>
      </trkpt>
      <trkpt lat="45.76827" lon="10.87199">
        <ele>1603.69</ele>
      </trkpt>
      <trkpt lat="45.7683" lon="10.87199">
        <ele>1602.66</ele>
      </trkpt>
      <trkpt lat="45.76833" lon="10.87198">
        <ele>1601.96</ele>
      </trkpt>
      <trkpt lat="45.76835" lon="10.87196">
        <ele>1601.96</ele>
      </trkpt>
      <trkpt lat="45.76837" lon="10.87191">
        <ele>1602.91</ele>
      </trkpt>
      <trkpt lat="45.76839" lon="10.87184">
        <ele>1604.47</ele>
      </trkpt>
      <trkpt lat="45.76841" lon="10.8718">
        <ele>1605.05</ele>
      </trkpt>
      <trkpt lat="45.76843" lon="10.87177">
        <ele>1605.3</ele>
      </trkpt>
      <trkpt lat="45.76845" lon="10.87173">
        <ele>1605.84</ele>
      </trkpt>
      <trkpt lat="45.76848" lon="10.8717">
        <ele>1605.7</ele>
      </trkpt>
      <trkpt lat="45.76851" lon="10.87167">
        <ele>1605.54</ele>
      </trkpt>
      <trkpt lat="45.76853" lon="10.87163">
        <ele>1606.67</ele>
      </trkpt>
      <trkpt lat="45.76857" lon="10.87161">
        <ele>1606.16</ele>
      </trkpt>
      <trkpt lat="45.7686" lon="10.87158">
        <ele>1606.47</ele>
      </trkpt>
      <trkpt lat="45.76862" lon="10.87153">
        <ele>1608.03</ele>
      </trkpt>
      <trkpt lat="45.76863" lon="10.87148">
        <ele>1609.92</ele>
      </trkpt>
      <trkpt lat="45.76866" lon="10.87142">
        <ele>1611.32</ele>
      </trkpt>
      <trkpt lat="45.76868" lon="10.87138">
        <ele>1612.18</ele>
      </trkpt>
      <trkpt lat="45.76869" lon="10.87133">
        <ele>1614.0</ele>
      </trkpt>
      <trkpt lat="45.76871" lon="10.87128">
        <ele>1615.33</ele>
      </trkpt>
      <trkpt lat="45.76873" lon="10.87125">
        <ele>1615.72</ele>
      </trkpt>
      <trkpt lat="45.76876" lon="10.87123">
        <ele>1615.16</ele>
      </trkpt>
      <trkpt lat="45.76881" lon="10.87121">
        <ele>1613.6</ele>
      </trkpt>
      <trkpt lat="45.76885" lon="10.87119">
        <ele>1612.51</ele>
      </trkpt>
      <trkpt lat="45.76888" lon="10.87115">
        <ele>1612.76</ele>
      </trkpt>
      <trkpt lat="45.76891" lon="10.87114">
        <ele>1612.59</ele>
      </trkpt>
      <trkpt lat="45.76894" lon="10.87112">
        <ele>1613.24</ele>
      </trkpt>
      <trkpt lat="45.76897" lon="10.87109">
        <ele>1614.05</ele>
      </trkpt>
      <trkpt lat="45.769" lon="10.87106">
        <ele>1614.56</ele>
      </trkpt>
      <trkpt lat="45.76904" lon="10.87099">
        <ele>1615.57</ele>
      </trkpt>
      <trkpt lat="45.76906" lon="10.87094">
        <ele>1616.13</ele>
      </trkpt>
      <trkpt lat="45.76907" lon="10.87089">
        <ele>1616.78</ele>
      </trkpt>
      <trkpt lat="45.76908" lon="10.87085">
        <ele>1617.14</ele>
      </trkpt>
      <trkpt lat="45.7691" lon="10.87077">
        <ele>1618.63</ele>
      </trkpt>
      <trkpt lat="45.76911" lon="10.8707">
        <ele>1620.38</ele>
      </trkpt>
      <trkpt lat="45.76914" lon="10.87063">
        <ele>1621.12</ele>
      </trkpt>
      <trkpt lat="45.76915" lon="10.87058">
        <ele>1622.12</ele>
      </trkpt>
      <trkpt lat="45.76918" lon="10.87055">
        <ele>1622.15</ele>
      </trkpt>
      <trkpt lat="45.76921" lon="10.87053">
        <ele>1622.71</ele>
      </trkpt>
      <trkpt lat="45.76924" lon="10.87051">
        <ele>1623.2</ele>
      </trkpt>
      <trkpt lat="45.76926" lon="10.87048">
        <ele>1624.02</ele>
      </trkpt>
      <trkpt lat="45.76929" lon="10.87046">
        <ele>1624.39</ele>
      </trkpt>
      <trkpt lat="45.76934" lon="10.87042">
        <ele>1625.04</ele>
      </trkpt>
      <trkpt lat="45.76937" lon="10.8704">
        <ele>1625.23</ele>
      </trkpt>
      <trkpt lat="45.7694" lon="10.8704">
        <ele>1624.88</ele>
      </trkpt>
      <trkpt lat="45.76943" lon="10.87039">
        <ele>1624.75</ele>
      </trkpt>
      <trkpt lat="45.76947" lon="10.87039">
        <ele>1625.29</ele>
      </trkpt>
      <trkpt lat="45.76951" lon="10.87039">
        <ele>1626.42</ele>
      </trkpt>
      <trkpt lat="45.76953" lon="10.87039">
        <ele>1626.98</ele>
      </trkpt>
      <trkpt lat="45.76957" lon="10.87044">
        <ele>1627.19</ele>
      </trkpt>
      <trkpt lat="45.76958" lon="10.87048">
        <ele>1626.76</ele>
      </trkpt>
      <trkpt lat="45.76961" lon="10.87052">
        <ele>1626.98</ele>
      </trkpt>
      <trkpt lat="45.76962" lon="10.87044">
        <ele>1628.66</ele>
      </trkpt>
      <trkpt lat="45.76962" lon="10.8704">
        <ele>1629.34</ele>
      </trkpt>
      <trkpt lat="45.76961" lon="10.87035">
        <ele>1629.92</ele>
      </trkpt>
      <trkpt lat="45.7696" lon="10.8703">
        <ele>1630.53</ele>
      </trkpt>
      <trkpt lat="45.76958" lon="10.87025">
        <ele>1631.02</ele>
      </trkpt>
      <trkpt lat="45.76955" lon="10.87016">
        <ele>1632.31</ele>
      </trkpt>
      <trkpt lat="45.76952" lon="10.87012">
        <ele>1632.57</ele>
      </trkpt>
      <trkpt lat="45.76951" lon="10.87008">
        <ele>1633.3</ele>
      </trkpt>
      <trkpt lat="45.76949" lon="10.87004">
        <ele>1633.86</ele>
      </trkpt>
      <trkpt lat="45.76948" lon="10.86999">
        <ele>1634.88</ele>
      </trkpt>
      <trkpt lat="45.76947" lon="10.86989">
        <ele>1637.16</ele>
      </trkpt>
      <trkpt lat="45.76946" lon="10.86983">
        <ele>1638.5</ele>
      </trkpt>
      <trkpt lat="45.76945" lon="10.86978">
        <ele>1639.61</ele>
      </trkpt>
      <trkpt lat="45.76945" lon="10.86974">
        <ele>1640.61</ele>
      </trkpt>
      <trkpt lat="45.76944" lon="10.86969">
        <ele>1642.01</ele>
      </trkpt>
      <trkpt lat="45.76944" lon="10.86965">
        <ele>1643.16</ele>
      </trkpt>
      <trkpt lat="45.76944" lon="10.86959">
        <ele>1644.89</ele>
      </trkpt>
      <trkpt lat="45.76945" lon="10.86953">
        <ele>1646.54</ele>
      </trkpt>
      <trkpt lat="45.76946" lon="10.8695">
        <ele>1647.39</ele>
      </trkpt>
      <trkpt lat="45.76949" lon="10.86947">
        <ele>1648.16</ele>
      </trkpt>
      <trkpt lat="45.76952" lon="10.86943">
        <ele>1649.24</ele>
      </trkpt>
      <trkpt lat="45.76954" lon="10.86939">
        <ele>1650.54</ele>
      </trkpt>
      <trkpt lat="45.76957" lon="10.86931">
        <ele>1653.0</ele>
      </trkpt>
      <trkpt lat="45.76959" lon="10.86928">
        <ele>1653.75</ele>
      </trkpt>
      <trkpt lat="45.76962" lon="10.86925">
        <ele>1654.3</ele>
      </trkpt>
      <trkpt lat="45.76964" lon="10.86922">
        <ele>1654.91</ele>
      </trkpt>
      <trkpt lat="45.76965" lon="10.86918">
        <ele>1655.91</ele>
      </trkpt>
      <trkpt lat="45.76969" lon="10.86912">
        <ele>1657.13</ele>
      </trkpt>
      <trkpt lat="45.76971" lon="10.86909">
        <ele>1657.73</ele>
      </trkpt>
      <trkpt lat="45.76973" lon="10.86903">
        <ele>1659.43</ele>
      </trkpt>
      <trkpt lat="45.76975" lon="10.86898">
        <ele>1660.98</ele>
      </trkpt>
      <trkpt lat="45.76978" lon="10.86894">
        <ele>1662.08</ele>
      </trkpt>
      <trkpt lat="45.76981" lon="10.86892">
        <ele>1662.5</ele>
      </trkpt>
      <trkpt lat="45.76983" lon="10.86889">
        <ele>1663.19</ele>
      </trkpt>
      <trkpt lat="45.76984" lon="10.86884">
        <ele>1664.76</ele>
      </trkpt>
      <trkpt lat="45.76986" lon="10.86881">
        <ele>1665.57</ele>
      </trkpt>
      <trkpt lat="45.76989" lon="10.86879">
        <ele>1665.92</ele>
      </trkpt>
      <trkpt lat="45.76991" lon="10.86871">
        <ele>1668.22</ele>
      </trkpt>
      <trkpt lat="45.7699" lon="10.86867">
        <ele>1669.59</ele>
      </trkpt>
      <trkpt lat="45.76988" lon="10.86861">
        <ele>1671.76</ele>
      </trkpt>
      <trkpt lat="45.76988" lon="10.86861">
        <ele>1671.76</ele>
      </trkpt>
      <trkpt lat="45.76988" lon="10.86862">
        <ele>1671.44</ele>
      </trkpt>
      <trkpt lat="45.76993" lon="10.86858">
        <ele>1672.04</ele>
      </trkpt>
      <trkpt lat="45.77004" lon="10.86857">
        <ele>1671.44</ele>
      </trkpt>
      <trkpt lat="45.77013" lon="10.86853">
        <ele>1672.65</ele>
      </trkpt>
      <trkpt lat="45.77022" lon="10.86843">
        <ele>1675.49</ele>
      </trkpt>
      <trkpt lat="45.77036" lon="10.86835">
        <ele>1677.89</ele>
      </trkpt>
      <trkpt lat="45.77046" lon="10.86834">
        <ele>1678.53</ele>
      </trkpt>
      <trkpt lat="45.77054" lon="10.86829">
        <ele>1679.91</ele>
      </trkpt>
      <trkpt lat="45.77054" lon="10.86829">
        <ele>1679.91</ele>
      </trkpt>
      <trkpt lat="45.77064" lon="10.86828">
        <ele>1681.5</ele>
      </trkpt>
      <trkpt lat="45.77067" lon="10.86827">
        <ele>1682.15</ele>
      </trkpt>
      <trkpt lat="45.77079" lon="10.8682">
        <ele>1684.88</ele>
      </trkpt>
      <trkpt lat="45.77094" lon="10.86815">
        <ele>1690.07</ele>
      </trkpt>
      <trkpt lat="45.77107" lon="10.86821">
        <ele>1694.23</ele>
      </trkpt>
      <trkpt lat="45.77123" lon="10.86821">
        <ele>1697.68</ele>
      </trkpt>
      <trkpt lat="45.77143" lon="10.86818">
        <ele>1701.14</ele>
      </trkpt>
      <trkpt lat="45.7715" lon="10.86818">
        <ele>1701.78</ele>
      </trkpt>
      <trkpt lat="45.77161" lon="10.86823">
        <ele>1701.75</ele>
      </trkpt>
      <trkpt lat="45.77138" lon="10.86795">
        <ele>1705.88</ele>
      </trkpt>
      <trkpt lat="45.7712" lon="10.86777">
        <ele>1707.82</ele>
      </trkpt>
      <trkpt lat="45.77105" lon="10.86759">
        <ele>1709.36</ele>
      </trkpt>
      <trkpt lat="45.77092" lon="10.86731">
        <ele>1713.28</ele>
      </trkpt>
      <trkpt lat="45.77074" lon="10.86714">
        <ele>1712.25</ele>
      </trkpt>
      <trkpt lat="45.77033" lon="10.86689">
        <ele>1708.11</ele>
      </trkpt>
      <trkpt lat="45.77032" lon="10.8669">
        <ele>1707.52</ele>
      </trkpt>
      <trkpt lat="45.77032" lon="10.8669">
        <ele>1707.52</ele>
      </trkpt>
      <trkpt lat="45.7703" lon="10.86687">
        <ele>1707.81</ele>
      </trkpt>
      <trkpt lat="45.77028" lon="10.86684">
        <ele>1708.08</ele>
      </trkpt>
      <trkpt lat="45.77025" lon="10.86681">
        <ele>1708.28</ele>
      </trkpt>
      <trkpt lat="45.77024" lon="10.86677">
        <ele>1709.14</ele>
      </trkpt>
      <trkpt lat="45.77023" lon="10.86673">
        <ele>1709.96</ele>
      </trkpt>
      <trkpt lat="45.77022" lon="10.86667">
        <ele>1711.25</ele>
      </trkpt>
      <trkpt lat="45.7702" lon="10.86663">
        <ele>1711.57</ele>
      </trkpt>
      <trkpt lat="45.77018" lon="10.86657">
        <ele>1712.25</ele>
      </trkpt>
      <trkpt lat="45.77015" lon="10.86653">
        <ele>1712.09</ele>
      </trkpt>
      <trkpt lat="45.7701" lon="10.86648">
        <ele>1711.29</ele>
      </trkpt>
      <trkpt lat="45.77005" lon="10.86642">
        <ele>1710.47</ele>
      </trkpt>
      <trkpt lat="45.77003" lon="10.86639">
        <ele>1710.17</ele>
      </trkpt>
      <trkpt lat="45.77001" lon="10.86632">
        <ele>1710.64</ele>
      </trkpt>
      <trkpt lat="45.77002" lon="10.86627">
        <ele>1711.96</ele>
      </trkpt>
      <trkpt lat="45.77003" lon="10.86622">
        <ele>1713.29</ele>
      </trkpt>
      <trkpt lat="45.77005" lon="10.86618">
        <ele>1714.88</ele>
      </trkpt>
      <trkpt lat="45.77008" lon="10.86612">
        <ele>1717.29</ele>
      </trkpt>
      <trkpt lat="45.7701" lon="10.86609">
        <ele>1718.67</ele>
      </trkpt>
      <trkpt lat="45.77011" lon="10.86606">
        <ele>1719.56</ele>
      </trkpt>
      <trkpt lat="45.77014" lon="10.86606">
        <ele>1720.78</ele>
      </trkpt>
      <trkpt lat="45.77018" lon="10.86606">
        <ele>1722.4</ele>
      </trkpt>
      <trkpt lat="45.77023" lon="10.86611">
        <ele>1723.95</ele>
      </trkpt>
      <trkpt lat="45.77025" lon="10.86613">
        <ele>1724.4</ele>
      </trkpt>
      <trkpt lat="45.77027" lon="10.86615">
        <ele>1724.83</ele>
      </trkpt>
      <trkpt lat="45.77032" lon="10.86619">
        <ele>1726.12</ele>
      </trkpt>
      <trkpt lat="45.77036" lon="10.86623">
        <ele>1726.98</ele>
      </trkpt>
      <trkpt lat="45.77038" lon="10.86625">
        <ele>1727.42</ele>
      </trkpt>
      <trkpt lat="45.7704" lon="10.86627">
        <ele>1727.85</ele>
      </trkpt>
      <trkpt lat="45.77044" lon="10.86632">
        <ele>1728.5</ele>
      </trkpt>
      <trkpt lat="45.77049" lon="10.86636">
        <ele>1729.79</ele>
      </trkpt>
      <trkpt lat="45.77052" lon="10.86639">
        <ele>1730.43</ele>
      </trkpt>
      <trkpt lat="45.77055" lon="10.86641">
        <ele>1731.0</ele>
      </trkpt>
      <trkpt lat="45.77058" lon="10.86641">
        <ele>1731.88</ele>
      </trkpt>
      <trkpt lat="45.77062" lon="10.86641">
        <ele>1732.93</ele>
      </trkpt>
      <trkpt lat="45.77065" lon="10.86636">
        <ele>1735.0</ele>
      </trkpt>
      <trkpt lat="45.77064" lon="10.86627">
        <ele>1736.7</ele>
      </trkpt>
      <trkpt lat="45.77063" lon="10.86619">
        <ele>1738.17</ele>
      </trkpt>
      <trkpt lat="45.77061" lon="10.86611">
        <ele>1739.39</ele>
      </trkpt>
      <trkpt lat="45.7706" lon="10.86604">
        <ele>1739.97</ele>
      </trkpt>
      <trkpt lat="45.77058" lon="10.86599">
        <ele>1740.0</ele>
      </trkpt>
      <trkpt lat="45.77056" lon="10.86593">
        <ele>1740.09</ele>
      </trkpt>
      <trkpt lat="45.77054" lon="10.86589">
        <ele>1739.67</ele>
      </trkpt>
      <trkpt lat="45.77052" lon="10.86583">
        <ele>1739.36</ele>
      </trkpt>
      <trkpt lat="45.77049" lon="10.86574">
        <ele>1738.68</ele>
      </trkpt>
      <trkpt lat="45.77048" lon="10.86567">
        <ele>1738.8</ele>
      </trkpt>
      <trkpt lat="45.77046" lon="10.8656">
        <ele>1738.5</ele>
      </trkpt>
      <trkpt lat="45.77045" lon="10.86554">
        <ele>1738.74</ele>
      </trkpt>
      <trkpt lat="45.77044" lon="10.86547">
        <ele>1739.68</ele>
      </trkpt>
      <trkpt lat="45.77043" lon="10.86542">
        <ele>1740.24</ele>
      </trkpt>
      <trkpt lat="45.77041" lon="10.86534">
        <ele>1741.0</ele>
      </trkpt>
      <trkpt lat="45.7704" lon="10.86527">
        <ele>1742.01</ele>
      </trkpt>
      <trkpt lat="45.7704" lon="10.86522">
        <ele>1743.14</ele>
      </trkpt>
      <trkpt lat="45.77039" lon="10.86516">
        <ele>1744.15</ele>
      </trkpt>
      <trkpt lat="45.77037" lon="10.86511">
        <ele>1744.68</ele>
      </trkpt>
      <trkpt lat="45.77035" lon="10.86506">
        <ele>1745.32</ele>
      </trkpt>
      <trkpt lat="45.77031" lon="10.86494">
        <ele>1747.25</ele>
      </trkpt>
      <trkpt lat="45.77029" lon="10.86489">
        <ele>1748.03</ele>
      </trkpt>
      <trkpt lat="45.77027" lon="10.86485">
        <ele>1748.72</ele>
      </trkpt>
      <trkpt lat="45.77023" lon="10.86479">
        <ele>1749.95</ele>
      </trkpt>
      <trkpt lat="45.7702" lon="10.86476">
        <ele>1750.49</ele>
      </trkpt>
      <trkpt lat="45.77017" lon="10.86472">
        <ele>1751.26</ele>
      </trkpt>
      <trkpt lat="45.77014" lon="10.86464">
        <ele>1752.19</ele>
      </trkpt>
      <trkpt lat="45.77013" lon="10.8646">
        <ele>1752.67</ele>
      </trkpt>
      <trkpt lat="45.7701" lon="10.86453">
        <ele>1753.29</ele>
      </trkpt>
      <trkpt lat="45.77004" lon="10.86447">
        <ele>1753.27</ele>
      </trkpt>
      <trkpt lat="45.77002" lon="10.86445">
        <ele>1753.23</ele>
      </trkpt>
      <trkpt lat="45.76998" lon="10.86442">
        <ele>1752.78</ele>
      </trkpt>
      <trkpt lat="45.76997" lon="10.86441">
        <ele>1752.68</ele>
      </trkpt>
      <trkpt lat="45.76997" lon="10.86441">
        <ele>1752.68</ele>
      </trkpt>
      <trkpt lat="45.76995" lon="10.8644">
        <ele>1752.46</ele>
      </trkpt>
      <trkpt lat="45.76991" lon="10.86438">
        <ele>1752.03</ele>
      </trkpt>
      <trkpt lat="45.76989" lon="10.86435">
        <ele>1751.81</ele>
      </trkpt>
      <trkpt lat="45.76986" lon="10.86434">
        <ele>1751.49</ele>
      </trkpt>
      <trkpt lat="45.76982" lon="10.86433">
        <ele>1751.06</ele>
      </trkpt>
      <trkpt lat="45.76979" lon="10.86433">
        <ele>1750.73</ele>
      </trkpt>
      <trkpt lat="45.76979" lon="10.86433">
        <ele>1750.73</ele>
      </trkpt>
      <trkpt lat="45.76974" lon="10.86432">
        <ele>1750.19</ele>
      </trkpt>
      <trkpt lat="45.76974" lon="10.86432">
        <ele>1750.19</ele>
      </trkpt>
      <trkpt lat="45.76985" lon="10.86432">
        <ele>1751.38</ele>
      </trkpt>
      <trkpt lat="45.76985" lon="10.86432">
        <ele>1751.38</ele>
      </trkpt>
      <trkpt lat="45.76994" lon="10.86438">
        <ele>1752.35</ele>
      </trkpt>
      <trkpt lat="45.76994" lon="10.86438">
        <ele>1752.35</ele>
      </trkpt>
      <trkpt lat="45.76992" lon="10.86445">
        <ele>1752.09</ele>
      </trkpt>
      <trkpt lat="45.76992" lon="10.86445">
        <ele>1752.09</ele>
      </trkpt>
      <trkpt lat="45.76984" lon="10.86453">
        <ele>1750.7</ele>
      </trkpt>
      <trkpt lat="45.76984" lon="10.86453">
        <ele>1750.7</ele>
      </trkpt>
      <trkpt lat="45.76963" lon="10.86473">
        <ele>1748.9</ele>
      </trkpt>
      <trkpt lat="45.76963" lon="10.86473">
        <ele>1748.9</ele>
      </trkpt>
      <trkpt lat="45.76942" lon="10.86495">
        <ele>1747.78</ele>
      </trkpt>
      <trkpt lat="45.76942" lon="10.86495">
        <ele>1747.78</ele>
      </trkpt>
      <trkpt lat="45.76941" lon="10.865">
        <ele>1747.5</ele>
      </trkpt>
      <trkpt lat="45.76931" lon="10.86507">
        <ele>1745.15</ele>
      </trkpt>
      <trkpt lat="45.76912" lon="10.8652">
        <ele>1742.61</ele>
      </trkpt>
      <trkpt lat="45.76906" lon="10.86528">
        <ele>1740.88</ele>
      </trkpt>
      <trkpt lat="45.76906" lon="10.86528">
        <ele>1740.88</ele>
      </trkpt>
      <trkpt lat="45.76906" lon="10.86528">
        <ele>1740.88</ele>
      </trkpt>
      <trkpt lat="45.76899" lon="10.86537">
        <ele>1737.43</ele>
      </trkpt>
      <trkpt lat="45.76871" lon="10.86546">
        <ele>1730.17</ele>
      </trkpt>
      <trkpt lat="45.76849" lon="10.86541">
        <ele>1727.49</ele>
      </trkpt>
      <trkpt lat="45.76822" lon="10.86524">
        <ele>1725.55</ele>
      </trkpt>
      <trkpt lat="45.76806" lon="10.86517">
        <ele>1722.1</ele>
      </trkpt>
      <trkpt lat="45.76796" lon="10.8652">
        <ele>1720.18</ele>
      </trkpt>
      <trkpt lat="45.76796" lon="10.8652">
        <ele>1720.18</ele>
      </trkpt>
      <trkpt lat="45.76796" lon="10.8652">
        <ele>1720.18</ele>
      </trkpt>
      <trkpt lat="45.76776" lon="10.86525">
        <ele>1716.78</ele>
      </trkpt>
      <trkpt lat="45.76759" lon="10.86538">
        <ele>1715.15</ele>
      </trkpt>
      <trkpt lat="45.76755" lon="10.86547">
        <ele>1714.23</ele>
      </trkpt>
      <trkpt lat="45.76746" lon="10.86541">
        <ele>1713.76</ele>
      </trkpt>
      <trkpt lat="45.76724" lon="10.86538">
        <ele>1712.39</ele>
      </trkpt>
      <trkpt lat="45.76707" lon="10.86532">
        <ele>1710.67</ele>
      </trkpt>
      <trkpt lat="45.76704" lon="10.86527">
        <ele>1710.4</ele>
      </trkpt>
      <trkpt lat="45.76679" lon="10.86513">
        <ele>1708.35</ele>
      </trkpt>
      <trkpt lat="45.7668" lon="10.86508">
        <ele>1708.23</ele>
      </trkpt>
      <trkpt lat="45.7668" lon="10.86508">
        <ele>1708.23</ele>
      </trkpt>
      <trkpt lat="45.76677" lon="10.86508">
        <ele>1707.92</ele>
      </trkpt>
      <trkpt lat="45.76675" lon="10.86505">
        <ele>1707.52</ele>
      </trkpt>
      <trkpt lat="45.76672" lon="10.86501">
        <ele>1706.85</ele>
      </trkpt>
      <trkpt lat="45.76668" lon="10.86493">
        <ele>1702.99</ele>
      </trkpt>
      <trkpt lat="45.76666" lon="10.86489">
        <ele>1700.77</ele>
      </trkpt>
      <trkpt lat="45.7666" lon="10.86482">
        <ele>1697.0</ele>
      </trkpt>
      <trkpt lat="45.76656" lon="10.8648">
        <ele>1695.83</ele>
      </trkpt>
      <trkpt lat="45.76652" lon="10.86478">
        <ele>1694.74</ele>
      </trkpt>
      <trkpt lat="45.76649" lon="10.86476">
        <ele>1693.79</ele>
      </trkpt>
      <trkpt lat="45.76643" lon="10.86475">
        <ele>1693.11</ele>
      </trkpt>
      <trkpt lat="45.7664" lon="10.86473">
        <ele>1692.3</ele>
      </trkpt>
      <trkpt lat="45.76631" lon="10.86471">
        <ele>1691.93</ele>
      </trkpt>
      <trkpt lat="45.76628" lon="10.86469">
        <ele>1691.46</ele>
      </trkpt>
      <trkpt lat="45.7662" lon="10.86465">
        <ele>1690.6</ele>
      </trkpt>
      <trkpt lat="45.76615" lon="10.86462">
        <ele>1689.92</ele>
      </trkpt>
      <trkpt lat="45.76611" lon="10.86459">
        <ele>1689.2</ele>
      </trkpt>
      <trkpt lat="45.76603" lon="10.86453">
        <ele>1687.96</ele>
      </trkpt>
      <trkpt lat="45.76596" lon="10.86446">
        <ele>1686.51</ele>
      </trkpt>
      <trkpt lat="45.76593" lon="10.86444">
        <ele>1686.22</ele>
      </trkpt>
      <trkpt lat="45.7659" lon="10.8644">
        <ele>1685.73</ele>
      </trkpt>
      <trkpt lat="45.76587" lon="10.86437">
        <ele>1685.52</ele>
      </trkpt>
      <trkpt lat="45.76582" lon="10.86433">
        <ele>1685.78</ele>
      </trkpt>
      <trkpt lat="45.76577" lon="10.8643">
        <ele>1686.84</ele>
      </trkpt>
      <trkpt lat="45.76573" lon="10.86427">
        <ele>1687.41</ele>
      </trkpt>
      <trkpt lat="45.76569" lon="10.86425">
        <ele>1688.07</ele>
      </trkpt>
      <trkpt lat="45.76565" lon="10.86422">
        <ele>1688.36</ele>
      </trkpt>
      <trkpt lat="45.76558" lon="10.86415">
        <ele>1688.1</ele>
      </trkpt>
      <trkpt lat="45.76554" lon="10.86411">
        <ele>1688.57</ele>
      </trkpt>
      <trkpt lat="45.76551" lon="10.86408">
        <ele>1689.38</ele>
      </trkpt>
      <trkpt lat="45.76545" lon="10.86397">
        <ele>1689.38</ele>
      </trkpt>
      <trkpt lat="45.76543" lon="10.86395">
        <ele>1689.69</ele>
      </trkpt>
      <trkpt lat="45.7654" lon="10.86391">
        <ele>1689.79</ele>
      </trkpt>
      <trkpt lat="45.76532" lon="10.86386">
        <ele>1691.9</ele>
      </trkpt>
      <trkpt lat="45.7653" lon="10.86384">
        <ele>1692.4</ele>
      </trkpt>
      <trkpt lat="45.76525" lon="10.8638">
        <ele>1693.92</ele>
      </trkpt>
      <trkpt lat="45.76522" lon="10.86378">
        <ele>1694.93</ele>
      </trkpt>
      <trkpt lat="45.76518" lon="10.86374">
        <ele>1696.08</ele>
      </trkpt>
      <trkpt lat="45.76514" lon="10.86372">
        <ele>1697.52</ele>
      </trkpt>
      <trkpt lat="45.76511" lon="10.8637">
        <ele>1698.53</ele>
      </trkpt>
      <trkpt lat="45.76508" lon="10.86366">
        <ele>1699.25</ele>
      </trkpt>
      <trkpt lat="45.76503" lon="10.86357">
        <ele>1699.62</ele>
      </trkpt>
      <trkpt lat="45.76497" lon="10.86351">
        <ele>1700.04</ele>
      </trkpt>
      <trkpt lat="45.76495" lon="10.86347">
        <ele>1699.53</ele>
      </trkpt>
      <trkpt lat="45.76492" lon="10.86343">
        <ele>1699.34</ele>
      </trkpt>
      <trkpt lat="45.7649" lon="10.8634">
        <ele>1699.21</ele>
      </trkpt>
      <trkpt lat="45.76487" lon="10.86327">
        <ele>1696.89</ele>
      </trkpt>
      <trkpt lat="45.76484" lon="10.86322">
        <ele>1696.47</ele>
      </trkpt>
      <trkpt lat="45.76479" lon="10.86314">
        <ele>1696.19</ele>
      </trkpt>
      <trkpt lat="45.76476" lon="10.8631">
        <ele>1696.42</ele>
      </trkpt>
      <trkpt lat="45.76473" lon="10.86305">
        <ele>1696.33</ele>
      </trkpt>
      <trkpt lat="45.7647" lon="10.86301">
        <ele>1693.86</ele>
      </trkpt>
      <trkpt lat="45.76468" lon="10.86297">
        <ele>1691.32</ele>
      </trkpt>
      <trkpt lat="45.76462" lon="10.86286">
        <ele>1685.41</ele>
      </trkpt>
      <trkpt lat="45.76457" lon="10.86275">
        <ele>1681.17</ele>
      </trkpt>
      <trkpt lat="45.76455" lon="10.86272">
        <ele>1680.42</ele>
      </trkpt>
      <trkpt lat="45.76452" lon="10.86267">
        <ele>1679.28</ele>
      </trkpt>
      <trkpt lat="45.76451" lon="10.86262">
        <ele>1677.84</ele>
      </trkpt>
      <trkpt lat="45.76449" lon="10.86254">
        <ele>1675.79</ele>
      </trkpt>
      <trkpt lat="45.76446" lon="10.86245">
        <ele>1672.78</ele>
      </trkpt>
      <trkpt lat="45.76443" lon="10.86239">
        <ele>1670.34</ele>
      </trkpt>
      <trkpt lat="45.76436" lon="10.8623">
        <ele>1667.43</ele>
      </trkpt>
      <trkpt lat="45.76431" lon="10.86221">
        <ele>1664.87</ele>
      </trkpt>
      <trkpt lat="45.76429" lon="10.86218">
        <ele>1664.37</ele>
      </trkpt>
      <trkpt lat="45.76425" lon="10.86213">
        <ele>1663.91</ele>
      </trkpt>
      <trkpt lat="45.76423" lon="10.86209">
        <ele>1663.23</ele>
      </trkpt>
      <trkpt lat="45.76421" lon="10.86205">
        <ele>1662.63</ele>
      </trkpt>
      <trkpt lat="45.76419" lon="10.86201">
        <ele>1662.11</ele>
      </trkpt>
      <trkpt lat="45.76417" lon="10.86197">
        <ele>1661.68</ele>
      </trkpt>
      <trkpt lat="45.76415" lon="10.86193">
        <ele>1661.31</ele>
      </trkpt>
      <trkpt lat="45.76411" lon="10.86188">
        <ele>1661.69</ele>
      </trkpt>
      <trkpt lat="45.76409" lon="10.86183">
        <ele>1661.24</ele>
      </trkpt>
      <trkpt lat="45.76407" lon="10.86179">
        <ele>1661.11</ele>
      </trkpt>
      <trkpt lat="45.76406" lon="10.86175">
        <ele>1660.55</ele>
      </trkpt>
      <trkpt lat="45.76403" lon="10.86169">
        <ele>1660.48</ele>
      </trkpt>
      <trkpt lat="45.76401" lon="10.86164">
        <ele>1660.68</ele>
      </trkpt>
      <trkpt lat="45.76396" lon="10.86158">
        <ele>1662.49</ele>
      </trkpt>
      <trkpt lat="45.76393" lon="10.86155">
        <ele>1663.5</ele>
      </trkpt>
      <trkpt lat="45.7639" lon="10.86151">
        <ele>1664.27</ele>
      </trkpt>
      <trkpt lat="45.76387" lon="10.86147">
        <ele>1664.49</ele>
      </trkpt>
      <trkpt lat="45.76384" lon="10.86142">
        <ele>1664.31</ele>
      </trkpt>
      <trkpt lat="45.76379" lon="10.86131">
        <ele>1663.26</ele>
      </trkpt>
      <trkpt lat="45.76377" lon="10.86126">
        <ele>1662.62</ele>
      </trkpt>
      <trkpt lat="45.76373" lon="10.86119">
        <ele>1661.87</ele>
      </trkpt>
      <trkpt lat="45.76369" lon="10.86113">
        <ele>1661.25</ele>
      </trkpt>
      <trkpt lat="45.76367" lon="10.8611">
        <ele>1660.9</ele>
      </trkpt>
      <trkpt lat="45.76363" lon="10.86105">
        <ele>1660.39</ele>
      </trkpt>
      <trkpt lat="45.76361" lon="10.86096">
        <ele>1658.74</ele>
      </trkpt>
      <trkpt lat="45.7636" lon="10.86091">
        <ele>1657.74</ele>
      </trkpt>
      <trkpt lat="45.76359" lon="10.86086">
        <ele>1656.78</ele>
      </trkpt>
      <trkpt lat="45.76358" lon="10.86079">
        <ele>1655.57</ele>
      </trkpt>
      <trkpt lat="45.76357" lon="10.86075">
        <ele>1654.99</ele>
      </trkpt>
      <trkpt lat="45.76355" lon="10.86065">
        <ele>1653.51</ele>
      </trkpt>
      <trkpt lat="45.76353" lon="10.8606">
        <ele>1652.92</ele>
      </trkpt>
      <trkpt lat="45.76352" lon="10.86054">
        <ele>1652.05</ele>
      </trkpt>
      <trkpt lat="45.76351" lon="10.8605">
        <ele>1651.49</ele>
      </trkpt>
      <trkpt lat="45.7635" lon="10.86046">
        <ele>1650.88</ele>
      </trkpt>
      <trkpt lat="45.76349" lon="10.86041">
        <ele>1650.03</ele>
      </trkpt>
      <trkpt lat="45.76348" lon="10.86034">
        <ele>1648.73</ele>
      </trkpt>
      <trkpt lat="45.76346" lon="10.86029">
        <ele>1647.71</ele>
      </trkpt>
      <trkpt lat="45.76345" lon="10.86021">
        <ele>1646.59</ele>
      </trkpt>
      <trkpt lat="45.76344" lon="10.86017">
        <ele>1646.07</ele>
      </trkpt>
      <trkpt lat="45.76344" lon="10.86011">
        <ele>1645.34</ele>
      </trkpt>
      <trkpt lat="45.76343" lon="10.86007">
        <ele>1644.84</ele>
      </trkpt>
      <trkpt lat="45.76342" lon="10.86002">
        <ele>1644.24</ele>
      </trkpt>
      <trkpt lat="45.76341" lon="10.85997">
        <ele>1643.52</ele>
      </trkpt>
      <trkpt lat="45.7634" lon="10.85993">
        <ele>1642.86</ele>
      </trkpt>
      <trkpt lat="45.76338" lon="10.85991">
        <ele>1642.49</ele>
      </trkpt>
      <trkpt lat="45.76335" lon="10.8599">
        <ele>1642.24</ele>
      </trkpt>
      <trkpt lat="45.76329" lon="10.85989">
        <ele>1641.61</ele>
      </trkpt>
      <trkpt lat="45.76325" lon="10.85989">
        <ele>1641.24</ele>
      </trkpt>
      <trkpt lat="45.7632" lon="10.85989">
        <ele>1640.77</ele>
      </trkpt>
      <trkpt lat="45.76317" lon="10.8599">
        <ele>1640.65</ele>
      </trkpt>
      <trkpt lat="45.76314" lon="10.85991">
        <ele>1640.52</ele>
      </trkpt>
      <trkpt lat="45.76309" lon="10.85992">
        <ele>1640.18</ele>
      </trkpt>
      <trkpt lat="45.76301" lon="10.85993">
        <ele>1640.03</ele>
      </trkpt>
      <trkpt lat="45.76296" lon="10.85993">
        <ele>1640.07</ele>
      </trkpt>
      <trkpt lat="45.76292" lon="10.85993">
        <ele>1640.11</ele>
      </trkpt>
      <trkpt lat="45.76287" lon="10.85993">
        <ele>1640.15</ele>
      </trkpt>
      <trkpt lat="45.76279" lon="10.85991">
        <ele>1639.45</ele>
      </trkpt>
      <trkpt lat="45.76276" lon="10.85989">
        <ele>1638.58</ele>
      </trkpt>
      <trkpt lat="45.76271" lon="10.85986">
        <ele>1637.21</ele>
      </trkpt>
      <trkpt lat="45.76267" lon="10.85984">
        <ele>1636.28</ele>
      </trkpt>
      <trkpt lat="45.76263" lon="10.8598">
        <ele>1634.55</ele>
      </trkpt>
      <trkpt lat="45.76259" lon="10.85978">
        <ele>1633.61</ele>
      </trkpt>
      <trkpt lat="45.76255" lon="10.85976">
        <ele>1632.68</ele>
      </trkpt>
      <trkpt lat="45.76252" lon="10.85974">
        <ele>1631.78</ele>
      </trkpt>
      <trkpt lat="45.7625" lon="10.85971">
        <ele>1630.43</ele>
      </trkpt>
      <trkpt lat="45.76248" lon="10.85968">
        <ele>1629.0</ele>
      </trkpt>
      <trkpt lat="45.76246" lon="10.85965">
        <ele>1627.55</ele>
      </trkpt>
      <trkpt lat="45.76242" lon="10.85963">
        <ele>1626.49</ele>
      </trkpt>
      <trkpt lat="45.76241" lon="10.85959">
        <ele>1624.5</ele>
      </trkpt>
      <trkpt lat="45.7624" lon="10.85954">
        <ele>1622.0</ele>
      </trkpt>
      <trkpt lat="45.76238" lon="10.8595">
        <ele>1619.91</ele>
      </trkpt>
      <trkpt lat="45.76233" lon="10.85943">
        <ele>1616.09</ele>
      </trkpt>
      <trkpt lat="45.76231" lon="10.85935">
        <ele>1612.23</ele>
      </trkpt>
      <trkpt lat="45.76228" lon="10.85932">
        <ele>1610.76</ele>
      </trkpt>
      <trkpt lat="45.76224" lon="10.8593">
        <ele>1609.79</ele>
      </trkpt>
      <trkpt lat="45.76221" lon="10.85928">
        <ele>1608.86</ele>
      </trkpt>
      <trkpt lat="45.76218" lon="10.85926">
        <ele>1607.88</ele>
      </trkpt>
      <trkpt lat="45.76216" lon="10.85923">
        <ele>1606.44</ele>
      </trkpt>
      <trkpt lat="45.76214" lon="10.8592">
        <ele>1604.95</ele>
      </trkpt>
      <trkpt lat="45.76211" lon="10.85918">
        <ele>1603.83</ele>
      </trkpt>
      <trkpt lat="45.76208" lon="10.85917">
        <ele>1603.14</ele>
      </trkpt>
      <trkpt lat="45.76203" lon="10.85916">
        <ele>1602.29</ele>
      </trkpt>
      <trkpt lat="45.762" lon="10.85915">
        <ele>1601.57</ele>
      </trkpt>
      <trkpt lat="45.76197" lon="10.85913">
        <ele>1600.35</ele>
      </trkpt>
      <trkpt lat="45.76191" lon="10.85909">
        <ele>1598.11</ele>
      </trkpt>
      <trkpt lat="45.76188" lon="10.85906">
        <ele>1596.66</ele>
      </trkpt>
      <trkpt lat="45.76183" lon="10.85904">
        <ele>1595.77</ele>
      </trkpt>
      <trkpt lat="45.76178" lon="10.859">
        <ele>1594.07</ele>
      </trkpt>
      <trkpt lat="45.76176" lon="10.85897">
        <ele>1592.83</ele>
      </trkpt>
      <trkpt lat="45.76173" lon="10.85895">
        <ele>1592.11</ele>
      </trkpt>
      <trkpt lat="45.7617" lon="10.8589">
        <ele>1590.21</ele>
      </trkpt>
      <trkpt lat="45.76169" lon="10.85883">
        <ele>1587.5</ele>
      </trkpt>
      <trkpt lat="45.76166" lon="10.85879">
        <ele>1586.09</ele>
      </trkpt>
      <trkpt lat="45.76163" lon="10.85877">
        <ele>1585.35</ele>
      </trkpt>
      <trkpt lat="45.76159" lon="10.85875">
        <ele>1584.64</ele>
      </trkpt>
      <trkpt lat="45.76156" lon="10.8587">
        <ele>1582.78</ele>
      </trkpt>
      <trkpt lat="45.76153" lon="10.85867">
        <ele>1581.72</ele>
      </trkpt>
      <trkpt lat="45.76149" lon="10.85859">
        <ele>1578.68</ele>
      </trkpt>
      <trkpt lat="45.76147" lon="10.85852">
        <ele>1575.5</ele>
      </trkpt>
      <trkpt lat="45.76144" lon="10.85847">
        <ele>1573.08</ele>
      </trkpt>
      <trkpt lat="45.76143" lon="10.85844">
        <ele>1571.59</ele>
      </trkpt>
      <trkpt lat="45.76141" lon="10.8584">
        <ele>1569.52</ele>
      </trkpt>
      <trkpt lat="45.76139" lon="10.85836">
        <ele>1567.35</ele>
      </trkpt>
      <trkpt lat="45.76137" lon="10.85832">
        <ele>1564.92</ele>
      </trkpt>
      <trkpt lat="45.76134" lon="10.85829">
        <ele>1562.73</ele>
      </trkpt>
      <trkpt lat="45.76135" lon="10.85823">
        <ele>1559.9</ele>
      </trkpt>
      <trkpt lat="45.76135" lon="10.85819">
        <ele>1557.86</ele>
      </trkpt>
      <trkpt lat="45.76137" lon="10.85812">
        <ele>1554.79</ele>
      </trkpt>
      <trkpt lat="45.76139" lon="10.85809">
        <ele>1553.75</ele>
      </trkpt>
      <trkpt lat="45.76144" lon="10.85807">
        <ele>1553.45</ele>
      </trkpt>
      <trkpt lat="45.76147" lon="10.85806">
        <ele>1553.39</ele>
      </trkpt>
      <trkpt lat="45.76151" lon="10.85803">
        <ele>1552.81</ele>
      </trkpt>
      <trkpt lat="45.76153" lon="10.85799">
        <ele>1551.68</ele>
      </trkpt>
      <trkpt lat="45.76156" lon="10.85796">
        <ele>1551.1</ele>
      </trkpt>
      <trkpt lat="45.76159" lon="10.85794">
        <ele>1550.92</ele>
      </trkpt>
      <trkpt lat="45.76162" lon="10.85792">
        <ele>1550.77</ele>
      </trkpt>
      <trkpt lat="45.76165" lon="10.85786">
        <ele>1549.34</ele>
      </trkpt>
      <trkpt lat="45.76167" lon="10.85782">
        <ele>1548.39</ele>
      </trkpt>
      <trkpt lat="45.76168" lon="10.8577">
        <ele>1544.84</ele>
      </trkpt>
      <trkpt lat="45.76169" lon="10.85761">
        <ele>1542.29</ele>
      </trkpt>
      <trkpt lat="45.76172" lon="10.85758">
        <ele>1541.55</ele>
      </trkpt>
      <trkpt lat="45.76175" lon="10.85758">
        <ele>1541.69</ele>
      </trkpt>
      <trkpt lat="45.76178" lon="10.85757">
        <ele>1541.53</ele>
      </trkpt>
      <trkpt lat="45.76184" lon="10.85757">
        <ele>1541.8</ele>
      </trkpt>
      <trkpt lat="45.76188" lon="10.85756">
        <ele>1541.66</ele>
      </trkpt>
      <trkpt lat="45.76193" lon="10.85755">
        <ele>1541.56</ele>
      </trkpt>
      <trkpt lat="45.76196" lon="10.85748">
        <ele>1539.32</ele>
      </trkpt>
      <trkpt lat="45.76197" lon="10.85741">
        <ele>1536.62</ele>
      </trkpt>
      <trkpt lat="45.76197" lon="10.85736">
        <ele>1534.64</ele>
      </trkpt>
      <trkpt lat="45.76198" lon="10.85732">
        <ele>1533.13</ele>
      </trkpt>
      <trkpt lat="45.76199" lon="10.85727">
        <ele>1531.22</ele>
      </trkpt>
      <trkpt lat="45.762" lon="10.85723">
        <ele>1529.71</ele>
      </trkpt>
      <trkpt lat="45.76202" lon="10.85721">
        <ele>1528.87</ele>
      </trkpt>
      <trkpt lat="45.76206" lon="10.85719">
        <ele>1528.15</ele>
      </trkpt>
      <trkpt lat="45.76209" lon="10.85717">
        <ele>1527.44</ele>
      </trkpt>
      <trkpt lat="45.76212" lon="10.85713">
        <ele>1525.88</ele>
      </trkpt>
      <trkpt lat="45.76216" lon="10.85708">
        <ele>1524.23</ele>
      </trkpt>
      <trkpt lat="45.7622" lon="10.85704">
        <ele>1523.31</ele>
      </trkpt>
      <trkpt lat="45.76223" lon="10.85698">
        <ele>1521.36</ele>
      </trkpt>
      <trkpt lat="45.76226" lon="10.85694">
        <ele>1519.51</ele>
      </trkpt>
      <trkpt lat="45.76229" lon="10.85687">
        <ele>1515.83</ele>
      </trkpt>
      <trkpt lat="45.7623" lon="10.85683">
        <ele>1513.74</ele>
      </trkpt>
      <trkpt lat="45.76233" lon="10.8568">
        <ele>1511.86</ele>
      </trkpt>
      <trkpt lat="45.76238" lon="10.85678">
        <ele>1510.16</ele>
      </trkpt>
      <trkpt lat="45.76241" lon="10.85673">
        <ele>1507.05</ele>
      </trkpt>
      <trkpt lat="45.76242" lon="10.85665">
        <ele>1502.67</ele>
      </trkpt>
      <trkpt lat="45.76241" lon="10.85661">
        <ele>1500.97</ele>
      </trkpt>
      <trkpt lat="45.76239" lon="10.85659">
        <ele>1500.34</ele>
      </trkpt>
      <trkpt lat="45.76236" lon="10.85656">
        <ele>1499.33</ele>
      </trkpt>
      <trkpt lat="45.76235" lon="10.85652">
        <ele>1497.51</ele>
      </trkpt>
      <trkpt lat="45.76235" lon="10.85643">
        <ele>1493.1</ele>
      </trkpt>
      <trkpt lat="45.76239" lon="10.85636">
        <ele>1489.32</ele>
      </trkpt>
      <trkpt lat="45.76241" lon="10.85632">
        <ele>1487.18</ele>
      </trkpt>
      <trkpt lat="45.76243" lon="10.85626">
        <ele>1484.12</ele>
      </trkpt>
      <trkpt lat="45.76245" lon="10.8562">
        <ele>1481.15</ele>
      </trkpt>
      <trkpt lat="45.76246" lon="10.85614">
        <ele>1478.25</ele>
      </trkpt>
      <trkpt lat="45.76247" lon="10.8561">
        <ele>1476.33</ele>
      </trkpt>
      <trkpt lat="45.76248" lon="10.85604">
        <ele>1473.33</ele>
      </trkpt>
      <trkpt lat="45.7625" lon="10.85601">
        <ele>1471.9</ele>
      </trkpt>
      <trkpt lat="45.76254" lon="10.856">
        <ele>1470.82</ele>
      </trkpt>
      <trkpt lat="45.76257" lon="10.85598">
        <ele>1469.47</ele>
      </trkpt>
      <trkpt lat="45.76259" lon="10.85596">
        <ele>1468.32</ele>
      </trkpt>
      <trkpt lat="45.7626" lon="10.85591">
        <ele>1466.01</ele>
      </trkpt>
      <trkpt lat="45.76261" lon="10.85585">
        <ele>1463.33</ele>
      </trkpt>
      <trkpt lat="45.76262" lon="10.8558">
        <ele>1461.38</ele>
      </trkpt>
      <trkpt lat="45.76263" lon="10.85575">
        <ele>1459.55</ele>
      </trkpt>
      <trkpt lat="45.76264" lon="10.85563">
        <ele>1455.17</ele>
      </trkpt>
      <trkpt lat="45.76265" lon="10.85559">
        <ele>1453.63</ele>
      </trkpt>
      <trkpt lat="45.76267" lon="10.85556">
        <ele>1452.33</ele>
      </trkpt>
      <trkpt lat="45.76268" lon="10.85552">
        <ele>1450.6</ele>
      </trkpt>
      <trkpt lat="45.76268" lon="10.85546">
        <ele>1448.13</ele>
      </trkpt>
      <trkpt lat="45.76268" lon="10.85539">
        <ele>1445.26</ele>
      </trkpt>
      <trkpt lat="45.76267" lon="10.85535">
        <ele>1443.62</ele>
      </trkpt>
      <trkpt lat="45.76265" lon="10.85532">
        <ele>1442.34</ele>
      </trkpt>
      <trkpt lat="45.76261" lon="10.8553">
        <ele>1441.39</ele>
      </trkpt>
      <trkpt lat="45.76258" lon="10.85528">
        <ele>1440.39</ele>
      </trkpt>
      <trkpt lat="45.76255" lon="10.85527">
        <ele>1439.86</ele>
      </trkpt>
      <trkpt lat="45.76252" lon="10.85526">
        <ele>1439.32</ele>
      </trkpt>
      <trkpt lat="45.76247" lon="10.85525">
        <ele>1438.26</ele>
      </trkpt>
      <trkpt lat="45.76243" lon="10.85524">
        <ele>1437.11</ele>
      </trkpt>
      <trkpt lat="45.7624" lon="10.85523">
        <ele>1436.14</ele>
      </trkpt>
      <trkpt lat="45.76237" lon="10.85522">
        <ele>1435.16</ele>
      </trkpt>
      <trkpt lat="45.76231" lon="10.85521">
        <ele>1433.65</ele>
      </trkpt>
      <trkpt lat="45.76227" lon="10.8552">
        <ele>1432.5</ele>
      </trkpt>
      <trkpt lat="45.76224" lon="10.8552">
        <ele>1431.96</ele>
      </trkpt>
      <trkpt lat="45.76221" lon="10.85519">
        <ele>1430.9</ele>
      </trkpt>
      <trkpt lat="45.76216" lon="10.85518">
        <ele>1429.21</ele>
      </trkpt>
      <trkpt lat="45.76212" lon="10.85517">
        <ele>1427.77</ele>
      </trkpt>
      <trkpt lat="45.76208" lon="10.85515">
        <ele>1425.9</ele>
      </trkpt>
      <trkpt lat="45.76204" lon="10.85513">
        <ele>1424.02</ele>
      </trkpt>
      <trkpt lat="45.762" lon="10.85511">
        <ele>1422.15</ele>
      </trkpt>
      <trkpt lat="45.76198" lon="10.85507">
        <ele>1419.92</ele>
      </trkpt>
      <trkpt lat="45.76196" lon="10.85502">
        <ele>1417.26</ele>
      </trkpt>
      <trkpt lat="45.76194" lon="10.85499">
        <ele>1415.73</ele>
      </trkpt>
      <trkpt lat="45.76191" lon="10.85498">
        <ele>1415.18</ele>
      </trkpt>
      <trkpt lat="45.76189" lon="10.85495">
        <ele>1414.26</ele>
      </trkpt>
      <trkpt lat="45.76186" lon="10.85491">
        <ele>1412.95</ele>
      </trkpt>
      <trkpt lat="45.76184" lon="10.85483">
        <ele>1410.74</ele>
      </trkpt>
      <trkpt lat="45.76182" lon="10.85479">
        <ele>1409.44</ele>
      </trkpt>
      <trkpt lat="45.76178" lon="10.85476">
        <ele>1408.02</ele>
      </trkpt>
      <trkpt lat="45.76175" lon="10.85473">
        <ele>1406.71</ele>
      </trkpt>
      <trkpt lat="45.76171" lon="10.85471">
        <ele>1405.3</ele>
      </trkpt>
      <trkpt lat="45.76168" lon="10.85469">
        <ele>1403.97</ele>
      </trkpt>
      <trkpt lat="45.76165" lon="10.85469">
        <ele>1403.44</ele>
      </trkpt>
      <trkpt lat="45.76162" lon="10.85468">
        <ele>1402.56</ele>
      </trkpt>
      <trkpt lat="45.76158" lon="10.85467">
        <ele>1401.55</ele>
      </trkpt>
      <trkpt lat="45.76151" lon="10.85467">
        <ele>1400.43</ele>
      </trkpt>
      <trkpt lat="45.76147" lon="10.85467">
        <ele>1399.79</ele>
      </trkpt>
      <trkpt lat="45.76143" lon="10.85466">
        <ele>1398.85</ele>
      </trkpt>
      <trkpt lat="45.7614" lon="10.85466">
        <ele>1398.38</ele>
      </trkpt>
      <trkpt lat="45.76134" lon="10.85465">
        <ele>1397.39</ele>
      </trkpt>
      <trkpt lat="45.76129" lon="10.85464">
        <ele>1396.56</ele>
      </trkpt>
      <trkpt lat="45.76125" lon="10.85462">
        <ele>1395.56</ele>
      </trkpt>
      <trkpt lat="45.76121" lon="10.85459">
        <ele>1394.26</ele>
      </trkpt>
      <trkpt lat="45.76118" lon="10.85457">
        <ele>1393.36</ele>
      </trkpt>
      <trkpt lat="45.76113" lon="10.85455">
        <ele>1392.24</ele>
      </trkpt>
      <trkpt lat="45.76104" lon="10.8545">
        <ele>1388.45</ele>
      </trkpt>
      <trkpt lat="45.76102" lon="10.85449">
        <ele>1387.58</ele>
      </trkpt>
      <trkpt lat="45.76099" lon="10.85445">
        <ele>1385.65</ele>
      </trkpt>
      <trkpt lat="45.76095" lon="10.85441">
        <ele>1383.14</ele>
      </trkpt>
      <trkpt lat="45.76091" lon="10.85439">
        <ele>1381.34</ele>
      </trkpt>
      <trkpt lat="45.76088" lon="10.85436">
        <ele>1379.51</ele>
      </trkpt>
      <trkpt lat="45.76084" lon="10.85432">
        <ele>1377.14</ele>
      </trkpt>
      <trkpt lat="45.76081" lon="10.8543">
        <ele>1375.9</ele>
      </trkpt>
      <trkpt lat="45.76073" lon="10.85427">
        <ele>1373.49</ele>
      </trkpt>
      <trkpt lat="45.7607" lon="10.85424">
        <ele>1371.98</ele>
      </trkpt>
      <trkpt lat="45.76068" lon="10.8542">
        <ele>1370.32</ele>
      </trkpt>
      <trkpt lat="45.76067" lon="10.85416">
        <ele>1368.96</ele>
      </trkpt>
      <trkpt lat="45.76064" lon="10.85408">
        <ele>1367.15</ele>
      </trkpt>
      <trkpt lat="45.76062" lon="10.85402">
        <ele>1365.76</ele>
      </trkpt>
      <trkpt lat="45.7606" lon="10.85396">
        <ele>1364.32</ele>
      </trkpt>
      <trkpt lat="45.76058" lon="10.85392">
        <ele>1363.16</ele>
      </trkpt>
      <trkpt lat="45.76057" lon="10.85387">
        <ele>1362.16</ele>
      </trkpt>
      <trkpt lat="45.76054" lon="10.85382">
        <ele>1361.4</ele>
      </trkpt>
      <trkpt lat="45.76048" lon="10.85374">
        <ele>1360.92</ele>
      </trkpt>
      <trkpt lat="45.76045" lon="10.85368">
        <ele>1360.31</ele>
      </trkpt>
      <trkpt lat="45.76043" lon="10.85358">
        <ele>1358.72</ele>
      </trkpt>
      <trkpt lat="45.76042" lon="10.85354">
        <ele>1357.82</ele>
      </trkpt>
      <trkpt lat="45.76039" lon="10.85342">
        <ele>1355.19</ele>
      </trkpt>
      <trkpt lat="45.76038" lon="10.85339">
        <ele>1354.56</ele>
      </trkpt>
      <trkpt lat="45.76036" lon="10.85335">
        <ele>1353.79</ele>
      </trkpt>
      <trkpt lat="45.76033" lon="10.85329">
        <ele>1353.0</ele>
      </trkpt>
      <trkpt lat="45.76029" lon="10.85325">
        <ele>1352.71</ele>
      </trkpt>
      <trkpt lat="45.76027" lon="10.85323">
        <ele>1352.55</ele>
      </trkpt>
      <trkpt lat="45.76022" lon="10.8531">
        <ele>1350.71</ele>
      </trkpt>
      <trkpt lat="45.76025" lon="10.85306">
        <ele>1350.07</ele>
      </trkpt>
      <trkpt lat="45.76009" lon="10.85276">
        <ele>1344.4</ele>
      </trkpt>
      <trkpt lat="45.75996" lon="10.85242">
        <ele>1341.76</ele>
      </trkpt>
      <trkpt lat="45.7599" lon="10.85227">
        <ele>1342.99</ele>
      </trkpt>
      <trkpt lat="45.75988" lon="10.85215">
        <ele>1343.57</ele>
      </trkpt>
      <trkpt lat="45.75982" lon="10.85208">
        <ele>1345.52</ele>
      </trkpt>
      <trkpt lat="45.75969" lon="10.85184">
        <ele>1349.55</ele>
      </trkpt>
      <trkpt lat="45.75955" lon="10.85168">
        <ele>1349.8</ele>
      </trkpt>
      <trkpt lat="45.75947" lon="10.8515">
        <ele>1347.83</ele>
      </trkpt>
      <trkpt lat="45.75939" lon="10.8514">
        <ele>1348.7</ele>
      </trkpt>
      <trkpt lat="45.75935" lon="10.85124">
        <ele>1347.58</ele>
      </trkpt>
      <trkpt lat="45.75922" lon="10.85099">
        <ele>1346.68</ele>
      </trkpt>
      <trkpt lat="45.75907" lon="10.85065">
        <ele>1340.91</ele>
      </trkpt>
      <trkpt lat="45.75901" lon="10.85052">
        <ele>1338.58</ele>
      </trkpt>
      <trkpt lat="45.75898" lon="10.85035">
        <ele>1335.6</ele>
      </trkpt>
      <trkpt lat="45.75897" lon="10.85023">
        <ele>1333.36</ele>
      </trkpt>
      <trkpt lat="45.75894" lon="10.85011">
        <ele>1331.99</ele>
      </trkpt>
      <trkpt lat="45.75891" lon="10.85001">
        <ele>1331.28</ele>
      </trkpt>
      <trkpt lat="45.75888" lon="10.84994">
        <ele>1331.34</ele>
      </trkpt>
      <trkpt lat="45.7587" lon="10.84962">
        <ele>1328.03</ele>
      </trkpt>
      <trkpt lat="45.75913" lon="10.85009">
        <ele>1324.05</ele>
      </trkpt>
      <trkpt lat="45.75971" lon="10.85072">
        <ele>1320.05</ele>
      </trkpt>
      <trkpt lat="45.76046" lon="10.85144">
        <ele>1318.53</ele>
      </trkpt>
      <trkpt lat="45.76087" lon="10.85168">
        <ele>1316.41</ele>
      </trkpt>
      <trkpt lat="45.76127" lon="10.8519">
        <ele>1314.23</ele>
      </trkpt>
      <trkpt lat="45.76184" lon="10.85235">
        <ele>1322.3</ele>
      </trkpt>
      <trkpt lat="45.76207" lon="10.85241">
        <ele>1324.15</ele>
      </trkpt>
      <trkpt lat="45.7624" lon="10.85251">
        <ele>1321.85</ele>
      </trkpt>
      <trkpt lat="45.7628" lon="10.85245">
        <ele>1314.91</ele>
      </trkpt>
      <trkpt lat="45.76312" lon="10.85246">
        <ele>1322.2</ele>
      </trkpt>
      <trkpt lat="45.76335" lon="10.85238">
        <ele>1317.05</ele>
      </trkpt>
      <trkpt lat="45.76351" lon="10.85242">
        <ele>1312.58</ele>
      </trkpt>
      <trkpt lat="45.76418" lon="10.85269">
        <ele>1311.23</ele>
      </trkpt>
      <trkpt lat="45.76485" lon="10.85293">
        <ele>1318.24</ele>
      </trkpt>
      <trkpt lat="45.7652" lon="10.8529">
        <ele>1315.42</ele>
      </trkpt>
      <trkpt lat="45.76572" lon="10.85286">
        <ele>1318.98</ele>
      </trkpt>
      <trkpt lat="45.76614" lon="10.85263">
        <ele>1307.66</ele>
      </trkpt>
      <trkpt lat="45.76636" lon="10.85262">
        <ele>1307.94</ele>
      </trkpt>
      <trkpt lat="45.76658" lon="10.85283">
        <ele>1314.33</ele>
      </trkpt>
      <trkpt lat="45.76701" lon="10.85317">
        <ele>1317.13</ele>
      </trkpt>
      <trkpt lat="45.76729" lon="10.85336">
        <ele>1312.74</ele>
      </trkpt>
      <trkpt lat="45.76758" lon="10.85354">
        <ele>1314.76</ele>
      </trkpt>
      <trkpt lat="45.76779" lon="10.85367">
        <ele>1317.87</ele>
      </trkpt>
      <trkpt lat="45.76803" lon="10.85367">
        <ele>1313.0</ele>
      </trkpt>
      <trkpt lat="45.7682" lon="10.85358">
        <ele>1307.62</ele>
      </trkpt>
      <trkpt lat="45.76832" lon="10.85351">
        <ele>1303.69</ele>
      </trkpt>
      <trkpt lat="45.76853" lon="10.85352">
        <ele>1305.6</ele>
      </trkpt>
      <trkpt lat="45.76904" lon="10.85326">
        <ele>1297.09</ele>
      </trkpt>
      <trkpt lat="45.76918" lon="10.85319">
        <ele>1298.12</ele>
      </trkpt>
      <trkpt lat="45.76931" lon="10.85309">
        <ele>1296.65</ele>
      </trkpt>
      <trkpt lat="45.76963" lon="10.85276">
        <ele>1290.33</ele>
      </trkpt>
      <trkpt lat="45.76992" lon="10.85255">
        <ele>1289.48</ele>
      </trkpt>
      <trkpt lat="45.77064" lon="10.85257">
        <ele>1321.78</ele>
      </trkpt>
      <trkpt lat="45.77064" lon="10.85257">
        <ele>1321.78</ele>
      </trkpt>
      <trkpt lat="45.77158" lon="10.8526">
        <ele>1360.0</ele>
      </trkpt>
      <trkpt lat="45.77162" lon="10.85254">
        <ele>1359.59</ele>
      </trkpt>
      <trkpt lat="45.77167" lon="10.85252">
        <ele>1360.48</ele>
      </trkpt>
      <trkpt lat="45.77171" lon="10.85247">
        <ele>1360.14</ele>
      </trkpt>
      <trkpt lat="45.77175" lon="10.85239">
        <ele>1359.26</ele>
      </trkpt>
      <trkpt lat="45.77191" lon="10.85244">
        <ele>1362.07</ele>
      </trkpt>
      <trkpt lat="45.77193" lon="10.8524">
        <ele>1361.33</ele>
      </trkpt>
      <trkpt lat="45.77194" lon="10.85235">
        <ele>1360.18</ele>
      </trkpt>
      <trkpt lat="45.77195" lon="10.85228">
        <ele>1358.56</ele>
      </trkpt>
      <trkpt lat="45.77197" lon="10.85225">
        <ele>1358.18</ele>
      </trkpt>
      <trkpt lat="45.77205" lon="10.85209">
        <ele>1356.45</ele>
      </trkpt>
      <trkpt lat="45.77223" lon="10.85183">
        <ele>1352.9</ele>
      </trkpt>
      <trkpt lat="45.77232" lon="10.85176">
        <ele>1351.09</ele>
      </trkpt>
      <trkpt lat="45.77239" lon="10.85175">
        <ele>1350.47</ele>
      </trkpt>
      <trkpt lat="45.77249" lon="10.85173">
        <ele>1349.43</ele>
      </trkpt>
      <trkpt lat="45.7725" lon="10.85173">
        <ele>1349.37</ele>
      </trkpt>
      <trkpt lat="45.77257" lon="10.85162">
        <ele>1344.77</ele>
      </trkpt>
      <trkpt lat="45.77265" lon="10.8515">
        <ele>1339.86</ele>
      </trkpt>
      <trkpt lat="45.77271" lon="10.85147">
        <ele>1337.48</ele>
      </trkpt>
      <trkpt lat="45.77275" lon="10.85146">
        <ele>1336.11</ele>
      </trkpt>
      <trkpt lat="45.77278" lon="10.85144">
        <ele>1334.89</ele>
      </trkpt>
      <trkpt lat="45.773" lon="10.85103">
        <ele>1321.82</ele>
      </trkpt>
      <trkpt lat="45.77302" lon="10.85096">
        <ele>1320.04</ele>
      </trkpt>
      <trkpt lat="45.77303" lon="10.85085">
        <ele>1317.77</ele>
      </trkpt>
      <trkpt lat="45.77304" lon="10.8507">
        <ele>1314.35</ele>
      </trkpt>
      <trkpt lat="45.7731" lon="10.85046">
        <ele>1308.35</ele>
      </trkpt>
      <trkpt lat="45.77316" lon="10.85036">
        <ele>1305.54</ele>
      </trkpt>
      <trkpt lat="45.77322" lon="10.85025">
        <ele>1302.64</ele>
      </trkpt>
      <trkpt lat="45.77328" lon="10.85017">
        <ele>1300.49</ele>
      </trkpt>
      <trkpt lat="45.77336" lon="10.85014">
        <ele>1299.37</ele>
      </trkpt>
      <trkpt lat="45.77342" lon="10.85004">
        <ele>1297.59</ele>
      </trkpt>
      <trkpt lat="45.77346" lon="10.84999">
        <ele>1296.86</ele>
      </trkpt>
      <trkpt lat="45.77347" lon="10.84997">
        <ele>1296.57</ele>
      </trkpt>
      <trkpt lat="45.7735" lon="10.84994">
        <ele>1296.14</ele>
      </trkpt>
      <trkpt lat="45.77354" lon="10.84989">
        <ele>1295.42</ele>
      </trkpt>
      <trkpt lat="45.77355" lon="10.84987">
        <ele>1295.13</ele>
      </trkpt>
      <trkpt lat="45.77357" lon="10.84987">
        <ele>1295.13</ele>
      </trkpt>
      <trkpt lat="45.7736" lon="10.84984">
        <ele>1294.7</ele>
      </trkpt>
      <trkpt lat="45.77364" lon="10.8498">
        <ele>1293.88</ele>
      </trkpt>
      <trkpt lat="45.77366" lon="10.84977">
        <ele>1293.31</ele>
      </trkpt>
      <trkpt lat="45.77367" lon="10.84976">
        <ele>1293.09</ele>
      </trkpt>
      <trkpt lat="45.77369" lon="10.84974">
        <ele>1292.67</ele>
      </trkpt>
      <trkpt lat="45.7737" lon="10.84972">
        <ele>1292.31</ele>
      </trkpt>
      <trkpt lat="45.77371" lon="10.8497">
        <ele>1291.81</ele>
      </trkpt>
      <trkpt lat="45.77371" lon="10.84962">
        <ele>1290.11</ele>
      </trkpt>
      <trkpt lat="45.77371" lon="10.8496">
        <ele>1289.68</ele>
      </trkpt>
      <trkpt lat="45.77371" lon="10.84956">
        <ele>1288.82</ele>
      </trkpt>
      <trkpt lat="45.77372" lon="10.84953">
        <ele>1288.19</ele>
      </trkpt>
      <trkpt lat="45.77374" lon="10.84948">
        <ele>1287.18</ele>
      </trkpt>
      <trkpt lat="45.77378" lon="10.84939">
        <ele>1285.36</ele>
      </trkpt>
      <trkpt lat="45.77379" lon="10.84928">
        <ele>1282.88</ele>
      </trkpt>
      <trkpt lat="45.7738" lon="10.84919">
        <ele>1280.89</ele>
      </trkpt>
      <trkpt lat="45.77381" lon="10.84911">
        <ele>1279.41</ele>
      </trkpt>
      <trkpt lat="45.77383" lon="10.84903">
        <ele>1278.12</ele>
      </trkpt>
      <trkpt lat="45.77385" lon="10.84899">
        <ele>1277.54</ele>
      </trkpt>
      <trkpt lat="45.77388" lon="10.84895">
        <ele>1277.04</ele>
      </trkpt>
      <trkpt lat="45.7739" lon="10.84893">
        <ele>1276.74</ele>
      </trkpt>
      <trkpt lat="45.77393" lon="10.84885">
        <ele>1275.42</ele>
      </trkpt>
      <trkpt lat="45.77395" lon="10.84881">
        <ele>1274.8</ele>
      </trkpt>
      <trkpt lat="45.77396" lon="10.84875">
        <ele>1273.87</ele>
      </trkpt>
      <trkpt lat="45.77397" lon="10.84871">
        <ele>1273.24</ele>
      </trkpt>
      <trkpt lat="45.77397" lon="10.84866">
        <ele>1272.46</ele>
      </trkpt>
      <trkpt lat="45.77397" lon="10.84861">
        <ele>1271.68</ele>
      </trkpt>
      <trkpt lat="45.77397" lon="10.84857">
        <ele>1270.72</ele>
      </trkpt>
      <trkpt lat="45.77398" lon="10.8485">
        <ele>1269.0</ele>
      </trkpt>
      <trkpt lat="45.77398" lon="10.84841">
        <ele>1266.84</ele>
      </trkpt>
      <trkpt lat="45.77397" lon="10.84839">
        <ele>1266.37</ele>
      </trkpt>
      <trkpt lat="45.77395" lon="10.84835">
        <ele>1265.41</ele>
      </trkpt>
      <trkpt lat="45.77391" lon="10.84829">
        <ele>1263.66</ele>
      </trkpt>
      <trkpt lat="45.7739" lon="10.84824">
        <ele>1262.04</ele>
      </trkpt>
      <trkpt lat="45.77401" lon="10.84825">
        <ele>1262.95</ele>
      </trkpt>
      <trkpt lat="45.7741" lon="10.84822">
        <ele>1262.88</ele>
      </trkpt>
      <trkpt lat="45.77425" lon="10.84816">
        <ele>1263.82</ele>
      </trkpt>
      <trkpt lat="45.77445" lon="10.84821">
        <ele>1267.76</ele>
      </trkpt>
      <trkpt lat="45.77462" lon="10.84834">
        <ele>1270.07</ele>
      </trkpt>
      <trkpt lat="45.77466" lon="10.84855">
        <ele>1272.34</ele>
      </trkpt>
      <trkpt lat="45.77465" lon="10.84899">
        <ele>1278.47</ele>
      </trkpt>
      <trkpt lat="45.77472" lon="10.84921">
        <ele>1282.92</ele>
      </trkpt>
      <trkpt lat="45.77575" lon="10.85">
        <ele>1293.0</ele>
      </trkpt>
      <trkpt lat="45.77595" lon="10.85016">
        <ele>1294.56</ele>
      </trkpt>
      <trkpt lat="45.77642" lon="10.85073">
        <ele>1298.83</ele>
      </trkpt>
      <trkpt lat="45.77679" lon="10.85097">
        <ele>1302.48</ele>
      </trkpt>
      <trkpt lat="45.77679" lon="10.85097">
        <ele>1302.48</ele>
      </trkpt>
      <trkpt lat="45.77688" lon="10.85103">
        <ele>1304.22</ele>
      </trkpt>
      <trkpt lat="45.77688" lon="10.85103">
        <ele>1304.22</ele>
      </trkpt>
      <trkpt lat="45.77719" lon="10.85124">
        <ele>1305.78</ele>
      </trkpt>
      <trkpt lat="45.77765" lon="10.85145">
        <ele>1308.34</ele>
      </trkpt>
      <trkpt lat="45.77785" lon="10.85151">
        <ele>1308.44</ele>
      </trkpt>
      <trkpt lat="45.77887" lon="10.85153">
        <ele>1315.91</ele>
      </trkpt>
      <trkpt lat="45.77931" lon="10.85155">
        <ele>1322.72</ele>
      </trkpt>
      <trkpt lat="45.77944" lon="10.85155">
        <ele>1324.98</ele>
      </trkpt>
      <trkpt lat="45.77976" lon="10.85147">
        <ele>1326.83</ele>
      </trkpt>
      <trkpt lat="45.78056" lon="10.85129">
        <ele>1329.65</ele>
      </trkpt>
      <trkpt lat="45.78071" lon="10.85124">
        <ele>1329.72</ele>
      </trkpt>
      <trkpt lat="45.78099" lon="10.8512">
        <ele>1331.87</ele>
      </trkpt>
      <trkpt lat="45.78118" lon="10.85115">
        <ele>1335.43</ele>
      </trkpt>
      <trkpt lat="45.78131" lon="10.85117">
        <ele>1340.94</ele>
      </trkpt>
      <trkpt lat="45.78141" lon="10.85093">
        <ele>1343.21</ele>
      </trkpt>
      <trkpt lat="45.7815" lon="10.85077">
        <ele>1341.55</ele>
      </trkpt>
      <trkpt lat="45.78185" lon="10.8508">
        <ele>1340.36</ele>
      </trkpt>
      <trkpt lat="45.78202" lon="10.85082">
        <ele>1338.52</ele>
      </trkpt>
      <trkpt lat="45.78219" lon="10.85079">
        <ele>1334.99</ele>
      </trkpt>
      <trkpt lat="45.78243" lon="10.85079">
        <ele>1335.52</ele>
      </trkpt>
      <trkpt lat="45.7825" lon="10.8507">
        <ele>1333.64</ele>
      </trkpt>
      <trkpt lat="45.78282" lon="10.85048">
        <ele>1325.44</ele>
      </trkpt>
      <trkpt lat="45.78266" lon="10.85029">
        <ele>1321.09</ele>
      </trkpt>
      <trkpt lat="45.78268" lon="10.85019">
        <ele>1317.71</ele>
      </trkpt>
      <trkpt lat="45.7829" lon="10.85032">
        <ele>1319.22</ele>
      </trkpt>
      <trkpt lat="45.78292" lon="10.85023">
        <ele>1315.15</ele>
      </trkpt>
      <trkpt lat="45.7826" lon="10.85005">
        <ele>1312.86</ele>
      </trkpt>
      <trkpt lat="45.78265" lon="10.84997">
        <ele>1308.44</ele>
      </trkpt>
      <trkpt lat="45.78292" lon="10.84997">
        <ele>1302.32</ele>
      </trkpt>
      <trkpt lat="45.78277" lon="10.84974">
        <ele>1289.41</ele>
      </trkpt>
      <trkpt lat="45.7826" lon="10.84971">
        <ele>1287.22</ele>
      </trkpt>
      <trkpt lat="45.78226" lon="10.84951">
        <ele>1278.06</ele>
      </trkpt>
      <trkpt lat="45.78226" lon="10.8494">
        <ele>1269.66</ele>
      </trkpt>
      <trkpt lat="45.78243" lon="10.84924">
        <ele>1259.52</ele>
      </trkpt>
      <trkpt lat="45.78282" lon="10.84913">
        <ele>1250.62</ele>
      </trkpt>
      <trkpt lat="45.78333" lon="10.84904">
        <ele>1240.51</ele>
      </trkpt>
      <trkpt lat="45.78319" lon="10.84888">
        <ele>1237.84</ele>
      </trkpt>
      <trkpt lat="45.78341" lon="10.84888">
        <ele>1232.53</ele>
      </trkpt>
      <trkpt lat="45.78311" lon="10.84845">
        <ele>1223.15</ele>
      </trkpt>
      <trkpt lat="45.78335" lon="10.84842">
        <ele>1214.9</ele>
      </trkpt>
      <trkpt lat="45.78279" lon="10.84818">
        <ele>1211.91</ele>
      </trkpt>
      <trkpt lat="45.78253" lon="10.84788">
        <ele>1201.71</ele>
      </trkpt>
      <trkpt lat="45.78262" lon="10.84775">
        <ele>1194.35</ele>
      </trkpt>
      <trkpt lat="45.78245" lon="10.8475">
        <ele>1183.0</ele>
      </trkpt>
      <trkpt lat="45.7829" lon="10.84737">
        <ele>1172.16</ele>
      </trkpt>
      <trkpt lat="45.78261" lon="10.84723">
        <ele>1167.63</ele>
      </trkpt>
      <trkpt lat="45.78263" lon="10.84711">
        <ele>1160.63</ele>
      </trkpt>
      <trkpt lat="45.78289" lon="10.84706">
        <ele>1155.26</ele>
      </trkpt>
      <trkpt lat="45.78262" lon="10.84697">
        <ele>1152.73</ele>
      </trkpt>
      <trkpt lat="45.78264" lon="10.84677">
        <ele>1141.88</ele>
      </trkpt>
      <trkpt lat="45.78296" lon="10.84672">
        <ele>1136.38</ele>
      </trkpt>
      <trkpt lat="45.78269" lon="10.84665">
        <ele>1135.21</ele>
      </trkpt>
      <trkpt lat="45.78264" lon="10.84647">
        <ele>1127.99</ele>
      </trkpt>
      <trkpt lat="45.78293" lon="10.84634">
        <ele>1118.2</ele>
      </trkpt>
      <trkpt lat="45.78273" lon="10.84628">
        <ele>1116.33</ele>
      </trkpt>
      <trkpt lat="45.78264" lon="10.84607">
        <ele>1106.4</ele>
      </trkpt>
      <trkpt lat="45.78281" lon="10.84611">
        <ele>1105.06</ele>
      </trkpt>
      <trkpt lat="45.78302" lon="10.84596">
        <ele>1097.78</ele>
      </trkpt>
      <trkpt lat="45.78246" lon="10.84567">
        <ele>1092.93</ele>
      </trkpt>
      <trkpt lat="45.78244" lon="10.84566">
        <ele>1092.95</ele>
      </trkpt>
      <trkpt lat="45.78245" lon="10.84553">
        <ele>1087.6</ele>
      </trkpt>
      <trkpt lat="45.78248" lon="10.84553">
        <ele>1087.18</ele>
      </trkpt>
      <trkpt lat="45.78277" lon="10.8455">
        <ele>1080.16</ele>
      </trkpt>
      <trkpt lat="45.78305" lon="10.8454">
        <ele>1073.58</ele>
      </trkpt>
      <trkpt lat="45.78329" lon="10.84496">
        <ele>1055.36</ele>
      </trkpt>
      <trkpt lat="45.78346" lon="10.84486">
        <ele>1052.33</ele>
      </trkpt>
      <trkpt lat="45.78381" lon="10.84442">
        <ele>1039.83</ele>
      </trkpt>
      <trkpt lat="45.78411" lon="10.84412">
        <ele>1033.33</ele>
      </trkpt>
      <trkpt lat="45.78378" lon="10.844">
        <ele>1020.7</ele>
      </trkpt>
      <trkpt lat="45.78327" lon="10.8441">
        <ele>1016.94</ele>
      </trkpt>
      <trkpt lat="45.78285" lon="10.84382">
        <ele>994.26</ele>
      </trkpt>
      <trkpt lat="45.7827" lon="10.84378">
        <ele>992.78</ele>
      </trkpt>
      <trkpt lat="45.78258" lon="10.84375">
        <ele>991.92</ele>
      </trkpt>
      <trkpt lat="45.78249" lon="10.84347">
        <ele>980.57</ele>
      </trkpt>
      <trkpt lat="45.78211" lon="10.84307">
        <ele>969.51</ele>
      </trkpt>
      <trkpt lat="45.78187" lon="10.84265">
        <ele>950.62</ele>
      </trkpt>
      <trkpt lat="45.78236" lon="10.84264">
        <ele>943.83</ele>
      </trkpt>
      <trkpt lat="45.78245" lon="10.84264">
        <ele>942.37</ele>
      </trkpt>
      <trkpt lat="45.78229" lon="10.84239">
        <ele>931.86</ele>
      </trkpt>
      <trkpt lat="45.78155" lon="10.84186">
        <ele>910.82</ele>
      </trkpt>
      <trkpt lat="45.78147" lon="10.84167">
        <ele>900.75</ele>
      </trkpt>
      <trkpt lat="45.78139" lon="10.84149">
        <ele>893.7</ele>
      </trkpt>
      <trkpt lat="45.78158" lon="10.84161">
        <ele>895.35</ele>
      </trkpt>
      <trkpt lat="45.78173" lon="10.84152">
        <ele>885.96</ele>
      </trkpt>
      <trkpt lat="45.78194" lon="10.84148">
        <ele>876.38</ele>
      </trkpt>
      <trkpt lat="45.78224" lon="10.84138">
        <ele>872.49</ele>
      </trkpt>
      <trkpt lat="45.78235" lon="10.8413">
        <ele>867.99</ele>
      </trkpt>
      <trkpt lat="45.78246" lon="10.84128">
        <ele>867.47</ele>
      </trkpt>
      <trkpt lat="45.78258" lon="10.84119">
        <ele>863.21</ele>
      </trkpt>
      <trkpt lat="45.78265" lon="10.84107">
        <ele>858.56</ele>
      </trkpt>
      <trkpt lat="45.78277" lon="10.84089">
        <ele>854.63</ele>
      </trkpt>
      <trkpt lat="45.78286" lon="10.84059">
        <ele>843.22</ele>
      </trkpt>
      <trkpt lat="45.78309" lon="10.84027">
        <ele>833.33</ele>
      </trkpt>
      <trkpt lat="45.78322" lon="10.8401">
        <ele>826.62</ele>
      </trkpt>
      <trkpt lat="45.78346" lon="10.84001">
        <ele>831.0</ele>
      </trkpt>
      <trkpt lat="45.78326" lon="10.83991">
        <ele>818.83</ele>
      </trkpt>
      <trkpt lat="45.78314" lon="10.83981">
        <ele>808.48</ele>
      </trkpt>
      <trkpt lat="45.7829" lon="10.83984">
        <ele>802.95</ele>
      </trkpt>
      <trkpt lat="45.78267" lon="10.83989">
        <ele>801.98</ele>
      </trkpt>
      <trkpt lat="45.7825" lon="10.84003">
        <ele>807.4</ele>
      </trkpt>
      <trkpt lat="45.78239" lon="10.84002">
        <ele>805.41</ele>
      </trkpt>
      <trkpt lat="45.78232" lon="10.84002">
        <ele>804.44</ele>
      </trkpt>
      <trkpt lat="45.78229" lon="10.83989">
        <ele>797.24</ele>
      </trkpt>
      <trkpt lat="45.78216" lon="10.83977">
        <ele>790.71</ele>
      </trkpt>
      <trkpt lat="45.78201" lon="10.83979">
        <ele>792.55</ele>
      </trkpt>
      <trkpt lat="45.78197" lon="10.8396">
        <ele>783.15</ele>
      </trkpt>
      <trkpt lat="45.78213" lon="10.83938">
        <ele>771.8</ele>
      </trkpt>
      <trkpt lat="45.78223" lon="10.8394">
        <ele>772.1</ele>
      </trkpt>
      <trkpt lat="45.78228" lon="10.83939">
        <ele>771.77</ele>
      </trkpt>
      <trkpt lat="45.78232" lon="10.83938">
        <ele>771.4</ele>
      </trkpt>
      <trkpt lat="45.78233" lon="10.83924">
        <ele>764.98</ele>
      </trkpt>
      <trkpt lat="45.78256" lon="10.83902">
        <ele>756.49</ele>
      </trkpt>
      <trkpt lat="45.78269" lon="10.83865">
        <ele>741.16</ele>
      </trkpt>
      <trkpt lat="45.78304" lon="10.83842">
        <ele>728.77</ele>
      </trkpt>
      <trkpt lat="45.78337" lon="10.83824">
        <ele>721.41</ele>
      </trkpt>
      <trkpt lat="45.78352" lon="10.8382">
        <ele>719.33</ele>
      </trkpt>
      <trkpt lat="45.78379" lon="10.83808">
        <ele>716.3</ele>
      </trkpt>
      <trkpt lat="45.78382" lon="10.83795">
        <ele>712.87</ele>
      </trkpt>
      <trkpt lat="45.78369" lon="10.83798">
        <ele>713.63</ele>
      </trkpt>
      <trkpt lat="45.7835" lon="10.83799">
        <ele>712.39</ele>
      </trkpt>
      <trkpt lat="45.78321" lon="10.83793">
        <ele>705.4</ele>
      </trkpt>
      <trkpt lat="45.783" lon="10.83768">
        <ele>688.05</ele>
      </trkpt>
      <trkpt lat="45.78284" lon="10.83767">
        <ele>686.68</ele>
      </trkpt>
      <trkpt lat="45.78255" lon="10.83749">
        <ele>676.3</ele>
      </trkpt>
      <trkpt lat="45.78241" lon="10.83759">
        <ele>680.47</ele>
      </trkpt>
      <trkpt lat="45.78227" lon="10.83764">
        <ele>680.73</ele>
      </trkpt>
      <trkpt lat="45.78223" lon="10.83765">
        <ele>680.52</ele>
      </trkpt>
      <trkpt lat="45.78213" lon="10.8373">
        <ele>666.03</ele>
      </trkpt>
      <trkpt lat="45.7822" lon="10.83725">
        <ele>664.12</ele>
      </trkpt>
      <trkpt lat="45.78228" lon="10.83721">
        <ele>662.42</ele>
      </trkpt>
      <trkpt lat="45.78256" lon="10.83708">
        <ele>655.19</ele>
      </trkpt>
      <trkpt lat="45.7829" lon="10.83679">
        <ele>641.73</ele>
      </trkpt>
      <trkpt lat="45.78293" lon="10.83653">
        <ele>633.76</ele>
      </trkpt>
      <trkpt lat="45.78301" lon="10.83637">
        <ele>630.15</ele>
      </trkpt>
      <trkpt lat="45.78317" lon="10.8364">
        <ele>631.93</ele>
      </trkpt>
      <trkpt lat="45.78313" lon="10.83628">
        <ele>626.95</ele>
      </trkpt>
      <trkpt lat="45.78272" lon="10.83585">
        <ele>604.96</ele>
      </trkpt>
      <trkpt lat="45.78263" lon="10.83585">
        <ele>603.97</ele>
      </trkpt>
      <trkpt lat="45.78247" lon="10.83592">
        <ele>604.41</ele>
      </trkpt>
      <trkpt lat="45.78239" lon="10.83592">
        <ele>603.35</ele>
      </trkpt>
      <trkpt lat="45.78214" lon="10.83587">
        <ele>598.63</ele>
      </trkpt>
      <trkpt lat="45.782" lon="10.83584">
        <ele>595.94</ele>
      </trkpt>
      <trkpt lat="45.7819" lon="10.83584">
        <ele>595.03</ele>
      </trkpt>
      <trkpt lat="45.78191" lon="10.83578">
        <ele>592.52</ele>
      </trkpt>
      <trkpt lat="45.78198" lon="10.83566">
        <ele>588.06</ele>
      </trkpt>
      <trkpt lat="45.78203" lon="10.83558">
        <ele>585.54</ele>
      </trkpt>
      <trkpt lat="45.78211" lon="10.8356">
        <ele>587.71</ele>
      </trkpt>
      <trkpt lat="45.78217" lon="10.83536">
        <ele>581.3</ele>
      </trkpt>
      <trkpt lat="45.78195" lon="10.83533">
        <ele>575.81</ele>
      </trkpt>
      <trkpt lat="45.78189" lon="10.83531">
        <ele>574.89</ele>
      </trkpt>
      <trkpt lat="45.78144" lon="10.83521">
        <ele>569.9</ele>
      </trkpt>
      <trkpt lat="45.78102" lon="10.83495">
        <ele>564.14</ele>
      </trkpt>
      <trkpt lat="45.78077" lon="10.83506">
        <ele>567.54</ele>
      </trkpt>
      <trkpt lat="45.78052" lon="10.83497">
        <ele>563.46</ele>
      </trkpt>
      <trkpt lat="45.78019" lon="10.83476">
        <ele>563.66</ele>
      </trkpt>
      <trkpt lat="45.78008" lon="10.83471">
        <ele>565.36</ele>
      </trkpt>
      <trkpt lat="45.77991" lon="10.83464">
        <ele>568.52</ele>
      </trkpt>
      <trkpt lat="45.7796" lon="10.83422">
        <ele>567.49</ele>
      </trkpt>
      <trkpt lat="45.77942" lon="10.83422">
        <ele>572.82</ele>
      </trkpt>
      <trkpt lat="45.77925" lon="10.8341">
        <ele>572.56</ele>
      </trkpt>
      <trkpt lat="45.7791" lon="10.8338">
        <ele>571.24</ele>
      </trkpt>
      <trkpt lat="45.77867" lon="10.83362">
        <ele>566.37</ele>
      </trkpt>
      <trkpt lat="45.77837" lon="10.8337">
        <ele>565.86</ele>
      </trkpt>
      <trkpt lat="45.77805" lon="10.8335">
        <ele>567.01</ele>
      </trkpt>
      <trkpt lat="45.7775" lon="10.83345">
        <ele>570.1</ele>
      </trkpt>
      <trkpt lat="45.77706" lon="10.83376">
        <ele>573.73</ele>
      </trkpt>
      <trkpt lat="45.77675" lon="10.8337">
        <ele>573.98</ele>
      </trkpt>
      <trkpt lat="45.77656" lon="10.83373">
        <ele>575.32</ele>
      </trkpt>
      <trkpt lat="45.77615" lon="10.83352">
        <ele>574.88</ele>
      </trkpt>
      <trkpt lat="45.77597" lon="10.83357">
        <ele>574.62</ele>
      </trkpt>
      <trkpt lat="45.77575" lon="10.8337">
        <ele>578.17</ele>
      </trkpt>
      <trkpt lat="45.77555" lon="10.83361">
        <ele>583.14</ele>
      </trkpt>
      <trkpt lat="45.77555" lon="10.83361">
        <ele>583.14</ele>
      </trkpt>
      <trkpt lat="45.77537" lon="10.83354">
        <ele>587.06</ele>
      </trkpt>
      <trkpt lat="45.7751" lon="10.83322">
        <ele>586.08</ele>
      </trkpt>
      <trkpt lat="45.77492" lon="10.83308">
        <ele>585.33</ele>
      </trkpt>
      <trkpt lat="45.77482" lon="10.83316">
        <ele>588.92</ele>
      </trkpt>
      <trkpt lat="45.77471" lon="10.83337">
        <ele>593.56</ele>
      </trkpt>
      <trkpt lat="45.77426" lon="10.83376">
        <ele>591.98</ele>
      </trkpt>
      <trkpt lat="45.77384" lon="10.83389">
        <ele>583.5</ele>
      </trkpt>
      <trkpt lat="45.77341" lon="10.83366">
        <ele>583.42</ele>
      </trkpt>
      <trkpt lat="45.77299" lon="10.83367">
        <ele>597.74</ele>
      </trkpt>
      <trkpt lat="45.77253" lon="10.83303">
        <ele>584.82</ele>
      </trkpt>
      <trkpt lat="45.77181" lon="10.83264">
        <ele>582.25</ele>
      </trkpt>
      <trkpt lat="45.77175" lon="10.83255">
        <ele>581.74</ele>
      </trkpt>
      <trkpt lat="45.77167" lon="10.83247">
        <ele>581.33</ele>
      </trkpt>
      <trkpt lat="45.77143" lon="10.8324">
        <ele>574.49</ele>
      </trkpt>
      <trkpt lat="45.77112" lon="10.83236">
        <ele>569.12</ele>
      </trkpt>
      <trkpt lat="45.77022" lon="10.83141">
        <ele>543.34</ele>
      </trkpt>
      <trkpt lat="45.76977" lon="10.831">
        <ele>534.84</ele>
      </trkpt>
      <trkpt lat="45.76972" lon="10.83118">
        <ele>542.01</ele>
      </trkpt>
      <trkpt lat="45.76967" lon="10.83129">
        <ele>545.72</ele>
      </trkpt>
      <trkpt lat="45.7696" lon="10.83135">
        <ele>548.2</ele>
      </trkpt>
      <trkpt lat="45.76932" lon="10.83143">
        <ele>553.58</ele>
      </trkpt>
      <trkpt lat="45.76916" lon="10.8315">
        <ele>557.81</ele>
      </trkpt>
      <trkpt lat="45.76914" lon="10.83154">
        <ele>558.86</ele>
      </trkpt>
      <trkpt lat="45.76908" lon="10.83162">
        <ele>561.08</ele>
      </trkpt>
      <trkpt lat="45.76904" lon="10.83207">
        <ele>564.71</ele>
      </trkpt>
      <trkpt lat="45.76902" lon="10.83232">
        <ele>563.7</ele>
      </trkpt>
      <trkpt lat="45.76902" lon="10.83244">
        <ele>563.27</ele>
      </trkpt>
      <trkpt lat="45.769" lon="10.83249">
        <ele>563.24</ele>
      </trkpt>
      <trkpt lat="45.76897" lon="10.8325">
        <ele>563.42</ele>
      </trkpt>
      <trkpt lat="45.76891" lon="10.8324">
        <ele>564.21</ele>
      </trkpt>
      <trkpt lat="45.76886" lon="10.83235">
        <ele>563.71</ele>
      </trkpt>
      <trkpt lat="45.76877" lon="10.83235">
        <ele>561.12</ele>
      </trkpt>
      <trkpt lat="45.76874" lon="10.83296">
        <ele>565.46</ele>
      </trkpt>
      <trkpt lat="45.76873" lon="10.83325">
        <ele>571.55</ele>
      </trkpt>
      <trkpt lat="45.7688" lon="10.8335">
        <ele>577.7</ele>
      </trkpt>
      <trkpt lat="45.76882" lon="10.83354">
        <ele>578.86</ele>
      </trkpt>
      <trkpt lat="45.76887" lon="10.83372">
        <ele>582.66</ele>
      </trkpt>
      <trkpt lat="45.76875" lon="10.83388">
        <ele>581.39</ele>
      </trkpt>
      <trkpt lat="45.76861" lon="10.83403">
        <ele>581.03</ele>
      </trkpt>
      <trkpt lat="45.76844" lon="10.83414">
        <ele>581.46</ele>
      </trkpt>
      <trkpt lat="45.76835" lon="10.83421">
        <ele>581.81</ele>
      </trkpt>
      <trkpt lat="45.76818" lon="10.83427">
        <ele>580.49</ele>
      </trkpt>
      <trkpt lat="45.76809" lon="10.83421">
        <ele>578.26</ele>
      </trkpt>
      <trkpt lat="45.768" lon="10.83401">
        <ele>573.45</ele>
      </trkpt>
      <trkpt lat="45.76787" lon="10.83373">
        <ele>567.71</ele>
      </trkpt>
      <trkpt lat="45.7678" lon="10.83364">
        <ele>566.39</ele>
      </trkpt>
      <trkpt lat="45.7677" lon="10.83354">
        <ele>563.84</ele>
      </trkpt>
      <trkpt lat="45.7676" lon="10.83355">
        <ele>564.3</ele>
      </trkpt>
      <trkpt lat="45.76751" lon="10.83363">
        <ele>566.21</ele>
      </trkpt>
      <trkpt lat="45.76747" lon="10.83367">
        <ele>566.55</ele>
      </trkpt>
      <trkpt lat="45.76743" lon="10.83366">
        <ele>566.32</ele>
      </trkpt>
      <trkpt lat="45.76739" lon="10.83364">
        <ele>565.96</ele>
      </trkpt>
      <trkpt lat="45.76729" lon="10.83353">
        <ele>563.42</ele>
      </trkpt>
      <trkpt lat="45.76716" lon="10.8332">
        <ele>553.82</ele>
      </trkpt>
      <trkpt lat="45.76702" lon="10.83319">
        <ele>550.48</ele>
      </trkpt>
      <trkpt lat="45.76692" lon="10.83326">
        <ele>550.98</ele>
      </trkpt>
      <trkpt lat="45.76685" lon="10.83334">
        <ele>552.79</ele>
      </trkpt>
      <trkpt lat="45.76666" lon="10.83348">
        <ele>553.61</ele>
      </trkpt>
      <trkpt lat="45.76653" lon="10.83357">
        <ele>554.76</ele>
      </trkpt>
      <trkpt lat="45.76635" lon="10.83363">
        <ele>555.77</ele>
      </trkpt>
      <trkpt lat="45.76631" lon="10.83363">
        <ele>555.93</ele>
      </trkpt>
      <trkpt lat="45.76631" lon="10.83363">
        <ele>555.93</ele>
      </trkpt>
      <trkpt lat="45.76622" lon="10.83363">
        <ele>556.3</ele>
      </trkpt>
      <trkpt lat="45.76617" lon="10.83373">
        <ele>560.31</ele>
      </trkpt>
      <trkpt lat="45.76613" lon="10.83377">
        <ele>562.15</ele>
      </trkpt>
      <trkpt lat="45.7661" lon="10.83379">
        <ele>563.23</ele>
      </trkpt>
      <trkpt lat="45.76606" lon="10.83378">
        <ele>563.38</ele>
      </trkpt>
      <trkpt lat="45.76593" lon="10.83373">
        <ele>563.41</ele>
      </trkpt>
      <trkpt lat="45.76589" lon="10.83368">
        <ele>562.31</ele>
      </trkpt>
      <trkpt lat="45.76568" lon="10.83355">
        <ele>562.72</ele>
      </trkpt>
      <trkpt lat="45.76561" lon="10.83345">
        <ele>561.06</ele>
      </trkpt>
      <trkpt lat="45.76563" lon="10.8334">
        <ele>558.24</ele>
      </trkpt>
      <trkpt lat="45.76556" lon="10.83324">
        <ele>555.78</ele>
      </trkpt>
      <trkpt lat="45.76555" lon="10.83312">
        <ele>552.31</ele>
      </trkpt>
      <trkpt lat="45.76531" lon="10.83309">
        <ele>560.84</ele>
      </trkpt>
      <trkpt lat="45.76507" lon="10.83288">
        <ele>555.89</ele>
      </trkpt>
      <trkpt lat="45.76486" lon="10.83271">
        <ele>550.19</ele>
      </trkpt>
      <trkpt lat="45.76473" lon="10.83271">
        <ele>551.0</ele>
      </trkpt>
      <trkpt lat="45.76435" lon="10.83264">
        <ele>552.9</ele>
      </trkpt>
      <trkpt lat="45.76432" lon="10.83264">
        <ele>553.49</ele>
      </trkpt>
      <trkpt lat="45.76438" lon="10.83252">
        <ele>549.61</ele>
      </trkpt>
      <trkpt lat="45.76442" lon="10.83246">
        <ele>547.59</ele>
      </trkpt>
      <trkpt lat="45.76458" lon="10.83234">
        <ele>542.24</ele>
      </trkpt>
      <trkpt lat="45.76462" lon="10.83223">
        <ele>538.43</ele>
      </trkpt>
      <trkpt lat="45.76473" lon="10.83212">
        <ele>532.26</ele>
      </trkpt>
      <trkpt lat="45.76462" lon="10.83208">
        <ele>533.65</ele>
      </trkpt>
      <trkpt lat="45.76451" lon="10.83204">
        <ele>535.53</ele>
      </trkpt>
      <trkpt lat="45.76441" lon="10.832">
        <ele>537.24</ele>
      </trkpt>
      <trkpt lat="45.76434" lon="10.83187">
        <ele>534.89</ele>
      </trkpt>
      <trkpt lat="45.76432" lon="10.8317">
        <ele>529.24</ele>
      </trkpt>
      <trkpt lat="45.76425" lon="10.83156">
        <ele>526.27</ele>
      </trkpt>
      <trkpt lat="45.76416" lon="10.83146">
        <ele>524.07</ele>
      </trkpt>
      <trkpt lat="45.76417" lon="10.83137">
        <ele>520.41</ele>
      </trkpt>
      <trkpt lat="45.7642" lon="10.83129">
        <ele>517.76</ele>
      </trkpt>
      <trkpt lat="45.76417" lon="10.83121">
        <ele>515.82</ele>
      </trkpt>
      <trkpt lat="45.76409" lon="10.83113">
        <ele>513.29</ele>
      </trkpt>
      <trkpt lat="45.76399" lon="10.831">
        <ele>509.71</ele>
      </trkpt>
      <trkpt lat="45.76389" lon="10.83084">
        <ele>505.18</ele>
      </trkpt>
      <trkpt lat="45.76387" lon="10.83071">
        <ele>500.73</ele>
      </trkpt>
      <trkpt lat="45.76392" lon="10.83066">
        <ele>499.54</ele>
      </trkpt>
      <trkpt lat="45.76395" lon="10.83058">
        <ele>497.03</ele>
      </trkpt>
      <trkpt lat="45.76392" lon="10.83047">
        <ele>492.72</ele>
      </trkpt>
      <trkpt lat="45.76382" lon="10.83038">
        <ele>488.68</ele>
      </trkpt>
      <trkpt lat="45.76373" lon="10.8304">
        <ele>488.83</ele>
      </trkpt>
      <trkpt lat="45.76358" lon="10.83043">
        <ele>488.9</ele>
      </trkpt>
      <trkpt lat="45.76339" lon="10.8304">
        <ele>488.43</ele>
      </trkpt>
      <trkpt lat="45.76326" lon="10.8303">
        <ele>485.7</ele>
      </trkpt>
      <trkpt lat="45.76324" lon="10.8301">
        <ele>480.1</ele>
      </trkpt>
      <trkpt lat="45.76333" lon="10.82989">
        <ele>475.03</ele>
      </trkpt>
      <trkpt lat="45.76326" lon="10.82976">
        <ele>472.72</ele>
      </trkpt>
      <trkpt lat="45.76306" lon="10.82965">
        <ele>470.44</ele>
      </trkpt>
      <trkpt lat="45.76282" lon="10.8296">
        <ele>470.95</ele>
      </trkpt>
      <trkpt lat="45.76268" lon="10.82957">
        <ele>470.42</ele>
      </trkpt>
      <trkpt lat="45.76268" lon="10.82957">
        <ele>470.42</ele>
      </trkpt>
      <trkpt lat="45.7626" lon="10.82955">
        <ele>469.73</ele>
      </trkpt>
      <trkpt lat="45.76252" lon="10.82958">
        <ele>470.0</ele>
      </trkpt>
      <trkpt lat="45.76244" lon="10.82957">
        <ele>469.04</ele>
      </trkpt>
      <trkpt lat="45.76233" lon="10.82952">
        <ele>466.52</ele>
      </trkpt>
      <trkpt lat="45.76217" lon="10.82943">
        <ele>462.92</ele>
      </trkpt>
      <trkpt lat="45.76203" lon="10.82936">
        <ele>461.86</ele>
      </trkpt>
      <trkpt lat="45.76189" lon="10.82922">
        <ele>459.67</ele>
      </trkpt>
      <trkpt lat="45.762" lon="10.82909">
        <ele>454.58</ele>
      </trkpt>
      <trkpt lat="45.76217" lon="10.82876">
        <ele>446.23</ele>
      </trkpt>
      <trkpt lat="45.76224" lon="10.82833">
        <ele>438.31</ele>
      </trkpt>
      <trkpt lat="45.76237" lon="10.8281">
        <ele>436.15</ele>
      </trkpt>
      <trkpt lat="45.76246" lon="10.82783">
        <ele>432.5</ele>
      </trkpt>
      <trkpt lat="45.76257" lon="10.82748">
        <ele>424.0</ele>
      </trkpt>
      <trkpt lat="45.76274" lon="10.82727">
        <ele>419.93</ele>
      </trkpt>
      <trkpt lat="45.76314" lon="10.82686">
        <ele>414.0</ele>
      </trkpt>
      <trkpt lat="45.7633" lon="10.82681">
        <ele>413.12</ele>
      </trkpt>
      <trkpt lat="45.76325" lon="10.82662">
        <ele>410.91</ele>
      </trkpt>
      <trkpt lat="45.76321" lon="10.82639">
        <ele>409.01</ele>
      </trkpt>
      <trkpt lat="45.76318" lon="10.82601">
        <ele>406.11</ele>
      </trkpt>
      <trkpt lat="45.76311" lon="10.82574">
        <ele>403.87</ele>
      </trkpt>
      <trkpt lat="45.76299" lon="10.82542">
        <ele>399.73</ele>
      </trkpt>
      <trkpt lat="45.7629" lon="10.82523">
        <ele>396.04</ele>
      </trkpt>
      <trkpt lat="45.76279" lon="10.82504">
        <ele>392.59</ele>
      </trkpt>
      <trkpt lat="45.76267" lon="10.82496">
        <ele>391.72</ele>
      </trkpt>
      <trkpt lat="45.76246" lon="10.82489">
        <ele>391.3</ele>
      </trkpt>
      <trkpt lat="45.76224" lon="10.82486">
        <ele>390.53</ele>
      </trkpt>
      <trkpt lat="45.76166" lon="10.82494">
        <ele>382.71</ele>
      </trkpt>
      <trkpt lat="45.76152" lon="10.82492">
        <ele>380.98</ele>
      </trkpt>
      <trkpt lat="45.76114" lon="10.82475">
        <ele>372.02</ele>
      </trkpt>
      <trkpt lat="45.76105" lon="10.82468">
        <ele>368.99</ele>
      </trkpt>
      <trkpt lat="45.76099" lon="10.82461">
        <ele>366.4</ele>
      </trkpt>
      <trkpt lat="45.76099" lon="10.8245">
        <ele>364.02</ele>
      </trkpt>
      <trkpt lat="45.76103" lon="10.82396">
        <ele>356.8</ele>
      </trkpt>
      <trkpt lat="45.76101" lon="10.82367">
        <ele>353.02</ele>
      </trkpt>
      <trkpt lat="45.76089" lon="10.82324">
        <ele>342.97</ele>
      </trkpt>
      <trkpt lat="45.76084" lon="10.82307">
        <ele>340.29</ele>
      </trkpt>
      <trkpt lat="45.76079" lon="10.82287">
        <ele>339.18</ele>
      </trkpt>
      <trkpt lat="45.76071" lon="10.82271">
        <ele>338.1</ele>
      </trkpt>
      <trkpt lat="45.76054" lon="10.82239">
        <ele>333.41</ele>
      </trkpt>
      <trkpt lat="45.76049" lon="10.82215">
        <ele>329.97</ele>
      </trkpt>
      <trkpt lat="45.7605" lon="10.82203">
        <ele>326.97</ele>
      </trkpt>
      <trkpt lat="45.76051" lon="10.82166">
        <ele>318.39</ele>
      </trkpt>
      <trkpt lat="45.76048" lon="10.82137">
        <ele>314.2</ele>
      </trkpt>
      <trkpt lat="45.76042" lon="10.82129">
        <ele>313.2</ele>
      </trkpt>
      <trkpt lat="45.76035" lon="10.82112">
        <ele>310.64</ele>
      </trkpt>
      <trkpt lat="45.76024" lon="10.82087">
        <ele>308.09</ele>
      </trkpt>
      <trkpt lat="45.76008" lon="10.82108">
        <ele>314.03</ele>
      </trkpt>
      <trkpt lat="45.76001" lon="10.82118">
        <ele>317.06</ele>
      </trkpt>
      <trkpt lat="45.75978" lon="10.82093">
        <ele>316.18</ele>
      </trkpt>
      <trkpt lat="45.75959" lon="10.82076">
        <ele>316.87</ele>
      </trkpt>
      <trkpt lat="45.75945" lon="10.82052">
        <ele>316.2</ele>
      </trkpt>
      <trkpt lat="45.75928" lon="10.82021">
        <ele>313.88</ele>
      </trkpt>
      <trkpt lat="45.75874" lon="10.81923">
        <ele>316.84</ele>
      </trkpt>
      <trkpt lat="45.75883" lon="10.81912">
        <ele>315.17</ele>
      </trkpt>
      <trkpt lat="45.75883" lon="10.81912">
        <ele>315.17</ele>
      </trkpt>
      <trkpt lat="45.75889" lon="10.81904">
        <ele>313.61</ele>
      </trkpt>
      <trkpt lat="45.75905" lon="10.819">
        <ele>310.3</ele>
      </trkpt>
      <trkpt lat="45.75913" lon="10.81898">
        <ele>308.64</ele>
      </trkpt>
      <trkpt lat="45.7592" lon="10.81895">
        <ele>306.73</ele>
      </trkpt>
      <trkpt lat="45.75928" lon="10.81888">
        <ele>303.62</ele>
      </trkpt>
      <trkpt lat="45.75934" lon="10.8188">
        <ele>300.93</ele>
      </trkpt>
      <trkpt lat="45.75942" lon="10.81868">
        <ele>297.38</ele>
      </trkpt>
      <trkpt lat="45.75953" lon="10.81853">
        <ele>294.49</ele>
      </trkpt>
      <trkpt lat="45.75963" lon="10.8184">
        <ele>292.48</ele>
      </trkpt>
      <trkpt lat="45.75963" lon="10.81841">
        <ele>292.55</ele>
      </trkpt>
      <trkpt lat="45.75985" lon="10.8182">
        <ele>289.56</ele>
      </trkpt>
      <trkpt lat="45.75998" lon="10.8181">
        <ele>288.48</ele>
      </trkpt>
      <trkpt lat="45.75997" lon="10.81802">
        <ele>287.13</ele>
      </trkpt>
      <trkpt lat="45.76002" lon="10.81784">
        <ele>282.45</ele>
      </trkpt>
      <trkpt lat="45.76011" lon="10.8175">
        <ele>278.81</ele>
      </trkpt>
      <trkpt lat="45.7602" lon="10.81693">
        <ele>278.01</ele>
      </trkpt>
      <trkpt lat="45.76024" lon="10.81672">
        <ele>278.11</ele>
      </trkpt>
      <trkpt lat="45.76025" lon="10.81652">
        <ele>277.1</ele>
      </trkpt>
      <trkpt lat="45.76024" lon="10.81635">
        <ele>275.87</ele>
      </trkpt>
      <trkpt lat="45.76024" lon="10.81589">
        <ele>267.15</ele>
      </trkpt>
      <trkpt lat="45.76026" lon="10.81576">
        <ele>262.1</ele>
      </trkpt>
      <trkpt lat="45.76029" lon="10.81571">
        <ele>259.43</ele>
      </trkpt>
      <trkpt lat="45.76033" lon="10.81568">
        <ele>257.33</ele>
      </trkpt>
      <trkpt lat="45.76037" lon="10.81565">
        <ele>255.2</ele>
      </trkpt>
      <trkpt lat="45.76047" lon="10.81564">
        <ele>252.71</ele>
      </trkpt>
      <trkpt lat="45.7606" lon="10.8156">
        <ele>248.57</ele>
      </trkpt>
      <trkpt lat="45.76061" lon="10.81559">
        <ele>248.0</ele>
      </trkpt>
      <trkpt lat="45.76062" lon="10.81558">
        <ele>247.43</ele>
      </trkpt>
      <trkpt lat="45.76062" lon="10.81557">
        <ele>246.97</ele>
      </trkpt>
      <trkpt lat="45.76062" lon="10.81556">
        <ele>246.51</ele>
      </trkpt>
      <trkpt lat="45.76061" lon="10.81556">
        <ele>246.62</ele>
      </trkpt>
      <trkpt lat="45.7606" lon="10.81555">
        <ele>246.24</ele>
      </trkpt>
      <trkpt lat="45.76057" lon="10.81554">
        <ele>246.06</ele>
      </trkpt>
      <trkpt lat="45.76053" lon="10.81553">
        <ele>246.31</ele>
      </trkpt>
      <trkpt lat="45.76042" lon="10.8155">
        <ele>247.62</ele>
      </trkpt>
      <trkpt lat="45.76032" lon="10.81546">
        <ele>248.73</ele>
      </trkpt>
      <trkpt lat="45.76019" lon="10.81532">
        <ele>246.41</ele>
      </trkpt>
      <trkpt lat="45.76011" lon="10.81519">
        <ele>243.22</ele>
      </trkpt>
      <trkpt lat="45.75998" lon="10.81495">
        <ele>240.02</ele>
      </trkpt>
      <trkpt lat="45.75994" lon="10.81478">
        <ele>238.52</ele>
      </trkpt>
      <trkpt lat="45.76002" lon="10.8148">
        <ele>236.53</ele>
      </trkpt>
      <trkpt lat="45.76018" lon="10.81481">
        <ele>232.05</ele>
      </trkpt>
      <trkpt lat="45.76054" lon="10.81479">
        <ele>218.32</ele>
      </trkpt>
      <trkpt lat="45.76059" lon="10.81478">
        <ele>216.56</ele>
      </trkpt>
      <trkpt lat="45.7606" lon="10.81481">
        <ele>217.04</ele>
      </trkpt>
      <trkpt lat="45.76064" lon="10.8148">
        <ele>215.75</ele>
      </trkpt>
      <trkpt lat="45.76069" lon="10.81479">
        <ele>214.2</ele>
      </trkpt>
      <trkpt lat="45.76074" lon="10.81479">
        <ele>212.9</ele>
      </trkpt>
      <trkpt lat="45.76079" lon="10.81477">
        <ele>211.15</ele>
      </trkpt>
      <trkpt lat="45.76081" lon="10.81476">
        <ele>210.42</ele>
      </trkpt>
      <trkpt lat="45.76089" lon="10.81473">
        <ele>208.37</ele>
      </trkpt>
      <trkpt lat="45.76094" lon="10.81469">
        <ele>206.72</ele>
      </trkpt>
      <trkpt lat="45.76102" lon="10.81464">
        <ele>204.34</ele>
      </trkpt>
      <trkpt lat="45.76108" lon="10.8146">
        <ele>202.42</ele>
      </trkpt>
      <trkpt lat="45.76112" lon="10.81458">
        <ele>201.42</ele>
      </trkpt>
      <trkpt lat="45.7612" lon="10.81454">
        <ele>200.31</ele>
      </trkpt>
      <trkpt lat="45.76122" lon="10.81453">
        <ele>200.01</ele>
      </trkpt>
      <trkpt lat="45.76131" lon="10.81448">
        <ele>198.36</ele>
      </trkpt>
      <trkpt lat="45.76135" lon="10.81445">
        <ele>197.31</ele>
      </trkpt>
      <trkpt lat="45.76143" lon="10.8144">
        <ele>194.94</ele>
      </trkpt>
      <trkpt lat="45.76146" lon="10.81439">
        <ele>193.99</ele>
      </trkpt>
      <trkpt lat="45.76153" lon="10.81435">
        <ele>191.23</ele>
      </trkpt>
      <trkpt lat="45.76163" lon="10.81429">
        <ele>186.93</ele>
      </trkpt>
      <trkpt lat="45.76166" lon="10.81428">
        <ele>185.84</ele>
      </trkpt>
      <trkpt lat="45.76173" lon="10.81422">
        <ele>182.13</ele>
      </trkpt>
      <trkpt lat="45.76178" lon="10.81419">
        <ele>179.9</ele>
      </trkpt>
      <trkpt lat="45.76184" lon="10.81416">
        <ele>177.49</ele>
      </trkpt>
      <trkpt lat="45.76186" lon="10.81415">
        <ele>176.77</ele>
      </trkpt>
      <trkpt lat="45.76194" lon="10.81414">
        <ele>174.54</ele>
      </trkpt>
      <trkpt lat="45.76202" lon="10.81414">
        <ele>173.83</ele>
      </trkpt>
      <trkpt lat="45.76207" lon="10.81414">
        <ele>173.43</ele>
      </trkpt>
      <trkpt lat="45.76212" lon="10.81415">
        <ele>173.3</ele>
      </trkpt>
      <trkpt lat="45.76217" lon="10.81416">
        <ele>173.19</ele>
      </trkpt>
      <trkpt lat="45.76221" lon="10.81418">
        <ele>173.43</ele>
      </trkpt>
      <trkpt lat="45.76226" lon="10.81419">
        <ele>173.58</ele>
      </trkpt>
      <trkpt lat="45.76233" lon="10.81419">
        <ele>173.56</ele>
      </trkpt>
      <trkpt lat="45.76236" lon="10.81419">
        <ele>173.55</ele>
      </trkpt>
      <trkpt lat="45.7624" lon="10.81419">
        <ele>173.53</ele>
      </trkpt>
      <trkpt lat="45.76246" lon="10.81419">
        <ele>173.52</ele>
      </trkpt>
      <trkpt lat="45.7625" lon="10.81418">
        <ele>173.29</ele>
      </trkpt>
      <trkpt lat="45.76255" lon="10.81416">
        <ele>172.58</ele>
      </trkpt>
      <trkpt lat="45.76259" lon="10.81413">
        <ele>171.31</ele>
      </trkpt>
      <trkpt lat="45.76268" lon="10.81401">
        <ele>166.35</ele>
      </trkpt>
      <trkpt lat="45.76271" lon="10.81397">
        <ele>164.63</ele>
      </trkpt>
      <trkpt lat="45.76276" lon="10.8139">
        <ele>161.57</ele>
      </trkpt>
      <trkpt lat="45.76285" lon="10.81385">
        <ele>157.65</ele>
      </trkpt>
      <trkpt lat="45.76289" lon="10.81383">
        <ele>155.97</ele>
      </trkpt>
      <trkpt lat="45.76297" lon="10.81383">
        <ele>154.2</ele>
      </trkpt>
      <trkpt lat="45.76302" lon="10.81383">
        <ele>153.09</ele>
      </trkpt>
      <trkpt lat="45.76309" lon="10.81383">
        <ele>151.53</ele>
      </trkpt>
      <trkpt lat="45.76313" lon="10.81384">
        <ele>150.94</ele>
      </trkpt>
      <trkpt lat="45.76316" lon="10.81387">
        <ele>151.17</ele>
      </trkpt>
      <trkpt lat="45.76323" lon="10.81394">
        <ele>151.89</ele>
      </trkpt>
      <trkpt lat="45.76328" lon="10.81398">
        <ele>152.1</ele>
      </trkpt>
      <trkpt lat="45.7633" lon="10.814">
        <ele>152.32</ele>
      </trkpt>
      <trkpt lat="45.76334" lon="10.81404">
        <ele>152.74</ele>
      </trkpt>
      <trkpt lat="45.76337" lon="10.81408">
        <ele>153.31</ele>
      </trkpt>
      <trkpt lat="45.76342" lon="10.81412">
        <ele>153.36</ele>
      </trkpt>
      <trkpt lat="45.76351" lon="10.81417">
        <ele>152.64</ele>
      </trkpt>
      <trkpt lat="45.76354" lon="10.81419">
        <ele>152.46</ele>
      </trkpt>
      <trkpt lat="45.76359" lon="10.81421">
        <ele>151.89</ele>
      </trkpt>
      <trkpt lat="45.76367" lon="10.81422">
        <ele>150.46</ele>
      </trkpt>
      <trkpt lat="45.76372" lon="10.81422">
        <ele>149.38</ele>
      </trkpt>
      <trkpt lat="45.76379" lon="10.81422">
        <ele>147.86</ele>
      </trkpt>
      <trkpt lat="45.76386" lon="10.81422">
        <ele>146.35</ele>
      </trkpt>
      <trkpt lat="45.76389" lon="10.81421">
        <ele>145.38</ele>
      </trkpt>
      <trkpt lat="45.76393" lon="10.8142">
        <ele>144.34</ele>
      </trkpt>
      <trkpt lat="45.76401" lon="10.81418">
        <ele>142.25</ele>
      </trkpt>
      <trkpt lat="45.76406" lon="10.81416">
        <ele>140.69</ele>
      </trkpt>
      <trkpt lat="45.76411" lon="10.81413">
        <ele>138.86</ele>
      </trkpt>
      <trkpt lat="45.76417" lon="10.8141">
        <ele>137.03</ele>
      </trkpt>
      <trkpt lat="45.76419" lon="10.81408">
        <ele>136.17</ele>
      </trkpt>
      <trkpt lat="45.76422" lon="10.81406">
        <ele>135.16</ele>
      </trkpt>
      <trkpt lat="45.76425" lon="10.81402">
        <ele>133.58</ele>
      </trkpt>
      <trkpt lat="45.7643" lon="10.81398">
        <ele>131.7</ele>
      </trkpt>
      <trkpt lat="45.76436" lon="10.81394">
        <ele>129.69</ele>
      </trkpt>
      <trkpt lat="45.7644" lon="10.81392">
        <ele>128.54</ele>
      </trkpt>
      <trkpt lat="45.76444" lon="10.81392">
        <ele>127.96</ele>
      </trkpt>
      <trkpt lat="45.7645" lon="10.81391">
        <ele>127.19</ele>
      </trkpt>
      <trkpt lat="45.76455" lon="10.81391">
        <ele>126.82</ele>
      </trkpt>
      <trkpt lat="45.76459" lon="10.81391">
        <ele>126.52</ele>
      </trkpt>
      <trkpt lat="45.76467" lon="10.81392">
        <ele>126.18</ele>
      </trkpt>
      <trkpt lat="45.76475" lon="10.81393">
        <ele>125.37</ele>
      </trkpt>
      <trkpt lat="45.76478" lon="10.81394">
        <ele>124.91</ele>
      </trkpt>
      <trkpt lat="45.76485" lon="10.81395">
        <ele>123.52</ele>
      </trkpt>
      <trkpt lat="45.76488" lon="10.81396">
        <ele>123.11</ele>
      </trkpt>
      <trkpt lat="45.76491" lon="10.81397">
        <ele>122.71</ele>
      </trkpt>
      <trkpt lat="45.76497" lon="10.81398">
        <ele>121.64</ele>
      </trkpt>
      <trkpt lat="45.765" lon="10.81399">
        <ele>121.28</ele>
      </trkpt>
      <trkpt lat="45.76503" lon="10.814">
        <ele>120.58</ele>
      </trkpt>
      <trkpt lat="45.76506" lon="10.81401">
        <ele>119.89</ele>
      </trkpt>
      <trkpt lat="45.76512" lon="10.81402">
        <ele>118.16</ele>
      </trkpt>
      <trkpt lat="45.76521" lon="10.81403">
        <ele>115.38</ele>
      </trkpt>
      <trkpt lat="45.76531" lon="10.81404">
        <ele>112.65</ele>
      </trkpt>
      <trkpt lat="45.76534" lon="10.81404">
        <ele>111.99</ele>
      </trkpt>
      <trkpt lat="45.76539" lon="10.81404">
        <ele>110.89</ele>
      </trkpt>
      <trkpt lat="45.76545" lon="10.81403">
        <ele>109.33</ele>
      </trkpt>
      <trkpt lat="45.7655" lon="10.81402">
        <ele>108.02</ele>
      </trkpt>
      <trkpt lat="45.76557" lon="10.814">
        <ele>106.2</ele>
      </trkpt>
      <trkpt lat="45.76567" lon="10.81393">
        <ele>103.53</ele>
      </trkpt>
      <trkpt lat="45.76571" lon="10.8139">
        <ele>102.53</ele>
      </trkpt>
      <trkpt lat="45.76576" lon="10.81382">
        <ele>101.36</ele>
      </trkpt>
      <trkpt lat="45.76578" lon="10.81379">
        <ele>100.93</ele>
      </trkpt>
      <trkpt lat="45.76582" lon="10.8137">
        <ele>99.82</ele>
      </trkpt>
      <trkpt lat="45.76583" lon="10.81353">
        <ele>99.32</ele>
      </trkpt>
      <trkpt lat="45.76584" lon="10.81348">
        <ele>99.48</ele>
      </trkpt>
      <trkpt lat="45.76585" lon="10.81341">
        <ele>99.74</ele>
      </trkpt>
      <trkpt lat="45.76586" lon="10.81335">
        <ele>99.95</ele>
      </trkpt>
      <trkpt lat="45.76586" lon="10.81333">
        <ele>99.98</ele>
      </trkpt>
      <trkpt lat="45.76585" lon="10.81333">
        <ele>99.98</ele>
      </trkpt>
      <trkpt lat="45.76585" lon="10.81324">
        <ele>99.35</ele>
      </trkpt>
      <trkpt lat="45.76585" lon="10.81298">
        <ele>97.79</ele>
      </trkpt>
      <trkpt lat="45.76585" lon="10.81277">
        <ele>96.98</ele>
      </trkpt>
      <trkpt lat="45.76585" lon="10.81265">
        <ele>95.71</ele>
      </trkpt>
      <trkpt lat="45.76584" lon="10.81239">
        <ele>94.04</ele>
      </trkpt>
      <trkpt lat="45.76585" lon="10.81229">
        <ele>94.07</ele>
      </trkpt>
      <trkpt lat="45.76581" lon="10.81216">
        <ele>93.81</ele>
      </trkpt>
      <trkpt lat="45.76578" lon="10.81218">
        <ele>93.91</ele>
      </trkpt>
      <trkpt lat="45.76576" lon="10.81213">
        <ele>93.84</ele>
      </trkpt>
      <trkpt lat="45.76574" lon="10.81205">
        <ele>93.8</ele>
      </trkpt>
      <trkpt lat="45.76571" lon="10.81193">
        <ele>93.64</ele>
      </trkpt>
      <trkpt lat="45.76568" lon="10.81176">
        <ele>91.29</ele>
      </trkpt>
      <trkpt lat="45.76566" lon="10.81172">
        <ele>91.11</ele>
      </trkpt>
      <trkpt lat="45.76565" lon="10.81167">
        <ele>90.66</ele>
      </trkpt>
      <trkpt lat="45.76564" lon="10.81151">
        <ele>89.52</ele>
      </trkpt>
      <trkpt lat="45.76564" lon="10.81147">
        <ele>89.18</ele>
      </trkpt>
      <trkpt lat="45.76563" lon="10.81139">
        <ele>88.67</ele>
      </trkpt>
      <trkpt lat="45.76563" lon="10.81131">
        <ele>88.45</ele>
      </trkpt>
      <trkpt lat="45.76562" lon="10.81127">
        <ele>88.51</ele>
      </trkpt>
      <trkpt lat="45.76562" lon="10.81113">
        <ele>88.12</ele>
      </trkpt>
      <trkpt lat="45.76562" lon="10.81107">
        <ele>87.77</ele>
      </trkpt>
      <trkpt lat="45.76562" lon="10.81102">
        <ele>87.39</ele>
      </trkpt>
      <trkpt lat="45.76564" lon="10.81078">
        <ele>86.08</ele>
      </trkpt>
      <trkpt lat="45.76566" lon="10.81073">
        <ele>86.09</ele>
      </trkpt>
      <trkpt lat="45.76567" lon="10.81045">
        <ele>86.4</ele>
      </trkpt>
      <trkpt lat="45.76569" lon="10.81037">
        <ele>86.38</ele>
      </trkpt>
      <trkpt lat="45.76574" lon="10.8103">
        <ele>85.98</ele>
      </trkpt>
      <trkpt lat="45.76578" lon="10.81028">
        <ele>85.57</ele>
      </trkpt>
      <trkpt lat="45.76588" lon="10.81026">
        <ele>84.52</ele>
      </trkpt>
      <trkpt lat="45.76594" lon="10.81024">
        <ele>83.87</ele>
      </trkpt>
      <trkpt lat="45.766" lon="10.81022">
        <ele>83.22</ele>
      </trkpt>
      <trkpt lat="45.76608" lon="10.81021">
        <ele>82.18</ele>
      </trkpt>
      <trkpt lat="45.76611" lon="10.8102">
        <ele>81.86</ele>
      </trkpt>
      <trkpt lat="45.76616" lon="10.81019">
        <ele>81.59</ele>
      </trkpt>
      <trkpt lat="45.76622" lon="10.81018">
        <ele>81.29</ele>
      </trkpt>
      <trkpt lat="45.76628" lon="10.81018">
        <ele>80.87</ele>
      </trkpt>
      <trkpt lat="45.76633" lon="10.81017">
        <ele>80.72</ele>
      </trkpt>
      <trkpt lat="45.76645" lon="10.81016">
        <ele>79.57</ele>
      </trkpt>
      <trkpt lat="45.76648" lon="10.81015">
        <ele>79.3</ele>
      </trkpt>
      <trkpt lat="45.76653" lon="10.81013">
        <ele>78.89</ele>
      </trkpt>
      <trkpt lat="45.76659" lon="10.81009">
        <ele>78.67</ele>
      </trkpt>
      <trkpt lat="45.76666" lon="10.80999">
        <ele>79.34</ele>
      </trkpt>
      <trkpt lat="45.7667" lon="10.80991">
        <ele>80.03</ele>
      </trkpt>
      <trkpt lat="45.76679" lon="10.80986">
        <ele>78.47</ele>
      </trkpt>
      <trkpt lat="45.76683" lon="10.80986">
        <ele>77.32</ele>
      </trkpt>
      <trkpt lat="45.76687" lon="10.80989">
        <ele>75.67</ele>
      </trkpt>
      <trkpt lat="45.76689" lon="10.80993">
        <ele>74.48</ele>
      </trkpt>
      <trkpt lat="45.76695" lon="10.81008">
        <ele>70.58</ele>
      </trkpt>
      <trkpt lat="45.767" lon="10.81022">
        <ele>68.67</ele>
      </trkpt>
      <trkpt lat="45.76714" lon="10.81037">
        <ele>70.15</ele>
      </trkpt>
      <trkpt lat="45.76725" lon="10.81041">
        <ele>71.33</ele>
      </trkpt>
      <trkpt lat="45.76735" lon="10.81045">
        <ele>70.76</ele>
      </trkpt>
      <trkpt lat="45.76749" lon="10.81052">
        <ele>69.35</ele>
      </trkpt>
      <trkpt lat="45.76766" lon="10.81064">
        <ele>69.18</ele>
      </trkpt>
    </trkseg>
  </trk>
  <trk>
    <name><![CDATA[MBT 52K - DAL 2024]]></name>
    <src>AllTrails</src>
    <trkseg/>
  </trk>
  <trk>
    <name><![CDATA[MBT 52K - DAL 2024]]></name>
    <src>AllTrails</src>
    <trkseg/>
  </trk>
</gpx>
