<?xml version="1.0" encoding="UTF-8"?>
<gpx creator="Garmin Connect" version="1.1"
  xsi:schemaLocation="http://www.topografix.com/GPX/1/1 http://www.topografix.com/GPX/11.xsd"
  xmlns:ns3="http://www.garmin.com/xmlschemas/TrackPointExtension/v1"
  xmlns="http://www.topografix.com/GPX/1/1"
  xmlns:xsi="http://www.w3.org/2001/XMLSchema-instance" xmlns:ns2="http://www.garmin.com/xmlschemas/GpxExtensions/v3">
  <metadata>
    <name>GR2026</name>
    <link href="connect.garmin.com">
      <text>Garmin Connect</text>
    </link>
    <time>2026-05-14T19:30:21.000Z</time>
  </metadata>
  <trk>
    <name>GR2026</name>
    <trkseg>
      <trkpt lat="45.99681297317147" lon="12.250933013856411">
        <ele>230.66</ele>
      </trkpt>
      <trkpt lat="45.9968029987067" lon="12.25073997862637">
        <ele>230.9</ele>
      </trkpt>
      <trkpt lat="45.99678598344326" lon="12.250561024993658">
        <ele>231.17</ele>
      </trkpt>
      <trkpt lat="45.99676402285695" lon="12.250405037775636">
        <ele>231.48</ele>
      </trkpt>
      <trkpt lat="45.99671800620854" lon="12.250314010307193">
        <ele>231.84</ele>
      </trkpt>
      <trkpt lat="45.99663401953876" lon="12.25026497617364">
        <ele>232.2</ele>
      </trkpt>
      <trkpt lat="45.996556989848614" lon="12.25028702057898">
        <ele>232.56</ele>
      </trkpt>
      <trkpt lat="45.99647903814912" lon="12.250402020290494">
        <ele>232.91</ele>
      </trkpt>
      <trkpt lat="45.99648297764361" lon="12.250554990023375">
        <ele>233.21</ele>
      </trkpt>
      <trkpt lat="45.99649999290705" lon="12.2507160063833">
        <ele>233.47</ele>
      </trkpt>
      <trkpt lat="45.996513990685344" lon="12.250897977501154">
        <ele>233.8</ele>
      </trkpt>
      <trkpt lat="45.99652899429202" lon="12.25104097276926">
        <ele>234.16</ele>
      </trkpt>
      <trkpt lat="45.99653301760554" lon="12.25116896443069">
        <ele>234.59</ele>
      </trkpt>
      <trkpt lat="45.99652899429202" lon="12.2513169888407">
        <ele>235.08</ele>
      </trkpt>
      <trkpt lat="45.99649999290705" lon="12.251404998824">
        <ele>235.6</ele>
      </trkpt>
      <trkpt lat="45.996491024270654" lon="12.25155302323401">
        <ele>236.19</ele>
      </trkpt>
      <trkpt lat="45.99629597738385" lon="12.251676991581917">
        <ele>236.8</ele>
      </trkpt>
      <trkpt lat="45.996098164469004" lon="12.251444477587938">
        <ele>237.24</ele>
      </trkpt>
      <trkpt lat="45.99590043537319" lon="12.251212047412992">
        <ele>237.65</ele>
      </trkpt>
      <trkpt lat="45.9957030415535" lon="12.250980036333203">
        <ele>238.06</ele>
      </trkpt>
      <trkpt lat="45.995506988838315" lon="12.250899989157915">
        <ele>238.46</ele>
      </trkpt>
      <trkpt lat="45.99529065191746" lon="12.25069203414023">
        <ele>238.79</ele>
      </trkpt>
      <trkpt lat="45.99507439881563" lon="12.250484162941575">
        <ele>239.02</ele>
      </trkpt>
      <trkpt lat="45.994858145713806" lon="12.25027629174292">
        <ele>239.14</ele>
      </trkpt>
      <trkpt lat="45.99464189261198" lon="12.250068420544267">
        <ele>239.15</ele>
      </trkpt>
      <trkpt lat="45.99442597478628" lon="12.249860968440771">
        <ele>239.05</ele>
      </trkpt>
      <trkpt lat="45.99420695565641" lon="12.249679416418076">
        <ele>238.86</ele>
      </trkpt>
      <trkpt lat="45.99398802034557" lon="12.249498032033443">
        <ele>238.55</ele>
      </trkpt>
      <trkpt lat="45.99383555352688" lon="12.249233415350318">
        <ele>238.08</ele>
      </trkpt>
      <trkpt lat="45.99368308670819" lon="12.248968798667192">
        <ele>237.53</ele>
      </trkpt>
      <trkpt lat="45.9935306198895" lon="12.248704181984067">
        <ele>236.97</ele>
      </trkpt>
      <trkpt lat="45.993378991261125" lon="12.24844099022448">
        <ele>236.41</ele>
      </trkpt>
      <trkpt lat="45.993248987942934" lon="12.24803295917809">
        <ele>235.83</ele>
      </trkpt>
      <trkpt lat="45.99321898072958" lon="12.247769013047218">
        <ele>235.11</ele>
      </trkpt>
      <trkpt lat="45.99315796047449" lon="12.24751403555274">
        <ele>234.39</ele>
      </trkpt>
      <trkpt lat="45.99301622249186" lon="12.247192924842238">
        <ele>233.67</ele>
      </trkpt>
      <trkpt lat="45.99287498742342" lon="12.24687298759818">
        <ele>232.87</ele>
      </trkpt>
      <trkpt lat="45.99298696964979" lon="12.246824037283659">
        <ele>232.13</ele>
      </trkpt>
      <trkpt lat="45.993060981854796" lon="12.246660003438592">
        <ele>231.41</ele>
      </trkpt>
      <trkpt lat="45.99323499016464" lon="12.24644299596548">
        <ele>230.72</ele>
      </trkpt>
      <trkpt lat="45.99334496073425" lon="12.24635699763894">
        <ele>230.06</ele>
      </trkpt>
      <trkpt lat="45.99364696070552" lon="12.246347023174167">
        <ele>229.35</ele>
      </trkpt>
      <trkpt lat="45.993787022307515" lon="12.246393039822578">
        <ele>228.72</ele>
      </trkpt>
      <trkpt lat="45.99383999593556" lon="12.246444001793861">
        <ele>228.18</ele>
      </trkpt>
      <trkpt lat="45.99377503618598" lon="12.246189024299383">
        <ele>227.64</ele>
      </trkpt>
      <trkpt lat="45.9937359765172" lon="12.245784010738134">
        <ele>227.08</ele>
      </trkpt>
      <trkpt lat="45.99367009475827" lon="12.245448483154178">
        <ele>226.67</ele>
      </trkpt>
      <trkpt lat="45.993604296818376" lon="12.245113039389253">
        <ele>226.35</ele>
      </trkpt>
      <trkpt lat="45.99353900179267" lon="12.244780026376247">
        <ele>226.07</ele>
      </trkpt>
      <trkpt lat="45.993453254923224" lon="12.244372498244047">
        <ele>225.88</ele>
      </trkpt>
      <trkpt lat="45.99336801096797" lon="12.243966981768608">
        <ele>225.69</ele>
      </trkpt>
      <trkpt lat="45.99308202043176" lon="12.244053985923529">
        <ele>225.39</ele>
      </trkpt>
      <trkpt lat="45.99295604042709" lon="12.24405499175191">
        <ele>225.14</ele>
      </trkpt>
      <trkpt lat="45.992733081802726" lon="12.24393144249916">
        <ele>224.91</ele>
      </trkpt>
      <trkpt lat="45.99251003935933" lon="12.243807977065444">
        <ele>224.79</ele>
      </trkpt>
      <trkpt lat="45.99242496304214" lon="12.243830021470785">
        <ele>224.71</ele>
      </trkpt>
      <trkpt lat="45.992369977757335" lon="12.243934040889144">
        <ele>224.65</ele>
      </trkpt>
      <trkpt lat="45.99225799553096" lon="12.243822980672121">
        <ele>224.67</ele>
      </trkpt>
      <trkpt lat="45.99212799221277" lon="12.243962036445737">
        <ele>224.7</ele>
      </trkpt>
      <trkpt lat="45.99200997501612" lon="12.243874026462436">
        <ele>224.76</ele>
      </trkpt>
      <trkpt lat="45.99191199056804" lon="12.243499020114541">
        <ele>224.85</ele>
      </trkpt>
      <trkpt lat="45.99190997891128" lon="12.2433059848845">
        <ele>224.93</ele>
      </trkpt>
      <trkpt lat="45.9919969830662" lon="12.243225015699863">
        <ele>225.02</ele>
      </trkpt>
      <trkpt lat="45.99197938106954" lon="12.242975821718574">
        <ele>225.08</ele>
      </trkpt>
      <trkpt lat="45.991962030529976" lon="12.242727968841791">
        <ele>225.2</ele>
      </trkpt>
      <trkpt lat="45.99193504080176" lon="12.242636019364">
        <ele>225.37</ele>
      </trkpt>
      <trkpt lat="45.991877960041165" lon="12.242569969967008">
        <ele>225.57</ele>
      </trkpt>
      <trkpt lat="45.99172096699476" lon="12.242569969967008">
        <ele>225.79</ele>
      </trkpt>
      <trkpt lat="45.99156003445387" lon="12.242519007995725">
        <ele>226.03</ele>
      </trkpt>
      <trkpt lat="45.99147202447057" lon="12.242377018555999">
        <ele>226.24</ele>
      </trkpt>
      <trkpt lat="45.99123699590564" lon="12.242108965292573">
        <ele>226.46</ele>
      </trkpt>
      <trkpt lat="45.991065334528685" lon="12.241867231205106">
        <ele>226.51</ele>
      </trkpt>
      <trkpt lat="45.99089400842786" lon="12.241626000031829">
        <ele>226.56</ele>
      </trkpt>
      <trkpt lat="45.99079133011401" lon="12.241444699466228">
        <ele>226.68</ele>
      </trkpt>
      <trkpt lat="45.99068898707628" lon="12.24126398563385">
        <ele>226.82</ele>
      </trkpt>
      <trkpt lat="45.99053702317178" lon="12.241083020344377">
        <ele>226.99</ele>
      </trkpt>
      <trkpt lat="45.990400314331055" lon="12.240817565470934">
        <ele>227.17</ele>
      </trkpt>
      <trkpt lat="45.990264024585485" lon="12.24055303260684">
        <ele>227.29</ele>
      </trkpt>
      <trkpt lat="45.99021197296679" lon="12.240352034568787">
        <ele>227.4</ele>
      </trkpt>
      <trkpt lat="45.99022303707898" lon="12.239963030442595">
        <ele>227.31</ele>
      </trkpt>
      <trkpt lat="45.990181965753436" lon="12.239730013534427">
        <ele>227.42</ele>
      </trkpt>
      <trkpt lat="45.99004399962723" lon="12.23943698219955">
        <ele>227.61</ele>
      </trkpt>
      <trkpt lat="45.98996730521321" lon="12.23916289396584">
        <ele>227.76</ele>
      </trkpt>
      <trkpt lat="45.98989102989435" lon="12.238889979198575">
        <ele>227.91</ele>
      </trkpt>
      <trkpt lat="45.98975297994912" lon="12.238699961453676">
        <ele>228.04</ele>
      </trkpt>
      <trkpt lat="45.98954041488469" lon="12.238513380289078">
        <ele>228.16</ele>
      </trkpt>
      <trkpt lat="45.98932801745832" lon="12.238326966762543">
        <ele>228.38</ele>
      </trkpt>
      <trkpt lat="45.989171443507075" lon="12.238189922645688">
        <ele>228.58</ele>
      </trkpt>
      <trkpt lat="45.989015037193894" lon="12.238052962347865">
        <ele>228.79</ele>
      </trkpt>
      <trkpt lat="45.98881403915584" lon="12.237838972359896">
        <ele>229.02</ele>
      </trkpt>
      <trkpt lat="45.98858001641929" lon="12.237784992903471">
        <ele>229.3</ele>
      </trkpt>
      <trkpt lat="45.98836460150778" lon="12.237776443362236">
        <ele>229.53</ele>
      </trkpt>
      <trkpt lat="45.98814901895821" lon="12.237767977640033">
        <ele>229.82</ele>
      </trkpt>
      <trkpt lat="45.98797199316323" lon="12.237806031480432">
        <ele>230.28</ele>
      </trkpt>
      <trkpt lat="45.9878300037235" lon="12.237881971523166">
        <ele>230.67</ele>
      </trkpt>
      <trkpt lat="45.987727995961905" lon="12.238014992326498">
        <ele>231.09</ele>
      </trkpt>
      <trkpt lat="45.98759246058762" lon="12.23775657825172">
        <ele>231.35</ele>
      </trkpt>
      <trkpt lat="45.98745692521334" lon="12.237498247995973">
        <ele>231.45</ele>
      </trkpt>
      <trkpt lat="45.987321976572275" lon="12.237241007387638">
        <ele>231.47</ele>
      </trkpt>
      <trkpt lat="45.98730202764273" lon="12.2369649913162">
        <ele>231.31</ele>
      </trkpt>
      <trkpt lat="45.987353743985295" lon="12.236664583906531">
        <ele>231.02</ele>
      </trkpt>
      <trkpt lat="45.987405544146895" lon="12.236364176496863">
        <ele>230.86</ele>
      </trkpt>
      <trkpt lat="45.98745700903237" lon="12.236066032201052">
        <ele>230.62</ele>
      </trkpt>
      <trkpt lat="45.98743999376893" lon="12.235958995297551">
        <ele>230.45</ele>
      </trkpt>
      <trkpt lat="45.9873809851706" lon="12.235823962837458">
        <ele>230.27</ele>
      </trkpt>
      <trkpt lat="45.98730303347111" lon="12.235723966732621">
        <ele>230.06</ele>
      </trkpt>
      <trkpt lat="45.987127013504505" lon="12.235637968406081">
        <ele>229.86</ele>
      </trkpt>
      <trkpt lat="45.987021988257766" lon="12.235429007560015">
        <ele>229.59</ele>
      </trkpt>
      <trkpt lat="45.98698703572154" lon="12.235282994806767">
        <ele>229.26</ele>
      </trkpt>
      <trkpt lat="45.98703355528414" lon="12.235046373680234">
        <ele>228.87</ele>
      </trkpt>
      <trkpt lat="45.98707999102771" lon="12.234811009839177">
        <ele>228.54</ele>
      </trkpt>
      <trkpt lat="45.98711200989783" lon="12.234735991805792">
        <ele>228.17</ele>
      </trkpt>
      <trkpt lat="45.98724100738764" lon="12.234698021784425">
        <ele>227.76</ele>
      </trkpt>
      <trkpt lat="45.98742398433387" lon="12.234588973224163">
        <ele>227.38</ele>
      </trkpt>
      <trkpt lat="45.98759547807276" lon="12.234423849731684">
        <ele>226.97</ele>
      </trkpt>
      <trkpt lat="45.98776697181165" lon="12.2342589776963">
        <ele>226.47</ele>
      </trkpt>
      <trkpt lat="45.987919019535184" lon="12.234096368774772">
        <ele>225.88</ele>
      </trkpt>
      <trkpt lat="45.988070983439684" lon="12.233934011310339">
        <ele>225.26</ele>
      </trkpt>
      <trkpt lat="45.988201070576906" lon="12.233707197010517">
        <ele>224.64</ele>
      </trkpt>
      <trkpt lat="45.988330990076065" lon="12.233480969443917">
        <ele>224.05</ele>
      </trkpt>
      <trkpt lat="45.98840801976621" lon="12.233255999162793">
        <ele>223.46</ele>
      </trkpt>
      <trkpt lat="45.98839997313917" lon="12.232952993363142">
        <ele>222.92</ele>
      </trkpt>
      <trkpt lat="45.98845101892948" lon="12.232595002278686">
        <ele>222.4</ele>
      </trkpt>
      <trkpt lat="45.98853701725602" lon="12.232186971232295">
        <ele>221.8</ele>
      </trkpt>
      <trkpt lat="45.98861614242196" lon="12.23190433345735">
        <ele>221.11</ele>
      </trkpt>
      <trkpt lat="45.988695016130805" lon="12.231623036786914">
        <ele>220.51</ele>
      </trkpt>
      <trkpt lat="45.988699961453676" lon="12.231527986004949">
        <ele>219.91</ele>
      </trkpt>
      <trkpt lat="45.98896197974682" lon="12.231319025158882">
        <ele>219.29</ele>
      </trkpt>
      <trkpt lat="45.989233972504735" lon="12.231195978820324">
        <ele>218.6</ele>
      </trkpt>
      <trkpt lat="45.989426001906395" lon="12.231049966067076">
        <ele>218.02</ele>
      </trkpt>
      <trkpt lat="45.989645356312394" lon="12.231139903888106">
        <ele>217.48</ele>
      </trkpt>
      <trkpt lat="45.98986496217549" lon="12.2312300093472">
        <ele>217.05</ele>
      </trkpt>
      <trkpt lat="45.989961018785834" lon="12.231317013502121">
        <ele>216.64</ele>
      </trkpt>
      <trkpt lat="45.990071995183825" lon="12.231332017108798">
        <ele>216.33</ele>
      </trkpt>
      <trkpt lat="45.99022597074509" lon="12.231459002941847">
        <ele>216.12</ele>
      </trkpt>
      <trkpt lat="45.99038003012538" lon="12.231585988774896">
        <ele>216.03</ele>
      </trkpt>
      <trkpt lat="45.9904810320586" lon="12.231687996536493">
        <ele>215.99</ele>
      </trkpt>
      <trkpt lat="45.99052403122187" lon="12.231785980984569">
        <ele>216.0</ele>
      </trkpt>
      <trkpt lat="45.99054900929332" lon="12.231909027323127">
        <ele>216.11</ele>
      </trkpt>
      <trkpt lat="45.990543980151415" lon="12.232101978734136">
        <ele>216.33</ele>
      </trkpt>
      <trkpt lat="45.99040626548231" lon="12.232379838824272">
        <ele>216.58</ele>
      </trkpt>
      <trkpt lat="45.99026896990836" lon="12.232657028362155">
        <ele>217.07</ele>
      </trkpt>
      <trkpt lat="45.99024902097881" lon="12.232744032517076">
        <ele>217.73</ele>
      </trkpt>
      <trkpt lat="45.990283051505685" lon="12.233018707484007">
        <ele>218.6</ele>
      </trkpt>
      <trkpt lat="45.99031699821353" lon="12.23329204134643">
        <ele>219.71</ele>
      </trkpt>
      <trkpt lat="45.99040500819683" lon="12.23348499275744">
        <ele>220.91</ele>
      </trkpt>
      <trkpt lat="45.990519002079964" lon="12.233556993305683">
        <ele>222.31</ele>
      </trkpt>
      <trkpt lat="45.99070399068296" lon="12.233516005799174">
        <ele>223.94</ele>
      </trkpt>
      <trkpt lat="45.99082795903087" lon="12.233545007184148">
        <ele>225.8</ele>
      </trkpt>
      <trkpt lat="45.99106164649129" lon="12.233403269201517">
        <ele>227.98</ele>
      </trkpt>
      <trkpt lat="45.99129533395171" lon="12.233261531218886">
        <ele>230.39</ele>
      </trkpt>
      <trkpt lat="45.991529021412134" lon="12.233119793236256">
        <ele>233.05</ele>
      </trkpt>
      <trkpt lat="45.99176296032965" lon="12.232977971434593">
        <ele>235.89</ele>
      </trkpt>
      <trkpt lat="45.9920419100672" lon="12.232785942032933">
        <ele>239.02</ele>
      </trkpt>
      <trkpt lat="45.99232102744281" lon="12.232593996450305">
        <ele>242.35</ele>
      </trkpt>
      <trkpt lat="45.99233703687787" lon="12.232524007558823">
        <ele>245.71</ele>
      </trkpt>
      <trkpt lat="45.992327984422445" lon="12.232486959546804">
        <ele>249.23</ele>
      </trkpt>
      <trkpt lat="45.99220996722579" lon="12.232383023947477">
        <ele>252.87</ele>
      </trkpt>
      <trkpt lat="45.99215900525451" lon="12.23206995986402">
        <ele>256.8</ele>
      </trkpt>
      <trkpt lat="45.99229797720909" lon="12.231941968202591">
        <ele>260.98</ele>
      </trkpt>
      <trkpt lat="45.99244700744748" lon="12.232012962922454">
        <ele>265.37</ele>
      </trkpt>
      <trkpt lat="45.9926999732852" lon="12.232053028419614">
        <ele>270.14</ele>
      </trkpt>
      <trkpt lat="45.99276702851057" lon="12.231997959315777">
        <ele>274.88</ele>
      </trkpt>
      <trkpt lat="45.992864007130265" lon="12.231715992093086">
        <ele>279.8</ele>
      </trkpt>
      <trkpt lat="45.99297699518502" lon="12.231685984879732">
        <ele>284.81</ele>
      </trkpt>
      <trkpt lat="45.99319299682975" lon="12.231757985427976">
        <ele>290.06</ele>
      </trkpt>
      <trkpt lat="45.993420984596014" lon="12.23163703456521">
        <ele>295.46</ele>
      </trkpt>
      <trkpt lat="45.99364302121103" lon="12.231581965461373">
        <ele>301.06</ele>
      </trkpt>
      <trkpt lat="45.99379297345877" lon="12.231706017628312">
        <ele>306.54</ele>
      </trkpt>
      <trkpt lat="45.99399799481034" lon="12.231697971001267">
        <ele>312.26</ele>
      </trkpt>
      <trkpt lat="45.99420603364706" lon="12.231563022360206">
        <ele>317.98</ele>
      </trkpt>
      <trkpt lat="45.994408037513494" lon="12.231476018205285">
        <ele>323.61</ele>
      </trkpt>
      <trkpt lat="45.99450903944671" lon="12.23131600767374">
        <ele>329.2</ele>
      </trkpt>
      <trkpt lat="45.994671983644366" lon="12.23120603710413">
        <ele>334.75</ele>
      </trkpt>
      <trkpt lat="45.99470199085772" lon="12.231118027120829">
        <ele>340.04</ele>
      </trkpt>
      <trkpt lat="45.994667960330844" lon="12.230924991890788">
        <ele>345.32</ele>
      </trkpt>
      <trkpt lat="45.99456997588277" lon="12.23077897913754">
        <ele>350.31</ele>
      </trkpt>
      <trkpt lat="45.99448900669813" lon="12.230589967221022">
        <ele>355.2</ele>
      </trkpt>
      <trkpt lat="45.99448498338461" lon="12.230505980551243">
        <ele>359.85</ele>
      </trkpt>
      <trkpt lat="45.994606018066406" lon="12.230353010818362">
        <ele>364.54</ele>
      </trkpt>
      <trkpt lat="45.994777008891106" lon="12.230269024148583">
        <ele>369.04</ele>
      </trkpt>
      <trkpt lat="45.99483400583267" lon="12.230143966153264">
        <ele>373.12</ele>
      </trkpt>
      <trkpt lat="45.99489502608776" lon="12.22985495813191">
        <ele>377.12</ele>
      </trkpt>
      <trkpt lat="45.99490198306739" lon="12.22972503863275">
        <ele>380.53</ele>
      </trkpt>
      <trkpt lat="45.994869880378246" lon="12.229452794417739">
        <ele>383.76</ele>
      </trkpt>
      <trkpt lat="45.994838029146194" lon="12.229181975126266">
        <ele>386.76</ele>
      </trkpt>
      <trkpt lat="45.99483199417591" lon="12.22892900928855">
        <ele>389.46</ele>
      </trkpt>
      <trkpt lat="45.99480399861932" lon="12.228732034564018">
        <ele>391.7</ele>
      </trkpt>
      <trkpt lat="45.994692016392946" lon="12.228313023224473">
        <ele>393.59</ele>
      </trkpt>
      <trkpt lat="45.99454382434487" lon="12.228139350190759">
        <ele>394.9</ele>
      </trkpt>
      <trkpt lat="45.99439596757293" lon="12.227966012433171">
        <ele>395.87</ele>
      </trkpt>
      <trkpt lat="45.99424568004906" lon="12.227656971663237">
        <ele>397.27</ele>
      </trkpt>
      <trkpt lat="45.99409547634423" lon="12.227348014712334">
        <ele>397.5</ele>
      </trkpt>
      <trkpt lat="45.993945272639394" lon="12.22703905776143">
        <ele>397.4</ele>
      </trkpt>
      <trkpt lat="45.99379599094391" lon="12.226732028648257">
        <ele>397.08</ele>
      </trkpt>
      <trkpt lat="45.993586694821715" lon="12.22639407031238">
        <ele>396.57</ele>
      </trkpt>
      <trkpt lat="45.993377985432744" lon="12.226057033985853">
        <ele>396.08</ele>
      </trkpt>
      <trkpt lat="45.99333398044109" lon="12.226043036207557">
        <ele>395.61</ele>
      </trkpt>
      <trkpt lat="45.99334596656263" lon="12.225636010989547">
        <ele>395.78</ele>
      </trkpt>
      <trkpt lat="45.9933300409466" lon="12.2254709713161">
        <ele>395.39</ele>
      </trkpt>
      <trkpt lat="45.99328503012657" lon="12.225371981039643">
        <ele>394.89</ele>
      </trkpt>
      <trkpt lat="45.993209006264806" lon="12.225315989926457">
        <ele>394.3</ele>
      </trkpt>
      <trkpt lat="45.99317497573793" lon="12.225252036005259">
        <ele>393.86</ele>
      </trkpt>
      <trkpt lat="45.99319702014327" lon="12.225022036582232">
        <ele>393.75</ele>
      </trkpt>
      <trkpt lat="45.99318000487983" lon="12.224859008565545">
        <ele>393.54</ele>
      </trkpt>
      <trkpt lat="45.993017982691526" lon="12.224540999159217">
        <ele>393.12</ele>
      </trkpt>
      <trkpt lat="45.99298202432692" lon="12.224406972527504">
        <ele>393.03</ele>
      </trkpt>
      <trkpt lat="45.99300306290388" lon="12.224105140194297">
        <ele>393.25</ele>
      </trkpt>
      <trkpt lat="45.99302401766181" lon="12.223804984241724">
        <ele>393.55</ele>
      </trkpt>
      <trkpt lat="45.99300792440772" lon="12.223385889083147">
        <ele>393.94</ele>
      </trkpt>
      <trkpt lat="45.992991998791695" lon="12.222968973219395">
        <ele>394.54</ele>
      </trkpt>
      <trkpt lat="45.99300096742809" lon="12.222709972411394">
        <ele>395.22</ele>
      </trkpt>
      <trkpt lat="45.99310498684645" lon="12.22233697772026">
        <ele>396.3</ele>
      </trkpt>
      <trkpt lat="45.99310498684645" lon="12.222229018807411">
        <ele>397.02</ele>
      </trkpt>
      <trkpt lat="45.99298898130655" lon="12.22214201465249">
        <ele>397.67</ele>
      </trkpt>
      <trkpt lat="45.99286803044379" lon="12.22214100882411">
        <ele>398.28</ele>
      </trkpt>
      <trkpt lat="45.99265839904547" lon="12.222046041861176">
        <ele>399.05</ele>
      </trkpt>
      <trkpt lat="45.99244876764715" lon="12.221951074898243">
        <ele>399.87</ele>
      </trkpt>
      <trkpt lat="45.99223896861076" lon="12.221856024116278">
        <ele>400.68</ele>
      </trkpt>
      <trkpt lat="45.99209697917104" lon="12.221739012748003">
        <ele>401.64</ele>
      </trkpt>
      <trkpt lat="45.99198424257338" lon="12.221407843753695">
        <ele>402.96</ele>
      </trkpt>
      <trkpt lat="45.991872008889914" lon="12.221078015863895">
        <ele>404.25</ele>
      </trkpt>
      <trkpt lat="45.99184636026621" lon="12.220831839367747">
        <ele>405.65</ele>
      </trkpt>
      <trkpt lat="45.9918209630996" lon="12.220587003976107">
        <ele>407.24</ele>
      </trkpt>
      <trkpt lat="45.991749968379736" lon="12.220199005678296">
        <ele>409.09</ele>
      </trkpt>
      <trkpt lat="45.99168031476438" lon="12.219960959628224">
        <ele>410.79</ele>
      </trkpt>
      <trkpt lat="45.99161099642515" lon="12.219724003225565">
        <ele>412.5</ele>
      </trkpt>
      <trkpt lat="45.99149901419878" lon="12.219491992145777">
        <ele>414.12</ele>
      </trkpt>
      <trkpt lat="45.99147202447057" lon="12.21932795830071">
        <ele>416.06</ele>
      </trkpt>
      <trkpt lat="45.99149599671364" lon="12.21926400437951">
        <ele>418.18</ele>
      </trkpt>
      <trkpt lat="45.99154000170529" lon="12.219280013814569">
        <ele>420.34</ele>
      </trkpt>
      <trkpt lat="45.991575960069895" lon="12.219470031559467">
        <ele>422.41</ele>
      </trkpt>
      <trkpt lat="45.99164301529527" lon="12.219591988250613">
        <ele>424.72</ele>
      </trkpt>
      <trkpt lat="45.991788022220135" lon="12.219827016815543">
        <ele>427.32</ele>
      </trkpt>
      <trkpt lat="45.99194224923849" lon="12.220163466408849">
        <ele>429.68</ele>
      </trkpt>
      <trkpt lat="45.99209647625685" lon="12.220499999821186">
        <ele>431.98</ele>
      </trkpt>
      <trkpt lat="45.992250703275204" lon="12.220836533233523">
        <ele>434.41</ele>
      </trkpt>
      <trkpt lat="45.99240400828421" lon="12.221170971170068">
        <ele>436.97</ele>
      </trkpt>
      <trkpt lat="45.99245295859873" lon="12.22123903222382">
        <ele>439.51</ele>
      </trkpt>
      <trkpt lat="45.99269184283912" lon="12.221313631162047">
        <ele>442.45</ele>
      </trkpt>
      <trkpt lat="45.99293072707951" lon="12.221388230100274">
        <ele>445.08</ele>
      </trkpt>
      <trkpt lat="45.99317003041506" lon="12.221462996676564">
        <ele>447.44</ele>
      </trkpt>
      <trkpt lat="45.99341880530119" lon="12.221485460177064">
        <ele>449.97</ele>
      </trkpt>
      <trkpt lat="45.99366799928248" lon="12.221508007496595">
        <ele>452.83</ele>
      </trkpt>
      <trkpt lat="45.99391903728247" lon="12.221591994166374">
        <ele>455.56</ele>
      </trkpt>
      <trkpt lat="45.994198992848396" lon="12.221770025789738">
        <ele>458.17</ele>
      </trkpt>
      <trkpt lat="45.994391441345215" lon="12.221921989694238">
        <ele>460.57</ele>
      </trkpt>
      <trkpt lat="45.994583973661065" lon="12.22207403741777">
        <ele>462.97</ele>
      </trkpt>
      <trkpt lat="45.99459101445973" lon="12.222146037966013">
        <ele>465.03</ele>
      </trkpt>
      <trkpt lat="45.99456603638828" lon="12.222204962745309">
        <ele>467.04</ele>
      </trkpt>
      <trkpt lat="45.99442396312952" lon="12.222304958850145">
        <ele>468.68</ele>
      </trkpt>
      <trkpt lat="45.994281973689795" lon="12.222405038774014">
        <ele>470.33</ele>
      </trkpt>
      <trkpt lat="45.99421299062669" lon="12.222491959109902">
        <ele>472.13</ele>
      </trkpt>
      <trkpt lat="45.99418398924172" lon="12.222575023770332">
        <ele>474.0</ele>
      </trkpt>
      <trkpt lat="45.99415699951351" lon="12.222969979047775">
        <ele>475.94</ele>
      </trkpt>
      <trkpt lat="45.99419396370649" lon="12.223308021202683">
        <ele>477.94</ele>
      </trkpt>
      <trkpt lat="45.99430066533387" lon="12.223592000082135">
        <ele>480.05</ele>
      </trkpt>
      <trkpt lat="45.994407031685114" lon="12.223874973133206">
        <ele>481.98</ele>
      </trkpt>
      <trkpt lat="45.994453970342875" lon="12.223933981731534">
        <ele>483.83</ele>
      </trkpt>
      <trkpt lat="45.99456712603569" lon="12.224199855700135">
        <ele>485.64</ele>
      </trkpt>
      <trkpt lat="45.99468003027141" lon="12.224464975297451">
        <ele>487.29</ele>
      </trkpt>
      <trkpt lat="45.99480324424803" lon="12.22478348761797">
        <ele>488.99</ele>
      </trkpt>
      <trkpt lat="45.994926039129496" lon="12.225100994110107">
        <ele>490.87</ele>
      </trkpt>
      <trkpt lat="45.994985131546855" lon="12.225453788414598">
        <ele>492.53</ele>
      </trkpt>
      <trkpt lat="45.99504397250712" lon="12.225804990157485">
        <ele>494.08</ele>
      </trkpt>
      <trkpt lat="45.99520515650511" lon="12.226140098646283">
        <ele>496.01</ele>
      </trkpt>
      <trkpt lat="45.99536642432213" lon="12.226475207135081">
        <ele>497.98</ele>
      </trkpt>
      <trkpt lat="45.99552769213915" lon="12.22681031562388">
        <ele>499.54</ele>
      </trkpt>
      <trkpt lat="45.99568887613714" lon="12.227145424112678">
        <ele>501.06</ele>
      </trkpt>
      <trkpt lat="45.995848970487714" lon="12.227478018030524">
        <ele>502.71</ele>
      </trkpt>
      <trkpt lat="45.99598056636751" lon="12.227706257253885">
        <ele>504.45</ele>
      </trkpt>
      <trkpt lat="45.99611199460924" lon="12.227933993563056">
        <ele>506.32</ele>
      </trkpt>
      <trkpt lat="45.99622800014913" lon="12.22802803851664">
        <ele>508.24</ele>
      </trkpt>
      <trkpt lat="45.996436793357134" lon="12.228069948032498">
        <ele>510.36</ele>
      </trkpt>
      <trkpt lat="45.996646005660295" lon="12.22811202518642">
        <ele>512.2</ele>
      </trkpt>
      <trkpt lat="45.996836023405194" lon="12.22822098992765">
        <ele>513.72</ele>
      </trkpt>
      <trkpt lat="45.99689402617514" lon="12.22818000242114">
        <ele>515.38</ele>
      </trkpt>
      <trkpt lat="45.996839040890336" lon="12.228099033236504">
        <ele>517.08</ele>
      </trkpt>
      <trkpt lat="45.99662957713008" lon="12.227993505075574">
        <ele>518.61</ele>
      </trkpt>
      <trkpt lat="45.99642002955079" lon="12.227887976914644">
        <ele>519.87</ele>
      </trkpt>
      <trkpt lat="45.99628994241357" lon="12.227757889777422">
        <ele>521.18</ele>
      </trkpt>
      <trkpt lat="45.99616002291441" lon="12.227627970278263">
        <ele>522.39</ele>
      </trkpt>
      <trkpt lat="45.99606413394213" lon="12.227337369695306">
        <ele>523.9</ele>
      </trkpt>
      <trkpt lat="45.995968244969845" lon="12.227046769112349">
        <ele>525.47</ele>
      </trkpt>
      <trkpt lat="45.995873026549816" lon="12.226758012548089">
        <ele>527.35</ele>
      </trkpt>
      <trkpt lat="45.99577998742461" lon="12.226392980664968">
        <ele>529.55</ele>
      </trkpt>
      <trkpt lat="45.99576037377119" lon="12.226128280162811">
        <ele>531.61</ele>
      </trkpt>
      <trkpt lat="45.995741011574864" lon="12.225865004584193">
        <ele>533.53</ele>
      </trkpt>
      <trkpt lat="45.995692145079374" lon="12.225525118410587">
        <ele>535.1</ele>
      </trkpt>
      <trkpt lat="45.995643362402916" lon="12.225185316056013">
        <ele>536.68</ele>
      </trkpt>
      <trkpt lat="45.995594998821616" lon="12.22484802827239">
        <ele>538.79</ele>
      </trkpt>
      <trkpt lat="45.99550975486636" lon="12.224472099915147">
        <ele>540.7</ele>
      </trkpt>
      <trkpt lat="45.99542459473014" lon="12.224096255376935">
        <ele>542.47</ele>
      </trkpt>
      <trkpt lat="45.99534002132714" lon="12.223723009228706">
        <ele>544.38</ele>
      </trkpt>
      <trkpt lat="45.99534999579191" lon="12.223555035889149">
        <ele>546.49</ele>
      </trkpt>
      <trkpt lat="45.99541503936052" lon="12.22330098040402">
        <ele>548.79</ele>
      </trkpt>
      <trkpt lat="45.995444962754846" lon="12.223270973190665">
        <ele>551.0</ele>
      </trkpt>
      <trkpt lat="45.99548997357488" lon="12.223297040909529">
        <ele>553.29</ele>
      </trkpt>
      <trkpt lat="45.99544697441161" lon="12.223463002592325">
        <ele>555.37</ele>
      </trkpt>
      <trkpt lat="45.99543498829007" lon="12.223655031993985">
        <ele>557.55</ele>
      </trkpt>
      <trkpt lat="45.99559525027871" lon="12.224024087190628">
        <ele>560.29</ele>
      </trkpt>
      <trkpt lat="45.99575500935316" lon="12.224391968920827">
        <ele>562.89</ele>
      </trkpt>
      <trkpt lat="45.995876882225275" lon="12.224748283624649">
        <ele>565.43</ele>
      </trkpt>
      <trkpt lat="45.99599875509739" lon="12.225104682147503">
        <ele>567.85</ele>
      </trkpt>
      <trkpt lat="45.99612004123628" lon="12.225458985194564">
        <ele>570.41</ele>
      </trkpt>
      <trkpt lat="45.996224228292704" lon="12.225798619911075">
        <ele>572.87</ele>
      </trkpt>
      <trkpt lat="45.996328415349126" lon="12.226138338446617">
        <ele>575.2</ele>
      </trkpt>
      <trkpt lat="45.996432015672326" lon="12.226475961506367">
        <ele>577.33</ele>
      </trkpt>
      <trkpt lat="45.996495969593525" lon="12.22656799480319">
        <ele>579.66</ele>
      </trkpt>
      <trkpt lat="45.99678254686296" lon="12.226694393903017">
        <ele>582.81</ele>
      </trkpt>
      <trkpt lat="45.99706920795143" lon="12.226820876821876">
        <ele>585.48</ele>
      </trkpt>
      <trkpt lat="45.99735586903989" lon="12.226947275921702">
        <ele>587.69</ele>
      </trkpt>
      <trkpt lat="45.99764303304255" lon="12.227074010297656">
        <ele>589.8</ele>
      </trkpt>
      <trkpt lat="45.99792500026524" lon="12.227163026109338">
        <ele>592.03</ele>
      </trkpt>
      <trkpt lat="45.998180229216814" lon="12.227153470739722">
        <ele>594.04</ele>
      </trkpt>
      <trkpt lat="45.99843596108258" lon="12.227143999189138">
        <ele>595.94</ele>
      </trkpt>
      <trkpt lat="45.99862237460911" lon="12.227112986147404">
        <ele>597.93</ele>
      </trkpt>
      <trkpt lat="45.99880903959274" lon="12.227081973105669">
        <ele>599.87</ele>
      </trkpt>
      <trkpt lat="45.99903618916869" lon="12.227049618959427">
        <ele>601.87</ele>
      </trkpt>
      <trkpt lat="45.99926333874464" lon="12.227017348632216">
        <ele>603.75</ele>
      </trkpt>
      <trkpt lat="45.99949099123478" lon="12.226984994485974">
        <ele>605.47</ele>
      </trkpt>
      <trkpt lat="45.99957698956132" lon="12.226937972009182">
        <ele>607.06</ele>
      </trkpt>
      <trkpt lat="45.99964496679604" lon="12.226943001151085">
        <ele>608.75</ele>
      </trkpt>
      <trkpt lat="45.999673968181014" lon="12.226993963122368">
        <ele>610.22</ele>
      </trkpt>
      <trkpt lat="45.999674974009395" lon="12.227155985310674">
        <ele>611.38</ele>
      </trkpt>
      <trkpt lat="45.999657958745956" lon="12.227312978357077">
        <ele>612.68</ele>
      </trkpt>
      <trkpt lat="45.99962401203811" lon="12.227407023310661">
        <ele>613.97</ele>
      </trkpt>
      <trkpt lat="45.99959802813828" lon="12.227789992466569">
        <ele>615.19</ele>
      </trkpt>
      <trkpt lat="45.999654019251466" lon="12.2281130310148">
        <ele>616.76</ele>
      </trkpt>
      <trkpt lat="45.99977203644812" lon="12.228434979915619">
        <ele>618.65</ele>
      </trkpt>
      <trkpt lat="45.99980799481273" lon="12.228622986003757">
        <ele>620.36</ele>
      </trkpt>
      <trkpt lat="45.99982098676264" lon="12.228878969326615">
        <ele>622.02</ele>
      </trkpt>
      <trkpt lat="45.999783016741276" lon="12.229036968201399">
        <ele>623.68</ele>
      </trkpt>
      <trkpt lat="45.99977002479136" lon="12.229249030351639">
        <ele>625.53</ele>
      </trkpt>
      <trkpt lat="45.9998369961977" lon="12.229409040883183">
        <ele>627.77</ele>
      </trkpt>
      <trkpt lat="45.999931041151285" lon="12.229518005624413">
        <ele>630.27</ele>
      </trkpt>
      <trkpt lat="46.000146036967635" lon="12.22965999506414">
        <ele>633.83</ele>
      </trkpt>
      <trkpt lat="46.00022097118199" lon="12.229975992813706">
        <ele>636.39</ele>
      </trkpt>
      <trkpt lat="46.00012977607548" lon="12.23037681542337">
        <ele>638.13</ele>
      </trkpt>
      <trkpt lat="46.000039000064135" lon="12.230775961652398">
        <ele>640.85</ele>
      </trkpt>
      <trkpt lat="45.999888963997364" lon="12.231137976050377">
        <ele>643.63</ele>
      </trkpt>
      <trkpt lat="45.99981402978301" lon="12.231265967711806">
        <ele>646.41</ele>
      </trkpt>
      <trkpt lat="45.999781005084515" lon="12.231408040970564">
        <ele>649.4</ele>
      </trkpt>
      <trkpt lat="45.999779999256134" lon="12.231570985168219">
        <ele>652.54</ele>
      </trkpt>
      <trkpt lat="45.99984495900571" lon="12.231804002076387">
        <ele>655.97</ele>
      </trkpt>
      <trkpt lat="45.999844036996365" lon="12.232032995671034">
        <ele>659.19</ele>
      </trkpt>
      <trkpt lat="45.999868009239435" lon="12.232129974290729">
        <ele>662.56</ele>
      </trkpt>
      <trkpt lat="46.00004218518734" lon="12.2324647475034">
        <ele>666.03</ele>
      </trkpt>
      <trkpt lat="46.000216444954276" lon="12.232799604535103">
        <ele>670.56</ele>
      </trkpt>
      <trkpt lat="46.00039003416896" lon="12.233133036643267">
        <ele>674.18</ele>
      </trkpt>
      <trkpt lat="46.00052724592388" lon="12.233432438224554">
        <ele>677.89</ele>
      </trkpt>
      <trkpt lat="46.000664038583636" lon="12.233731001615524">
        <ele>681.51</ele>
      </trkpt>
      <trkpt lat="46.000869143754244" lon="12.234021266922355">
        <ele>685.07</ele>
      </trkpt>
      <trkpt lat="46.001073997467756" lon="12.234311029314995">
        <ele>688.6</ele>
      </trkpt>
      <trkpt lat="46.00121598690748" lon="12.234673965722322">
        <ele>692.13</ele>
      </trkpt>
      <trkpt lat="46.00134699605405" lon="12.234915029257536">
        <ele>695.79</ele>
      </trkpt>
      <trkpt lat="46.00142201408744" lon="12.235201019793749">
        <ele>698.92</ele>
      </trkpt>
      <trkpt lat="46.00154866464436" lon="12.235500505194068">
        <ele>701.7</ele>
      </trkpt>
      <trkpt lat="46.001674979925156" lon="12.235798984766006">
        <ele>705.3</ele>
      </trkpt>
      <trkpt lat="46.001813784241676" lon="12.23604490980506">
        <ele>708.63</ele>
      </trkpt>
      <trkpt lat="46.0019525885582" lon="12.236290918663144">
        <ele>711.65</ele>
      </trkpt>
      <trkpt lat="46.00209097377956" lon="12.23653600551188">
        <ele>714.85</ele>
      </trkpt>
      <trkpt lat="46.002188036218286" lon="12.236745972186327">
        <ele>717.81</ele>
      </trkpt>
      <trkpt lat="46.002249643206596" lon="12.236975887790322">
        <ele>720.35</ele>
      </trkpt>
      <trkpt lat="46.00231099873781" lon="12.237204965204">
        <ele>722.74</ele>
      </trkpt>
      <trkpt lat="46.0023339651525" lon="12.237219968810678">
        <ele>725.0</ele>
      </trkpt>
      <trkpt lat="46.00234603509307" lon="12.237131036818027">
        <ele>727.15</ele>
      </trkpt>
      <trkpt lat="46.00230898708105" lon="12.236863989382982">
        <ele>729.19</ele>
      </trkpt>
      <trkpt lat="46.002314016222954" lon="12.2365159727633">
        <ele>731.27</ele>
      </trkpt>
      <trkpt lat="46.00227998569608" lon="12.23632201552391">
        <ele>732.58</ele>
      </trkpt>
      <trkpt lat="46.00221301428974" lon="12.23606402054429">
        <ele>733.79</ele>
      </trkpt>
      <trkpt lat="46.00208912976086" lon="12.23575808107853">
        <ele>735.45</ele>
      </trkpt>
      <trkpt lat="46.001965245231986" lon="12.2354522254318">
        <ele>736.44</ele>
      </trkpt>
      <trkpt lat="46.001842031255364" lon="12.235147962346673">
        <ele>737.21</ele>
      </trkpt>
      <trkpt lat="46.001767264679074" lon="12.23471587523818">
        <ele>738.48</ele>
      </trkpt>
      <trkpt lat="46.001693001016974" lon="12.234285967424512">
        <ele>739.09</ele>
      </trkpt>
      <trkpt lat="46.0016002971679" lon="12.234073067083955">
        <ele>739.56</ele>
      </trkpt>
      <trkpt lat="46.00150801241398" lon="12.233861004933715">
        <ele>740.09</ele>
      </trkpt>
      <trkpt lat="46.00146702490747" lon="12.233608961105347">
        <ele>740.79</ele>
      </trkpt>
      <trkpt lat="46.001401310786605" lon="12.233387511223555">
        <ele>741.32</ele>
      </trkpt>
      <trkpt lat="46.0013360157609" lon="12.233166983351111">
        <ele>741.74</ele>
      </trkpt>
      <trkpt lat="46.001179022714496" lon="12.23297101445496">
        <ele>741.77</ele>
      </trkpt>
      <trkpt lat="46.00112596526742" lon="12.232700027525425">
        <ele>742.27</ele>
      </trkpt>
      <trkpt lat="46.00109998136759" lon="12.232274981215596">
        <ele>742.8</ele>
      </trkpt>
      <trkpt lat="46.00120768882334" lon="12.23187055438757">
        <ele>743.4</ele>
      </trkpt>
      <trkpt lat="46.00131497718394" lon="12.23146797157824">
        <ele>743.81</ele>
      </trkpt>
      <trkpt lat="46.00142997689545" lon="12.231231015175581">
        <ele>744.36</ele>
      </trkpt>
      <trkpt lat="46.001586467027664" lon="12.231009062379599">
        <ele>745.11</ele>
      </trkpt>
      <trkpt lat="46.00174295715988" lon="12.230787193402648">
        <ele>746.05</ele>
      </trkpt>
      <trkpt lat="46.00189902819693" lon="12.230565994977951">
        <ele>747.15</ele>
      </trkpt>
      <trkpt lat="46.002016961574554" lon="12.23032702691853">
        <ele>748.28</ele>
      </trkpt>
      <trkpt lat="46.00210698321462" lon="12.230212027207017">
        <ele>749.66</ele>
      </trkpt>
      <trkpt lat="46.00214000791311" lon="12.230097027495503">
        <ele>751.0</ele>
      </trkpt>
      <trkpt lat="46.002142019569874" lon="12.229844983667135">
        <ele>752.36</ele>
      </trkpt>
      <trkpt lat="46.00222458131611" lon="12.229590928182006">
        <ele>754.18</ele>
      </trkpt>
      <trkpt lat="46.00230697542429" lon="12.229337962344289">
        <ele>756.29</ele>
      </trkpt>
      <trkpt lat="46.00233002565801" lon="12.229127995669842">
        <ele>758.74</ele>
      </trkpt>
      <trkpt lat="46.00230697542429" lon="12.229054989293218">
        <ele>761.16</ele>
      </trkpt>
      <trkpt lat="46.002102037891746" lon="12.228723904117942">
        <ele>763.71</ele>
      </trkpt>
      <trkpt lat="46.00189718417823" lon="12.228392818942666">
        <ele>766.65</ele>
      </trkpt>
      <trkpt lat="46.001693001016974" lon="12.228062991052866">
        <ele>769.71</ele>
      </trkpt>
      <trkpt lat="46.00168998353183" lon="12.22785604186356">
        <ele>773.31</ele>
      </trkpt>
      <trkpt lat="46.00174203515053" lon="12.227765014395118">
        <ele>777.17</ele>
      </trkpt>
      <trkpt lat="46.00185804069042" lon="12.227591006085277">
        <ele>781.42</ele>
      </trkpt>
      <trkpt lat="46.00195803679526" lon="12.227494027465582">
        <ele>785.9</ele>
      </trkpt>
      <trkpt lat="46.00198603235185" lon="12.227399982511997">
        <ele>790.52</ele>
      </trkpt>
      <trkpt lat="46.00207697600126" lon="12.22731800749898">
        <ele>795.57</ele>
      </trkpt>
      <trkpt lat="46.00213103927672" lon="12.227583965286613">
        <ele>801.01</ele>
      </trkpt>
      <trkpt lat="46.00221301428974" lon="12.227611960843205">
        <ele>806.66</ele>
      </trkpt>
      <trkpt lat="46.002378556877375" lon="12.227268051356077">
        <ele>812.6</ele>
      </trkpt>
      <trkpt lat="46.00254409946501" lon="12.22692422568798">
        <ele>819.31</ele>
      </trkpt>
      <trkpt lat="46.0027089715004" lon="12.226581992581487">
        <ele>826.2</ele>
      </trkpt>
      <trkpt lat="46.00286697037518" lon="12.22665298730135">
        <ele>832.96</ele>
      </trkpt>
      <trkpt lat="46.00295003503561" lon="12.226464981213212">
        <ele>839.58</ele>
      </trkpt>
      <trkpt lat="46.00305103696883" lon="12.226426005363464">
        <ele>846.38</ele>
      </trkpt>
      <trkpt lat="46.003132006153464" lon="12.226450983434916">
        <ele>853.27</ele>
      </trkpt>
      <trkpt lat="46.00326703861356" lon="12.226294996216893">
        <ele>860.31</ele>
      </trkpt>
      <trkpt lat="46.00354800000787" lon="12.226154012605548">
        <ele>867.79</ele>
      </trkpt>
      <trkpt lat="46.003733994439244" lon="12.226146971806884">
        <ele>875.2</ele>
      </trkpt>
      <trkpt lat="46.00393800996244" lon="12.226037001237273">
        <ele>882.49</ele>
      </trkpt>
      <trkpt lat="46.00398302078247" lon="12.226174967363477">
        <ele>889.56</ele>
      </trkpt>
      <trkpt lat="46.00394303910434" lon="12.226507980376482">
        <ele>896.52</ele>
      </trkpt>
      <trkpt lat="46.003884030506015" lon="12.226699003949761">
        <ele>903.06</ele>
      </trkpt>
      <trkpt lat="46.003865003585815" lon="12.226872006431222">
        <ele>909.64</ele>
      </trkpt>
      <trkpt lat="46.00404404103756" lon="12.226969990879297">
        <ele>916.59</ele>
      </trkpt>
      <trkpt lat="46.00414797663689" lon="12.226944006979465">
        <ele>923.43</ele>
      </trkpt>
      <trkpt lat="46.00421402603388" lon="12.22689296118915">
        <ele>930.11</ele>
      </trkpt>
      <trkpt lat="46.00434101186693" lon="12.226660028100014">
        <ele>936.9</ele>
      </trkpt>
      <trkpt lat="46.0045600309968" lon="12.226467998698354">
        <ele>943.61</ele>
      </trkpt>
      <trkpt lat="46.00466597825289" lon="12.226328020915389">
        <ele>949.83</ele>
      </trkpt>
      <trkpt lat="46.004811991006136" lon="12.225982015952468">
        <ele>955.96</ele>
      </trkpt>
      <trkpt lat="46.00494601763785" lon="12.225820999592543">
        <ele>962.07</ele>
      </trkpt>
      <trkpt lat="46.00507099181414" lon="12.225606003776193">
        <ele>968.05</ele>
      </trkpt>
      <trkpt lat="46.005128994584084" lon="12.225400982424617">
        <ele>973.63</ele>
      </trkpt>
      <trkpt lat="46.00517459213734" lon="12.22511624917388">
        <ele>979.01</ele>
      </trkpt>
      <trkpt lat="46.00522002205253" lon="12.224833024665713">
        <ele>984.41</ele>
      </trkpt>
      <trkpt lat="46.00520602427423" lon="12.224622974172235">
        <ele>989.46</ele>
      </trkpt>
      <trkpt lat="46.005175011232495" lon="12.224489031359553">
        <ele>994.24</ele>
      </trkpt>
      <trkpt lat="46.00519001483917" lon="12.224156018346548">
        <ele>999.25</ele>
      </trkpt>
      <trkpt lat="46.005176017060876" lon="12.224087035283446">
        <ele>1003.76</ele>
      </trkpt>
      <trkpt lat="46.00525103509426" lon="12.224006988108158">
        <ele>1008.48</ele>
      </trkpt>
      <trkpt lat="46.00529403425753" lon="12.223872961476445">
        <ele>1012.95</ele>
      </trkpt>
      <trkpt lat="46.00524500012398" lon="12.223594011738896">
        <ele>1016.96</ele>
      </trkpt>
      <trkpt lat="46.00525799207389" lon="12.223455961793661">
        <ele>1021.09</ele>
      </trkpt>
      <trkpt lat="46.00523301400244" lon="12.223340962082148">
        <ele>1025.04</ele>
      </trkpt>
      <trkpt lat="46.00520501844585" lon="12.223252030089498">
        <ele>1028.92</ele>
      </trkpt>
      <trkpt lat="46.00513704121113" lon="12.223240965977311">
        <ele>1036.3</ele>
      </trkpt>
      <trkpt lat="46.005115415900946" lon="12.22296972759068">
        <ele>1040.6</ele>
      </trkpt>
      <trkpt lat="46.00509395822883" lon="12.22269999794662">
        <ele>1044.92</ele>
      </trkpt>
      <trkpt lat="46.0049849934876" lon="12.222495982423425">
        <ele>1048.55</ele>
      </trkpt>
      <trkpt lat="46.00502002984285" lon="12.222516015172005">
        <ele>1052.32</ele>
      </trkpt>
      <trkpt lat="46.00516696460545" lon="12.222487013787031">
        <ele>1056.61</ele>
      </trkpt>
      <trkpt lat="46.00543803535402" lon="12.222619028761983">
        <ele>1060.91</ele>
      </trkpt>
      <trkpt lat="46.005496960133314" lon="12.222750959917903">
        <ele>1064.39</ele>
      </trkpt>
      <trkpt lat="46.00569703616202" lon="12.222951035946608">
        <ele>1068.04</ele>
      </trkpt>
      <trkpt lat="46.00585897453129" lon="12.223036028444767">
        <ele>1071.72</ele>
      </trkpt>
      <trkpt lat="46.00613398477435" lon="12.223248006775975">
        <ele>1075.47</ele>
      </trkpt>
      <trkpt lat="46.00623800419271" lon="12.223285976797342">
        <ele>1078.97</ele>
      </trkpt>
      <trkpt lat="46.00628100335598" lon="12.223348002880812">
        <ele>1082.32</ele>
      </trkpt>
      <trkpt lat="46.00640899501741" lon="12.223437018692493">
        <ele>1085.8</ele>
      </trkpt>
      <trkpt lat="46.00647303275764" lon="12.223454033955932">
        <ele>1089.08</ele>
      </trkpt>
      <trkpt lat="46.00649801082909" lon="12.223381027579308">
        <ele>1092.22</ele>
      </trkpt>
      <trkpt lat="46.00647697225213" lon="12.223051032051444">
        <ele>1095.31</ele>
      </trkpt>
      <trkpt lat="46.00667101331055" lon="12.223068969324231">
        <ele>1098.65</ele>
      </trkpt>
      <trkpt lat="46.006659027189016" lon="12.222746014595032">
        <ele>1101.36</ele>
      </trkpt>
      <trkpt lat="46.00668400526047" lon="12.22267996519804">
        <ele>1104.14</ele>
      </trkpt>
      <trkpt lat="46.00673697888851" lon="12.222631014883518">
        <ele>1106.93</ele>
      </trkpt>
      <trkpt lat="46.00673798471689" lon="12.22263596020639">
        <ele>1109.57</ele>
      </trkpt>
      <trkpt lat="46.00682197138667" lon="12.223004009574652">
        <ele>1112.38</ele>
      </trkpt>
      <trkpt lat="46.00683798082173" lon="12.223034016788006">
        <ele>1114.94</ele>
      </trkpt>
      <trkpt lat="46.006853990256786" lon="12.22306502982974">
        <ele>1117.44</ele>
      </trkpt>
      <trkpt lat="46.006869999691844" lon="12.223095959052444">
        <ele>1119.88</ele>
      </trkpt>
      <trkpt lat="46.0068860091269" lon="12.223126972094178">
        <ele>1122.27</ele>
      </trkpt>
      <trkpt lat="46.00690201856196" lon="12.223157985135913">
        <ele>1124.6</ele>
      </trkpt>
      <trkpt lat="46.00691802799702" lon="12.223187992349267">
        <ele>1126.89</ele>
      </trkpt>
      <trkpt lat="46.006934037432075" lon="12.223219005391002">
        <ele>1129.11</ele>
      </trkpt>
      <trkpt lat="46.0069499630481" lon="12.223250018432736">
        <ele>1131.29</ele>
      </trkpt>
      <trkpt lat="46.00704995915294" lon="12.223269967362285">
        <ele>1133.52</ele>
      </trkpt>
      <trkpt lat="46.00720996968448" lon="12.223599962890148">
        <ele>1135.85</ele>
      </trkpt>
      <trkpt lat="46.00729001685977" lon="12.22368998453021">
        <ele>1137.94</ele>
      </trkpt>
      <trkpt lat="46.0075699724257" lon="12.223870027810335">
        <ele>1140.15</ele>
      </trkpt>
      <trkpt lat="46.00759000517428" lon="12.22390003502369">
        <ele>1141.95</ele>
      </trkpt>
      <trkpt lat="46.007754961028695" lon="12.223985027521849">
        <ele>1143.74</ele>
      </trkpt>
      <trkpt lat="46.00792000070214" lon="12.224070020020008">
        <ele>1145.4</ele>
      </trkpt>
      <trkpt lat="46.0079999640584" lon="12.22416004166007">
        <ele>1146.87</ele>
      </trkpt>
      <trkpt lat="46.008180007338524" lon="12.224409990012646">
        <ele>1148.18</ele>
      </trkpt>
      <trkpt lat="46.008334988728166" lon="12.224609982222319">
        <ele>1149.47</ele>
      </trkpt>
      <trkpt lat="46.00848997011781" lon="12.224809974431992">
        <ele>1150.71</ele>
      </trkpt>
      <trkpt lat="46.00869499146938" lon="12.225060006603599">
        <ele>1152.09</ele>
      </trkpt>
      <trkpt lat="46.008849972859025" lon="12.22516997717321">
        <ele>1153.28</ele>
      </trkpt>
      <trkpt lat="46.00894996896386" lon="12.225269973278046">
        <ele>1154.2</ele>
      </trkpt>
      <trkpt lat="46.00912003777921" lon="12.225359994918108">
        <ele>1154.96</ele>
      </trkpt>
      <trkpt lat="46.009279964491725" lon="12.225580019876361">
        <ele>1155.41</ele>
      </trkpt>
      <trkpt lat="46.00939999334514" lon="12.22564003430307">
        <ele>1155.72</ele>
      </trkpt>
      <trkpt lat="46.009580036625266" lon="12.225670041516423">
        <ele>1155.9</ele>
      </trkpt>
      <trkpt lat="46.00972001440823" lon="12.225659983232617">
        <ele>1155.87</ele>
      </trkpt>
      <trkpt lat="46.0098650213331" lon="12.225550012663007">
        <ele>1155.73</ele>
      </trkpt>
      <trkpt lat="46.010010028257966" lon="12.225439958274364">
        <ele>1155.39</ele>
      </trkpt>
      <trkpt lat="46.01021496579051" lon="12.2252999804914">
        <ele>1154.92</ele>
      </trkpt>
      <trkpt lat="46.010419987142086" lon="12.225160002708435">
        <ele>1154.33</ele>
      </trkpt>
      <trkpt lat="46.01044999435544" lon="12.225109962746501">
        <ele>1153.65</ele>
      </trkpt>
      <trkpt lat="46.01062500849366" lon="12.224939977750182">
        <ele>1152.77</ele>
      </trkpt>
      <trkpt lat="46.010800022631884" lon="12.224769992753863">
        <ele>1151.87</ele>
      </trkpt>
      <trkpt lat="46.0109700076282" lon="12.224649963900447">
        <ele>1150.95</ele>
      </trkpt>
      <trkpt lat="46.01117997430265" lon="12.224579975008965">
        <ele>1149.8</ele>
      </trkpt>
      <trkpt lat="46.01139002479613" lon="12.224509986117482">
        <ele>1148.52</ele>
      </trkpt>
      <trkpt lat="46.01160996593535" lon="12.224609982222319">
        <ele>1147.11</ele>
      </trkpt>
      <trkpt lat="46.01169001311064" lon="12.224690029397607">
        <ele>1145.82</ele>
      </trkpt>
      <trkpt lat="46.01180995814502" lon="12.224850039929152">
        <ele>1144.47</ele>
      </trkpt>
      <trkpt lat="46.011920012533665" lon="12.225069981068373">
        <ele>1143.29</ele>
      </trkpt>
      <trkpt lat="46.01191498339176" lon="12.225306015461683">
        <ele>1142.19</ele>
      </trkpt>
      <trkpt lat="46.01191096007824" lon="12.225540960207582">
        <ele>1141.09</ele>
      </trkpt>
      <trkpt lat="46.01193401031196" lon="12.225915966555476">
        <ele>1139.89</ele>
      </trkpt>
      <trkpt lat="46.01201212964952" lon="12.226147390902042">
        <ele>1138.76</ele>
      </trkpt>
      <trkpt lat="46.01208999752998" lon="12.226377977058291">
        <ele>1137.62</ele>
      </trkpt>
      <trkpt lat="46.01228764280677" lon="12.226614095270634">
        <ele>1136.6</ele>
      </trkpt>
      <trkpt lat="46.01248503662646" lon="12.22684996202588">
        <ele>1135.58</ele>
      </trkpt>
      <trkpt lat="46.0126934107393" lon="12.226946437731385">
        <ele>1134.93</ele>
      </trkpt>
      <trkpt lat="46.01290203630924" lon="12.227042997255921">
        <ele>1134.33</ele>
      </trkpt>
      <trkpt lat="46.0128939896822" lon="12.227242989465594">
        <ele>1133.71</ele>
      </trkpt>
      <trkpt lat="46.01300999522209" lon="12.227252963930368">
        <ele>1133.4</ele>
      </trkpt>
      <trkpt lat="46.013146033510566" lon="12.227226980030537">
        <ele>1133.14</ele>
      </trkpt>
      <trkpt lat="46.01326597854495" lon="12.227282971143723">
        <ele>1132.97</ele>
      </trkpt>
      <trkpt lat="46.013364968821406" lon="12.22716897726059">
        <ele>1132.78</ele>
      </trkpt>
      <trkpt lat="46.013423977419734" lon="12.226964961737394">
        <ele>1132.61</ele>
      </trkpt>
      <trkpt lat="46.013612318784" lon="12.226983401924372">
        <ele>1132.71</ele>
      </trkpt>
      <trkpt lat="46.01380099542439" lon="12.227002009749413">
        <ele>1133.01</ele>
      </trkpt>
      <trkpt lat="46.014029905200005" lon="12.226862451061606">
        <ele>1133.31</ele>
      </trkpt>
      <trkpt lat="46.01425898261368" lon="12.226722976192832">
        <ele>1133.73</ele>
      </trkpt>
      <trkpt lat="46.01440348662436" lon="12.226575873792171">
        <ele>1134.0</ele>
      </trkpt>
      <trkpt lat="46.01454799063504" lon="12.226429022848606">
        <ele>1134.35</ele>
      </trkpt>
      <trkpt lat="46.01479676552117" lon="12.226438913494349">
        <ele>1134.92</ele>
      </trkpt>
      <trkpt lat="46.01504595950246" lon="12.226448971778154">
        <ele>1135.36</ele>
      </trkpt>
      <trkpt lat="46.01504696533084" lon="12.226423993706703">
        <ele>1136.49</ele>
      </trkpt>
      <trkpt lat="46.01526296697557" lon="12.226442014798522">
        <ele>1136.97</ele>
      </trkpt>
      <trkpt lat="46.01526397280395" lon="12.226457018405199">
        <ele>1137.68</ele>
      </trkpt>
      <trkpt lat="46.01526497863233" lon="12.226471016183496">
        <ele>1138.43</ele>
      </trkpt>
      <trkpt lat="46.01526598446071" lon="12.226486019790173">
        <ele>1139.21</ele>
      </trkpt>
      <trkpt lat="46.01526699028909" lon="12.22650102339685">
        <ele>1140.03</ele>
      </trkpt>
      <trkpt lat="46.01526799611747" lon="12.226515021175146">
        <ele>1140.88</ele>
      </trkpt>
      <trkpt lat="46.01526900194585" lon="12.226530024781823">
        <ele>1141.75</ele>
      </trkpt>
      <trkpt lat="46.015270007774234" lon="12.2265450283885">
        <ele>1142.64</ele>
      </trkpt>
      <trkpt lat="46.015271013602614" lon="12.226560031995177">
        <ele>1143.55</ele>
      </trkpt>
      <trkpt lat="46.015272019430995" lon="12.226574029773474">
        <ele>1144.46</ele>
      </trkpt>
      <trkpt lat="46.015274031087756" lon="12.22658903338015">
        <ele>1145.37</ele>
      </trkpt>
      <trkpt lat="46.015184009447694" lon="12.22674099728465">
        <ele>1146.49</ele>
      </trkpt>
      <trkpt lat="46.0151750408113" lon="12.226773016154766">
        <ele>1147.42</ele>
      </trkpt>
      <trkpt lat="46.015165988355875" lon="12.2268040291965">
        <ele>1148.33</ele>
      </trkpt>
      <trkpt lat="46.01515701971948" lon="12.226835964247584">
        <ele>1149.22</ele>
      </trkpt>
      <trkpt lat="46.015147967264056" lon="12.2268679831177">
        <ele>1150.07</ele>
      </trkpt>
      <trkpt lat="46.01513799279928" lon="12.226900001987815">
        <ele>1150.88</ele>
      </trkpt>
      <trkpt lat="46.01512902416289" lon="12.22693202085793">
        <ele>1151.65</ele>
      </trkpt>
      <trkpt lat="46.01511997170746" lon="12.226964039728045">
        <ele>1152.37</ele>
      </trkpt>
      <trkpt lat="46.01511100307107" lon="12.226995974779129">
        <ele>1153.04</ele>
      </trkpt>
      <trkpt lat="46.015102034434676" lon="12.227026987820864">
        <ele>1153.64</ele>
      </trkpt>
      <trkpt lat="46.01509197615087" lon="12.227059006690979">
        <ele>1154.2</ele>
      </trkpt>
      <trkpt lat="46.01500296033919" lon="12.227279031649232">
        <ele>1154.86</ele>
      </trkpt>
      <trkpt lat="46.01489500142634" lon="12.227451028302312">
        <ele>1155.43</ele>
      </trkpt>
      <trkpt lat="46.01478695869446" lon="12.227622019127011">
        <ele>1155.79</ele>
      </trkpt>
      <trkpt lat="46.014585960656404" lon="12.227880014106631">
        <ele>1156.03</ele>
      </trkpt>
      <trkpt lat="46.01442201063037" lon="12.228034995496273">
        <ele>1156.18</ele>
      </trkpt>
      <trkpt lat="46.0142579767853" lon="12.228190982714295">
        <ele>1156.26</ele>
      </trkpt>
      <trkpt lat="46.014005010947585" lon="12.228373037651181">
        <ele>1156.15</ele>
      </trkpt>
      <trkpt lat="46.01384801790118" lon="12.228470016270876">
        <ele>1155.98</ele>
      </trkpt>
      <trkpt lat="46.01373704150319" lon="12.228674031794071">
        <ele>1155.81</ele>
      </trkpt>
      <trkpt lat="46.013852041214705" lon="12.228873018175364">
        <ele>1155.69</ele>
      </trkpt>
      <trkpt lat="46.01396704092622" lon="12.229070998728275">
        <ele>1155.46</ele>
      </trkpt>
      <trkpt lat="46.01396796293557" lon="12.229069992899895">
        <ele>1155.24</ele>
      </trkpt>
      <trkpt lat="46.0142217669636" lon="12.229337375611067">
        <ele>1155.18</ele>
      </trkpt>
      <trkpt lat="46.014475570991635" lon="12.22960484214127">
        <ele>1155.05</ele>
      </trkpt>
      <trkpt lat="46.01472903974354" lon="12.229871973395348">
        <ele>1154.86</ele>
      </trkpt>
      <trkpt lat="46.01487002335489" lon="12.230144971981645">
        <ele>1154.47</ele>
      </trkpt>
      <trkpt lat="46.01509717293084" lon="12.230457197874784">
        <ele>1153.97</ele>
      </trkpt>
      <trkpt lat="46.01532398723066" lon="12.230769004672766">
        <ele>1153.28</ele>
      </trkpt>
      <trkpt lat="46.015591034665704" lon="12.230858020484447">
        <ele>1153.11</ele>
      </trkpt>
      <trkpt lat="46.015701591968536" lon="12.231040159240365">
        <ele>1152.82</ele>
      </trkpt>
      <trkpt lat="46.015811981633306" lon="12.231221962720156">
        <ele>1152.7</ele>
      </trkpt>
      <trkpt lat="46.01594064384699" lon="12.23149387165904">
        <ele>1152.61</ele>
      </trkpt>
      <trkpt lat="46.016068970784545" lon="12.23176502622664">
        <ele>1152.48</ele>
      </trkpt>
      <trkpt lat="46.01624859496951" lon="12.232060320675373">
        <ele>1152.45</ele>
      </trkpt>
      <trkpt lat="46.01642796769738" lon="12.232355028390884">
        <ele>1152.41</ele>
      </trkpt>
      <trkpt lat="46.016602562740445" lon="12.232603719457984">
        <ele>1152.39</ele>
      </trkpt>
      <trkpt lat="46.016776990145445" lon="12.232851991429925">
        <ele>1152.34</ele>
      </trkpt>
      <trkpt lat="46.01698871701956" lon="12.233042260631919">
        <ele>1152.55</ele>
      </trkpt>
      <trkpt lat="46.0172005277127" lon="12.233232529833913">
        <ele>1153.06</ele>
      </trkpt>
      <trkpt lat="46.01741233840585" lon="12.233422799035907">
        <ele>1153.77</ele>
      </trkpt>
      <trkpt lat="46.01762398146093" lon="12.233612984418869">
        <ele>1154.53</ele>
      </trkpt>
      <trkpt lat="46.01774711161852" lon="12.233887910842896">
        <ele>1155.2</ele>
      </trkpt>
      <trkpt lat="46.017869990319014" lon="12.234161999076605">
        <ele>1156.03</ele>
      </trkpt>
      <trkpt lat="46.01794358342886" lon="12.23443005234003">
        <ele>1157.1</ele>
      </trkpt>
      <trkpt lat="46.01801700890064" lon="12.234697015956044">
        <ele>1158.46</ele>
      </trkpt>
      <trkpt lat="46.0180279891938" lon="12.234820984303951">
        <ele>1160.06</ele>
      </trkpt>
      <trkpt lat="46.01812597364187" lon="12.234960962086916">
        <ele>1161.95</ele>
      </trkpt>
      <trkpt lat="46.01833803579211" lon="12.235251981765032">
        <ele>1164.18</ele>
      </trkpt>
      <trkpt lat="46.018607933074236" lon="12.235426912084222">
        <ele>1166.6</ele>
      </trkpt>
      <trkpt lat="46.01887799799442" lon="12.235602010041475">
        <ele>1169.13</ele>
      </trkpt>
      <trkpt lat="46.019104812294245" lon="12.235623467713594">
        <ele>1171.93</ele>
      </trkpt>
      <trkpt lat="46.01933196187019" lon="12.235645009204745">
        <ele>1174.84</ele>
      </trkpt>
      <trkpt lat="46.01942399516702" lon="12.235622964799404">
        <ele>1177.99</ele>
      </trkpt>
      <trkpt lat="46.01951502263546" lon="12.235649032518268">
        <ele>1181.29</ele>
      </trkpt>
      <trkpt lat="46.01965298876166" lon="12.235878026112914">
        <ele>1184.72</ele>
      </trkpt>
      <trkpt lat="46.019846023991704" lon="12.236126968637109">
        <ele>1188.49</ele>
      </trkpt>
      <trkpt lat="46.01998399011791" lon="12.236248925328255">
        <ele>1192.47</ele>
      </trkpt>
      <trkpt lat="46.02012204006314" lon="12.236370965838432">
        <ele>1196.62</ele>
      </trkpt>
      <trkpt lat="46.02030644193292" lon="12.236442379653454">
        <ele>1200.93</ele>
      </trkpt>
      <trkpt lat="46.020491011440754" lon="12.236513961106539">
        <ele>1205.32</ele>
      </trkpt>
      <trkpt lat="46.02074548602104" lon="12.236714959144592">
        <ele>1209.85</ele>
      </trkpt>
      <trkpt lat="46.02099996060133" lon="12.236916041001678">
        <ele>1214.64</ele>
      </trkpt>
      <trkpt lat="46.021231804043055" lon="12.236996423453093">
        <ele>1219.72</ele>
      </trkpt>
      <trkpt lat="46.021463982760906" lon="12.237076973542571">
        <ele>1224.8</ele>
      </trkpt>
      <trkpt lat="46.021686773747206" lon="12.237049983814359">
        <ele>1229.94</ele>
      </trkpt>
      <trkpt lat="46.021909983828664" lon="12.237022994086146">
        <ele>1234.97</ele>
      </trkpt>
      <trkpt lat="46.022057589143515" lon="12.237215107306838">
        <ele>1239.91</ele>
      </trkpt>
      <trkpt lat="46.0222050268203" lon="12.237406969070435">
        <ele>1244.87</ele>
      </trkpt>
      <trkpt lat="46.02242513559759" lon="12.237659767270088">
        <ele>1249.77</ele>
      </trkpt>
      <trkpt lat="46.02264524437487" lon="12.237912565469742">
        <ele>1254.52</ele>
      </trkpt>
      <trkpt lat="46.02286501787603" lon="12.238165028393269">
        <ele>1259.34</ele>
      </trkpt>
      <trkpt lat="46.02310214191675" lon="12.238288912922144">
        <ele>1264.03</ele>
      </trkpt>
      <trkpt lat="46.023339349776506" lon="12.238412881270051">
        <ele>1268.54</ele>
      </trkpt>
      <trkpt lat="46.02357655763626" lon="12.238536849617958">
        <ele>1272.86</ele>
      </trkpt>
      <trkpt lat="46.02381401695311" lon="12.238660985603929">
        <ele>1277.02</ele>
      </trkpt>
      <trkpt lat="46.023946702480316" lon="12.239065244793892">
        <ele>1280.92</ele>
      </trkpt>
      <trkpt lat="46.02407896891236" lon="12.239467995241284">
        <ele>1284.26</ele>
      </trkpt>
      <trkpt lat="46.02409699000418" lon="12.239736635237932">
        <ele>1287.19</ele>
      </trkpt>
      <trkpt lat="46.024115011096" lon="12.240004017949104">
        <ele>1289.81</ele>
      </trkpt>
      <trkpt lat="46.02420872077346" lon="12.240415401756763">
        <ele>1292.22</ele>
      </trkpt>
      <trkpt lat="46.02430201135576" lon="12.240825025364757">
        <ele>1294.44</ele>
      </trkpt>
      <trkpt lat="46.024315506219864" lon="12.24118284881115">
        <ele>1296.38</ele>
      </trkpt>
      <trkpt lat="46.02432900108397" lon="12.241538995876908">
        <ele>1298.13</ele>
      </trkpt>
      <trkpt lat="46.02443159557879" lon="12.241762792691588">
        <ele>1299.78</ele>
      </trkpt>
      <trkpt lat="46.024534022435546" lon="12.241986002773046">
        <ele>1301.18</ele>
      </trkpt>
      <trkpt lat="46.02460560388863" lon="12.242218432947993">
        <ele>1302.32</ele>
      </trkpt>
      <trkpt lat="46.02467701770365" lon="12.242450024932623">
        <ele>1303.25</ele>
      </trkpt>
      <trkpt lat="46.024663439020514" lon="12.242856966331601">
        <ele>1304.03</ele>
      </trkpt>
      <trkpt lat="46.02465002797544" lon="12.24326197989285">
        <ele>1304.75</ele>
      </trkpt>
      <trkpt lat="46.02465447038412" lon="12.243561716750264">
        <ele>1305.26</ele>
      </trkpt>
      <trkpt lat="46.024658996611834" lon="12.24386002868414">
        <ele>1305.55</ele>
      </trkpt>
      <trkpt lat="46.02471708320081" lon="12.244087932631373">
        <ele>1305.82</ele>
      </trkpt>
      <trkpt lat="46.02477500215173" lon="12.24431499838829">
        <ele>1306.04</ele>
      </trkpt>
      <trkpt lat="46.02483803406358" lon="12.244708025828004">
        <ele>1306.22</ele>
      </trkpt>
      <trkpt lat="46.02479335851967" lon="12.245043301954865">
        <ele>1306.28</ele>
      </trkpt>
      <trkpt lat="46.024749018251896" lon="12.245376985520124">
        <ele>1306.21</ele>
      </trkpt>
      <trkpt lat="46.024749018251896" lon="12.245650151744485">
        <ele>1306.18</ele>
      </trkpt>
      <trkpt lat="46.024749018251896" lon="12.245921976864338">
        <ele>1306.16</ele>
      </trkpt>
      <trkpt lat="46.02490902878344" lon="12.246163040399551">
        <ele>1306.11</ele>
      </trkpt>
      <trkpt lat="46.02506543509662" lon="12.246265467256308">
        <ele>1305.99</ele>
      </trkpt>
      <trkpt lat="46.025222009047866" lon="12.246367977932096">
        <ele>1305.86</ele>
      </trkpt>
      <trkpt lat="46.02536450140178" lon="12.246514996513724">
        <ele>1305.7</ele>
      </trkpt>
      <trkpt lat="46.0255069937557" lon="12.246662015095353">
        <ele>1305.61</ele>
      </trkpt>
      <trkpt lat="46.025700280442834" lon="12.246816996484995">
        <ele>1305.6</ele>
      </trkpt>
      <trkpt lat="46.025893650949" lon="12.246971977874637">
        <ele>1305.44</ele>
      </trkpt>
      <trkpt lat="46.02608702145517" lon="12.247126959264278">
        <ele>1305.27</ele>
      </trkpt>
      <trkpt lat="46.02625264786184" lon="12.247403729707003">
        <ele>1305.18</ele>
      </trkpt>
      <trkpt lat="46.02641802281141" lon="12.247679997235537">
        <ele>1305.21</ele>
      </trkpt>
      <trkpt lat="46.02657803334296" lon="12.247759960591793">
        <ele>1305.25</ele>
      </trkpt>
      <trkpt lat="46.02671599946916" lon="12.247920976951718">
        <ele>1305.24</ele>
      </trkpt>
      <trkpt lat="46.026899982243776" lon="12.248134966939688">
        <ele>1305.3</ele>
      </trkpt>
      <trkpt lat="46.027131993323565" lon="12.248376030474901">
        <ele>1305.47</ele>
      </trkpt>
      <trkpt lat="46.02723618037999" lon="12.248664200305939">
        <ele>1305.41</ele>
      </trkpt>
      <trkpt lat="46.02734036743641" lon="12.248952370136976">
        <ele>1305.28</ele>
      </trkpt>
      <trkpt lat="46.02744396775961" lon="12.249239031225443">
        <ele>1305.05</ele>
      </trkpt>
      <trkpt lat="46.027565002441406" lon="12.24942703731358">
        <ele>1304.85</ele>
      </trkpt>
      <trkpt lat="46.02771503850818" lon="12.249436005949974">
        <ele>1304.75</ele>
      </trkpt>
      <trkpt lat="46.027821991592646" lon="12.249561985954642">
        <ele>1304.52</ele>
      </trkpt>
      <trkpt lat="46.02784403599799" lon="12.249678997322917">
        <ele>1304.27</ele>
      </trkpt>
      <trkpt lat="46.02784898132086" lon="12.250091973692179">
        <ele>1304.01</ele>
      </trkpt>
      <trkpt lat="46.027886029332876" lon="12.25022197701037">
        <ele>1303.79</ele>
      </trkpt>
      <trkpt lat="46.02793900296092" lon="12.250293977558613">
        <ele>1303.56</ele>
      </trkpt>
      <trkpt lat="46.02811401709914" lon="12.25041601806879">
        <ele>1303.33</ele>
      </trkpt>
      <trkpt lat="46.028206972405314" lon="12.250541998073459">
        <ele>1303.07</ele>
      </trkpt>
      <trkpt lat="46.028313003480434" lon="12.250776020810008">
        <ele>1302.7</ele>
      </trkpt>
      <trkpt lat="46.02832197211683" lon="12.250851038843393">
        <ele>1302.45</ele>
      </trkpt>
      <trkpt lat="46.02832197211683" lon="12.25095396861434">
        <ele>1302.23</ele>
      </trkpt>
      <trkpt lat="46.0282026976347" lon="12.251342218369246">
        <ele>1301.95</ele>
      </trkpt>
      <trkpt lat="46.02808400988579" lon="12.25172895938158">
        <ele>1301.83</ele>
      </trkpt>
      <trkpt lat="46.02800102904439" lon="12.251932974904776">
        <ele>1301.83</ele>
      </trkpt>
      <trkpt lat="46.027886029332876" lon="12.252096002921462">
        <ele>1301.86</ele>
      </trkpt>
      <trkpt lat="46.027626022696495" lon="12.252316027879715">
        <ele>1302.01</ele>
      </trkpt>
      <trkpt lat="46.02753600105643" lon="12.25243798457086">
        <ele>1302.1</ele>
      </trkpt>
      <trkpt lat="46.027498031035066" lon="12.252554995939136">
        <ele>1302.24</ele>
      </trkpt>
      <trkpt lat="46.02749400772154" lon="12.25269396789372">
        <ele>1302.47</ele>
      </trkpt>
      <trkpt lat="46.02753197774291" lon="12.25282497704029">
        <ele>1302.77</ele>
      </trkpt>
      <trkpt lat="46.02764102630317" lon="12.253004014492035">
        <ele>1303.14</ele>
      </trkpt>
      <trkpt lat="46.027734987437725" lon="12.253107028082013">
        <ele>1303.66</ele>
      </trkpt>
      <trkpt lat="46.027691988274455" lon="12.253236025571823">
        <ele>1304.17</ele>
      </trkpt>
      <trkpt lat="46.027691988274455" lon="12.253505000844598">
        <ele>1304.87</ele>
      </trkpt>
      <trkpt lat="46.02772903628647" lon="12.253808006644249">
        <ele>1305.74</ele>
      </trkpt>
      <trkpt lat="46.02778402157128" lon="12.254140013828874">
        <ele>1306.7</ele>
      </trkpt>
      <trkpt lat="46.027859039604664" lon="12.254417035728693">
        <ele>1307.69</ele>
      </trkpt>
      <trkpt lat="46.027945037931204" lon="12.25451703183353">
        <ele>1308.72</ele>
      </trkpt>
      <trkpt lat="46.028079986572266" lon="12.254538992419839">
        <ele>1309.9</ele>
      </trkpt>
      <trkpt lat="46.02814997546375" lon="12.254636976867914">
        <ele>1311.13</ele>
      </trkpt>
      <trkpt lat="46.02831099182367" lon="12.25475499406457">
        <ele>1312.41</ele>
      </trkpt>
      <trkpt lat="46.02854400873184" lon="12.254766980186105">
        <ele>1313.92</ele>
      </trkpt>
      <trkpt lat="46.02858399040997" lon="12.25482095964253">
        <ele>1315.38</ele>
      </trkpt>
      <trkpt lat="46.02868599817157" lon="12.254866976290941">
        <ele>1317.0</ele>
      </trkpt>
      <trkpt lat="46.028871992602944" lon="12.254934031516314">
        <ele>1318.85</ele>
      </trkpt>
      <trkpt lat="46.029025968164206" lon="12.255128994584084">
        <ele>1320.67</ele>
      </trkpt>
      <trkpt lat="46.02910400368273" lon="12.255178028717637">
        <ele>1322.64</ele>
      </trkpt>
      <trkpt lat="46.02931899949908" lon="12.255251035094261">
        <ele>1324.93</ele>
      </trkpt>
      <trkpt lat="46.02952502667904" lon="12.255384977906942">
        <ele>1329.51</ele>
      </trkpt>
      <trkpt lat="46.02967103943229" lon="12.255429988726974">
        <ele>1331.98</ele>
      </trkpt>
      <trkpt lat="46.02989500388503" lon="12.255623023957014">
        <ele>1334.5</ele>
      </trkpt>
      <trkpt lat="46.030032970011234" lon="12.255833996459842">
        <ele>1336.92</ele>
      </trkpt>
      <trkpt lat="46.030097007751465" lon="12.255847994238138">
        <ele>1339.55</ele>
      </trkpt>
      <trkpt lat="46.03013196028769" lon="12.255815975368023">
        <ele>1342.33</ele>
      </trkpt>
      <trkpt lat="46.03020605631173" lon="12.25559201091528">
        <ele>1345.17</ele>
      </trkpt>
      <trkpt lat="46.0302799846977" lon="12.255368968471885">
        <ele>1348.28</ele>
      </trkpt>
      <trkpt lat="46.03029800578952" lon="12.2552490234375">
        <ele>1351.48</ele>
      </trkpt>
      <trkpt lat="46.030332539230585" lon="12.254981808364391">
        <ele>1355.03</ele>
      </trkpt>
      <trkpt lat="46.03036698885262" lon="12.254716018214822">
        <ele>1358.61</ele>
      </trkpt>
      <trkpt lat="46.03034703992307" lon="12.254475960507989">
        <ele>1362.19</ele>
      </trkpt>
      <trkpt lat="46.03035852313042" lon="12.254177648574114">
        <ele>1365.8</ele>
      </trkpt>
      <trkpt lat="46.03037000633776" lon="12.253881013020873">
        <ele>1369.3</ele>
      </trkpt>
      <trkpt lat="46.03057854808867" lon="12.25380264222622">
        <ele>1372.72</ele>
      </trkpt>
      <trkpt lat="46.03078708983958" lon="12.253724355250597">
        <ele>1376.09</ele>
      </trkpt>
      <trkpt lat="46.03099596686661" lon="12.253645984455943">
        <ele>1379.44</ele>
      </trkpt>
      <trkpt lat="46.03121364489198" lon="12.253485638648272">
        <ele>1382.84</ele>
      </trkpt>
      <trkpt lat="46.03143132291734" lon="12.2533252928406">
        <ele>1386.34</ele>
      </trkpt>
      <trkpt lat="46.03164900094271" lon="12.25316503085196">
        <ele>1389.71</ele>
      </trkpt>
      <trkpt lat="46.03191236034036" lon="12.253051036968827">
        <ele>1393.1</ele>
      </trkpt>
      <trkpt lat="46.0321759711951" lon="12.252936959266663">
        <ele>1396.44</ele>
      </trkpt>
      <trkpt lat="46.03247445076704" lon="12.252855990082026">
        <ele>1399.84</ele>
      </trkpt>
      <trkpt lat="46.03277293033898" lon="12.252775020897388">
        <ele>1403.27</ele>
      </trkpt>
      <trkpt lat="46.03307199664414" lon="12.25269396789372">
        <ele>1406.51</ele>
      </trkpt>
      <trkpt lat="46.033330243080854" lon="12.252701427787542">
        <ele>1409.73</ele>
      </trkpt>
      <trkpt lat="46.03358899243176" lon="12.252708971500397">
        <ele>1412.94</ele>
      </trkpt>
      <trkpt lat="46.03374598547816" lon="12.252794969826937">
        <ele>1415.99</ele>
      </trkpt>
      <trkpt lat="46.03390800766647" lon="12.252981970086694">
        <ele>1418.9</ele>
      </trkpt>
      <trkpt lat="46.034095007926226" lon="12.25331699475646">
        <ele>1421.59</ele>
      </trkpt>
      <trkpt lat="46.03418913669884" lon="12.253544814884663">
        <ele>1423.95</ele>
      </trkpt>
      <trkpt lat="46.03428301401436" lon="12.253771964460611">
        <ele>1426.17</ele>
      </trkpt>
      <trkpt lat="46.03440899401903" lon="12.253995006904006">
        <ele>1428.33</ele>
      </trkpt>
      <trkpt lat="46.03461946360767" lon="12.254149401560426">
        <ele>1430.51</ele>
      </trkpt>
      <trkpt lat="46.03483001701534" lon="12.254303963854909">
        <ele>1432.59</ele>
      </trkpt>
      <trkpt lat="46.0350598488003" lon="12.254349393770099">
        <ele>1434.52</ele>
      </trkpt>
      <trkpt lat="46.03529001586139" lon="12.254394991323352">
        <ele>1436.2</ele>
      </trkpt>
      <trkpt lat="46.03553895838559" lon="12.25458299741149">
        <ele>1437.74</ele>
      </trkpt>
      <trkpt lat="46.03567047044635" lon="12.25473202764988">
        <ele>1439.01</ele>
      </trkpt>
      <trkpt lat="46.03580198250711" lon="12.254880974069238">
        <ele>1440.1</ele>
      </trkpt>
      <trkpt lat="46.0360199958086" lon="12.255022963508964">
        <ele>1441.02</ele>
      </trkpt>
      <trkpt lat="46.036304980516434" lon="12.255075015127659">
        <ele>1441.67</ele>
      </trkpt>
      <trkpt lat="46.036377400159836" lon="12.255455385893583">
        <ele>1442.03</ele>
      </trkpt>
      <trkpt lat="46.03644981980324" lon="12.255835756659508">
        <ele>1442.02</ele>
      </trkpt>
      <trkpt lat="46.03652223944664" lon="12.256216127425432">
        <ele>1442.11</ele>
      </trkpt>
      <trkpt lat="46.03659398853779" lon="12.256592977792025">
        <ele>1442.28</ele>
      </trkpt>
      <trkpt lat="46.036684177815914" lon="12.256857929751277">
        <ele>1442.53</ele>
      </trkpt>
      <trkpt lat="46.03677403181791" lon="12.25712195970118">
        <ele>1442.77</ele>
      </trkpt>
      <trkpt lat="46.036804961040616" lon="12.257536025717854">
        <ele>1442.9</ele>
      </trkpt>
      <trkpt lat="46.03679096326232" lon="12.25789301097393">
        <ele>1443.08</ele>
      </trkpt>
      <trkpt lat="46.036818036809564" lon="12.258141534402966">
        <ele>1443.39</ele>
      </trkpt>
      <trkpt lat="46.036845026537776" lon="12.25838896818459">
        <ele>1443.77</ele>
      </trkpt>
      <trkpt lat="46.03684142231941" lon="12.258740840479732">
        <ele>1444.23</ele>
      </trkpt>
      <trkpt lat="46.03683798573911" lon="12.259091036394238">
        <ele>1444.68</ele>
      </trkpt>
      <trkpt lat="46.03691996075213" lon="12.259470988065004">
        <ele>1445.28</ele>
      </trkpt>
      <trkpt lat="46.037079552188516" lon="12.259675590321422">
        <ele>1446.13</ele>
      </trkpt>
      <trkpt lat="46.03723897598684" lon="12.259880024939775">
        <ele>1447.31</ele>
      </trkpt>
      <trkpt lat="46.037443075329065" lon="12.260097116231918">
        <ele>1448.68</ele>
      </trkpt>
      <trkpt lat="46.03764700703323" lon="12.260314039885998">
        <ele>1450.26</ele>
      </trkpt>
      <trkpt lat="46.03778497315943" lon="12.260285038501024">
        <ele>1452.1</ele>
      </trkpt>
      <trkpt lat="46.03787097148597" lon="12.260151011869311">
        <ele>1453.88</ele>
      </trkpt>
      <trkpt lat="46.03803500533104" lon="12.259971974417567">
        <ele>1455.87</ele>
      </trkpt>
      <trkpt lat="46.03812796063721" lon="12.260295012965798">
        <ele>1457.88</ele>
      </trkpt>
      <trkpt lat="46.03824597783387" lon="12.260444965213537">
        <ele>1459.95</ele>
      </trkpt>
      <trkpt lat="46.03831697255373" lon="12.260588966310024">
        <ele>1461.96</ele>
      </trkpt>
      <trkpt lat="46.03854957036674" lon="12.260829024016857">
        <ele>1464.16</ele>
      </trkpt>
      <trkpt lat="46.03878200054169" lon="12.261068997904658">
        <ele>1466.28</ele>
      </trkpt>
      <trkpt lat="46.03883103467524" lon="12.261013006791472">
        <ele>1468.19</ele>
      </trkpt>
      <trkpt lat="46.03891896083951" lon="12.261102022603154">
        <ele>1470.12</ele>
      </trkpt>
      <trkpt lat="46.038987608626485" lon="12.26137108169496">
        <ele>1472.16</ele>
      </trkpt>
      <trkpt lat="46.039056004956365" lon="12.261638967320323">
        <ele>1474.2</ele>
      </trkpt>
      <trkpt lat="46.03919053450227" lon="12.261975165456533">
        <ele>1476.16</ele>
      </trkpt>
      <trkpt lat="46.0393251478672" lon="12.262311447411776">
        <ele>1477.95</ele>
      </trkpt>
      <trkpt lat="46.03945900686085" lon="12.262645969167352">
        <ele>1479.45</ele>
      </trkpt>
      <trkpt lat="46.03963544592261" lon="12.262767925858498">
        <ele>1480.79</ele>
      </trkpt>
      <trkpt lat="46.039811968803406" lon="12.262889966368675">
        <ele>1481.92</ele>
      </trkpt>
      <trkpt lat="46.04002897627652" lon="12.263166988268495">
        <ele>1482.78</ele>
      </trkpt>
      <trkpt lat="46.04004297405481" lon="12.263444010168314">
        <ele>1483.55</ele>
      </trkpt>
      <trkpt lat="46.04014196433127" lon="12.263849023729563">
        <ele>1483.99</ele>
      </trkpt>
      <trkpt lat="46.04016853496432" lon="12.264103582128882">
        <ele>1484.22</ele>
      </trkpt>
      <trkpt lat="46.040195021778345" lon="12.264356967061758">
        <ele>1484.07</ele>
      </trkpt>
      <trkpt lat="46.040297197178006" lon="12.264665253460407">
        <ele>1483.66</ele>
      </trkpt>
      <trkpt lat="46.04039937257767" lon="12.264973623678088">
        <ele>1483.14</ele>
      </trkpt>
      <trkpt lat="46.04050154797733" lon="12.26528199389577">
        <ele>1482.41</ele>
      </trkpt>
      <trkpt lat="46.040602969005704" lon="12.265588017180562">
        <ele>1481.38</ele>
      </trkpt>
      <trkpt lat="46.04070304892957" lon="12.265765713527799">
        <ele>1480.22</ele>
      </trkpt>
      <trkpt lat="46.04080296121538" lon="12.265942990779877">
        <ele>1478.88</ele>
      </trkpt>
      <trkpt lat="46.04093656875193" lon="12.266101073473692">
        <ele>1477.3</ele>
      </trkpt>
      <trkpt lat="46.04107000865042" lon="12.266258988529444">
        <ele>1475.45</ele>
      </trkpt>
      <trkpt lat="46.041197665035725" lon="12.26659208536148">
        <ele>1473.32</ele>
      </trkpt>
      <trkpt lat="46.0413249861449" lon="12.266924008727074">
        <ele>1471.13</ele>
      </trkpt>
      <trkpt lat="46.041422970592976" lon="12.267246041446924">
        <ele>1468.66</ele>
      </trkpt>
      <trkpt lat="46.04155716486275" lon="12.26759129203856">
        <ele>1466.15</ele>
      </trkpt>
      <trkpt lat="46.04169144295156" lon="12.267936542630196">
        <ele>1463.75</ele>
      </trkpt>
      <trkpt lat="46.04182496666908" lon="12.268280033022165">
        <ele>1461.08</ele>
      </trkpt>
      <trkpt lat="46.04199503548443" lon="12.268626959994435">
        <ele>1457.9</ele>
      </trkpt>
      <trkpt lat="46.0420380346477" lon="12.26884899660945">
        <ele>1454.83</ele>
      </trkpt>
      <trkpt lat="46.042025964707136" lon="12.269153008237481">
        <ele>1451.65</ele>
      </trkpt>
      <trkpt lat="46.04205270297825" lon="12.26946908980608">
        <ele>1448.45</ele>
      </trkpt>
      <trkpt lat="46.04207944124937" lon="12.26978525519371">
        <ele>1445.13</ele>
      </trkpt>
      <trkpt lat="46.042106011882424" lon="12.270098989829421">
        <ele>1441.75</ele>
      </trkpt>
      <trkpt lat="46.042070388793945" lon="12.270358074456453">
        <ele>1438.51</ele>
      </trkpt>
      <trkpt lat="46.04203501716256" lon="12.270615985617042">
        <ele>1435.46</ele>
      </trkpt>
      <trkpt lat="46.042065024375916" lon="12.270679017528892">
        <ele>1432.73</ele>
      </trkpt>
      <trkpt lat="46.04216401465237" lon="12.270728973671794">
        <ele>1430.03</ele>
      </trkpt>
      <trkpt lat="46.04221003130078" lon="12.27071799337864">
        <ele>1427.5</ele>
      </trkpt>
      <trkpt lat="46.04228203184903" lon="12.270629983395338">
        <ele>1425.07</ele>
      </trkpt>
      <trkpt lat="46.04231597855687" lon="12.27063400670886">
        <ele>1422.78</ele>
      </trkpt>
      <trkpt lat="46.04231497272849" lon="12.270809020847082">
        <ele>1420.66</ele>
      </trkpt>
      <trkpt lat="46.04226602241397" lon="12.270974982529879">
        <ele>1418.76</ele>
      </trkpt>
      <trkpt lat="46.042193016037345" lon="12.271095011383295">
        <ele>1416.96</ele>
      </trkpt>
      <trkpt lat="46.042128978297114" lon="12.271200036630034">
        <ele>1415.31</ele>
      </trkpt>
      <trkpt lat="46.04228655807674" lon="12.271399106830359">
        <ele>1413.59</ele>
      </trkpt>
      <trkpt lat="46.0424439702183" lon="12.27159800939262">
        <ele>1411.99</ele>
      </trkpt>
      <trkpt lat="46.042631389573216" lon="12.271722480654716">
        <ele>1410.44</ele>
      </trkpt>
      <trkpt lat="46.042818976566195" lon="12.271847035735846">
        <ele>1409.06</ele>
      </trkpt>
      <trkpt lat="46.0430433601141" lon="12.27208910509944">
        <ele>1407.82</ele>
      </trkpt>
      <trkpt lat="46.04326782748103" lon="12.272331174463034">
        <ele>1406.6</ele>
      </trkpt>
      <trkpt lat="46.04349195957184" lon="12.272572992369533">
        <ele>1405.32</ele>
      </trkpt>
      <trkpt lat="46.04366948828101" lon="12.272711461409926">
        <ele>1404.07</ele>
      </trkpt>
      <trkpt lat="46.043847016990185" lon="12.272850014269352">
        <ele>1402.95</ele>
      </trkpt>
      <trkpt lat="46.044061006978154" lon="12.272852025926113">
        <ele>1401.57</ele>
      </trkpt>
      <trkpt lat="46.04422596283257" lon="12.272755969315767">
        <ele>1400.07</ele>
      </trkpt>
      <trkpt lat="46.04441899806261" lon="12.272950513288379">
        <ele>1399.2</ele>
      </trkpt>
      <trkpt lat="46.04461203329265" lon="12.273144973441958">
        <ele>1398.14</ele>
      </trkpt>
      <trkpt lat="46.04471102356911" lon="12.273213034495711">
        <ele>1396.88</ele>
      </trkpt>
      <trkpt lat="46.044966001063585" lon="12.273286040872335">
        <ele>1395.5</ele>
      </trkpt>
      <trkpt lat="46.04516942985356" lon="12.273179506883025">
        <ele>1393.96</ele>
      </trkpt>
      <trkpt lat="46.045373026281595" lon="12.273072972893715">
        <ele>1392.19</ele>
      </trkpt>
      <trkpt lat="46.04551400989294" lon="12.273161988705397">
        <ele>1390.68</ele>
      </trkpt>
      <trkpt lat="46.04575339704752" lon="12.273414703086019">
        <ele>1389.13</ele>
      </trkpt>
      <trkpt lat="46.04599286802113" lon="12.273667501285672">
        <ele>1387.46</ele>
      </trkpt>
      <trkpt lat="46.046232003718615" lon="12.273919964209199">
        <ele>1386.36</ele>
      </trkpt>
      <trkpt lat="46.0465107858181" lon="12.273852992802858">
        <ele>1384.71</ele>
      </trkpt>
      <trkpt lat="46.046789987012744" lon="12.273786021396518">
        <ele>1383.19</ele>
      </trkpt>
      <trkpt lat="46.04695502668619" lon="12.273715026676655">
        <ele>1381.43</ele>
      </trkpt>
      <trkpt lat="46.047072960063815" lon="12.273615030571818">
        <ele>1379.61</ele>
      </trkpt>
      <trkpt lat="46.04723556898534" lon="12.273384779691696">
        <ele>1377.46</ele>
      </trkpt>
      <trkpt lat="46.04739801026881" lon="12.273155031725764">
        <ele>1375.43</ele>
      </trkpt>
      <trkpt lat="46.04759599082172" lon="12.273015975952148">
        <ele>1373.53</ele>
      </trkpt>
      <trkpt lat="46.047851387411356" lon="12.272902484983206">
        <ele>1371.45</ele>
      </trkpt>
      <trkpt lat="46.04810703545809" lon="12.272788994014263">
        <ele>1369.16</ele>
      </trkpt>
      <trkpt lat="46.04823896661401" lon="12.272777007892728">
        <ele>1366.84</ele>
      </trkpt>
      <trkpt lat="46.04843895882368" lon="12.272837022319436">
        <ele>1364.55</ele>
      </trkpt>
      <trkpt lat="46.04852001182735" lon="12.272918997332454">
        <ele>1362.47</ele>
      </trkpt>
      <trkpt lat="46.04865697212517" lon="12.273156037554145">
        <ele>1360.51</ele>
      </trkpt>
      <trkpt lat="46.04881220497191" lon="12.273510005325079">
        <ele>1358.62</ele>
      </trkpt>
      <trkpt lat="46.04896701872349" lon="12.273862967267632">
        <ele>1356.85</ele>
      </trkpt>
      <trkpt lat="46.049046982079744" lon="12.27396103553474">
        <ele>1354.87</ele>
      </trkpt>
      <trkpt lat="46.04910003952682" lon="12.27394200861454">
        <ele>1352.86</ele>
      </trkpt>
      <trkpt lat="46.04914496652782" lon="12.273869002237916">
        <ele>1350.76</ele>
      </trkpt>
      <trkpt lat="46.049283016473055" lon="12.273558033630252">
        <ele>1348.28</ele>
      </trkpt>
      <trkpt lat="46.04946557432413" lon="12.273304732516408">
        <ele>1346.05</ele>
      </trkpt>
      <trkpt lat="46.049647964537144" lon="12.273052018135786">
        <ele>1343.96</ele>
      </trkpt>
      <trkpt lat="46.049736980348825" lon="12.272968031466007">
        <ele>1342.3</ele>
      </trkpt>
      <trkpt lat="46.04996597394347" lon="12.27291103452444">
        <ele>1340.96</ele>
      </trkpt>
      <trkpt lat="46.050249030813575" lon="12.272921008989215">
        <ele>1339.93</ele>
      </trkpt>
      <trkpt lat="46.05033100582659" lon="12.272883960977197">
        <ele>1338.84</ele>
      </trkpt>
      <trkpt lat="46.05036403052509" lon="12.27280500344932">
        <ele>1337.86</ele>
      </trkpt>
      <trkpt lat="46.05039495974779" lon="12.272472996264696">
        <ele>1336.74</ele>
      </trkpt>
      <trkpt lat="46.050466960296035" lon="12.272254982963204">
        <ele>1336.17</ele>
      </trkpt>
      <trkpt lat="46.05063417926431" lon="12.271951055154204">
        <ele>1335.94</ele>
      </trkpt>
      <trkpt lat="46.05080097913742" lon="12.271647965535522">
        <ele>1336.09</ele>
      </trkpt>
      <trkpt lat="46.05088060721755" lon="12.27138695307076">
        <ele>1336.5</ele>
      </trkpt>
      <trkpt lat="46.050959983840585" lon="12.27112703025341">
        <ele>1337.25</ele>
      </trkpt>
      <trkpt lat="46.05101496912539" lon="12.27086802944541">
        <ele>1338.34</ele>
      </trkpt>
      <trkpt lat="46.051133992150426" lon="12.270680023357272">
        <ele>1339.73</ele>
      </trkpt>
      <trkpt lat="46.05118000879884" lon="12.27074095979333">
        <ele>1341.7</ele>
      </trkpt>
      <trkpt lat="46.05128503404558" lon="12.271042037755251">
        <ele>1344.22</ele>
      </trkpt>
      <trkpt lat="46.051388969644904" lon="12.271343031898141">
        <ele>1347.33</ele>
      </trkpt>
      <trkpt lat="46.05149298906326" lon="12.27164302021265">
        <ele>1350.82</ele>
      </trkpt>
      <trkpt lat="46.051709996536374" lon="12.27190101519227">
        <ele>1354.73</ele>
      </trkpt>
      <trkpt lat="46.051928009837866" lon="12.27215800434351">
        <ele>1359.07</ele>
      </trkpt>
      <trkpt lat="46.05214602313936" lon="12.27241599932313">
        <ele>1363.54</ele>
      </trkpt>
      <trkpt lat="46.05236303061247" lon="12.272672988474369">
        <ele>1368.1</ele>
      </trkpt>
      <trkpt lat="46.05258003808558" lon="12.272929977625608">
        <ele>1372.89</ele>
      </trkpt>
      <trkpt lat="46.05278296396136" lon="12.273187972605228">
        <ele>1378.48</ele>
      </trkpt>
      <trkpt lat="46.05298697948456" lon="12.273445967584848">
        <ele>1384.44</ele>
      </trkpt>
      <trkpt lat="46.05318998917937" lon="12.27370304055512">
        <ele>1389.8</ele>
      </trkpt>
      <trkpt lat="46.0531609877944" lon="12.27374603971839">
        <ele>1395.81</ele>
      </trkpt>
      <trkpt lat="46.05340397916734" lon="12.273889034986496">
        <ele>1401.9</ele>
      </trkpt>
      <trkpt lat="46.053646970540285" lon="12.274032030254602">
        <ele>1408.45</ele>
      </trkpt>
      <trkpt lat="46.05388996191323" lon="12.274175025522709">
        <ele>1415.19</ele>
      </trkpt>
      <trkpt lat="46.054158015176654" lon="12.273960029706359">
        <ele>1421.79</ele>
      </trkpt>
      <trkpt lat="46.05442598462105" lon="12.27374603971839">
        <ele>1428.88</ele>
      </trkpt>
      <trkpt lat="46.05462798848748" lon="12.273409003391862">
        <ele>1435.8</ele>
      </trkpt>
      <trkpt lat="46.054828986525536" lon="12.273071967065334">
        <ele>1442.59</ele>
      </trkpt>
      <trkpt lat="46.05502998456359" lon="12.2727370262146">
        <ele>1449.23</ele>
      </trkpt>
      <trkpt lat="46.05523802340031" lon="12.272628983482718">
        <ele>1456.03</ele>
      </trkpt>
      <trkpt lat="46.05544597841799" lon="12.27252203039825">
        <ele>1462.78</ele>
      </trkpt>
      <trkpt lat="46.05544597841799" lon="12.272797040641308">
        <ele>1469.46</ele>
      </trkpt>
      <trkpt lat="46.05544597841799" lon="12.273070039227605">
        <ele>1475.98</ele>
      </trkpt>
      <trkpt lat="46.05559098534286" lon="12.272972976788878">
        <ele>1482.15</ele>
      </trkpt>
      <trkpt lat="46.05573699809611" lon="12.272877003997564">
        <ele>1488.08</ele>
      </trkpt>
      <trkpt lat="46.055732974782586" lon="12.273108009248972">
        <ele>1494.05</ele>
      </trkpt>
      <trkpt lat="46.055729035288095" lon="12.273338008671999">
        <ele>1499.75</ele>
      </trkpt>
      <trkpt lat="46.055968003347516" lon="12.273166012018919">
        <ele>1504.81</ele>
      </trkpt>
      <trkpt lat="46.055945036932826" lon="12.273585023358464">
        <ele>1510.33</ele>
      </trkpt>
      <trkpt lat="46.056157015264034" lon="12.273589968681335">
        <ele>1514.96</ele>
      </trkpt>
      <trkpt lat="46.05636999942362" lon="12.273594997823238">
        <ele>1519.21</ele>
      </trkpt>
      <trkpt lat="46.056555993855" lon="12.273751990869641">
        <ele>1523.24</ele>
      </trkpt>
      <trkpt lat="46.056741988286376" lon="12.273909989744425">
        <ele>1527.09</ele>
      </trkpt>
      <trkpt lat="46.05692798271775" lon="12.274066982790828">
        <ele>1530.99</ele>
      </trkpt>
      <trkpt lat="46.05699202045798" lon="12.274281978607178">
        <ele>1534.74</ele>
      </trkpt>
      <trkpt lat="46.0570549685508" lon="12.274496974423528">
        <ele>1538.16</ele>
      </trkpt>
      <trkpt lat="46.05726602487266" lon="12.274636030197144">
        <ele>1541.26</ele>
      </trkpt>
      <trkpt lat="46.05747599154711" lon="12.274776007980108">
        <ele>1543.96</ele>
      </trkpt>
      <trkpt lat="46.057686964049935" lon="12.274914979934692">
        <ele>1546.25</ele>
      </trkpt>
      <trkpt lat="46.057899026200175" lon="12.274862006306648">
        <ele>1547.79</ele>
      </trkpt>
      <trkpt lat="46.058112010359764" lon="12.274808026850224">
        <ele>1548.84</ele>
      </trkpt>
      <trkpt lat="46.058417027816176" lon="12.274910034611821">
        <ele>1549.47</ele>
      </trkpt>
      <trkpt lat="46.05872196145356" lon="12.275011958554387">
        <ele>1549.64</ele>
      </trkpt>
      <trkpt lat="46.05870000086725" lon="12.275011958554387">
        <ele>1549.66</ele>
      </trkpt>
      <trkpt lat="46.058890018612146" lon="12.275171969085932">
        <ele>1549.21</ele>
      </trkpt>
      <trkpt lat="46.059080036357045" lon="12.275332985445857">
        <ele>1548.39</ele>
      </trkpt>
      <trkpt lat="46.059298971667886" lon="12.275285040959716">
        <ele>1546.94</ele>
      </trkpt>
      <trkpt lat="46.05951899662614" lon="12.275237012654543">
        <ele>1545.36</ele>
      </trkpt>
      <trkpt lat="46.05973902158439" lon="12.275054035708308">
        <ele>1543.46</ele>
      </trkpt>
      <trkpt lat="46.059958040714264" lon="12.274871980771422">
        <ele>1541.23</ele>
      </trkpt>
      <trkpt lat="46.06015099212527" lon="12.274785982444882">
        <ele>1539.03</ele>
      </trkpt>
      <trkpt lat="46.060345033183694" lon="12.274699984118342">
        <ele>1536.68</ele>
      </trkpt>
      <trkpt lat="46.06050898320973" lon="12.274577021598816">
        <ele>1534.04</ele>
      </trkpt>
      <trkpt lat="46.060673017054796" lon="12.274453975260258">
        <ele>1531.07</ele>
      </trkpt>
      <trkpt lat="46.060818023979664" lon="12.27435196749866">
        <ele>1528.07</ele>
      </trkpt>
      <trkpt lat="46.06096303090453" lon="12.274249959737062">
        <ele>1525.01</ele>
      </trkpt>
      <trkpt lat="46.06117098592222" lon="12.274082992225885">
        <ele>1522.04</ele>
      </trkpt>
      <trkpt lat="46.061380030587316" lon="12.273917030543089">
        <ele>1518.74</ele>
      </trkpt>
      <trkpt lat="46.061592008918524" lon="12.273589968681335">
        <ele>1515.03</ele>
      </trkpt>
      <trkpt lat="46.06180398724973" lon="12.273262990638614">
        <ele>1511.4</ele>
      </trkpt>
      <trkpt lat="46.06192401610315" lon="12.272918997332454">
        <ele>1507.09</ele>
      </trkpt>
      <trkpt lat="46.06216901913285" lon="12.272682962939143">
        <ele>1502.95</ele>
      </trkpt>
      <trkpt lat="46.06235501356423" lon="12.272506020963192">
        <ele>1498.88</ele>
      </trkpt>
      <trkpt lat="46.062541007995605" lon="12.272328995168209">
        <ele>1494.77</ele>
      </trkpt>
      <trkpt lat="46.06271602213383" lon="12.272156998515129">
        <ele>1490.65</ele>
      </trkpt>
      <trkpt lat="46.06289103627205" lon="12.27198600769043">
        <ele>1486.39</ele>
      </trkpt>
      <trkpt lat="46.06306998990476" lon="12.271798001602292">
        <ele>1481.94</ele>
      </trkpt>
      <trkpt lat="46.063249027356505" lon="12.271609995514154">
        <ele>1477.44</ele>
      </trkpt>
      <trkpt lat="46.06327802874148" lon="12.271589040756226">
        <ele>1473.25</ele>
      </trkpt>
      <trkpt lat="46.0635169968009" lon="12.27140698581934">
        <ele>1468.68</ele>
      </trkpt>
      <trkpt lat="46.06372897513211" lon="12.271197019144893">
        <ele>1464.35</ele>
      </trkpt>
      <trkpt lat="46.063830982893705" lon="12.271201964467764">
        <ele>1460.29</ele>
      </trkpt>
      <trkpt lat="46.06383299455047" lon="12.271144967526197">
        <ele>1456.34</ele>
      </trkpt>
      <trkpt lat="46.063949670642614" lon="12.270854953676462">
        <ele>1448.56</ele>
      </trkpt>
      <trkpt lat="46.064066011458635" lon="12.27056602947414">
        <ele>1444.7</ele>
      </trkpt>
      <trkpt lat="46.06415502727032" lon="12.270422028377652">
        <ele>1440.87</ele>
      </trkpt>
      <trkpt lat="46.06436097063124" lon="12.270270986482501">
        <ele>1436.93</ele>
      </trkpt>
      <trkpt lat="46.06437798589468" lon="12.270050961524248">
        <ele>1433.32</ele>
      </trkpt>
      <trkpt lat="46.064430959522724" lon="12.27011600509286">
        <ele>1429.91</ele>
      </trkpt>
      <trkpt lat="46.06452098116279" lon="12.270500985905528">
        <ele>1426.63</ele>
      </trkpt>
      <trkpt lat="46.06466397643089" lon="12.270709024742246">
        <ele>1423.18</ele>
      </trkpt>
      <trkpt lat="46.06478115543723" lon="12.271026112139225">
        <ele>1420.26</ele>
      </trkpt>
      <trkpt lat="46.06489799916744" lon="12.27134202606976">
        <ele>1417.38</ele>
      </trkpt>
      <trkpt lat="46.065065972507" lon="12.27170797996223">
        <ele>1414.44</ele>
      </trkpt>
      <trkpt lat="46.06522003188729" lon="12.27198600769043">
        <ele>1411.7</ele>
      </trkpt>
      <trkpt lat="46.06538465246558" lon="12.27221667766571">
        <ele>1409.04</ele>
      </trkpt>
      <trkpt lat="46.065549021586776" lon="12.272447012364864">
        <ele>1406.29</ele>
      </trkpt>
      <trkpt lat="46.065654968842864" lon="12.27276200428605">
        <ele>1403.51</ele>
      </trkpt>
      <trkpt lat="46.065658992156386" lon="12.27312401868403">
        <ele>1400.9</ele>
      </trkpt>
      <trkpt lat="46.06558598577976" lon="12.273390982300043">
        <ele>1398.5</ele>
      </trkpt>
      <trkpt lat="46.06543720699847" lon="12.273678816854954">
        <ele>1396.25</ele>
      </trkpt>
      <trkpt lat="46.065289014950395" lon="12.27396598085761">
        <ele>1393.9</ele>
      </trkpt>
      <trkpt lat="46.06524333357811" lon="12.274209978058934">
        <ele>1391.24</ele>
      </trkpt>
      <trkpt lat="46.06519798748195" lon="12.274452969431877">
        <ele>1388.63</ele>
      </trkpt>
      <trkpt lat="46.06508097611368" lon="12.27460602298379">
        <ele>1386.36</ele>
      </trkpt>
      <trkpt lat="46.064945021644235" lon="12.274580961093307">
        <ele>1384.4</ele>
      </trkpt>
      <trkpt lat="46.06489003635943" lon="12.27460996247828">
        <ele>1382.2</ele>
      </trkpt>
      <trkpt lat="46.06493102386594" lon="12.274682968854904">
        <ele>1379.75</ele>
      </trkpt>
      <trkpt lat="46.06487997807562" lon="12.274796962738037">
        <ele>1377.43</ele>
      </trkpt>
      <trkpt lat="46.064799008890986" lon="12.274892013520002">
        <ele>1375.3</ele>
      </trkpt>
      <trkpt lat="46.06487603858113" lon="12.274916991591454">
        <ele>1372.7</ele>
      </trkpt>
      <trkpt lat="46.06486497446895" lon="12.274983040988445">
        <ele>1370.33</ele>
      </trkpt>
      <trkpt lat="46.064945021644235" lon="12.275053029879928">
        <ele>1367.76</ele>
      </trkpt>
      <trkpt lat="46.06496002525091" lon="12.275327034294605">
        <ele>1365.03</ele>
      </trkpt>
      <trkpt lat="46.064809737727046" lon="12.275618389248848">
        <ele>1362.67</ele>
      </trkpt>
      <trkpt lat="46.0646600369364" lon="12.275908989831805">
        <ele>1360.35</ele>
      </trkpt>
      <trkpt lat="46.064604967832565" lon="12.276182994246483">
        <ele>1357.68</ele>
      </trkpt>
      <trkpt lat="46.06448971666396" lon="12.27653712965548">
        <ele>1355.38</ele>
      </trkpt>
      <trkpt lat="46.06437496840954" lon="12.276890007779002">
        <ele>1353.13</ele>
      </trkpt>
      <trkpt lat="46.064367424696684" lon="12.277271468192339">
        <ele>1350.7</ele>
      </trkpt>
      <trkpt lat="46.06435996480286" lon="12.277651000767946">
        <ele>1348.43</ele>
      </trkpt>
      <trkpt lat="46.06445509940386" lon="12.278010249137878">
        <ele>1346.29</ele>
      </trkpt>
      <trkpt lat="46.06454998254776" lon="12.27836798876524">
        <ele>1344.5</ele>
      </trkpt>
      <trkpt lat="46.06480596587062" lon="12.278191968798637">
        <ele>1342.45</ele>
      </trkpt>
      <trkpt lat="46.064997827634215" lon="12.278159447014332">
        <ele>1340.58</ele>
      </trkpt>
      <trkpt lat="46.06519002467394" lon="12.278127009049058">
        <ele>1338.91</ele>
      </trkpt>
      <trkpt lat="46.06547283008695" lon="12.278256425634027">
        <ele>1337.9</ele>
      </trkpt>
      <trkpt lat="46.06575597077608" lon="12.278386009857059">
        <ele>1337.06</ele>
      </trkpt>
      <trkpt lat="46.066062999889255" lon="12.278395984321833">
        <ele>1335.98</ele>
      </trkpt>
      <trkpt lat="46.066266847774386" lon="12.278360445052385">
        <ele>1334.98</ele>
      </trkpt>
      <trkpt lat="46.066471030935645" lon="12.27832498960197">
        <ele>1334.15</ele>
      </trkpt>
      <trkpt lat="46.06668636202812" lon="12.278415933251381">
        <ele>1333.54</ele>
      </trkpt>
      <trkpt lat="46.066902028396726" lon="12.278506960719824">
        <ele>1332.94</ele>
      </trkpt>
      <trkpt lat="46.06705114245415" lon="12.278754226863384">
        <ele>1332.64</ele>
      </trkpt>
      <trkpt lat="46.0672003403306" lon="12.279001493006945">
        <ele>1332.39</ele>
      </trkpt>
      <trkpt lat="46.067349035292864" lon="12.27924800477922">
        <ele>1332.19</ele>
      </trkpt>
      <trkpt lat="46.06750904582441" lon="12.279435591772199">
        <ele>1332.03</ele>
      </trkpt>
      <trkpt lat="46.06766897253692" lon="12.279623011127114">
        <ele>1332.01</ele>
      </trkpt>
      <trkpt lat="46.067799059674144" lon="12.27983775548637">
        <ele>1332.19</ele>
      </trkpt>
      <trkpt lat="46.0679289791733" lon="12.280051996931434">
        <ele>1332.44</ele>
      </trkpt>
      <trkpt lat="46.06813752092421" lon="12.280272021889687">
        <ele>1332.92</ele>
      </trkpt>
      <trkpt lat="46.06834597885609" lon="12.280491963028908">
        <ele>1333.69</ele>
      </trkpt>
      <trkpt lat="46.068513533100486" lon="12.280314853414893">
        <ele>1333.94</ele>
      </trkpt>
      <trkpt lat="46.06868100352585" lon="12.280137995257974">
        <ele>1334.2</ele>
      </trkpt>
      <trkpt lat="46.06889683753252" lon="12.280073454603553">
        <ele>1335.0</ele>
      </trkpt>
      <trkpt lat="46.069113006815314" lon="12.280008997768164">
        <ele>1335.84</ele>
      </trkpt>
      <trkpt lat="46.069202022626996" lon="12.279881006106734">
        <ele>1336.43</ele>
      </trkpt>
      <trkpt lat="46.06924703344703" lon="12.279762988910079">
        <ele>1336.99</ele>
      </trkpt>
      <trkpt lat="46.06939195655286" lon="12.279628459364176">
        <ele>1337.79</ele>
      </trkpt>
      <trkpt lat="46.06953696347773" lon="12.279494013637304">
        <ele>1338.64</ele>
      </trkpt>
      <trkpt lat="46.06977148912847" lon="12.27931690402329">
        <ele>1339.46</ele>
      </trkpt>
      <trkpt lat="46.07000601477921" lon="12.279139962047338">
        <ele>1340.39</ele>
      </trkpt>
      <trkpt lat="46.07014004141092" lon="12.278984310105443">
        <ele>1341.21</ele>
      </trkpt>
      <trkpt lat="46.070273984223604" lon="12.278828993439674">
        <ele>1342.1</ele>
      </trkpt>
      <trkpt lat="46.070404490455985" lon="12.278957990929484">
        <ele>1343.66</ele>
      </trkpt>
      <trkpt lat="46.070534996688366" lon="12.279086988419294">
        <ele>1345.06</ele>
      </trkpt>
      <trkpt lat="46.07069098390639" lon="12.279300978407264">
        <ele>1346.31</ele>
      </trkpt>
      <trkpt lat="46.07066902332008" lon="12.279666010290384">
        <ele>1347.65</ele>
      </trkpt>
      <trkpt lat="46.070680003613234" lon="12.279902547597885">
        <ele>1348.5</ele>
      </trkpt>
      <trkpt lat="46.07069098390639" lon="12.280137995257974">
        <ele>1349.34</ele>
      </trkpt>
      <trkpt lat="46.07060196809471" lon="12.280566981062293">
        <ele>1350.16</ele>
      </trkpt>
      <trkpt lat="46.070523262023926" lon="12.280765799805522">
        <ele>1351.29</ele>
      </trkpt>
      <trkpt lat="46.070444975048304" lon="12.280964031815529">
        <ele>1352.36</ele>
      </trkpt>
      <trkpt lat="46.07028203085065" lon="12.281189002096653">
        <ele>1353.27</ele>
      </trkpt>
      <trkpt lat="46.070207012817264" lon="12.281489996239543">
        <ele>1353.74</ele>
      </trkpt>
      <trkpt lat="46.070036021992564" lon="12.281789984554052">
        <ele>1354.27</ele>
      </trkpt>
      <trkpt lat="46.069894367828965" lon="12.28195108473301">
        <ele>1354.87</ele>
      </trkpt>
      <trkpt lat="46.06975296512246" lon="12.282112017273903">
        <ele>1355.27</ele>
      </trkpt>
      <trkpt lat="46.06982798315585" lon="12.282187035307288">
        <ele>1355.11</ele>
      </trkpt>
      <trkpt lat="46.06982798315585" lon="12.282379986718297">
        <ele>1354.89</ele>
      </trkpt>
      <trkpt lat="46.06961902230978" lon="12.282648961991072">
        <ele>1355.03</ele>
      </trkpt>
      <trkpt lat="46.06959697790444" lon="12.282980969175696">
        <ele>1354.85</ele>
      </trkpt>
      <trkpt lat="46.069649029523134" lon="12.283206023275852">
        <ele>1354.55</ele>
      </trkpt>
      <trkpt lat="46.06980501674116" lon="12.283078031614423">
        <ele>1353.65</ele>
      </trkpt>
      <trkpt lat="46.06996200978756" lon="12.283066967502236">
        <ele>1352.83</ele>
      </trkpt>
      <trkpt lat="46.0701999720186" lon="12.282898910343647">
        <ele>1351.61</ele>
      </trkpt>
      <trkpt lat="46.07043793424964" lon="12.28273093700409">
        <ele>1350.26</ele>
      </trkpt>
      <trkpt lat="46.07067598029971" lon="12.282562963664532">
        <ele>1348.75</ele>
      </trkpt>
      <trkpt lat="46.0708543471992" lon="12.282578889280558">
        <ele>1347.73</ele>
      </trkpt>
      <trkpt lat="46.07103296555579" lon="12.282594982534647">
        <ele>1346.71</ele>
      </trkpt>
      <trkpt lat="46.07122700661421" lon="12.282412005588412">
        <ele>1345.14</ele>
      </trkpt>
      <trkpt lat="46.07141291722655" lon="12.2822779789567">
        <ele>1343.5</ele>
      </trkpt>
      <trkpt lat="46.07159899547696" lon="12.282144036144018">
        <ele>1341.75</ele>
      </trkpt>
      <trkpt lat="46.07165900990367" lon="12.281940020620823">
        <ele>1339.5</ele>
      </trkpt>
      <trkpt lat="46.071799993515015" lon="12.281812028959394">
        <ele>1337.47</ele>
      </trkpt>
      <trkpt lat="46.072079027071595" lon="12.281720750033855">
        <ele>1335.81</ele>
      </trkpt>
      <trkpt lat="46.07235814444721" lon="12.281629554927349">
        <ele>1334.25</ele>
      </trkpt>
      <trkpt lat="46.07263726182282" lon="12.281538359820843">
        <ele>1332.62</ele>
      </trkpt>
      <trkpt lat="46.072916965931654" lon="12.281446997076273">
        <ele>1330.78</ele>
      </trkpt>
      <trkpt lat="46.07310882769525" lon="12.28146443143487">
        <ele>1328.88</ele>
      </trkpt>
      <trkpt lat="46.073301024734974" lon="12.28148203343153">
        <ele>1326.91</ele>
      </trkpt>
      <trkpt lat="46.07344603165984" lon="12.281496031209826">
        <ele>1324.91</ele>
      </trkpt>
      <trkpt lat="46.07359698973596" lon="12.281628968194127">
        <ele>1322.97</ele>
      </trkpt>
      <trkpt lat="46.07374400831759" lon="12.281855028122663">
        <ele>1320.91</ele>
      </trkpt>
      <trkpt lat="46.07384601607919" lon="12.282131966203451">
        <ele>1318.89</ele>
      </trkpt>
      <trkpt lat="46.073883986100554" lon="12.282550977542996">
        <ele>1317.06</ele>
      </trkpt>
      <trkpt lat="46.07385657727718" lon="12.282888432964683">
        <ele>1315.54</ele>
      </trkpt>
      <trkpt lat="46.07382916845381" lon="12.2832259722054">
        <ele>1313.97</ele>
      </trkpt>
      <trkpt lat="46.07380201108754" lon="12.283560996875167">
        <ele>1312.39</ele>
      </trkpt>
      <trkpt lat="46.07382799498737" lon="12.283824104815722">
        <ele>1310.71</ele>
      </trkpt>
      <trkpt lat="46.0738539788872" lon="12.284086039289832">
        <ele>1309.08</ele>
      </trkpt>
      <trkpt lat="46.07384601607919" lon="12.28453204035759">
        <ele>1307.93</ele>
      </trkpt>
      <trkpt lat="46.07389898970723" lon="12.284579984843731">
        <ele>1306.53</ele>
      </trkpt>
      <trkpt lat="46.0740889236331" lon="12.284445455297828">
        <ele>1304.78</ele>
      </trkpt>
      <trkpt lat="46.07427902519703" lon="12.284311009570956">
        <ele>1303.41</ele>
      </trkpt>
      <trkpt lat="46.07446082867682" lon="12.284246971830726">
        <ele>1302.3</ele>
      </trkpt>
      <trkpt lat="46.07464296743274" lon="12.284183017909527">
        <ele>1301.16</ele>
      </trkpt>
      <trkpt lat="46.07483700849116" lon="12.284160973504186">
        <ele>1300.37</ele>
      </trkpt>
      <trkpt lat="46.07500799931586" lon="12.283968022093177">
        <ele>1299.0</ele>
      </trkpt>
      <trkpt lat="46.07526104897261" lon="12.283753445371985">
        <ele>1297.86</ele>
      </trkpt>
      <trkpt lat="46.075514014810324" lon="12.283539036288857">
        <ele>1297.01</ele>
      </trkpt>
      <trkpt lat="46.07575993984938" lon="12.283414481207728">
        <ele>1296.37</ele>
      </trkpt>
      <trkpt lat="46.07600603252649" lon="12.283290009945631">
        <ele>1295.75</ele>
      </trkpt>
      <trkpt lat="46.07625899836421" lon="12.283032014966011">
        <ele>1294.99</ele>
      </trkpt>
      <trkpt lat="46.076463432982564" lon="12.282920954748988">
        <ele>1294.66</ele>
      </trkpt>
      <trkpt lat="46.07666803523898" lon="12.282809978350997">
        <ele>1294.3</ele>
      </trkpt>
      <trkpt lat="46.07684640213847" lon="12.282788939774036">
        <ele>1294.24</ele>
      </trkpt>
      <trkpt lat="46.07702502049506" lon="12.282767985016108">
        <ele>1294.34</ele>
      </trkpt>
      <trkpt lat="46.07729097828269" lon="12.282587941735983">
        <ele>1294.23</ele>
      </trkpt>
      <trkpt lat="46.07755693607032" lon="12.28240798227489">
        <ele>1294.32</ele>
      </trkpt>
      <trkpt lat="46.077822893857956" lon="12.282228022813797">
        <ele>1294.62</ele>
      </trkpt>
      <trkpt lat="46.07808901928365" lon="12.282047979533672">
        <ele>1295.12</ele>
      </trkpt>
      <trkpt lat="46.07825296930969" lon="12.281769029796124">
        <ele>1295.52</ele>
      </trkpt>
      <trkpt lat="46.07845480553806" lon="12.281685713678598">
        <ele>1296.44</ele>
      </trkpt>
      <trkpt lat="46.07865672558546" lon="12.281602397561073">
        <ele>1297.48</ele>
      </trkpt>
      <trkpt lat="46.07885898090899" lon="12.281518997624516">
        <ele>1298.66</ele>
      </trkpt>
      <trkpt lat="46.07913700863719" lon="12.28171999566257">
        <ele>1300.27</ele>
      </trkpt>
      <trkpt lat="46.07941101305187" lon="12.28184899315238">
        <ele>1301.93</ele>
      </trkpt>
      <trkpt lat="46.079526180401444" lon="12.28213146328926">
        <ele>1304.17</ele>
      </trkpt>
      <trkpt lat="46.079641012474895" lon="12.282413011416793">
        <ele>1306.49</ele>
      </trkpt>
      <trkpt lat="46.07950396835804" lon="12.282689027488232">
        <ele>1309.12</ele>
      </trkpt>
      <trkpt lat="46.07934990897775" lon="12.282832022756338">
        <ele>1311.74</ele>
      </trkpt>
      <trkpt lat="46.07919601723552" lon="12.282975018024445">
        <ele>1314.49</ele>
      </trkpt>
      <trkpt lat="46.07914103195071" lon="12.28333099745214">
        <ele>1317.47</ele>
      </trkpt>
      <trkpt lat="46.07926399447024" lon="12.283586980774999">
        <ele>1320.26</ele>
      </trkpt>
      <trkpt lat="46.079215966165066" lon="12.28380499407649">
        <ele>1323.3</ele>
      </trkpt>
      <trkpt lat="46.079044975340366" lon="12.283950001001358">
        <ele>1326.52</ele>
      </trkpt>
      <trkpt lat="46.07905796729028" lon="12.284176982939243">
        <ele>1329.54</ele>
      </trkpt>
      <trkpt lat="46.07903600670397" lon="12.284286031499505">
        <ele>1332.65</ele>
      </trkpt>
      <trkpt lat="46.07888001948595" lon="12.284584008157253">
        <ele>1336.12</ele>
      </trkpt>
      <trkpt lat="46.078608026728034" lon="12.284796992316842">
        <ele>1339.89</ele>
      </trkpt>
      <trkpt lat="46.078460002318025" lon="12.285098992288113">
        <ele>1343.39</ele>
      </trkpt>
      <trkpt lat="46.07844399288297" lon="12.28528699837625">
        <ele>1346.62</ele>
      </trkpt>
      <trkpt lat="46.07838599011302" lon="12.28539202362299">
        <ele>1349.91</ele>
      </trkpt>
      <trkpt lat="46.07833603397012" lon="12.285422030836344">
        <ele>1353.08</ele>
      </trkpt>
      <trkpt lat="46.07828297652304" lon="12.285399986431003">
        <ele>1356.21</ele>
      </trkpt>
      <trkpt lat="46.078183986246586" lon="12.28528599254787">
        <ele>1359.35</ele>
      </trkpt>
      <trkpt lat="46.077880980446935" lon="12.285296972841024">
        <ele>1362.65</ele>
      </trkpt>
      <trkpt lat="46.077730022370815" lon="12.285246010869741">
        <ele>1365.7</ele>
      </trkpt>
      <trkpt lat="46.07749700546265" lon="12.285429993644357">
        <ele>1368.74</ele>
      </trkpt>
      <trkpt lat="46.077319979667664" lon="12.285644989460707">
        <ele>1371.64</ele>
      </trkpt>
      <trkpt lat="46.07727731578052" lon="12.285966267809272">
        <ele>1374.35</ele>
      </trkpt>
      <trkpt lat="46.077234987169504" lon="12.286286037415266">
        <ele>1377.18</ele>
      </trkpt>
      <trkpt lat="46.077258037403226" lon="12.286498015746474">
        <ele>1382.56</ele>
      </trkpt>
      <trkpt lat="46.07736800797284" lon="12.286686021834612">
        <ele>1385.23</ele>
      </trkpt>
      <trkpt lat="46.077599013224244" lon="12.286977041512728">
        <ele>1387.95</ele>
      </trkpt>
      <trkpt lat="46.07778592966497" lon="12.287060441449285">
        <ele>1390.59</ele>
      </trkpt>
      <trkpt lat="46.07797301374376" lon="12.287144009023905">
        <ele>1393.3</ele>
      </trkpt>
      <trkpt lat="46.07818599790335" lon="12.287355400621891">
        <ele>1396.1</ele>
      </trkpt>
      <trkpt lat="46.07839906588197" lon="12.287566792219877">
        <ele>1398.83</ele>
      </trkpt>
      <trkpt lat="46.078611966222525" lon="12.2877780161798">
        <ele>1401.57</ele>
      </trkpt>
      <trkpt lat="46.078611966222525" lon="12.28797197341919">
        <ele>1404.53</ele>
      </trkpt>
      <trkpt lat="46.07842798344791" lon="12.288117986172438">
        <ele>1407.7</ele>
      </trkpt>
      <trkpt lat="46.078266045078635" lon="12.288200464099646">
        <ele>1410.84</ele>
      </trkpt>
      <trkpt lat="46.07810402289033" lon="12.288283025845885">
        <ele>1414.18</ele>
      </trkpt>
      <trkpt lat="46.07786203734577" lon="12.288555018603802">
        <ele>1417.78</ele>
      </trkpt>
      <trkpt lat="46.07780202291906" lon="12.288673035800457">
        <ele>1421.33</ele>
      </trkpt>
      <trkpt lat="46.07759155333042" lon="12.288589468225837">
        <ele>1425.2</ele>
      </trkpt>
      <trkpt lat="46.07738099992275" lon="12.288505984470248">
        <ele>1429.12</ele>
      </trkpt>
      <trkpt lat="46.07716508209705" lon="12.288537584245205">
        <ele>1433.32</ele>
      </trkpt>
      <trkpt lat="46.076949248090386" lon="12.288569267839193">
        <ele>1437.7</ele>
      </trkpt>
      <trkpt lat="46.07673299498856" lon="12.288601035252213">
        <ele>1442.24</ele>
      </trkpt>
      <trkpt lat="46.07653157785535" lon="12.288591479882598">
        <ele>1446.99</ele>
      </trkpt>
      <trkpt lat="46.07632999308407" lon="12.288582008332014">
        <ele>1452.01</ele>
      </trkpt>
      <trkpt lat="46.076147435233" lon="12.288726512342691">
        <ele>1457.21</ele>
      </trkpt>
      <trkpt lat="46.07596496120095" lon="12.288871016353369">
        <ele>1462.68</ele>
      </trkpt>
      <trkpt lat="46.07584174722433" lon="12.289132867008448">
        <ele>1468.24</ele>
      </trkpt>
      <trkpt lat="46.0757190361619" lon="12.289393963292241">
        <ele>1473.98</ele>
      </trkpt>
      <trkpt lat="46.07554594986141" lon="12.289569983258843">
        <ele>1479.99</ele>
      </trkpt>
      <trkpt lat="46.07537303119898" lon="12.289746003225446">
        <ele>1486.22</ele>
      </trkpt>
      <trkpt lat="46.075202878564596" lon="12.289954461157322">
        <ele>1492.66</ele>
      </trkpt>
      <trkpt lat="46.075032725930214" lon="12.290162919089198">
        <ele>1499.27</ele>
      </trkpt>
      <trkpt lat="46.07486299239099" lon="12.290371041744947">
        <ele>1506.02</ele>
      </trkpt>
      <trkpt lat="46.07470666989684" lon="12.290726602077484">
        <ele>1512.8</ele>
      </trkpt>
      <trkpt lat="46.074551017954946" lon="12.291080988943577">
        <ele>1519.8</ele>
      </trkpt>
      <trkpt lat="46.07443979009986" lon="12.291299253702164">
        <ele>1526.76</ele>
      </trkpt>
      <trkpt lat="46.07432898133993" lon="12.29151701554656">
        <ele>1533.84</ele>
      </trkpt>
      <trkpt lat="46.07425672933459" lon="12.291918927803636">
        <ele>1540.99</ele>
      </trkpt>
      <trkpt lat="46.074184980243444" lon="12.292318996042013">
        <ele>1547.99</ele>
      </trkpt>
      <trkpt lat="46.07409931719303" lon="12.29255586862564">
        <ele>1554.94</ele>
      </trkpt>
      <trkpt lat="46.074013989418745" lon="12.292791986837983">
        <ele>1561.86</ele>
      </trkpt>
      <trkpt lat="46.07383746653795" lon="12.29316079057753">
        <ele>1568.9</ele>
      </trkpt>
      <trkpt lat="46.07366094365716" lon="12.293529594317079">
        <ele>1575.92</ele>
      </trkpt>
      <trkpt lat="46.07348442077637" lon="12.293898398056626">
        <ele>1582.65</ele>
      </trkpt>
      <trkpt lat="46.07330898754299" lon="12.29426502250135">
        <ele>1589.33</ele>
      </trkpt>
      <trkpt lat="46.07318275608122" lon="12.294580014422536">
        <ele>1595.84</ele>
      </trkpt>
      <trkpt lat="46.07305702753365" lon="12.294894000515342">
        <ele>1601.98</ele>
      </trkpt>
      <trkpt lat="46.07290640473366" lon="12.295038001611829">
        <ele>1607.93</ele>
      </trkpt>
      <trkpt lat="46.07275603339076" lon="12.295182002708316">
        <ele>1613.78</ele>
      </trkpt>
      <trkpt lat="46.07258001342416" lon="12.295116037130356">
        <ele>1619.36</ele>
      </trkpt>
      <trkpt lat="46.07247398234904" lon="12.294963989406824">
        <ele>1624.55</ele>
      </trkpt>
      <trkpt lat="46.072378009557724" lon="12.295002965256572">
        <ele>1629.54</ele>
      </trkpt>
      <trkpt lat="46.0722220223397" lon="12.295177979394794">
        <ele>1634.23</ele>
      </trkpt>
      <trkpt lat="46.07214096933603" lon="12.295174961909652">
        <ele>1638.63</ele>
      </trkpt>
      <trkpt lat="46.071941731497645" lon="12.295485762879252">
        <ele>1642.96</ele>
      </trkpt>
      <trkpt lat="46.07174299657345" lon="12.295795977115631">
        <ele>1647.1</ele>
      </trkpt>
      <trkpt lat="46.071712989360094" lon="12.295893961563706">
        <ele>1650.7</ele>
      </trkpt>
      <trkpt lat="46.07168901711702" lon="12.296309033408761">
        <ele>1654.15</ele>
      </trkpt>
      <trkpt lat="46.071650963276625" lon="12.296356977894902">
        <ele>1657.11</ele>
      </trkpt>
      <trkpt lat="46.071409564465284" lon="12.296451944857836">
        <ele>1660.18</ele>
      </trkpt>
      <trkpt lat="46.07116799801588" lon="12.296546995639801">
        <ele>1662.85</ele>
      </trkpt>
      <trkpt lat="46.07111896388233" lon="12.29660902172327">
        <ele>1664.83</ele>
      </trkpt>
      <trkpt lat="46.07100673019886" lon="12.296879924833775">
        <ele>1666.63</ele>
      </trkpt>
      <trkpt lat="46.07089499942958" lon="12.297149989753962">
        <ele>1668.07</ele>
      </trkpt>
      <trkpt lat="46.070767007768154" lon="12.297305976971984">
        <ele>1669.0</ele>
      </trkpt>
      <trkpt lat="46.07073800638318" lon="12.297390969470143">
        <ele>1669.52</ele>
      </trkpt>
      <trkpt lat="46.070756027475" lon="12.297450983896852">
        <ele>1669.64</ele>
      </trkpt>
      <trkpt lat="46.07092400081456" lon="12.297582998871803">
        <ele>1669.42</ele>
      </trkpt>
      <trkpt lat="46.070963982492685" lon="12.297668997198343">
        <ele>1668.86</ele>
      </trkpt>
      <trkpt lat="46.070896005257964" lon="12.29781199246645">
        <ele>1667.93</ele>
      </trkpt>
      <trkpt lat="46.07077103108168" lon="12.297754995524883">
        <ele>1666.72</ele>
      </trkpt>
      <trkpt lat="46.07063398696482" lon="12.29757503606379">
        <ele>1665.14</ele>
      </trkpt>
      <trkpt lat="46.07037146575749" lon="12.29753103107214">
        <ele>1663.12</ele>
      </trkpt>
      <trkpt lat="46.07010894455016" lon="12.29748702608049">
        <ele>1660.73</ele>
      </trkpt>
      <trkpt lat="46.069846004247665" lon="12.297443021088839">
        <ele>1658.07</ele>
      </trkpt>
      <trkpt lat="46.0695989895612" lon="12.297329027205706">
        <ele>1655.6</ele>
      </trkpt>
      <trkpt lat="46.0693450178951" lon="12.297099027782679">
        <ele>1653.21</ele>
      </trkpt>
      <trkpt lat="46.06923697516322" lon="12.297071032226086">
        <ele>1650.68</ele>
      </trkpt>
      <trkpt lat="46.06909096240997" lon="12.297033984214067">
        <ele>1648.06</ele>
      </trkpt>
      <trkpt lat="46.068856017664075" lon="12.296847989782691">
        <ele>1645.45</ele>
      </trkpt>
      <trkpt lat="46.06859844177961" lon="12.296740366145968">
        <ele>1642.96</ele>
      </trkpt>
      <trkpt lat="46.06834086589515" lon="12.296632742509246">
        <ele>1640.58</ele>
      </trkpt>
      <trkpt lat="46.068083038553596" lon="12.296525035053492">
        <ele>1638.19</ele>
      </trkpt>
      <trkpt lat="46.067865025252104" lon="12.296407520771027">
        <ele>1635.92</ele>
      </trkpt>
      <trkpt lat="46.06764701195061" lon="12.296290006488562">
        <ele>1633.87</ele>
      </trkpt>
      <trkpt lat="46.06745716184378" lon="12.296055145561695">
        <ele>1632.1</ele>
      </trkpt>
      <trkpt lat="46.06726731173694" lon="12.295820284634829">
        <ele>1630.7</ele>
      </trkpt>
      <trkpt lat="46.067077964544296" lon="12.295586010441184">
        <ele>1629.55</ele>
      </trkpt>
      <trkpt lat="46.06683732010424" lon="12.295350898057222">
        <ele>1628.4</ele>
      </trkpt>
      <trkpt lat="46.06659701094031" lon="12.295116037130356">
        <ele>1627.39</ele>
      </trkpt>
      <trkpt lat="46.066452926024795" lon="12.294987458735704">
        <ele>1626.68</ele>
      </trkpt>
      <trkpt lat="46.06630900874734" lon="12.294858964160085">
        <ele>1626.31</ele>
      </trkpt>
      <trkpt lat="46.06604238040745" lon="12.294685961678624">
        <ele>1626.57</ele>
      </trkpt>
      <trkpt lat="46.065775752067566" lon="12.294513043016195">
        <ele>1627.32</ele>
      </trkpt>
      <trkpt lat="46.06550903990865" lon="12.294340040534735">
        <ele>1628.24</ele>
      </trkpt>
      <trkpt lat="46.06538607738912" lon="12.294062515720725">
        <ele>1629.47</ele>
      </trkpt>
      <trkpt lat="46.065263198688626" lon="12.293785074725747">
        <ele>1630.87</ele>
      </trkpt>
      <trkpt lat="46.065140990540385" lon="12.293508974835277">
        <ele>1632.53</ele>
      </trkpt>
      <trkpt lat="46.0649917088449" lon="12.293221056461334">
        <ele>1634.28</ele>
      </trkpt>
      <trkpt lat="46.06484301388264" lon="12.292933976277709">
        <ele>1636.31</ele>
      </trkpt>
      <trkpt lat="46.06473899446428" lon="12.292732978239655">
        <ele>1638.58</ele>
      </trkpt>
      <trkpt lat="46.06455501168966" lon="12.292515970766544">
        <ele>1640.98</ele>
      </trkpt>
      <trkpt lat="46.06440296396613" lon="12.29239895939827">
        <ele>1643.43</ele>
      </trkpt>
      <trkpt lat="46.06425100006163" lon="12.292282031849027">
        <ele>1646.09</ele>
      </trkpt>
      <trkpt lat="46.0640883911401" lon="12.292126379907131">
        <ele>1648.94</ele>
      </trkpt>
      <trkpt lat="46.06392603367567" lon="12.29197097942233">
        <ele>1652.09</ele>
      </trkpt>
      <trkpt lat="46.06373056769371" lon="12.29186343960464">
        <ele>1655.42</ele>
      </trkpt>
      <trkpt lat="46.06353501789272" lon="12.29175598360598">
        <ele>1658.77</ele>
      </trkpt>
      <trkpt lat="46.06332060880959" lon="12.291665459051728">
        <ele>1662.28</ele>
      </trkpt>
      <trkpt lat="46.0631060320884" lon="12.291575018316507">
        <ele>1665.95</ele>
      </trkpt>
      <trkpt lat="46.062854155898094" lon="12.291501006111503">
        <ele>1669.84</ele>
      </trkpt>
      <trkpt lat="46.062602028250694" lon="12.291426993906498">
        <ele>1673.6</ele>
      </trkpt>
      <trkpt lat="46.06241603381932" lon="12.291246028617024">
        <ele>1677.24</ele>
      </trkpt>
      <trkpt lat="46.06219198554754" lon="12.291132034733891">
        <ele>1680.86</ele>
      </trkpt>
      <trkpt lat="46.062026526778936" lon="12.291077971458435">
        <ele>1684.38</ele>
      </trkpt>
      <trkpt lat="46.0618609841913" lon="12.29102399200201">
        <ele>1687.87</ele>
      </trkpt>
      <trkpt lat="46.06168085709214" lon="12.290829196572304">
        <ele>1691.47</ele>
      </trkpt>
      <trkpt lat="46.06150081381202" lon="12.290634401142597">
        <ele>1694.97</ele>
      </trkpt>
      <trkpt lat="46.06132102198899" lon="12.29044002480805">
        <ele>1698.43</ele>
      </trkpt>
      <trkpt lat="46.06110954657197" lon="12.290244894102216">
        <ele>1701.8</ele>
      </trkpt>
      <trkpt lat="46.060898154973984" lon="12.290049847215414">
        <ele>1705.02</ele>
      </trkpt>
      <trkpt lat="46.06068701483309" lon="12.289854967966676">
        <ele>1707.98</ele>
      </trkpt>
      <trkpt lat="46.060565393418074" lon="12.2895273193717">
        <ele>1710.55</ele>
      </trkpt>
      <trkpt lat="46.060443855822086" lon="12.289199754595757">
        <ele>1712.95</ele>
      </trkpt>
      <trkpt lat="46.06032298877835" lon="12.28887403383851">
        <ele>1715.36</ele>
      </trkpt>
      <trkpt lat="46.060089971870184" lon="12.288699271157384">
        <ele>1717.62</ele>
      </trkpt>
      <trkpt lat="46.059856954962015" lon="12.288524592295289">
        <ele>1719.61</ele>
      </trkpt>
      <trkpt lat="46.05962402187288" lon="12.288349997252226">
        <ele>1721.4</ele>
      </trkpt>
      <trkpt lat="46.05941749177873" lon="12.28825000114739">
        <ele>1723.07</ele>
      </trkpt>
      <trkpt lat="46.059210961684585" lon="12.288150005042553">
        <ele>1724.61</ele>
      </trkpt>
      <trkpt lat="46.059146001935005" lon="12.288117986172438">
        <ele>1725.91</ele>
      </trkpt>
      <trkpt lat="46.058990182355046" lon="12.287903409451246">
        <ele>1727.12</ele>
      </trkpt>
      <trkpt lat="46.05883436277509" lon="12.287688916549087">
        <ele>1728.16</ele>
      </trkpt>
      <trkpt lat="46.05867896229029" lon="12.287475010380149">
        <ele>1728.92</ele>
      </trkpt>
      <trkpt lat="46.05850512161851" lon="12.287146272137761">
        <ele>1729.24</ele>
      </trkpt>
      <trkpt lat="46.05833128094673" lon="12.286817617714405">
        <ele>1729.61</ele>
      </trkpt>
      <trkpt lat="46.058157440274954" lon="12.286488963291049">
        <ele>1730.26</ele>
      </trkpt>
      <trkpt lat="46.057983599603176" lon="12.286160308867693">
        <ele>1730.71</ele>
      </trkpt>
      <trkpt lat="46.057811016216874" lon="12.285834001377225">
        <ele>1731.17</ele>
      </trkpt>
      <trkpt lat="46.05770682916045" lon="12.285567121580243">
        <ele>1731.65</ele>
      </trkpt>
      <trkpt lat="46.05760264210403" lon="12.285300325602293">
        <ele>1732.05</ele>
      </trkpt>
      <trkpt lat="46.05749904178083" lon="12.285035038366914">
        <ele>1732.5</ele>
      </trkpt>
      <trkpt lat="46.05735747143626" lon="12.284803362563252">
        <ele>1733.03</ele>
      </trkpt>
      <trkpt lat="46.05721598491073" lon="12.284571770578623">
        <ele>1733.67</ele>
      </trkpt>
      <trkpt lat="46.05707500129938" lon="12.28434101678431">
        <ele>1734.52</ele>
      </trkpt>
      <trkpt lat="46.05693619698286" lon="12.284045470878482">
        <ele>1735.68</ele>
      </trkpt>
      <trkpt lat="46.05679797939956" lon="12.283751014620066">
        <ele>1736.87</ele>
      </trkpt>
      <trkpt lat="46.056629000231624" lon="12.2835039999336">
        <ele>1738.0</ele>
      </trkpt>
      <trkpt lat="46.05661600828171" lon="12.283295961096883">
        <ele>1738.95</ele>
      </trkpt>
      <trkpt lat="46.05650796554983" lon="12.282927995547652">
        <ele>1740.1</ele>
      </trkpt>
      <trkpt lat="46.056402772665024" lon="12.282679555937648">
        <ele>1741.29</ele>
      </trkpt>
      <trkpt lat="46.05629799887538" lon="12.282432038336992">
        <ele>1742.7</ele>
      </trkpt>
      <trkpt lat="46.05625399388373" lon="12.282233973965049">
        <ele>1743.54</ele>
      </trkpt>
      <trkpt lat="46.05616497807205" lon="12.282204972580075">
        <ele>1744.09</ele>
      </trkpt>
      <trkpt lat="46.0560430213809" lon="12.282090978696942">
        <ele>1744.52</ele>
      </trkpt>
      <trkpt lat="46.05581712909043" lon="12.282070443034172">
        <ele>1744.59</ele>
      </trkpt>
      <trkpt lat="46.05559098534286" lon="12.282049991190434">
        <ele>1744.31</ele>
      </trkpt>
      <trkpt lat="46.05542401783168" lon="12.282034987583756">
        <ele>1743.83</ele>
      </trkpt>
      <trkpt lat="46.055256966501474" lon="12.28201998397708">
        <ele>1743.05</ele>
      </trkpt>
      <trkpt lat="46.05509251356125" lon="12.282016966491938">
        <ele>1742.03</ele>
      </trkpt>
      <trkpt lat="46.05492797680199" lon="12.282014032825828">
        <ele>1740.77</ele>
      </trkpt>
      <trkpt lat="46.054654559120536" lon="12.282106904312968">
        <ele>1739.15</ele>
      </trkpt>
      <trkpt lat="46.05438097380102" lon="12.282200027257204">
        <ele>1737.28</ele>
      </trkpt>
      <trkpt lat="46.05417100712657" lon="12.282306477427483">
        <ele>1735.3</ele>
      </trkpt>
      <trkpt lat="46.05396104045212" lon="12.282413011416793">
        <ele>1732.97</ele>
      </trkpt>
      <trkpt lat="46.053879987448454" lon="12.282405970618129">
        <ele>1730.51</ele>
      </trkpt>
      <trkpt lat="46.05383497662842" lon="12.282345034182072">
        <ele>1727.87</ele>
      </trkpt>
      <trkpt lat="46.05367102660239" lon="12.282335981726646">
        <ele>1724.83</ele>
      </trkpt>
      <trkpt lat="46.053513027727604" lon="12.2822589520365">
        <ele>1721.61</ele>
      </trkpt>
      <trkpt lat="46.05335502885282" lon="12.282182006165385">
        <ele>1718.16</ele>
      </trkpt>
      <trkpt lat="46.053108014166355" lon="12.281959969550371">
        <ele>1714.34</ele>
      </trkpt>
      <trkpt lat="46.05292998254299" lon="12.28191303089261">
        <ele>1710.32</ele>
      </trkpt>
      <trkpt lat="46.05282001197338" lon="12.281833989545703">
        <ele>1706.08</ele>
      </trkpt>
      <trkpt lat="46.05269302614033" lon="12.281685965135694">
        <ele>1701.69</ele>
      </trkpt>
      <trkpt lat="46.05261197313666" lon="12.281682025641203">
        <ele>1697.19</ele>
      </trkpt>
      <trkpt lat="46.05245699174702" lon="12.28157197125256">
        <ele>1692.51</ele>
      </trkpt>
      <trkpt lat="46.052288096398115" lon="12.281554955989122">
        <ele>1687.61</ele>
      </trkpt>
      <trkpt lat="46.052119033411145" lon="12.281538024544716">
        <ele>1682.62</ele>
      </trkpt>
      <trkpt lat="46.05194200761616" lon="12.28156803175807">
        <ele>1677.52</ele>
      </trkpt>
      <trkpt lat="46.05170798487961" lon="12.28150499984622">
        <ele>1672.31</ele>
      </trkpt>
      <trkpt lat="46.051561972126365" lon="12.28139603510499">
        <ele>1667.28</ele>
      </trkpt>
      <trkpt lat="46.05142232961953" lon="12.281210795044899">
        <ele>1662.29</ele>
      </trkpt>
      <trkpt lat="46.051283022388816" lon="12.281025974079967">
        <ele>1657.27</ele>
      </trkpt>
      <trkpt lat="46.05107020586729" lon="12.280870405957103">
        <ele>1652.3</ele>
      </trkpt>
      <trkpt lat="46.0508574731648" lon="12.28071492165327">
        <ele>1647.31</ele>
      </trkpt>
      <trkpt lat="46.0506447404623" lon="12.280559437349439">
        <ele>1642.32</ele>
      </trkpt>
      <trkpt lat="46.05043200775981" lon="12.280404036864638">
        <ele>1637.34</ele>
      </trkpt>
      <trkpt lat="46.050140988081694" lon="12.280435971915722">
        <ele>1632.23</ele>
      </trkpt>
      <trkpt lat="46.050097988918424" lon="12.28047301992774">
        <ele>1627.38</ele>
      </trkpt>
      <trkpt lat="46.04995901696384" lon="12.280459022149444">
        <ele>1622.51</ele>
      </trkpt>
      <trkpt lat="46.049756007269025" lon="12.28049598634243">
        <ele>1617.54</ele>
      </trkpt>
      <trkpt lat="46.04954612441361" lon="12.28049992583692">
        <ele>1612.62</ele>
      </trkpt>
      <trkpt lat="46.0493359901011" lon="12.280504032969475">
        <ele>1607.82</ele>
      </trkpt>
      <trkpt lat="46.04912208393216" lon="12.280555916950107">
        <ele>1602.99</ele>
      </trkpt>
      <trkpt lat="46.04890801012516" lon="12.280607968568802">
        <ele>1598.27</ele>
      </trkpt>
      <trkpt lat="46.04882502928376" lon="12.280442006886005">
        <ele>1593.83</ele>
      </trkpt>
      <trkpt lat="46.048640962690115" lon="12.280462039634585">
        <ele>1589.26</ele>
      </trkpt>
      <trkpt lat="46.04850676842034" lon="12.280223658308387">
        <ele>1584.71</ele>
      </trkpt>
      <trkpt lat="46.04837299324572" lon="12.279986031353474">
        <ele>1580.26</ele>
      </trkpt>
      <trkpt lat="46.04822186753154" lon="12.279804395511746">
        <ele>1575.91</ele>
      </trkpt>
      <trkpt lat="46.04807099327445" lon="12.279623011127114">
        <ele>1571.59</ele>
      </trkpt>
      <trkpt lat="46.04800402186811" lon="12.279402986168861">
        <ele>1567.45</ele>
      </trkpt>
      <trkpt lat="46.04792598634958" lon="12.279303995892406">
        <ele>1563.48</ele>
      </trkpt>
      <trkpt lat="46.047834791243076" lon="12.278987998142838">
        <ele>1559.69</ele>
      </trkpt>
      <trkpt lat="46.04774359613657" lon="12.278672000393271">
        <ele>1555.9</ele>
      </trkpt>
      <trkpt lat="46.047652987763286" lon="12.278358014300466">
        <ele>1552.31</ele>
      </trkpt>
      <trkpt lat="46.04754997417331" lon="12.278156010434031">
        <ele>1548.73</ele>
      </trkpt>
      <trkpt lat="46.04742885567248" lon="12.277991808950901">
        <ele>1545.2</ele>
      </trkpt>
      <trkpt lat="46.047307988628745" lon="12.27782802656293">
        <ele>1541.5</ele>
      </trkpt>
      <trkpt lat="46.047162394970655" lon="12.277673883363605">
        <ele>1537.63</ele>
      </trkpt>
      <trkpt lat="46.04701696895063" lon="12.277519991621375">
        <ele>1533.76</ele>
      </trkpt>
      <trkpt lat="46.04685201309621" lon="12.277270965278149">
        <ele>1529.81</ele>
      </trkpt>
      <trkpt lat="46.046770038083196" lon="12.277070973068476">
        <ele>1525.95</ele>
      </trkpt>
      <trkpt lat="46.04673801921308" lon="12.27681901305914">
        <ele>1522.03</ele>
      </trkpt>
      <trkpt lat="46.04668001644313" lon="12.276811972260475">
        <ele>1518.35</ele>
      </trkpt>
      <trkpt lat="46.04656300507486" lon="12.27694901637733">
        <ele>1514.78</ele>
      </trkpt>
      <trkpt lat="46.0464640147984" lon="12.276838039979339">
        <ele>1510.93</ele>
      </trkpt>
      <trkpt lat="46.04625002481043" lon="12.27686201222241">
        <ele>1507.0</ele>
      </trkpt>
      <trkpt lat="46.04608699679375" lon="12.276729997247458">
        <ele>1503.08</ele>
      </trkpt>
      <trkpt lat="46.045918771997094" lon="12.276459597051144">
        <ele>1499.07</ele>
      </trkpt>
      <trkpt lat="46.04575054720044" lon="12.276189280673862">
        <ele>1494.82</ele>
      </trkpt>
      <trkpt lat="46.04558299295604" lon="12.27591997012496">
        <ele>1490.76</ele>
      </trkpt>
      <trkpt lat="46.04536699131131" lon="12.27572601288557">
        <ele>1487.05</ele>
      </trkpt>
      <trkpt lat="46.04521502740681" lon="12.27557203732431">
        <ele>1483.47</ele>
      </trkpt>
      <trkpt lat="46.04507898911834" lon="12.275476986542344">
        <ele>1479.98</ele>
      </trkpt>
      <trkpt lat="46.044903974980116" lon="12.275241035968065">
        <ele>1476.52</ele>
      </trkpt>
      <trkpt lat="46.0446285456419" lon="12.27507851086557">
        <ele>1473.18</ele>
      </trkpt>
      <trkpt lat="46.04435303248465" lon="12.274915985763073">
        <ele>1469.9</ele>
      </trkpt>
      <trkpt lat="46.044215988367796" lon="12.274880027398467">
        <ele>1466.74</ele>
      </trkpt>
      <trkpt lat="46.04398397728801" lon="12.274762010201812">
        <ele>1463.61</ele>
      </trkpt>
      <trkpt lat="46.043760599568486" lon="12.274603676050901">
        <ele>1460.54</ele>
      </trkpt>
      <trkpt lat="46.043537305667996" lon="12.274445341899991">
        <ele>1457.64</ele>
      </trkpt>
      <trkpt lat="46.04331401176751" lon="12.27428700774908">
        <ele>1454.53</ele>
      </trkpt>
      <trkpt lat="46.04312659241259" lon="12.27411056868732">
        <ele>1451.44</ele>
      </trkpt>
      <trkpt lat="46.042939173057675" lon="12.27393421344459">
        <ele>1448.42</ele>
      </trkpt>
      <trkpt lat="46.042752005159855" lon="12.273758025839925">
        <ele>1445.61</ele>
      </trkpt>
      <trkpt lat="46.04266097769141" lon="12.273546969518065">
        <ele>1442.97</ele>
      </trkpt>
      <trkpt lat="46.04257942177355" lon="12.273225858807564">
        <ele>1440.34</ele>
      </trkpt>
      <trkpt lat="46.042497949674726" lon="12.272904831916094">
        <ele>1437.72</ele>
      </trkpt>
      <trkpt lat="46.04241698049009" lon="12.272585984319448">
        <ele>1435.1</ele>
      </trkpt>
      <trkpt lat="46.04241203516722" lon="12.272351961582899">
        <ele>1432.61</ele>
      </trkpt>
      <trkpt lat="46.04249803349376" lon="12.272322038188577">
        <ele>1430.42</ele>
      </trkpt>
      <trkpt lat="46.04252602905035" lon="12.272237967699766">
        <ele>1428.25</ele>
      </trkpt>
      <trkpt lat="46.042516976594925" lon="12.272150963544846">
        <ele>1426.15</ele>
      </trkpt>
      <trkpt lat="46.04248504154384" lon="12.27203001268208">
        <ele>1424.12</ele>
      </trkpt>
      <trkpt lat="46.04226300492883" lon="12.271919036284089">
        <ele>1422.19</ele>
      </trkpt>
      <trkpt lat="46.04221195913851" lon="12.271632961928844">
        <ele>1420.26</ele>
      </trkpt>
      <trkpt lat="46.042082039639354" lon="12.271334985271096">
        <ele>1418.58</ele>
      </trkpt>
      <trkpt lat="46.0420380346477" lon="12.271223003044724">
        <ele>1416.89</ele>
      </trkpt>
      <trkpt lat="46.04189998470247" lon="12.271004989743233">
        <ele>1415.17</ele>
      </trkpt>
      <trkpt lat="46.04190199635923" lon="12.271128036081791">
        <ele>1413.67</ele>
      </trkpt>
      <trkpt lat="46.04202697053552" lon="12.27142701856792">
        <ele>1412.3</ele>
      </trkpt>
      <trkpt lat="46.042039040476084" lon="12.271747039631009">
        <ele>1410.87</ele>
      </trkpt>
      <trkpt lat="46.04197282344103" lon="12.272099331021309">
        <ele>1409.42</ele>
      </trkpt>
      <trkpt lat="46.04190702550113" lon="12.272450029850006">
        <ele>1408.1</ele>
      </trkpt>
      <trkpt lat="46.04178875684738" lon="12.27275219745934">
        <ele>1406.57</ele>
      </trkpt>
      <trkpt lat="46.04167048819363" lon="12.273054365068674">
        <ele>1404.91</ele>
      </trkpt>
      <trkpt lat="46.041552973911166" lon="12.273355023935437">
        <ele>1403.15</ele>
      </trkpt>
      <trkpt lat="46.04152338579297" lon="12.273588543757796">
        <ele>1401.56</ele>
      </trkpt>
      <trkpt lat="46.04149396531284" lon="12.273820973932743">
        <ele>1399.92</ele>
      </trkpt>
      <trkpt lat="46.04151399806142" lon="12.27405097335577">
        <ele>1398.09</ele>
      </trkpt>
      <trkpt lat="46.04163771495223" lon="12.274387087672949">
        <ele>1396.31</ele>
      </trkpt>
      <trkpt lat="46.041761012747884" lon="12.274722028523684">
        <ele>1394.37</ele>
      </trkpt>
      <trkpt lat="46.04183603078127" lon="12.274998966604471">
        <ele>1392.24</ele>
      </trkpt>
      <trkpt lat="46.041973158717155" lon="12.275229217484593">
        <ele>1390.23</ele>
      </trkpt>
      <trkpt lat="46.04211028665304" lon="12.275459468364716">
        <ele>1388.14</ele>
      </trkpt>
      <trkpt lat="46.04224699549377" lon="12.275688964873552">
        <ele>1386.15</ele>
      </trkpt>
      <trkpt lat="46.0423921700567" lon="12.275980403646827">
        <ele>1384.06</ele>
      </trkpt>
      <trkpt lat="46.042537009343505" lon="12.276271004229784">
        <ele>1381.89</ele>
      </trkpt>
      <trkpt lat="46.04273775592446" lon="12.276499411091208">
        <ele>1379.61</ele>
      </trkpt>
      <trkpt lat="46.04293850250542" lon="12.276727901771665">
        <ele>1377.0</ele>
      </trkpt>
      <trkpt lat="46.043138997629285" lon="12.276955973356962">
        <ele>1374.69</ele>
      </trkpt>
      <trkpt lat="46.04340805672109" lon="12.27718798443675">
        <ele>1372.48</ele>
      </trkpt>
      <trkpt lat="46.043677031993866" lon="12.277419995516539">
        <ele>1370.25</ele>
      </trkpt>
      <trkpt lat="46.04384299367666" lon="12.277419995516539">
        <ele>1368.32</ele>
      </trkpt>
      <trkpt lat="46.043926142156124" lon="12.277803299948573">
        <ele>1365.59</ele>
      </trkpt>
      <trkpt lat="46.04400903917849" lon="12.278185011819005">
        <ele>1362.94</ele>
      </trkpt>
      <trkpt lat="46.04399302974343" lon="12.27851903066039">
        <ele>1360.15</ele>
      </trkpt>
      <trkpt lat="46.04404801502824" lon="12.278763027861714">
        <ele>1357.72</ele>
      </trkpt>
      <trkpt lat="46.0440724901855" lon="12.279026135802269">
        <ele>1355.06</ele>
      </trkpt>
      <trkpt lat="46.04409696534276" lon="12.279287986457348">
        <ele>1352.23</ele>
      </trkpt>
      <trkpt lat="46.044086907058954" lon="12.279654862359166">
        <ele>1349.12</ele>
      </trkpt>
      <trkpt lat="46.04407701641321" lon="12.280019978061318">
        <ele>1345.93</ele>
      </trkpt>
      <trkpt lat="46.044144071638584" lon="12.280332706868649">
        <ele>1342.81</ele>
      </trkpt>
      <trkpt lat="46.04421095922589" lon="12.28064401075244">
        <ele>1339.52</ele>
      </trkpt>
      <trkpt lat="46.04439586400986" lon="12.280979370698333">
        <ele>1336.41</ele>
      </trkpt>
      <trkpt lat="46.04458076879382" lon="12.281314814463258">
        <ele>1333.05</ele>
      </trkpt>
      <trkpt lat="46.04476500302553" lon="12.281649000942707">
        <ele>1329.58</ele>
      </trkpt>
      <trkpt lat="46.04479702189565" lon="12.281990982592106">
        <ele>1326.09</ele>
      </trkpt>
      <trkpt lat="46.04473616927862" lon="12.282411335036159">
        <ele>1322.26</ele>
      </trkpt>
      <trkpt lat="46.044675316661596" lon="12.282831687480211">
        <ele>1318.53</ele>
      </trkpt>
      <trkpt lat="46.04461496695876" lon="12.283249022439122">
        <ele>1314.86</ele>
      </trkpt>
      <trkpt lat="46.04460499249399" lon="12.283661998808384">
        <ele>1311.55</ele>
      </trkpt>
      <trkpt lat="46.04448772966862" lon="12.28405226022005">
        <ele>1307.95</ele>
      </trkpt>
      <trkpt lat="46.04437096975744" lon="12.284441012889147">
        <ele>1304.27</ele>
      </trkpt>
      <trkpt lat="46.0443920083344" lon="12.284616027027369">
        <ele>1300.71</ele>
      </trkpt>
      <trkpt lat="46.04432595893741" lon="12.28461703285575">
        <ele>1297.05</ele>
      </trkpt>
      <trkpt lat="46.0442709736526" lon="12.28457897901535">
        <ele>1293.35</ele>
      </trkpt>
      <trkpt lat="46.044168965891004" lon="12.284714011475444">
        <ele>1289.54</ele>
      </trkpt>
      <trkpt lat="46.04402798227966" lon="12.28477000258863">
        <ele>1285.66</ele>
      </trkpt>
      <trkpt lat="46.04396302253008" lon="12.284872010350227">
        <ele>1281.78</ele>
      </trkpt>
      <trkpt lat="46.043891021981835" lon="12.284917021170259">
        <ele>1277.97</ele>
      </trkpt>
      <trkpt lat="46.043696980923414" lon="12.28504903614521">
        <ele>1273.78</ele>
      </trkpt>
      <trkpt lat="46.04351702146232" lon="12.285257996991277">
        <ele>1269.32</ele>
      </trkpt>
      <trkpt lat="46.043396992608905" lon="12.285485984757543">
        <ele>1265.12</ele>
      </trkpt>
      <trkpt lat="46.04328400455415" lon="12.28560701943934">
        <ele>1261.15</ele>
      </trkpt>
      <trkpt lat="46.04317596182227" lon="12.285775998607278">
        <ele>1257.22</ele>
      </trkpt>
      <trkpt lat="46.04314402677119" lon="12.285791002213955">
        <ele>1253.41</ele>
      </trkpt>
      <trkpt lat="46.04312198236585" lon="12.285743979737163">
        <ele>1249.64</ele>
      </trkpt>
      <trkpt lat="46.04310488328338" lon="12.285513896495104">
        <ele>1245.97</ele>
      </trkpt>
      <trkpt lat="46.043088035658" lon="12.285284986719489">
        <ele>1242.23</ele>
      </trkpt>
      <trkpt lat="46.04304897598922" lon="12.285089017823339">
        <ele>1238.3</ele>
      </trkpt>
      <trkpt lat="46.043076971545815" lon="12.284818030893803">
        <ele>1234.32</ele>
      </trkpt>
      <trkpt lat="46.04304503649473" lon="12.28453103452921">
        <ele>1230.08</ele>
      </trkpt>
      <trkpt lat="46.04306800290942" lon="12.284334981814027">
        <ele>1225.92</ele>
      </trkpt>
      <trkpt lat="46.043157018721104" lon="12.283943966031075">
        <ele>1221.8</ele>
      </trkpt>
      <trkpt lat="46.04317403398454" lon="12.283656969666481">
        <ele>1217.5</ele>
      </trkpt>
      <trkpt lat="46.043312000110745" lon="12.28331197053194">
        <ele>1213.47</ele>
      </trkpt>
      <trkpt lat="46.043375032022595" lon="12.28305296972394">
        <ele>1209.35</ele>
      </trkpt>
      <trkpt lat="46.04329397901893" lon="12.282884996384382">
        <ele>1204.96</ele>
      </trkpt>
      <trkpt lat="46.04307806119323" lon="12.28281450457871">
        <ele>1200.2</ele>
      </trkpt>
      <trkpt lat="46.042861975729465" lon="12.282744012773037">
        <ele>1195.37</ele>
      </trkpt>
      <trkpt lat="46.0426408611238" lon="12.282509319484234">
        <ele>1190.77</ele>
      </trkpt>
      <trkpt lat="46.04241999797523" lon="12.282274961471558">
        <ele>1186.25</ele>
      </trkpt>
      <trkpt lat="46.04212713427842" lon="12.28217052295804">
        <ele>1181.22</ele>
      </trkpt>
      <trkpt lat="46.04183401912451" lon="12.282066000625491">
        <ele>1176.13</ele>
      </trkpt>
      <trkpt lat="46.04164198972285" lon="12.281776992604136">
        <ele>1171.57</ele>
      </trkpt>
      <trkpt lat="46.041551968082786" lon="12.281498964875937">
        <ele>1167.12</ele>
      </trkpt>
      <trkpt lat="46.041511315852404" lon="12.281115995720029">
        <ele>1162.68</ele>
      </trkpt>
      <trkpt lat="46.04147099889815" lon="12.280735038220882">
        <ele>1158.46</ele>
      </trkpt>
      <trkpt lat="46.041377037763596" lon="12.280740989372134">
        <ele>1154.09</ele>
      </trkpt>
      <trkpt lat="46.041227001696825" lon="12.280575027689338">
        <ele>1149.86</ele>
      </trkpt>
      <trkpt lat="46.04107495397329" lon="12.280491963028908">
        <ele>1145.8</ele>
      </trkpt>
      <trkpt lat="46.04092299006879" lon="12.28040898218751">
        <ele>1141.85</ele>
      </trkpt>
      <trkpt lat="46.040683602914214" lon="12.280384004116058">
        <ele>1137.84</ele>
      </trkpt>
      <trkpt lat="46.04044396430254" lon="12.280359026044607">
        <ele>1133.92</ele>
      </trkpt>
      <trkpt lat="46.04022469371557" lon="12.28047058917582">
        <ele>1129.94</ele>
      </trkpt>
      <trkpt lat="46.040005423128605" lon="12.280582236126065">
        <ele>1125.92</ele>
      </trkpt>
      <trkpt lat="46.039785984903574" lon="12.280693966895342">
        <ele>1121.85</ele>
      </trkpt>
      <trkpt lat="46.03962354362011" lon="12.280724393203855">
        <ele>1118.06</ele>
      </trkpt>
      <trkpt lat="46.03946101851761" lon="12.28075498715043">
        <ele>1114.28</ele>
      </trkpt>
      <trkpt lat="46.039286591112614" lon="12.280721459537745">
        <ele>1110.66</ele>
      </trkpt>
      <trkpt lat="46.03911199606955" lon="12.28068801574409">
        <ele>1106.95</ele>
      </trkpt>
      <trkpt lat="46.03891300968826" lon="12.280504032969475">
        <ele>1103.49</ele>
      </trkpt>
      <trkpt lat="46.03878803551197" lon="12.280242014676332">
        <ele>1100.07</ele>
      </trkpt>
      <trkpt lat="46.03880203329027" lon="12.279848987236619">
        <ele>1096.9</ele>
      </trkpt>
      <trkpt lat="46.038756016641855" lon="12.279629968106747">
        <ele>1093.38</ele>
      </trkpt>
      <trkpt lat="46.03868301026523" lon="12.279503988102078">
        <ele>1089.64</ele>
      </trkpt>
      <trkpt lat="46.03845803998411" lon="12.279242975637317">
        <ele>1085.58</ele>
      </trkpt>
      <trkpt lat="46.0382769908756" lon="12.279123030602932">
        <ele>1081.49</ele>
      </trkpt>
      <trkpt lat="46.03803877718747" lon="12.279080366715789">
        <ele>1077.26</ele>
      </trkpt>
      <trkpt lat="46.03780056349933" lon="12.279037702828646">
        <ele>1073.04</ele>
      </trkpt>
      <trkpt lat="46.03756201453507" lon="12.278995038941503">
        <ele>1068.93</ele>
      </trkpt>
      <trkpt lat="46.03756000287831" lon="12.27901297621429">
        <ele>1064.8</ele>
      </trkpt>
      <trkpt lat="46.03733100928366" lon="12.279087994247675">
        <ele>1060.21</ele>
      </trkpt>
      <trkpt lat="46.037103021517396" lon="12.27916401810944">
        <ele>1055.55</ele>
      </trkpt>
      <trkpt lat="46.03687402792275" lon="12.279239036142826">
        <ele>1050.72</ele>
      </trkpt>
      <trkpt lat="46.03657697327435" lon="12.279345989227295">
        <ele>1045.65</ele>
      </trkpt>
      <trkpt lat="46.0362789966166" lon="12.279453026130795">
        <ele>1040.81</ele>
      </trkpt>
      <trkpt lat="46.03603298775852" lon="12.279527960345149">
        <ele>1035.82</ele>
      </trkpt>
      <trkpt lat="46.03601303882897" lon="12.279705991968513">
        <ele>1030.96</ele>
      </trkpt>
      <trkpt lat="46.03599803522229" lon="12.27970196865499">
        <ele>1026.4</ele>
      </trkpt>
      <trkpt lat="46.03570098057389" lon="12.279558973386884">
        <ele>1021.67</ele>
      </trkpt>
      <trkpt lat="46.03552202694118" lon="12.279262002557516">
        <ele>1017.0</ele>
      </trkpt>
      <trkpt lat="46.03552303276956" lon="12.279168963432312">
        <ele>1012.41</ele>
      </trkpt>
      <trkpt lat="46.03536603972316" lon="12.27903401479125">
        <ele>1007.46</ele>
      </trkpt>
      <trkpt lat="46.03517501614988" lon="12.279150020331144">
        <ele>1002.23</ele>
      </trkpt>
      <trkpt lat="46.03498097509146" lon="12.279402986168861">
        <ele>996.89</ele>
      </trkpt>
      <trkpt lat="46.034910986199975" lon="12.279415978118777">
        <ele>991.98</ele>
      </trkpt>
      <trkpt lat="46.03479196317494" lon="12.279326962307096">
        <ele>986.96</ele>
      </trkpt>
      <trkpt lat="46.03475097566843" lon="12.279341965913773">
        <ele>982.03</ele>
      </trkpt>
      <trkpt lat="46.03462776169181" lon="12.279553189873695">
        <ele>976.92</ele>
      </trkpt>
      <trkpt lat="46.034504966810346" lon="12.27976399473846">
        <ele>971.72</ele>
      </trkpt>
      <trkpt lat="46.03441100567579" lon="12.279876982793212">
        <ele>966.57</ele>
      </trkpt>
      <trkpt lat="46.03434897959232" lon="12.279897015541792">
        <ele>961.44</ele>
      </trkpt>
      <trkpt lat="46.034288965165615" lon="12.27983197197318">
        <ele>956.22</ele>
      </trkpt>
      <trkpt lat="46.03427002206445" lon="12.279738010838628">
        <ele>950.96</ele>
      </trkpt>
      <trkpt lat="46.0342069901526" lon="12.279662992805243">
        <ele>945.52</ele>
      </trkpt>
      <trkpt lat="46.034156028181314" lon="12.279344983398914">
        <ele>939.9</ele>
      </trkpt>
      <trkpt lat="46.03415200486779" lon="12.279000990092754">
        <ele>934.14</ele>
      </trkpt>
      <trkpt lat="46.034112023189664" lon="12.278891019523144">
        <ele>928.35</ele>
      </trkpt>
      <trkpt lat="46.03410799987614" lon="12.278667977079749">
        <ele>922.53</ele>
      </trkpt>
      <trkpt lat="46.03404203429818" lon="12.278426997363567">
        <ele>916.25</ele>
      </trkpt>
      <trkpt lat="46.03403398767114" lon="12.278141006827354">
        <ele>910.03</ele>
      </trkpt>
      <trkpt lat="46.03398688137531" lon="12.27789742872119">
        <ele>903.73</ele>
      </trkpt>
      <trkpt lat="46.033940026536584" lon="12.277655024081469">
        <ele>897.3</ele>
      </trkpt>
      <trkpt lat="46.033856961876154" lon="12.27740197442472">
        <ele>890.76</ele>
      </trkpt>
      <trkpt lat="46.03387498296797" lon="12.277183961123228">
        <ele>884.52</ele>
      </trkpt>
      <trkpt lat="46.03386199101806" lon="12.277126964181662">
        <ele>878.1</ele>
      </trkpt>
      <trkpt lat="46.03369276039302" lon="12.276865197345614">
        <ele>871.15</ele>
      </trkpt>
      <trkpt lat="46.03352403268218" lon="12.27660401724279">
        <ele>864.13</ele>
      </trkpt>
      <trkpt lat="46.033404003828764" lon="12.27634702809155">
        <ele>857.24</ele>
      </trkpt>
      <trkpt lat="46.03321096859872" lon="12.276222975924611">
        <ele>850.04</ele>
      </trkpt>
      <trkpt lat="46.03310083039105" lon="12.276026671752334">
        <ele>842.99</ele>
      </trkpt>
      <trkpt lat="46.0329910274595" lon="12.27583103813231">
        <ele>835.89</ele>
      </trkpt>
      <trkpt lat="46.03288298472762" lon="12.275823997333646">
        <ele>828.82</ele>
      </trkpt>
      <trkpt lat="46.03266597725451" lon="12.275971015915275">
        <ele>821.55</ele>
      </trkpt>
      <trkpt lat="46.03251200169325" lon="12.276294976472855">
        <ele>814.4</ele>
      </trkpt>
      <trkpt lat="46.03242801502347" lon="12.27639296092093">
        <ele>807.38</ele>
      </trkpt>
      <trkpt lat="46.03232097811997" lon="12.276607034727931">
        <ele>800.29</ele>
      </trkpt>
      <trkpt lat="46.032141437754035" lon="12.27671792730689">
        <ele>793.06</ele>
      </trkpt>
      <trkpt lat="46.03196198120713" lon="12.276828987523913">
        <ele>785.99</ele>
      </trkpt>
      <trkpt lat="46.03172200731933" lon="12.276920014992356">
        <ele>778.91</ele>
      </trkpt>
      <trkpt lat="46.031601978465915" lon="12.277010036632419">
        <ele>772.19</ele>
      </trkpt>
      <trkpt lat="46.03140533901751" lon="12.277215560898185">
        <ele>765.39</ele>
      </trkpt>
      <trkpt lat="46.03120903484523" lon="12.27742100134492">
        <ele>758.79</ele>
      </trkpt>
      <trkpt lat="46.03109202347696" lon="12.27740197442472">
        <ele>752.58</ele>
      </trkpt>
      <trkpt lat="46.03095196187496" lon="12.277237018570304">
        <ele>740.92</ele>
      </trkpt>
      <trkpt lat="46.03093997575343" lon="12.27750800549984">
        <ele>735.32</ele>
      </trkpt>
      <trkpt lat="46.03094198741019" lon="12.277519991621375">
        <ele>730.03</ele>
      </trkpt>
      <trkpt lat="46.030937964096665" lon="12.277522003278136">
        <ele>724.93</ele>
      </trkpt>
      <trkpt lat="46.03075196966529" lon="12.277586041018367">
        <ele>719.75</ele>
      </trkpt>
      <trkpt lat="46.030674017965794" lon="12.27774697355926">
        <ele>714.88</ele>
      </trkpt>
      <trkpt lat="46.03054300881922" lon="12.27795702405274">
        <ele>710.04</ele>
      </trkpt>
      <trkpt lat="46.030379980802536" lon="12.2778710257262">
        <ele>705.38</ele>
      </trkpt>
      <trkpt lat="46.030293982475996" lon="12.2778329718858">
        <ele>700.97</ele>
      </trkpt>
      <trkpt lat="46.0302160307765" lon="12.277950989082456">
        <ele>696.74</ele>
      </trkpt>
      <trkpt lat="46.03003699332476" lon="12.278036987408996">
        <ele>692.53</ele>
      </trkpt>
      <trkpt lat="46.02995501831174" lon="12.27791897021234">
        <ele>688.83</ele>
      </trkpt>
      <trkpt lat="46.0300069861114" lon="12.277693999931216">
        <ele>685.65</ele>
      </trkpt>
      <trkpt lat="46.02996197529137" lon="12.277393005788326">
        <ele>682.64</ele>
      </trkpt>
      <trkpt lat="46.029775980859995" lon="12.277231989428401">
        <ele>679.53</ele>
      </trkpt>
      <trkpt lat="46.029642038047314" lon="12.277308013290167">
        <ele>676.35</ele>
      </trkpt>
      <trkpt lat="46.02942603640258" lon="12.277222014963627">
        <ele>673.41</ele>
      </trkpt>
      <trkpt lat="46.029325034469366" lon="12.277044989168644">
        <ele>670.93</ele>
      </trkpt>
      <trkpt lat="46.02922503836453" lon="12.276867963373661">
        <ele>668.51</ele>
      </trkpt>
      <trkpt lat="46.02909796871245" lon="12.276503015309572">
        <ele>666.15</ele>
      </trkpt>
      <trkpt lat="46.02903099730611" lon="12.276234040036798">
        <ele>664.06</ele>
      </trkpt>
      <trkpt lat="46.02896402589977" lon="12.275965986773372">
        <ele>662.24</ele>
      </trkpt>
      <trkpt lat="46.02886696346104" lon="12.275612019002438">
        <ele>660.52</ele>
      </trkpt>
      <trkpt lat="46.028659008443356" lon="12.275441028177738">
        <ele>658.48</ele>
      </trkpt>
      <trkpt lat="46.028550965711474" lon="12.275527026504278">
        <ele>656.69</ele>
      </trkpt>
      <trkpt lat="46.02834996767342" lon="12.275477992370725">
        <ele>654.96</ele>
      </trkpt>
      <trkpt lat="46.02828299626708" lon="12.27561797015369">
        <ele>653.51</ele>
      </trkpt>
      <trkpt lat="46.02829699404538" lon="12.275692988187075">
        <ele>652.33</ele>
      </trkpt>
      <trkpt lat="46.028378969058394" lon="12.276058020070195">
        <ele>651.22</ele>
      </trkpt>
      <trkpt lat="46.0284910351038" lon="12.276374017819762">
        <ele>650.23</ele>
      </trkpt>
      <trkpt lat="46.02857703343034" lon="12.276711976155639">
        <ele>649.23</ele>
      </trkpt>
      <trkpt lat="46.02858600206673" lon="12.276747012510896">
        <ele>648.51</ele>
      </trkpt>
      <trkpt lat="46.028594970703125" lon="12.276782970875502">
        <ele>647.9</ele>
      </trkpt>
      <trkpt lat="46.02860402315855" lon="12.276818007230759">
        <ele>647.41</ele>
      </trkpt>
      <trkpt lat="46.028612991794944" lon="12.276852959766984">
        <ele>647.03</ele>
      </trkpt>
      <trkpt lat="46.02862103842199" lon="12.276887996122241">
        <ele>646.74</ele>
      </trkpt>
      <trkpt lat="46.02863000705838" lon="12.276924038305879">
        <ele>646.55</ele>
      </trkpt>
      <trkpt lat="46.028638975694776" lon="12.276958990842104">
        <ele>646.47</ele>
      </trkpt>
      <trkpt lat="46.02863201871514" lon="12.276957985013723">
        <ele>646.48</ele>
      </trkpt>
      <trkpt lat="46.02862497791648" lon="12.276957985013723">
        <ele>646.58</ele>
      </trkpt>
      <trkpt lat="46.02861802093685" lon="12.276957985013723">
        <ele>646.75</ele>
      </trkpt>
      <trkpt lat="46.0286099743098" lon="12.276956979185343">
        <ele>647.01</ele>
      </trkpt>
      <trkpt lat="46.02860301733017" lon="12.276956979185343">
        <ele>647.34</ele>
      </trkpt>
      <trkpt lat="46.028595976531506" lon="12.276955973356962">
        <ele>647.73</ele>
      </trkpt>
      <trkpt lat="46.02858901955187" lon="12.276955973356962">
        <ele>648.18</ele>
      </trkpt>
      <trkpt lat="46.02851198986173" lon="12.27686201222241">
        <ele>648.69</ele>
      </trkpt>
      <trkpt lat="46.02847301401198" lon="12.276766039431095">
        <ele>649.29</ele>
      </trkpt>
      <trkpt lat="46.028311997652054" lon="12.276470996439457">
        <ele>649.96</ele>
      </trkpt>
      <trkpt lat="46.028314009308815" lon="12.276463033631444">
        <ele>650.62</ele>
      </trkpt>
      <trkpt lat="46.028058025985956" lon="12.276335963979363">
        <ele>651.13</ele>
      </trkpt>
      <trkpt lat="46.027913270518184" lon="12.276061037555337">
        <ele>651.88</ele>
      </trkpt>
      <trkpt lat="46.0277690179646" lon="12.27578703314066">
        <ele>652.53</ele>
      </trkpt>
      <trkpt lat="46.027628034353256" lon="12.275385959073901">
        <ele>653.19</ele>
      </trkpt>
      <trkpt lat="46.027604984119534" lon="12.275186972692609">
        <ele>653.96</ele>
      </trkpt>
      <trkpt lat="46.02768897078931" lon="12.27504095993936">
        <ele>654.89</ele>
      </trkpt>
      <trkpt lat="46.02772400714457" lon="12.274787994101644">
        <ele>655.87</ele>
      </trkpt>
      <trkpt lat="46.02752753533423" lon="12.274819426238537">
        <ele>656.35</ele>
      </trkpt>
      <trkpt lat="46.02733097970486" lon="12.274851026013494">
        <ele>656.85</ele>
      </trkpt>
      <trkpt lat="46.027133502066135" lon="12.274763016030192">
        <ele>657.58</ele>
      </trkpt>
      <trkpt lat="46.026936024427414" lon="12.274675006046891">
        <ele>658.38</ele>
      </trkpt>
      <trkpt lat="46.02686000056565" lon="12.274754969403148">
        <ele>658.91</ele>
      </trkpt>
      <trkpt lat="46.02667702361941" lon="12.27484499104321">
        <ele>659.43</ele>
      </trkpt>
      <trkpt lat="46.02646496146917" lon="12.275043977424502">
        <ele>659.77</ele>
      </trkpt>
      <trkpt lat="46.02633303031325" lon="12.275207005441189">
        <ele>659.99</ele>
      </trkpt>
      <trkpt lat="46.02617603726685" lon="12.275270037353039">
        <ele>660.36</ele>
      </trkpt>
      <trkpt lat="46.0261270031333" lon="12.275397023186088">
        <ele>660.37</ele>
      </trkpt>
      <trkpt lat="46.02590597234666" lon="12.275649989023805">
        <ele>660.42</ele>
      </trkpt>
      <trkpt lat="46.02575442753732" lon="12.275757947936654">
        <ele>660.41</ele>
      </trkpt>
      <trkpt lat="46.02560296654701" lon="12.275865990668535">
        <ele>660.29</ele>
      </trkpt>
      <trkpt lat="46.02547438815236" lon="12.276001023128629">
        <ele>660.01</ele>
      </trkpt>
      <trkpt lat="46.02534597739577" lon="12.27613597176969">
        <ele>659.5</ele>
      </trkpt>
      <trkpt lat="46.02512972429395" lon="12.276452220976353">
        <ele>658.78</ele>
      </trkpt>
      <trkpt lat="46.02491397410631" lon="12.276767967268825">
        <ele>657.97</ele>
      </trkpt>
      <trkpt lat="46.02475698105991" lon="12.277094023302197">
        <ele>656.76</ele>
      </trkpt>
      <trkpt lat="46.024508038535714" lon="12.277307007461786">
        <ele>655.51</ele>
      </trkpt>
      <trkpt lat="46.02430704049766" lon="12.277427036315203">
        <ele>653.75</ele>
      </trkpt>
      <trkpt lat="46.02413102053106" lon="12.277470035478473">
        <ele>651.89</ele>
      </trkpt>
      <trkpt lat="46.02393010631204" lon="12.277461485937238">
        <ele>649.93</ele>
      </trkpt>
      <trkpt lat="46.02372902445495" lon="12.277453020215034">
        <ele>647.7</ele>
      </trkpt>
      <trkpt lat="46.023608995601535" lon="12.277386970818043">
        <ele>645.26</ele>
      </trkpt>
      <trkpt lat="46.02353984490037" lon="12.27710684761405">
        <ele>642.85</ele>
      </trkpt>
      <trkpt lat="46.02347102947533" lon="12.276827981695533">
        <ele>640.12</ele>
      </trkpt>
      <trkpt lat="46.02325603365898" lon="12.276524975895882">
        <ele>636.88</ele>
      </trkpt>
      <trkpt lat="46.02321001701057" lon="12.276375023648143">
        <ele>633.94</ele>
      </trkpt>
      <trkpt lat="46.02298102341592" lon="12.276164973154664">
        <ele>630.6</ele>
      </trkpt>
      <trkpt lat="46.02283735759556" lon="12.27597227320075">
        <ele>627.32</ele>
      </trkpt>
      <trkpt lat="46.02269402705133" lon="12.275779992341995">
        <ele>623.93</ele>
      </trkpt>
      <trkpt lat="46.022576009854674" lon="12.275732969865203">
        <ele>620.36</ele>
      </trkpt>
      <trkpt lat="46.0224450007081" lon="12.27572601288557">
        <ele>616.68</ele>
      </trkpt>
      <trkpt lat="46.022188011556864" lon="12.275613024830818">
        <ele>612.98</ele>
      </trkpt>
      <trkpt lat="46.02205700241029" lon="12.275589974597096">
        <ele>609.43</ele>
      </trkpt>
      <trkpt lat="46.021957006305456" lon="12.275523003190756">
        <ele>606.13</ele>
      </trkpt>
      <trkpt lat="46.0216819960624" lon="12.275519985705614">
        <ele>602.58</ele>
      </trkpt>
      <trkpt lat="46.02142601273954" lon="12.2754240129143">
        <ele>599.25</ele>
      </trkpt>
      <trkpt lat="46.021223003044724" lon="12.275190996006131">
        <ele>596.22</ele>
      </trkpt>
      <trkpt lat="46.02105603553355" lon="12.274881033226848">
        <ele>593.37</ele>
      </trkpt>
      <trkpt lat="46.02087599225342" lon="12.274687997996807">
        <ele>590.33</ele>
      </trkpt>
      <trkpt lat="46.02068932726979" lon="12.274428242817521">
        <ele>587.49</ele>
      </trkpt>
      <trkpt lat="46.02050299756229" lon="12.274168990552425">
        <ele>585.05</ele>
      </trkpt>
      <trkpt lat="46.02044499479234" lon="12.27400403469801">
        <ele>583.03</ele>
      </trkpt>
      <trkpt lat="46.02021977305412" lon="12.273731287568808">
        <ele>581.05</ele>
      </trkpt>
      <trkpt lat="46.01999497041106" lon="12.273458959534764">
        <ele>579.2</ele>
      </trkpt>
      <trkpt lat="46.019889023154974" lon="12.273431969806552">
        <ele>577.58</ele>
      </trkpt>
      <trkpt lat="46.01968802511692" lon="12.273444961756468">
        <ele>576.17</ele>
      </trkpt>
      <trkpt lat="46.01944997906685" lon="12.273366004228592">
        <ele>575.27</ele>
      </trkpt>
      <trkpt lat="46.01936699822545" lon="12.273429036140442">
        <ele>574.73</ele>
      </trkpt>
      <trkpt lat="46.01934403181076" lon="12.273364998400211">
        <ele>574.67</ele>
      </trkpt>
      <trkpt lat="46.019288040697575" lon="12.273208005353808">
        <ele>575.02</ele>
      </trkpt>
      <trkpt lat="46.01928301155567" lon="12.272912040352821">
        <ele>575.98</ele>
      </trkpt>
      <trkpt lat="46.01924596354365" lon="12.272768039256334">
        <ele>576.88</ele>
      </trkpt>
      <trkpt lat="46.01915300823748" lon="12.272414993494749">
        <ele>578.23</ele>
      </trkpt>
      <trkpt lat="46.01899903267622" lon="12.272194968536496">
        <ele>579.73</ele>
      </trkpt>
      <trkpt lat="46.01884799078107" lon="12.272081980481744">
        <ele>581.27</ele>
      </trkpt>
      <trkpt lat="46.01876702159643" lon="12.271868996322155">
        <ele>583.33</ele>
      </trkpt>
      <trkpt lat="46.01881102658808" lon="12.271566996350884">
        <ele>585.65</ele>
      </trkpt>
      <trkpt lat="46.018925020471215" lon="12.271355018019676">
        <ele>588.37</ele>
      </trkpt>
      <trkpt lat="46.019029123708606" lon="12.271095514297485">
        <ele>591.19</ele>
      </trkpt>
      <trkpt lat="46.0191329754889" lon="12.270837016403675">
        <ele>594.01</ele>
      </trkpt>
      <trkpt lat="46.019337410107255" lon="12.270687986165285">
        <ele>597.47</ele>
      </trkpt>
      <trkpt lat="46.01954201236367" lon="12.270539039745927">
        <ele>600.94</ele>
      </trkpt>
      <trkpt lat="46.01973697543144" lon="12.27039696648717">
        <ele>604.42</ele>
      </trkpt>
      <trkpt lat="46.01974703371525" lon="12.27031197398901">
        <ele>607.74</ele>
      </trkpt>
      <trkpt lat="46.01967176422477" lon="12.269960604608059">
        <ele>610.9</ele>
      </trkpt>
      <trkpt lat="46.01959699764848" lon="12.269610995426774">
        <ele>614.46</ele>
      </trkpt>
      <trkpt lat="46.0196390748024" lon="12.26938946172595">
        <ele>618.23</ele>
      </trkpt>
      <trkpt lat="46.019680984318256" lon="12.269169017672539">
        <ele>621.86</ele>
      </trkpt>
      <trkpt lat="46.01967302151024" lon="12.268839022144675">
        <ele>625.56</ele>
      </trkpt>
      <trkpt lat="46.01973697543144" lon="12.268659984692931">
        <ele>629.26</ele>
      </trkpt>
      <trkpt lat="46.01975901983678" lon="12.268597958609462">
        <ele>632.67</ele>
      </trkpt>
      <trkpt lat="46.01966296322644" lon="12.268497040495276">
        <ele>635.75</ele>
      </trkpt>
      <trkpt lat="46.01956196129322" lon="12.268251031637192">
        <ele>638.79</ele>
      </trkpt>
      <trkpt lat="46.01956690661609" lon="12.267842162400484">
        <ele>641.87</ele>
      </trkpt>
      <trkpt lat="46.019571935757995" lon="12.267433376982808">
        <ele>644.79</ele>
      </trkpt>
      <trkpt lat="46.0195769648999" lon="12.267024591565132">
        <ele>647.51</ele>
      </trkpt>
      <trkpt lat="46.0195819940418" lon="12.266619997099042">
        <ele>649.81</ele>
      </trkpt>
      <trkpt lat="46.01955601014197" lon="12.266286984086037">
        <ele>651.87</ele>
      </trkpt>
      <trkpt lat="46.019480153918266" lon="12.265975261107087">
        <ele>653.62</ele>
      </trkpt>
      <trkpt lat="46.019404297694564" lon="12.265663538128138">
        <ele>655.25</ele>
      </trkpt>
      <trkpt lat="46.01932902820408" lon="12.265353994444013">
        <ele>656.65</ele>
      </trkpt>
      <trkpt lat="46.0192540101707" lon="12.265267996117473">
        <ele>657.67</ele>
      </trkpt>
      <trkpt lat="46.01913699880242" lon="12.265363968908787">
        <ele>658.22</ele>
      </trkpt>
      <trkpt lat="46.018945975229144" lon="12.265680972486734">
        <ele>658.63</ele>
      </trkpt>
      <trkpt lat="46.018801806494594" lon="12.26585959084332">
        <ele>658.78</ele>
      </trkpt>
      <trkpt lat="46.01865797303617" lon="12.266038041561842">
        <ele>658.49</ele>
      </trkpt>
      <trkpt lat="46.01849175989628" lon="12.266281703487039">
        <ele>657.75</ele>
      </trkpt>
      <trkpt lat="46.018325965851545" lon="12.266525030136108">
        <ele>656.55</ele>
      </trkpt>
      <trkpt lat="46.018086075782776" lon="12.266613291576505">
        <ele>655.55</ele>
      </trkpt>
      <trkpt lat="46.017846185714006" lon="12.266701553016901">
        <ele>654.31</ele>
      </trkpt>
      <trkpt lat="46.01760596036911" lon="12.26678998209536">
        <ele>652.69</ele>
      </trkpt>
      <trkpt lat="46.017420971766114" lon="12.267015958204865">
        <ele>650.41</ele>
      </trkpt>
      <trkpt lat="46.01721502840519" lon="12.26730396039784">
        <ele>647.77</ele>
      </trkpt>
      <trkpt lat="46.01702651940286" lon="12.267419379204512">
        <ele>644.94</ele>
      </trkpt>
      <trkpt lat="46.016838010400534" lon="12.267534965649247">
        <ele>641.73</ele>
      </trkpt>
      <trkpt lat="46.016714964061975" lon="12.267666980624199">
        <ele>638.3</ele>
      </trkpt>
      <trkpt lat="46.01672896184027" lon="12.267735041677952">
        <ele>634.75</ele>
      </trkpt>
      <trkpt lat="46.01656601764262" lon="12.267911983653903">
        <ele>630.81</ele>
      </trkpt>
      <trkpt lat="46.01666299626231" lon="12.26822697557509">
        <ele>626.41</ele>
      </trkpt>
      <trkpt lat="46.01676299236715" lon="12.268358990550041">
        <ele>622.08</ele>
      </trkpt>
      <trkpt lat="46.016755029559135" lon="12.26844197139144">
        <ele>617.67</ele>
      </trkpt>
      <trkpt lat="46.01659895852208" lon="12.268626037985086">
        <ele>612.9</ele>
      </trkpt>
      <trkpt lat="46.016559982672334" lon="12.268888978287578">
        <ele>608.08</ele>
      </trkpt>
      <trkpt lat="46.01657096296549" lon="12.269143117591739">
        <ele>603.08</ele>
      </trkpt>
      <trkpt lat="46.016582027077675" lon="12.269395999610424">
        <ele>597.93</ele>
      </trkpt>
      <trkpt lat="46.0166550334543" lon="12.269550981000066">
        <ele>592.84</ele>
      </trkpt>
      <trkpt lat="46.016669031232595" lon="12.26983998902142">
        <ele>587.5</ele>
      </trkpt>
      <trkpt lat="46.0166360065341" lon="12.269969992339611">
        <ele>582.36</ele>
      </trkpt>
      <trkpt lat="46.01656903512776" lon="12.270065965130925">
        <ele>577.23</ele>
      </trkpt>
      <trkpt lat="46.016516983509064" lon="12.270371988415718">
        <ele>571.74</ele>
      </trkpt>
      <trkpt lat="46.01659602485597" lon="12.27048103697598">
        <ele>566.57</ele>
      </trkpt>
      <trkpt lat="46.0166999604553" lon="12.270520012825727">
        <ele>561.53</ele>
      </trkpt>
      <trkpt lat="46.016842033714056" lon="12.270506015047431">
        <ele>556.57</ele>
      </trkpt>
      <trkpt lat="46.016672970727086" lon="12.270684968680143">
        <ele>551.54</ele>
      </trkpt>
      <trkpt lat="46.01650902070105" lon="12.27080600336194">
        <ele>546.64</ele>
      </trkpt>
      <trkpt lat="46.016281032934785" lon="12.270859982818365">
        <ele>541.73</ele>
      </trkpt>
      <trkpt lat="46.016109958291054" lon="12.270858976989985">
        <ele>536.94</ele>
      </trkpt>
      <trkpt lat="46.015958497300744" lon="12.270773481577635">
        <ele>532.33</ele>
      </trkpt>
      <trkpt lat="46.015807036310434" lon="12.270687986165285">
        <ele>527.52</ele>
      </trkpt>
      <trkpt lat="46.015592040494084" lon="12.270470978692174">
        <ele>522.71</ele>
      </trkpt>
      <trkpt lat="46.015572007745504" lon="12.270621014758945">
        <ele>517.92</ele>
      </trkpt>
      <trkpt lat="46.01559606380761" lon="12.27084699086845">
        <ele>513.24</ele>
      </trkpt>
      <trkpt lat="46.01562003605068" lon="12.271071961149573">
        <ele>508.56</ele>
      </trkpt>
      <trkpt lat="46.01560201495886" lon="12.271139016374946">
        <ele>504.04</ele>
      </trkpt>
      <trkpt lat="46.015574019402266" lon="12.271159971132874">
        <ele>499.63</ele>
      </trkpt>
      <trkpt lat="46.01552498526871" lon="12.271141028031707">
        <ele>495.27</ele>
      </trkpt>
      <trkpt lat="46.01546396501362" lon="12.271060980856419">
        <ele>491.03</ele>
      </trkpt>
      <trkpt lat="46.01541996002197" lon="12.271060980856419">
        <ele>486.75</ele>
      </trkpt>
      <trkpt lat="46.01531904190779" lon="12.27099702693522">
        <ele>482.44</ele>
      </trkpt>
      <trkpt lat="46.01526900194585" lon="12.271270025521517">
        <ele>477.9</ele>
      </trkpt>
      <trkpt lat="46.01521602831781" lon="12.271350994706154">
        <ele>473.63</ele>
      </trkpt>
      <trkpt lat="46.015122989192605" lon="12.27162198163569">
        <ele>469.19</ele>
      </trkpt>
      <trkpt lat="46.01515802554786" lon="12.271779980510473">
        <ele>465.12</ele>
      </trkpt>
      <trkpt lat="46.01514897309244" lon="12.271883999928832">
        <ele>461.08</ele>
      </trkpt>
      <trkpt lat="46.015018969774246" lon="12.271980978548527">
        <ele>456.85</ele>
      </trkpt>
      <trkpt lat="46.01481302641332" lon="12.272057421505451">
        <ele>452.62</ele>
      </trkpt>
      <trkpt lat="46.014606999233365" lon="12.272134032100439">
        <ele>448.4</ele>
      </trkpt>
      <trkpt lat="46.01449501700699" lon="12.272091032937169">
        <ele>444.56</ele>
      </trkpt>
      <trkpt lat="46.01432201452553" lon="12.271824991330504">
        <ele>440.93</ele>
      </trkpt>
      <trkpt lat="46.01427499204874" lon="12.271804036572576">
        <ele>437.26</ele>
      </trkpt>
      <trkpt lat="46.01415999233723" lon="12.271564984694123">
        <ele>433.64</ele>
      </trkpt>
      <trkpt lat="46.01402202621102" lon="12.271369015797973">
        <ele>429.92</ele>
      </trkpt>
      <trkpt lat="46.01382999680936" lon="12.271288968622684">
        <ele>426.18</ele>
      </trkpt>
      <trkpt lat="46.01377601735294" lon="12.271315958350897">
        <ele>422.68</ele>
      </trkpt>
      <trkpt lat="46.01375598460436" lon="12.27160102687776">
        <ele>419.17</ele>
      </trkpt>
      <trkpt lat="46.01370099931955" lon="12.271920964121819">
        <ele>415.62</ele>
      </trkpt>
      <trkpt lat="46.013598991557956" lon="12.272117016837">
        <ele>412.14</ele>
      </trkpt>
      <trkpt lat="46.01344183087349" lon="12.272328827530146">
        <ele>408.71</ele>
      </trkpt>
      <trkpt lat="46.01328467018902" lon="12.27254063822329">
        <ele>405.45</ele>
      </trkpt>
      <trkpt lat="46.01312801241875" lon="12.272752029821277">
        <ele>402.16</ele>
      </trkpt>
      <trkpt lat="46.013079984113574" lon="12.272755969315767">
        <ele>399.04</ele>
      </trkpt>
      <trkpt lat="46.01297730579972" lon="12.272547092288733">
        <ele>396.07</ele>
      </trkpt>
      <trkpt lat="46.012874962762" lon="12.272338969632983">
        <ele>393.01</ele>
      </trkpt>
      <trkpt lat="46.012824000790715" lon="12.272345004603267">
        <ele>389.93</ele>
      </trkpt>
      <trkpt lat="46.0127779841423" lon="12.272409964352846">
        <ele>386.81</ele>
      </trkpt>
      <trkpt lat="46.01276800967753" lon="12.272476013749838">
        <ele>383.74</ele>
      </trkpt>
      <trkpt lat="46.01281201466918" lon="12.27278497070074">
        <ele>380.64</ele>
      </trkpt>
      <trkpt lat="46.01279298774898" lon="12.272815983742476">
        <ele>377.56</ele>
      </trkpt>
      <trkpt lat="46.01266801357269" lon="12.272543990984559">
        <ele>374.44</ele>
      </trkpt>
      <trkpt lat="46.01260297000408" lon="12.272578021511436">
        <ele>371.27</ele>
      </trkpt>
      <trkpt lat="46.012584026902914" lon="12.272576009854674">
        <ele>368.13</ele>
      </trkpt>
      <trkpt lat="46.01255401968956" lon="12.27269696071744">
        <ele>364.93</ele>
      </trkpt>
      <trkpt lat="46.01251303218305" lon="12.2727179992944">
        <ele>361.69</ele>
      </trkpt>
      <trkpt lat="46.01225906051695" lon="12.272600485011935">
        <ele>358.12</ele>
      </trkpt>
      <trkpt lat="46.012005005031824" lon="12.27248297072947">
        <ele>354.39</ele>
      </trkpt>
      <trkpt lat="46.0118630155921" lon="12.272450029850006">
        <ele>350.9</ele>
      </trkpt>
      <trkpt lat="46.01167702116072" lon="12.272471990436316">
        <ele>347.23</ele>
      </trkpt>
      <trkpt lat="46.01154701784253" lon="12.27222497574985">
        <ele>343.85</ele>
      </trkpt>
      <trkpt lat="46.01135842502117" lon="12.272047866135836">
        <ele>340.26</ele>
      </trkpt>
      <trkpt lat="46.011169999837875" lon="12.271871007978916">
        <ele>336.68</ele>
      </trkpt>
      <trkpt lat="46.01100001484156" lon="12.271834965795279">
        <ele>333.12</ele>
      </trkpt>
      <trkpt lat="46.01085601374507" lon="12.271761959418654">
        <ele>329.71</ele>
      </trkpt>
      <trkpt lat="46.0107440315187" lon="12.27162298746407">
        <ele>326.48</ele>
      </trkpt>
      <trkpt lat="46.01057748310268" lon="12.27151595056057">
        <ele>323.14</ele>
      </trkpt>
      <trkpt lat="46.01041101850569" lon="12.271408997476101">
        <ele>319.82</ele>
      </trkpt>
      <trkpt lat="46.01034899242222" lon="12.271336996927857">
        <ele>316.82</ele>
      </trkpt>
      <trkpt lat="46.010265005752444" lon="12.271355018019676">
        <ele>313.69</ele>
      </trkpt>
      <trkpt lat="46.01030959747732" lon="12.271661711856723">
        <ele>310.54</ele>
      </trkpt>
      <trkpt lat="46.010354021564126" lon="12.27196698077023">
        <ele>307.56</ele>
      </trkpt>
      <trkpt lat="46.010437002405524" lon="12.2722689807415">
        <ele>304.62</ele>
      </trkpt>
      <trkpt lat="46.01053758524358" lon="12.272453717887402">
        <ele>301.95</ele>
      </trkpt>
      <trkpt lat="46.01063800044358" lon="12.272638035938144">
        <ele>299.36</ele>
      </trkpt>
      <trkpt lat="46.01061897352338" lon="12.272671982645988">
        <ele>296.65</ele>
      </trkpt>
      <trkpt lat="46.01057899184525" lon="12.27267500013113">
        <ele>293.95</ele>
      </trkpt>
      <trkpt lat="46.01044203154743" lon="12.272476013749838">
        <ele>291.26</ele>
      </trkpt>
      <trkpt lat="46.010373970493674" lon="12.272437959909439">
        <ele>288.63</ele>
      </trkpt>
      <trkpt lat="46.01026902906597" lon="12.272296976298094">
        <ele>286.11</ele>
      </trkpt>
      <trkpt lat="46.0100909974426" lon="12.271974021568894">
        <ele>283.67</ele>
      </trkpt>
      <trkpt lat="46.009987983852625" lon="12.271974021568894">
        <ele>280.97</ele>
      </trkpt>
      <trkpt lat="46.00997197441757" lon="12.272014003247023">
        <ele>278.36</ele>
      </trkpt>
      <trkpt lat="46.009988989681005" lon="12.272109976038337">
        <ele>275.73</ele>
      </trkpt>
      <trkpt lat="46.0100360121578" lon="12.27216001600027">
        <ele>273.17</ele>
      </trkpt>
      <trkpt lat="46.01001597940922" lon="12.272206032648683">
        <ele>270.45</ele>
      </trkpt>
      <trkpt lat="46.0099390335381" lon="12.27226403541863">
        <ele>267.59</ele>
      </trkpt>
      <trkpt lat="46.00989896804094" lon="12.27241599932313">
        <ele>264.6</ele>
      </trkpt>
      <trkpt lat="46.009795032441616" lon="12.272575004026294">
        <ele>261.46</ele>
      </trkpt>
      <trkpt lat="46.00984297692776" lon="12.272713975980878">
        <ele>258.61</ele>
      </trkpt>
      <trkpt lat="46.009836019948125" lon="12.272820007055998">
        <ele>255.69</ele>
      </trkpt>
      <trkpt lat="46.00986703298986" lon="12.272943975403905">
        <ele>252.79</ele>
      </trkpt>
      <trkpt lat="46.0098650213331" lon="12.273044977337122">
        <ele>249.83</ele>
      </trkpt>
      <trkpt lat="46.00989402271807" lon="12.273096023127437">
        <ele>246.95</ele>
      </trkpt>
      <trkpt lat="46.00994096137583" lon="12.273352006450295">
        <ele>243.89</ele>
      </trkpt>
      <trkpt lat="46.00993098691106" lon="12.273433981463313">
        <ele>240.83</ele>
      </trkpt>
      <trkpt lat="46.00991003215313" lon="12.273521991446614">
        <ele>237.73</ele>
      </trkpt>
      <trkpt lat="46.00996904075146" lon="12.273790966719389">
        <ele>234.55</ele>
      </trkpt>
      <trkpt lat="46.00987298414111" lon="12.274097995832562">
        <ele>231.18</ele>
      </trkpt>
      <trkpt lat="46.00989201106131" lon="12.274292036890984">
        <ele>227.93</ele>
      </trkpt>
      <trkpt lat="46.009857980534434" lon="12.274399995803833">
        <ele>224.71</ele>
      </trkpt>
      <trkpt lat="46.00981196388602" lon="12.274451041594148">
        <ele>221.54</ele>
      </trkpt>
      <trkpt lat="46.00965798832476" lon="12.274537961930037">
        <ele>218.27</ele>
      </trkpt>
      <trkpt lat="46.0095040127635" lon="12.274624966084957">
        <ele>215.0</ele>
      </trkpt>
      <trkpt lat="46.00931458175182" lon="12.274614991620183">
        <ele>211.93</ele>
      </trkpt>
      <trkpt lat="46.00912498310208" lon="12.274605017155409">
        <ele>208.76</ele>
      </trkpt>
      <trkpt lat="46.008954998105764" lon="12.274461016058922">
        <ele>205.78</ele>
      </trkpt>
      <trkpt lat="46.008761962875724" lon="12.274535028263927">
        <ele>202.76</ele>
      </trkpt>
      <trkpt lat="46.00870999507606" lon="12.274583978578448">
        <ele>200.05</ele>
      </trkpt>
      <trkpt lat="46.00858736783266" lon="12.274728566408157">
        <ele>197.38</ele>
      </trkpt>
      <trkpt lat="46.008464992046356" lon="12.274872986599803">
        <ele>194.77</ele>
      </trkpt>
      <trkpt lat="46.008398020640016" lon="12.274916991591454">
        <ele>192.39</ele>
      </trkpt>
      <trkpt lat="46.00827497430146" lon="12.275149002671242">
        <ele>189.95</ele>
      </trkpt>
      <trkpt lat="46.008129715919495" lon="12.275472460314631">
        <ele>187.62</ele>
      </trkpt>
      <trkpt lat="46.00798496045172" lon="12.275794995948672">
        <ele>185.65</ele>
      </trkpt>
      <trkpt lat="46.007968029007316" lon="12.275844030082226">
        <ele>183.9</ele>
      </trkpt>
      <trkpt lat="46.00793399848044" lon="12.275818968191743">
        <ele>182.28</ele>
      </trkpt>
      <trkpt lat="46.007840037345886" lon="12.27604703977704">
        <ele>180.89</ele>
      </trkpt>
      <trkpt lat="46.00774900987744" lon="12.276273015886545">
        <ele>179.54</ele>
      </trkpt>
      <trkpt lat="46.007729982957244" lon="12.27630402892828">
        <ele>178.32</ele>
      </trkpt>
      <trkpt lat="46.00767902098596" lon="12.276297993957996">
        <ele>177.25</ele>
      </trkpt>
      <trkpt lat="46.00748497992754" lon="12.276210989803076">
        <ele>176.32</ele>
      </trkpt>
      <trkpt lat="46.0073109716177" lon="12.276142006739974">
        <ele>175.49</ele>
      </trkpt>
      <trkpt lat="46.00712497718632" lon="12.276073023676872">
        <ele>174.78</ele>
      </trkpt>
      <trkpt lat="46.00694602355361" lon="12.276014015078545">
        <ele>174.07</ele>
      </trkpt>
      <trkpt lat="46.00683596916497" lon="12.275825003162026">
        <ele>173.48</ele>
      </trkpt>
      <trkpt lat="46.00675198249519" lon="12.275827014818788">
        <ele>172.96</ele>
      </trkpt>
      <trkpt lat="46.00675399415195" lon="12.275847969576716">
        <ele>172.57</ele>
      </trkpt>
      <trkpt lat="46.006573028862476" lon="12.275949977338314">
        <ele>172.08</ele>
      </trkpt>
      <trkpt lat="46.00645802915096" lon="12.27604603394866">
        <ele>171.77</ele>
      </trkpt>
      <trkpt lat="46.00626700557768" lon="12.27608903311193">
        <ele>171.62</ele>
      </trkpt>
      <trkpt lat="46.006102971732616" lon="12.27615399286151">
        <ele>171.57</ele>
      </trkpt>
      <trkpt lat="46.00608503445983" lon="12.276163967326283">
        <ele>171.56</ele>
      </trkpt>
      <trkpt lat="46.00593600422144" lon="12.27619699202478">
        <ele>171.67</ele>
      </trkpt>
      <trkpt lat="46.00585604086518" lon="12.276202021166682">
        <ele>171.8</ele>
      </trkpt>
      <trkpt lat="46.005800971761346" lon="12.276233034208417">
        <ele>171.96</ele>
      </trkpt>
      <trkpt lat="46.00581002421677" lon="12.276277039200068">
        <ele>172.15</ele>
      </trkpt>
      <trkpt lat="46.00563601590693" lon="12.276395475491881">
        <ele>172.39</ele>
      </trkpt>
      <trkpt lat="46.00546200759709" lon="12.276513995602727">
        <ele>172.65</ele>
      </trkpt>
      <trkpt lat="46.005410961806774" lon="12.276507960632443">
        <ele>172.96</ele>
      </trkpt>
      <trkpt lat="46.00525598041713" lon="12.27637100033462">
        <ele>173.31</ele>
      </trkpt>
      <trkpt lat="46.00523100234568" lon="12.276422968134284">
        <ele>173.67</ele>
      </trkpt>
      <trkpt lat="46.005092868581414" lon="12.276284415274858">
        <ele>174.09</ele>
      </trkpt>
      <trkpt lat="46.00495498627424" lon="12.276146030053496">
        <ele>174.56</ele>
      </trkpt>
      <trkpt lat="46.00482095964253" lon="12.2757469676435">
        <ele>175.11</ele>
      </trkpt>
      <trkpt lat="46.00469497963786" lon="12.275458965450525">
        <ele>175.63</ele>
      </trkpt>
      <trkpt lat="46.00452097132802" lon="12.275401968508959">
        <ele>176.19</ele>
      </trkpt>
      <trkpt lat="46.00447897799313" lon="12.275348994880915">
        <ele>176.69</ele>
      </trkpt>
      <trkpt lat="46.00453798659146" lon="12.274942975491285">
        <ele>177.08</ele>
      </trkpt>
      <trkpt lat="46.004443019628525" lon="12.27458699606359">
        <ele>177.54</ele>
      </trkpt>
      <trkpt lat="46.00444897077978" lon="12.27443603798747">
        <ele>178.04</ele>
      </trkpt>
      <trkpt lat="46.00447503849864" lon="12.274209978058934">
        <ele>178.56</ele>
      </trkpt>
      <trkpt lat="46.004534130916" lon="12.273959359154105">
        <ele>179.15</ele>
      </trkpt>
      <trkpt lat="46.004592971876264" lon="12.273709997534752">
        <ele>179.84</ele>
      </trkpt>
      <trkpt lat="46.00460596382618" lon="12.273541018366814">
        <ele>180.54</ele>
      </trkpt>
      <trkpt lat="46.00457796826959" lon="12.27349198423326">
        <ele>181.22</ele>
      </trkpt>
      <trkpt lat="46.004676036536694" lon="12.27312158793211">
        <ele>182.06</ele>
      </trkpt>
      <trkpt lat="46.0047741048038" lon="12.27275119163096">
        <ele>182.94</ele>
      </trkpt>
      <trkpt lat="46.00487217307091" lon="12.272380879148841">
        <ele>183.74</ele>
      </trkpt>
      <trkpt lat="46.004970241338015" lon="12.27201048284769">
        <ele>184.58</ele>
      </trkpt>
      <trkpt lat="46.00506830960512" lon="12.27164008654654">
        <ele>185.38</ele>
      </trkpt>
      <trkpt lat="46.00516637787223" lon="12.271269774064422">
        <ele>186.21</ele>
      </trkpt>
      <trkpt lat="46.0052630212158" lon="12.270904993638396">
        <ele>187.16</ele>
      </trkpt>
      <trkpt lat="46.00529001094401" lon="12.270584972575307">
        <ele>188.07</ele>
      </trkpt>
      <trkpt lat="46.005175011232495" lon="12.270578015595675">
        <ele>188.9</ele>
      </trkpt>
      <trkpt lat="46.00501106120646" lon="12.270610453560948">
        <ele>189.78</ele>
      </trkpt>
      <trkpt lat="46.00484702736139" lon="12.270642975345254">
        <ele>190.71</ele>
      </trkpt>
      <trkpt lat="46.00472096353769" lon="12.270732996985316">
        <ele>191.73</ele>
      </trkpt>
      <trkpt lat="46.00451401434839" lon="12.271028039976954">
        <ele>192.75</ele>
      </trkpt>
      <trkpt lat="46.004293989390135" lon="12.271017981693149">
        <ele>193.9</ele>
      </trkpt>
      <trkpt lat="46.00416197441518" lon="12.270893007516861">
        <ele>195.08</ele>
      </trkpt>
      <trkpt lat="46.004015961661935" lon="12.270606011152267">
        <ele>196.32</ele>
      </trkpt>
      <trkpt lat="46.00381974130869" lon="12.270329995080829">
        <ele>197.54</ele>
      </trkpt>
      <trkpt lat="46.003623604774475" lon="12.270054062828422">
        <ele>198.77</ele>
      </trkpt>
      <trkpt lat="46.00342797115445" lon="12.269778968766332">
        <ele>199.99</ele>
      </trkpt>
      <trkpt lat="46.00324901752174" lon="12.269547963514924">
        <ele>201.2</ele>
      </trkpt>
      <trkpt lat="46.00313426926732" lon="12.269309079274535">
        <ele>202.48</ele>
      </trkpt>
      <trkpt lat="46.00302002392709" lon="12.269071033224463">
        <ele>203.81</ele>
      </trkpt>
      <trkpt lat="46.002864288166165" lon="12.268834747374058">
        <ele>205.16</ele>
      </trkpt>
      <trkpt lat="46.0027089715004" lon="12.268598964437842">
        <ele>206.37</ele>
      </trkpt>
      <trkpt lat="46.00260830484331" lon="12.268405677750707">
        <ele>207.53</ele>
      </trkpt>
      <trkpt lat="46.00250797346234" lon="12.268212977796793">
        <ele>208.69</ele>
      </trkpt>
      <trkpt lat="46.00237403064966" lon="12.268005022779107">
        <ele>209.89</ele>
      </trkpt>
      <trkpt lat="46.00223698653281" lon="12.267878036946058">
        <ele>211.18</ele>
      </trkpt>
      <trkpt lat="46.00209600292146" lon="12.267848029732704">
        <ele>212.42</ele>
      </trkpt>
      <trkpt lat="46.00198301486671" lon="12.267878036946058">
        <ele>213.6</ele>
      </trkpt>
      <trkpt lat="46.00176801905036" lon="12.26781701669097">
        <ele>214.85</ele>
      </trkpt>
      <trkpt lat="46.00171999074519" lon="12.267650971189141">
        <ele>216.02</ele>
      </trkpt>
      <trkpt lat="46.00153198465705" lon="12.26739096455276">
        <ele>217.24</ele>
      </trkpt>
      <trkpt lat="46.00131003186107" lon="12.267165994271636">
        <ele>218.37</ele>
      </trkpt>
      <trkpt lat="46.001155553385615" lon="12.2670884616673">
        <ele>219.4</ele>
      </trkpt>
      <trkpt lat="46.00100099109113" lon="12.267011012881994">
        <ele>220.35</ele>
      </trkpt>
      <trkpt lat="46.000752970576286" lon="12.266814038157463">
        <ele>221.2</ele>
      </trkpt>
      <trkpt lat="46.00047402083874" lon="12.266711024567485">
        <ele>221.98</ele>
      </trkpt>
      <trkpt lat="46.00028500892222" lon="12.26676600985229">
        <ele>222.74</ele>
      </trkpt>
      <trkpt lat="46.00007001310587" lon="12.266887966543436">
        <ele>223.69</ele>
      </trkpt>
      <trkpt lat="45.99989307112992" lon="12.266852427273989">
        <ele>224.33</ele>
      </trkpt>
      <trkpt lat="45.9997159615159" lon="12.266816971823573">
        <ele>224.85</ele>
      </trkpt>
      <trkpt lat="45.99968997761607" lon="12.266772966831923">
        <ele>225.17</ele>
      </trkpt>
      <trkpt lat="45.99970397539437" lon="12.266699960455298">
        <ele>225.39</ele>
      </trkpt>
      <trkpt lat="45.99993799813092" lon="12.266603987663984">
        <ele>225.36</ele>
      </trkpt>
      <trkpt lat="46.0000959970057" lon="12.266468033194542">
        <ele>225.43</ele>
      </trkpt>
      <trkpt lat="46.000167997553945" lon="12.266330989077687">
        <ele>225.37</ele>
      </trkpt>
      <trkpt lat="46.000278973951936" lon="12.265935027971864">
        <ele>225.45</ele>
      </trkpt>
      <trkpt lat="46.00040000863373" lon="12.26569295860827">
        <ele>225.63</ele>
      </trkpt>
      <trkpt lat="46.00041802972555" lon="12.265544012188911">
        <ele>225.92</ele>
      </trkpt>
      <trkpt lat="46.000301353633404" lon="12.265363801270723">
        <ele>226.23</ele>
      </trkpt>
      <trkpt lat="46.00018501281738" lon="12.265184009447694">
        <ele>226.55</ele>
      </trkpt>
      <trkpt lat="46.000104965642095" lon="12.265087030828">
        <ele>226.94</ele>
      </trkpt>
      <trkpt lat="45.999910002574325" lon="12.264930959790945">
        <ele>227.33</ele>
      </trkpt>
      <trkpt lat="45.99971202202141" lon="12.26468201726675">
        <ele>227.7</ele>
      </trkpt>
      <trkpt lat="45.99959903396666" lon="12.264436008408666">
        <ele>227.91</ele>
      </trkpt>
      <trkpt lat="45.99948671646416" lon="12.264097295701504">
        <ele>228.06</ele>
      </trkpt>
      <trkpt lat="45.999374985694885" lon="12.263760007917881">
        <ele>228.28</ele>
      </trkpt>
      <trkpt lat="45.99933701567352" lon="12.263612989336252">
        <ele>228.48</ele>
      </trkpt>
      <trkpt lat="45.99932796321809" lon="12.263268996030092">
        <ele>228.7</ele>
      </trkpt>
      <trkpt lat="45.99935797043145" lon="12.263042852282524">
        <ele>228.98</ele>
      </trkpt>
      <trkpt lat="45.9993879776448" lon="12.262817965820432">
        <ele>229.42</ele>
      </trkpt>
      <trkpt lat="45.999397030100226" lon="12.262400966137648">
        <ele>229.82</ele>
      </trkpt>
      <trkpt lat="45.9993208386004" lon="12.262053368613124">
        <ele>230.16</ele>
      </trkpt>
      <trkpt lat="45.99924464710057" lon="12.261705854907632">
        <ele>230.7</ele>
      </trkpt>
      <trkpt lat="45.99916845560074" lon="12.26135834120214">
        <ele>231.26</ele>
      </trkpt>
      <trkpt lat="45.999093018472195" lon="12.261014012619853">
        <ele>231.78</ele>
      </trkpt>
      <trkpt lat="45.999010959640145" lon="12.260747971013188">
        <ele>232.25</ele>
      </trkpt>
      <trkpt lat="45.99913668818772" lon="12.260406324639916">
        <ele>232.74</ele>
      </trkpt>
      <trkpt lat="45.99926199764013" lon="12.260066019371152">
        <ele>233.32</ele>
      </trkpt>
      <trkpt lat="45.99940616637468" lon="12.259770557284355">
        <ele>233.84</ele>
      </trkpt>
      <trkpt lat="45.99954999983311" lon="12.259476017206907">
        <ele>234.24</ele>
      </trkpt>
      <trkpt lat="45.99972702562809" lon="12.259309887886047">
        <ele>234.66</ele>
      </trkpt>
      <trkpt lat="45.99990396760404" lon="12.259144010022283">
        <ele>235.03</ele>
      </trkpt>
      <trkpt lat="45.9997627325356" lon="12.258904203772545">
        <ele>235.37</ele>
      </trkpt>
      <trkpt lat="45.99962200038135" lon="12.25866498425603">
        <ele>235.65</ele>
      </trkpt>
      <trkpt lat="45.99953901953995" lon="12.258576974272728">
        <ele>235.84</ele>
      </trkpt>
      <trkpt lat="45.99950096569955" lon="12.258545039221644">
        <ele>235.98</ele>
      </trkpt>
      <trkpt lat="45.99946802482009" lon="12.258631037548184">
        <ele>236.06</ele>
      </trkpt>
      <trkpt lat="45.999295860528946" lon="12.25841486826539">
        <ele>236.16</ele>
      </trkpt>
      <trkpt lat="45.99912403151393" lon="12.258199034258723">
        <ele>236.18</ele>
      </trkpt>
      <trkpt lat="45.998903000727296" lon="12.258390979841352">
        <ele>236.17</ele>
      </trkpt>
      <trkpt lat="45.99865397438407" lon="12.258512014523149">
        <ele>236.29</ele>
      </trkpt>
      <trkpt lat="45.99848357029259" lon="12.258546967059374">
        <ele>236.5</ele>
      </trkpt>
      <trkpt lat="45.99831299856305" lon="12.258582003414631">
        <ele>236.81</ele>
      </trkpt>
      <trkpt lat="45.99809096194804" lon="12.258831029757857">
        <ele>237.06</ele>
      </trkpt>
      <trkpt lat="45.997973112389445" lon="12.258571945130825">
        <ele>237.26</ele>
      </trkpt>
      <trkpt lat="45.99785526283085" lon="12.258312860503793">
        <ele>237.46</ele>
      </trkpt>
      <trkpt lat="45.997738000005484" lon="12.258055033162236">
        <ele>237.72</ele>
      </trkpt>
      <trkpt lat="45.997633980587125" lon="12.257738029584289">
        <ele>237.98</ele>
      </trkpt>
      <trkpt lat="45.99764496088028" lon="12.25752403959632">
        <ele>238.24</ele>
      </trkpt>
      <trkpt lat="45.9976489841938" lon="12.25744298659265">
        <ele>238.46</ele>
      </trkpt>
      <trkpt lat="45.99769399501383" lon="12.257255986332893">
        <ele>238.66</ele>
      </trkpt>
      <trkpt lat="45.99781301803887" lon="12.25703596137464">
        <ele>238.88</ele>
      </trkpt>
      <trkpt lat="45.9978390019387" lon="12.256875028833747">
        <ele>239.08</ele>
      </trkpt>
      <trkpt lat="45.99781301803887" lon="12.256681993603706">
        <ele>239.3</ele>
      </trkpt>
      <trkpt lat="45.99771226756275" lon="12.256337748840451">
        <ele>239.54</ele>
      </trkpt>
      <trkpt lat="45.997612020000815" lon="12.255995012819767">
        <ele>239.7</ele>
      </trkpt>
      <trkpt lat="45.99761897698045" lon="12.255711033940315">
        <ele>239.7</ele>
      </trkpt>
      <trkpt lat="45.9976820088923" lon="12.255472987890244">
        <ele>239.65</ele>
      </trkpt>
      <trkpt lat="45.997780999168754" lon="12.255461001768708">
        <ele>239.56</ele>
      </trkpt>
      <trkpt lat="45.998016027733684" lon="12.255514981225133">
        <ele>239.44</ele>
      </trkpt>
      <trkpt lat="45.99791913293302" lon="12.255152547731996">
        <ele>239.43</ele>
      </trkpt>
      <trkpt lat="45.99782223813236" lon="12.254790114238858">
        <ele>239.33</ele>
      </trkpt>
      <trkpt lat="45.99772601388395" lon="12.254430027678609">
        <ele>239.17</ele>
      </trkpt>
      <trkpt lat="45.99759693257511" lon="12.254040939733386">
        <ele>239.09</ele>
      </trkpt>
      <trkpt lat="45.9974679350853" lon="12.253651935607195">
        <ele>238.95</ele>
      </trkpt>
      <trkpt lat="45.99733893759549" lon="12.253262931481004">
        <ele>238.69</ele>
      </trkpt>
      <trkpt lat="45.99721102975309" lon="12.252877028658986">
        <ele>238.48</ele>
      </trkpt>
      <trkpt lat="45.997204994782805" lon="12.252769991755486">
        <ele>238.26</ele>
      </trkpt>
      <trkpt lat="45.99712897092104" lon="12.252711988985538">
        <ele>238.0</ele>
      </trkpt>
      <trkpt lat="45.99691900424659" lon="12.25239397957921">
        <ele>237.76</ele>
      </trkpt>
      <trkpt lat="45.996735440567136" lon="12.252231957390904">
        <ele>237.33</ele>
      </trkpt>
      <trkpt lat="45.99655196070671" lon="12.25207001902163">
        <ele>236.92</ele>
      </trkpt>
      <trkpt lat="45.996580962091684" lon="12.252002963796258">
        <ele>236.41</ele>
      </trkpt>
      <trkpt lat="45.996497981250286" lon="12.251759972423315">
        <ele>235.81</ele>
      </trkpt>
      <trkpt lat="45.99648498930037" lon="12.251670034602284">
        <ele>235.17</ele>
      </trkpt>
      <trkpt lat="45.996516002342105" lon="12.251571966335177">
        <ele>234.5</ele>
      </trkpt>
      <trkpt lat="45.99657299928367" lon="12.251438023522496">
        <ele>233.79</ele>
      </trkpt>
      <trkpt lat="45.99657299928367" lon="12.251159995794296">
        <ele>233.14</ele>
      </trkpt>
      <trkpt lat="45.99656403064728" lon="12.250880962237716">
        <ele>232.67</ele>
      </trkpt>
      <trkpt lat="45.99653201177716" lon="12.250625984743237">
        <ele>232.37</ele>
      </trkpt>
      <trkpt lat="45.9965109732002" lon="12.250357009470463">
        <ele>232.13</ele>
      </trkpt>
      <trkpt lat="45.99667299538851" lon="12.250232035294175">
        <ele>231.78</ele>
      </trkpt>
      <trkpt lat="45.99680903367698" lon="12.250408977270126">
        <ele>231.39</ele>
      </trkpt>
      <trkpt lat="45.99684800952673" lon="12.250666972249746">
        <ele>231.07</ele>
      </trkpt>
      <trkpt lat="45.99686997011304" lon="12.25093100219965">
        <ele>230.8</ele>
      </trkpt>
    </trkseg>
  </trk>
</gpx>
