<?xml version="1.0" encoding="UTF-8"?>
<gpx creator="fabulator:gpx-builder" version="1.1" schemaLocation="http://www.topografix.com/GPX/1/1 http://www.topografix.com/GPX/1/1/gpx.xsd http://www.garmin.com/xmlschemas/GpxExtensions/v3 http://www.garmin.com/xmlschemas/GpxExtensionsv3.xsd http://www.garmin.com/xmlschemas/TrackPointExtension/v1 http://www.garmin.com/xmlschemas/TrackPointExtensionv1.xsd http://www.garmin.com/xmlschemas/PowerExtension/v1 http://www.garmin.com/xmlschemas/PowerExtensionv1.xsd http://www.topografix.com/GPX/gpx_style/0/2 http://www.topografix.com/GPX/gpx_style/0/2/gpx_style.xsd" xmlns="http://www.topografix.com/GPX/1/1" xmlns:xsi="http://www.w3.org/2001/XMLSchema-instance" xsi:schemaLocation="http://www.topografix.com/GPX/1/1 http://www.topografix.com/GPX/1/1/gpx.xsd http://www.garmin.com/xmlschemas/GpxExtensions/v3 http://www.garmin.com/xmlschemas/GpxExtensionsv3.xsd http://www.garmin.com/xmlschemas/TrackPointExtension/v1 http://www.garmin.com/xmlschemas/TrackPointExtensionv1.xsd http://www.garmin.com/xmlschemas/PowerExtension/v1 http://www.garmin.com/xmlschemas/PowerExtensionv1.xsd http://www.topografix.com/GPX/gpx_style/0/2 http://www.topografix.com/GPX/gpx_style/0/2/gpx_style.xsd" xmlns:gpxtpx="http://www.garmin.com/xmlschemas/TrackPointExtension/v1" xmlns:gpxx="http://www.garmin.com/xmlschemas/GpxExtensions/v3" xmlns:gpxpx="http://www.garmin.com/xmlschemas/PowerExtension/v1" xmlns:gpx_style="http://www.topografix.com/GPX/gpx_style/0/2">
  <metadata>
    <name>GRV26_100K</name>
    <author>
      <name>UTMBGroup</name>
      <link href="https://gpx.studio"/>
    </author>
    <link href="https://livetrail.run"/>
  </metadata>
  <trk>
    <name>GRV26_100K</name>
    <trkseg>
      <trkpt lat="44.17894" lon="5.12868">
        <ele>310</ele>
      </trkpt>
      <trkpt lat="44.178805" lon="5.128735000000001">
        <ele>310</ele>
      </trkpt>
      <trkpt lat="44.17867" lon="5.12879">
        <ele>310</ele>
      </trkpt>
      <trkpt lat="44.178535" lon="5.128845">
        <ele>310</ele>
      </trkpt>
      <trkpt lat="44.1784" lon="5.1289">
        <ele>310</ele>
      </trkpt>
      <trkpt lat="44.17834" lon="5.12879">
        <ele>310</ele>
      </trkpt>
      <trkpt lat="44.17827" lon="5.12872">
        <ele>310</ele>
      </trkpt>
      <trkpt lat="44.17805" lon="5.1286">
        <ele>310</ele>
      </trkpt>
      <trkpt lat="44.177994999999996" lon="5.1288599999999995">
        <ele>311</ele>
      </trkpt>
      <trkpt lat="44.17794" lon="5.12912">
        <ele>311</ele>
      </trkpt>
      <trkpt lat="44.177885" lon="5.12938">
        <ele>312</ele>
      </trkpt>
      <trkpt lat="44.17783" lon="5.12964">
        <ele>313</ele>
      </trkpt>
      <trkpt lat="44.17778" lon="5.12969">
        <ele>313</ele>
      </trkpt>
      <trkpt lat="44.17769" lon="5.12969">
        <ele>313</ele>
      </trkpt>
      <trkpt lat="44.17765" lon="5.12971">
        <ele>313</ele>
      </trkpt>
      <trkpt lat="44.1775125" lon="5.1298200000000005">
        <ele>313</ele>
      </trkpt>
      <trkpt lat="44.177375" lon="5.12993">
        <ele>313</ele>
      </trkpt>
      <trkpt lat="44.177237500000004" lon="5.13004">
        <ele>313</ele>
      </trkpt>
      <trkpt lat="44.1771" lon="5.13015">
        <ele>313</ele>
      </trkpt>
      <trkpt lat="44.176895" lon="5.1303">
        <ele>314</ele>
      </trkpt>
      <trkpt lat="44.17669" lon="5.13045">
        <ele>315</ele>
      </trkpt>
      <trkpt lat="44.176550000000006" lon="5.1305675">
        <ele>316</ele>
      </trkpt>
      <trkpt lat="44.176410000000004" lon="5.130685">
        <ele>316</ele>
      </trkpt>
      <trkpt lat="44.17627" lon="5.1308025">
        <ele>317</ele>
      </trkpt>
      <trkpt lat="44.17613" lon="5.13092">
        <ele>317</ele>
      </trkpt>
      <trkpt lat="44.17599" lon="5.1310375">
        <ele>318</ele>
      </trkpt>
      <trkpt lat="44.17585" lon="5.131155">
        <ele>319</ele>
      </trkpt>
      <trkpt lat="44.175709999999995" lon="5.1312725">
        <ele>319</ele>
      </trkpt>
      <trkpt lat="44.17557" lon="5.13139">
        <ele>320</ele>
      </trkpt>
      <trkpt lat="44.17552" lon="5.13148">
        <ele>320</ele>
      </trkpt>
      <trkpt lat="44.17549" lon="5.13159">
        <ele>320</ele>
      </trkpt>
      <trkpt lat="44.17531" lon="5.131774999999999">
        <ele>321</ele>
      </trkpt>
      <trkpt lat="44.17513" lon="5.131959999999999">
        <ele>321</ele>
      </trkpt>
      <trkpt lat="44.17495" lon="5.1321449999999995">
        <ele>322</ele>
      </trkpt>
      <trkpt lat="44.17477" lon="5.13233">
        <ele>323</ele>
      </trkpt>
      <trkpt lat="44.17461" lon="5.13249">
        <ele>323</ele>
      </trkpt>
      <trkpt lat="44.17445" lon="5.13265">
        <ele>324</ele>
      </trkpt>
      <trkpt lat="44.17429" lon="5.13281">
        <ele>325</ele>
      </trkpt>
      <trkpt lat="44.17413" lon="5.13297">
        <ele>325</ele>
      </trkpt>
      <trkpt lat="44.1740175" lon="5.1330925">
        <ele>325</ele>
      </trkpt>
      <trkpt lat="44.173905" lon="5.133215">
        <ele>326</ele>
      </trkpt>
      <trkpt lat="44.1737925" lon="5.1333375">
        <ele>326</ele>
      </trkpt>
      <trkpt lat="44.17368" lon="5.13346">
        <ele>326</ele>
      </trkpt>
      <trkpt lat="44.17346" lon="5.13365">
        <ele>327</ele>
      </trkpt>
      <trkpt lat="44.173320000000004" lon="5.133695">
        <ele>328</ele>
      </trkpt>
      <trkpt lat="44.17318" lon="5.13374">
        <ele>329</ele>
      </trkpt>
      <trkpt lat="44.17318" lon="5.13382">
        <ele>329</ele>
      </trkpt>
      <trkpt lat="44.173155" lon="5.1340900000000005">
        <ele>330</ele>
      </trkpt>
      <trkpt lat="44.17313" lon="5.13436">
        <ele>331</ele>
      </trkpt>
      <trkpt lat="44.173114999999996" lon="5.134675">
        <ele>332</ele>
      </trkpt>
      <trkpt lat="44.1731" lon="5.13499">
        <ele>333</ele>
      </trkpt>
      <trkpt lat="44.173114999999996" lon="5.1351949999999995">
        <ele>335</ele>
      </trkpt>
      <trkpt lat="44.17313" lon="5.1354">
        <ele>336</ele>
      </trkpt>
      <trkpt lat="44.17312" lon="5.13553">
        <ele>337</ele>
      </trkpt>
      <trkpt lat="44.17308" lon="5.13581">
        <ele>338</ele>
      </trkpt>
      <trkpt lat="44.17304" lon="5.13609">
        <ele>339</ele>
      </trkpt>
      <trkpt lat="44.172965000000005" lon="5.136445">
        <ele>341</ele>
      </trkpt>
      <trkpt lat="44.17289" lon="5.1368">
        <ele>342</ele>
      </trkpt>
      <trkpt lat="44.17283" lon="5.137">
        <ele>343</ele>
      </trkpt>
      <trkpt lat="44.1728" lon="5.13705">
        <ele>343</ele>
      </trkpt>
      <trkpt lat="44.17269" lon="5.137175">
        <ele>344</ele>
      </trkpt>
      <trkpt lat="44.17258" lon="5.1373">
        <ele>345</ele>
      </trkpt>
      <trkpt lat="44.172365" lon="5.137505">
        <ele>347</ele>
      </trkpt>
      <trkpt lat="44.17215" lon="5.13771">
        <ele>349</ele>
      </trkpt>
      <trkpt lat="44.172015" lon="5.13783">
        <ele>350</ele>
      </trkpt>
      <trkpt lat="44.17188" lon="5.13795">
        <ele>351</ele>
      </trkpt>
      <trkpt lat="44.17177" lon="5.13807">
        <ele>353</ele>
      </trkpt>
      <trkpt lat="44.17165" lon="5.13827">
        <ele>354</ele>
      </trkpt>
      <trkpt lat="44.1715775" lon="5.13846">
        <ele>355</ele>
      </trkpt>
      <trkpt lat="44.171504999999996" lon="5.13865">
        <ele>356</ele>
      </trkpt>
      <trkpt lat="44.171432499999995" lon="5.13884">
        <ele>357</ele>
      </trkpt>
      <trkpt lat="44.17136" lon="5.13903">
        <ele>358</ele>
      </trkpt>
      <trkpt lat="44.1713" lon="5.13915">
        <ele>359</ele>
      </trkpt>
      <trkpt lat="44.17123" lon="5.13924">
        <ele>359</ele>
      </trkpt>
      <trkpt lat="44.171054999999996" lon="5.139425">
        <ele>361</ele>
      </trkpt>
      <trkpt lat="44.17088" lon="5.13961">
        <ele>362</ele>
      </trkpt>
      <trkpt lat="44.17082" lon="5.13972">
        <ele>363</ele>
      </trkpt>
      <trkpt lat="44.17078" lon="5.13983">
        <ele>364</ele>
      </trkpt>
      <trkpt lat="44.170725000000004" lon="5.140045">
        <ele>365</ele>
      </trkpt>
      <trkpt lat="44.17067" lon="5.14026">
        <ele>366</ele>
      </trkpt>
      <trkpt lat="44.17059" lon="5.14047">
        <ele>367</ele>
      </trkpt>
      <trkpt lat="44.1705" lon="5.14059">
        <ele>368</ele>
      </trkpt>
      <trkpt lat="44.170379999999994" lon="5.14073">
        <ele>369</ele>
      </trkpt>
      <trkpt lat="44.17026" lon="5.14087">
        <ele>370</ele>
      </trkpt>
      <trkpt lat="44.17017" lon="5.141">
        <ele>370</ele>
      </trkpt>
      <trkpt lat="44.17004" lon="5.14124">
        <ele>372</ele>
      </trkpt>
      <trkpt lat="44.16993" lon="5.14149">
        <ele>373</ele>
      </trkpt>
      <trkpt lat="44.16984" lon="5.14164">
        <ele>374</ele>
      </trkpt>
      <trkpt lat="44.16969" lon="5.141805">
        <ele>376</ele>
      </trkpt>
      <trkpt lat="44.16954" lon="5.14197">
        <ele>377</ele>
      </trkpt>
      <trkpt lat="44.169435" lon="5.142125">
        <ele>378</ele>
      </trkpt>
      <trkpt lat="44.16933" lon="5.14228">
        <ele>378</ele>
      </trkpt>
      <trkpt lat="44.1691725" lon="5.14256">
        <ele>380</ele>
      </trkpt>
      <trkpt lat="44.169015" lon="5.14284">
        <ele>382</ele>
      </trkpt>
      <trkpt lat="44.1688575" lon="5.14312">
        <ele>384</ele>
      </trkpt>
      <trkpt lat="44.1687" lon="5.1434">
        <ele>385</ele>
      </trkpt>
      <trkpt lat="44.16864" lon="5.14354">
        <ele>386</ele>
      </trkpt>
      <trkpt lat="44.168585" lon="5.14373">
        <ele>387</ele>
      </trkpt>
      <trkpt lat="44.16853" lon="5.14392">
        <ele>388</ele>
      </trkpt>
      <trkpt lat="44.16849" lon="5.144155">
        <ele>389</ele>
      </trkpt>
      <trkpt lat="44.16845" lon="5.14439">
        <ele>390</ele>
      </trkpt>
      <trkpt lat="44.1684" lon="5.14475">
        <ele>392</ele>
      </trkpt>
      <trkpt lat="44.168345" lon="5.145025">
        <ele>393</ele>
      </trkpt>
      <trkpt lat="44.16829" lon="5.1453">
        <ele>394</ele>
      </trkpt>
      <trkpt lat="44.1682025" lon="5.145605">
        <ele>394</ele>
      </trkpt>
      <trkpt lat="44.168115" lon="5.14591">
        <ele>394</ele>
      </trkpt>
      <trkpt lat="44.1680275" lon="5.146215">
        <ele>395</ele>
      </trkpt>
      <trkpt lat="44.16794" lon="5.14652">
        <ele>395</ele>
      </trkpt>
      <trkpt lat="44.16788625" lon="5.14670375">
        <ele>396</ele>
      </trkpt>
      <trkpt lat="44.1678325" lon="5.1468875">
        <ele>396</ele>
      </trkpt>
      <trkpt lat="44.167778750000004" lon="5.14707125">
        <ele>396</ele>
      </trkpt>
      <trkpt lat="44.167725000000004" lon="5.1472549999999995">
        <ele>396</ele>
      </trkpt>
      <trkpt lat="44.167671250000005" lon="5.147438749999999">
        <ele>397</ele>
      </trkpt>
      <trkpt lat="44.167617500000006" lon="5.1476225">
        <ele>397</ele>
      </trkpt>
      <trkpt lat="44.16756375" lon="5.14780625">
        <ele>397</ele>
      </trkpt>
      <trkpt lat="44.16751" lon="5.14799">
        <ele>398</ele>
      </trkpt>
      <trkpt lat="44.16745" lon="5.14815">
        <ele>398</ele>
      </trkpt>
      <trkpt lat="44.16732" lon="5.14844">
        <ele>398</ele>
      </trkpt>
      <trkpt lat="44.1672" lon="5.1486">
        <ele>399</ele>
      </trkpt>
      <trkpt lat="44.167335" lon="5.1487">
        <ele>400</ele>
      </trkpt>
      <trkpt lat="44.16747" lon="5.1488">
        <ele>401</ele>
      </trkpt>
      <trkpt lat="44.167605" lon="5.148899999999999">
        <ele>402</ele>
      </trkpt>
      <trkpt lat="44.16774" lon="5.149">
        <ele>402</ele>
      </trkpt>
      <trkpt lat="44.16779" lon="5.14906">
        <ele>402</ele>
      </trkpt>
      <trkpt lat="44.16784" lon="5.14917">
        <ele>403</ele>
      </trkpt>
      <trkpt lat="44.1679" lon="5.14951">
        <ele>405</ele>
      </trkpt>
      <trkpt lat="44.16795" lon="5.14966">
        <ele>406</ele>
      </trkpt>
      <trkpt lat="44.16802" lon="5.14979">
        <ele>407</ele>
      </trkpt>
      <trkpt lat="44.16809" lon="5.14984">
        <ele>408</ele>
      </trkpt>
      <trkpt lat="44.16821" lon="5.14987">
        <ele>410</ele>
      </trkpt>
      <trkpt lat="44.16824" lon="5.14986">
        <ele>410</ele>
      </trkpt>
      <trkpt lat="44.1683" lon="5.14986">
        <ele>411</ele>
      </trkpt>
      <trkpt lat="44.16836" lon="5.14979">
        <ele>412</ele>
      </trkpt>
      <trkpt lat="44.168435" lon="5.14956">
        <ele>416</ele>
      </trkpt>
      <trkpt lat="44.16851" lon="5.14933">
        <ele>417</ele>
      </trkpt>
      <trkpt lat="44.16857" lon="5.14913">
        <ele>419</ele>
      </trkpt>
      <trkpt lat="44.16858" lon="5.14898">
        <ele>420</ele>
      </trkpt>
      <trkpt lat="44.16853" lon="5.14866">
        <ele>420</ele>
      </trkpt>
      <trkpt lat="44.16853" lon="5.14854">
        <ele>421</ele>
      </trkpt>
      <trkpt lat="44.16855" lon="5.14848">
        <ele>422</ele>
      </trkpt>
      <trkpt lat="44.16859" lon="5.14848">
        <ele>422</ele>
      </trkpt>
      <trkpt lat="44.16862" lon="5.14852">
        <ele>423</ele>
      </trkpt>
      <trkpt lat="44.16861" lon="5.14874">
        <ele>423</ele>
      </trkpt>
      <trkpt lat="44.16865" lon="5.1489">
        <ele>424</ele>
      </trkpt>
      <trkpt lat="44.168645" lon="5.14914">
        <ele>425</ele>
      </trkpt>
      <trkpt lat="44.16864" lon="5.14938">
        <ele>425</ele>
      </trkpt>
      <trkpt lat="44.16865" lon="5.14956">
        <ele>427</ele>
      </trkpt>
      <trkpt lat="44.168684999999996" lon="5.149745">
        <ele>428</ele>
      </trkpt>
      <trkpt lat="44.16872" lon="5.14993">
        <ele>429</ele>
      </trkpt>
      <trkpt lat="44.1688" lon="5.15019">
        <ele>431</ele>
      </trkpt>
      <trkpt lat="44.1688" lon="5.15026">
        <ele>431</ele>
      </trkpt>
      <trkpt lat="44.16872" lon="5.150455">
        <ele>433</ele>
      </trkpt>
      <trkpt lat="44.16864" lon="5.15065">
        <ele>436</ele>
      </trkpt>
      <trkpt lat="44.16863" lon="5.15078">
        <ele>437</ele>
      </trkpt>
      <trkpt lat="44.16866" lon="5.15112">
        <ele>438</ele>
      </trkpt>
      <trkpt lat="44.168725" lon="5.151345">
        <ele>439</ele>
      </trkpt>
      <trkpt lat="44.16879" lon="5.15157">
        <ele>442</ele>
      </trkpt>
      <trkpt lat="44.16879" lon="5.15166">
        <ele>442</ele>
      </trkpt>
      <trkpt lat="44.16877" lon="5.15184">
        <ele>443</ele>
      </trkpt>
      <trkpt lat="44.16877" lon="5.15212">
        <ele>447</ele>
      </trkpt>
      <trkpt lat="44.1688" lon="5.15234">
        <ele>450</ele>
      </trkpt>
      <trkpt lat="44.16884" lon="5.15247">
        <ele>452</ele>
      </trkpt>
      <trkpt lat="44.16889" lon="5.15255">
        <ele>454</ele>
      </trkpt>
      <trkpt lat="44.16892" lon="5.15256">
        <ele>455</ele>
      </trkpt>
      <trkpt lat="44.16895" lon="5.15254">
        <ele>455</ele>
      </trkpt>
      <trkpt lat="44.169" lon="5.15247">
        <ele>457</ele>
      </trkpt>
      <trkpt lat="44.16909" lon="5.15226">
        <ele>459</ele>
      </trkpt>
      <trkpt lat="44.16915" lon="5.15222">
        <ele>459</ele>
      </trkpt>
      <trkpt lat="44.16923" lon="5.15223">
        <ele>460</ele>
      </trkpt>
      <trkpt lat="44.16931" lon="5.15232">
        <ele>461</ele>
      </trkpt>
      <trkpt lat="44.16938" lon="5.15246">
        <ele>462</ele>
      </trkpt>
      <trkpt lat="44.169439999999994" lon="5.15264">
        <ele>464</ele>
      </trkpt>
      <trkpt lat="44.1695" lon="5.15282">
        <ele>467</ele>
      </trkpt>
      <trkpt lat="44.169560000000004" lon="5.1530000000000005">
        <ele>468</ele>
      </trkpt>
      <trkpt lat="44.16962" lon="5.15318">
        <ele>469</ele>
      </trkpt>
      <trkpt lat="44.16968" lon="5.15341">
        <ele>470</ele>
      </trkpt>
      <trkpt lat="44.16978" lon="5.15359">
        <ele>470</ele>
      </trkpt>
      <trkpt lat="44.16985" lon="5.15364">
        <ele>470</ele>
      </trkpt>
      <trkpt lat="44.16991" lon="5.15364">
        <ele>470</ele>
      </trkpt>
      <trkpt lat="44.17001" lon="5.15362">
        <ele>470</ele>
      </trkpt>
      <trkpt lat="44.17016" lon="5.15374">
        <ele>469</ele>
      </trkpt>
      <trkpt lat="44.17031" lon="5.15395">
        <ele>466</ele>
      </trkpt>
      <trkpt lat="44.17049" lon="5.154165">
        <ele>462</ele>
      </trkpt>
      <trkpt lat="44.17067" lon="5.15438">
        <ele>459</ele>
      </trkpt>
      <trkpt lat="44.17074" lon="5.15442">
        <ele>458</ele>
      </trkpt>
      <trkpt lat="44.17083" lon="5.15443">
        <ele>457</ele>
      </trkpt>
      <trkpt lat="44.17103" lon="5.15437">
        <ele>454</ele>
      </trkpt>
      <trkpt lat="44.17119" lon="5.15451">
        <ele>452</ele>
      </trkpt>
      <trkpt lat="44.17136" lon="5.15477">
        <ele>447</ele>
      </trkpt>
      <trkpt lat="44.17144" lon="5.15499">
        <ele>444</ele>
      </trkpt>
      <trkpt lat="44.171525" lon="5.155139999999999">
        <ele>441</ele>
      </trkpt>
      <trkpt lat="44.17161" lon="5.15529">
        <ele>440</ele>
      </trkpt>
      <trkpt lat="44.17173" lon="5.15548">
        <ele>437</ele>
      </trkpt>
      <trkpt lat="44.17188" lon="5.15564">
        <ele>435</ele>
      </trkpt>
      <trkpt lat="44.17201" lon="5.15573">
        <ele>434</ele>
      </trkpt>
      <trkpt lat="44.17214" lon="5.15582">
        <ele>433</ele>
      </trkpt>
      <trkpt lat="44.17227" lon="5.15589">
        <ele>433</ele>
      </trkpt>
      <trkpt lat="44.1724" lon="5.15596">
        <ele>431</ele>
      </trkpt>
      <trkpt lat="44.17264" lon="5.156">
        <ele>428</ele>
      </trkpt>
      <trkpt lat="44.17279" lon="5.15601">
        <ele>427</ele>
      </trkpt>
      <trkpt lat="44.172945" lon="5.156005">
        <ele>424</ele>
      </trkpt>
      <trkpt lat="44.1731" lon="5.156">
        <ele>422</ele>
      </trkpt>
      <trkpt lat="44.17322" lon="5.15594">
        <ele>421</ele>
      </trkpt>
      <trkpt lat="44.17343" lon="5.15586">
        <ele>419</ele>
      </trkpt>
      <trkpt lat="44.17344" lon="5.15595">
        <ele>419</ele>
      </trkpt>
      <trkpt lat="44.17343" lon="5.15607">
        <ele>419</ele>
      </trkpt>
      <trkpt lat="44.17339" lon="5.15623">
        <ele>419</ele>
      </trkpt>
      <trkpt lat="44.17324" lon="5.15645">
        <ele>419</ele>
      </trkpt>
      <trkpt lat="44.17316" lon="5.15662">
        <ele>420</ele>
      </trkpt>
      <trkpt lat="44.17312" lon="5.15685">
        <ele>421</ele>
      </trkpt>
      <trkpt lat="44.17309" lon="5.15714">
        <ele>422</ele>
      </trkpt>
      <trkpt lat="44.17306" lon="5.15724">
        <ele>423</ele>
      </trkpt>
      <trkpt lat="44.17297" lon="5.15742">
        <ele>423</ele>
      </trkpt>
      <trkpt lat="44.17296" lon="5.15756">
        <ele>424</ele>
      </trkpt>
      <trkpt lat="44.17296" lon="5.157795">
        <ele>425</ele>
      </trkpt>
      <trkpt lat="44.17296" lon="5.15803">
        <ele>426</ele>
      </trkpt>
      <trkpt lat="44.17299" lon="5.15831">
        <ele>427</ele>
      </trkpt>
      <trkpt lat="44.173" lon="5.1583">
        <ele>427</ele>
      </trkpt>
      <trkpt lat="44.17299" lon="5.15831">
        <ele>427</ele>
      </trkpt>
      <trkpt lat="44.17305" lon="5.15851">
        <ele>428</ele>
      </trkpt>
      <trkpt lat="44.173065" lon="5.158704999999999">
        <ele>430</ele>
      </trkpt>
      <trkpt lat="44.17308" lon="5.1589">
        <ele>431</ele>
      </trkpt>
      <trkpt lat="44.17315" lon="5.15924">
        <ele>433</ele>
      </trkpt>
      <trkpt lat="44.17325" lon="5.15945">
        <ele>436</ele>
      </trkpt>
      <trkpt lat="44.1733" lon="5.15961">
        <ele>436</ele>
      </trkpt>
      <trkpt lat="44.17333" lon="5.15983">
        <ele>438</ele>
      </trkpt>
      <trkpt lat="44.17334" lon="5.16001">
        <ele>439</ele>
      </trkpt>
      <trkpt lat="44.17339" lon="5.16016">
        <ele>440</ele>
      </trkpt>
      <trkpt lat="44.17351" lon="5.16045">
        <ele>444</ele>
      </trkpt>
      <trkpt lat="44.17356" lon="5.16066">
        <ele>445</ele>
      </trkpt>
      <trkpt lat="44.17361125000001" lon="5.16092375">
        <ele>447</ele>
      </trkpt>
      <trkpt lat="44.173662500000006" lon="5.1611875000000005">
        <ele>449</ele>
      </trkpt>
      <trkpt lat="44.173713750000005" lon="5.161451250000001">
        <ele>453</ele>
      </trkpt>
      <trkpt lat="44.173765" lon="5.161715">
        <ele>455</ele>
      </trkpt>
      <trkpt lat="44.17381625" lon="5.161978749999999">
        <ele>457</ele>
      </trkpt>
      <trkpt lat="44.1738675" lon="5.1622425">
        <ele>460</ele>
      </trkpt>
      <trkpt lat="44.17391875" lon="5.16250625">
        <ele>463</ele>
      </trkpt>
      <trkpt lat="44.17397" lon="5.16277">
        <ele>467</ele>
      </trkpt>
      <trkpt lat="44.17407" lon="5.16305">
        <ele>471</ele>
      </trkpt>
      <trkpt lat="44.17416" lon="5.16325">
        <ele>475</ele>
      </trkpt>
      <trkpt lat="44.174189999999996" lon="5.163465">
        <ele>478</ele>
      </trkpt>
      <trkpt lat="44.17422" lon="5.16368">
        <ele>480</ele>
      </trkpt>
      <trkpt lat="44.17424" lon="5.16387">
        <ele>483</ele>
      </trkpt>
      <trkpt lat="44.174260000000004" lon="5.16406">
        <ele>486</ele>
      </trkpt>
      <trkpt lat="44.17428" lon="5.16425">
        <ele>489</ele>
      </trkpt>
      <trkpt lat="44.1743" lon="5.16444">
        <ele>492</ele>
      </trkpt>
      <trkpt lat="44.17429" lon="5.16465">
        <ele>495</ele>
      </trkpt>
      <trkpt lat="44.17424" lon="5.16488">
        <ele>497</ele>
      </trkpt>
      <trkpt lat="44.17418" lon="5.165">
        <ele>498</ele>
      </trkpt>
      <trkpt lat="44.17408" lon="5.16515">
        <ele>498</ele>
      </trkpt>
      <trkpt lat="44.17408" lon="5.16522">
        <ele>499</ele>
      </trkpt>
      <trkpt lat="44.1741" lon="5.16527">
        <ele>500</ele>
      </trkpt>
      <trkpt lat="44.17413" lon="5.16529">
        <ele>500</ele>
      </trkpt>
      <trkpt lat="44.17417" lon="5.1653">
        <ele>501</ele>
      </trkpt>
      <trkpt lat="44.17423" lon="5.16528">
        <ele>502</ele>
      </trkpt>
      <trkpt lat="44.17441" lon="5.165">
        <ele>503</ele>
      </trkpt>
      <trkpt lat="44.17447" lon="5.16483">
        <ele>503</ele>
      </trkpt>
      <trkpt lat="44.1745" lon="5.16478">
        <ele>504</ele>
      </trkpt>
      <trkpt lat="44.17453" lon="5.16476">
        <ele>504</ele>
      </trkpt>
      <trkpt lat="44.17455" lon="5.16477">
        <ele>504</ele>
      </trkpt>
      <trkpt lat="44.17456" lon="5.16482">
        <ele>505</ele>
      </trkpt>
      <trkpt lat="44.17455" lon="5.16488">
        <ele>505</ele>
      </trkpt>
      <trkpt lat="44.17452" lon="5.16494">
        <ele>506</ele>
      </trkpt>
      <trkpt lat="44.1745" lon="5.16505">
        <ele>508</ele>
      </trkpt>
      <trkpt lat="44.1745" lon="5.16517">
        <ele>510</ele>
      </trkpt>
      <trkpt lat="44.17453" lon="5.16526">
        <ele>511</ele>
      </trkpt>
      <trkpt lat="44.17461" lon="5.16543">
        <ele>514</ele>
      </trkpt>
      <trkpt lat="44.17467" lon="5.16561">
        <ele>516</ele>
      </trkpt>
      <trkpt lat="44.17469" lon="5.16583">
        <ele>517</ele>
      </trkpt>
      <trkpt lat="44.17473" lon="5.16591">
        <ele>519</ele>
      </trkpt>
      <trkpt lat="44.17477" lon="5.1659">
        <ele>519</ele>
      </trkpt>
      <trkpt lat="44.17478" lon="5.16587">
        <ele>519</ele>
      </trkpt>
      <trkpt lat="44.17478" lon="5.16576">
        <ele>520</ele>
      </trkpt>
      <trkpt lat="44.17482" lon="5.16557">
        <ele>521</ele>
      </trkpt>
      <trkpt lat="44.17486" lon="5.16554">
        <ele>522</ele>
      </trkpt>
      <trkpt lat="44.17493" lon="5.16554">
        <ele>524</ele>
      </trkpt>
      <trkpt lat="44.17497" lon="5.16562">
        <ele>526</ele>
      </trkpt>
      <trkpt lat="44.175" lon="5.16582">
        <ele>528</ele>
      </trkpt>
      <trkpt lat="44.1750325" lon="5.166145">
        <ele>529</ele>
      </trkpt>
      <trkpt lat="44.175065000000004" lon="5.16647">
        <ele>533</ele>
      </trkpt>
      <trkpt lat="44.17509750000001" lon="5.1667950000000005">
        <ele>538</ele>
      </trkpt>
      <trkpt lat="44.17513" lon="5.16712">
        <ele>542</ele>
      </trkpt>
      <trkpt lat="44.17516" lon="5.16725">
        <ele>543</ele>
      </trkpt>
      <trkpt lat="44.17516" lon="5.16732">
        <ele>543</ele>
      </trkpt>
      <trkpt lat="44.17513" lon="5.16738">
        <ele>543</ele>
      </trkpt>
      <trkpt lat="44.174915" lon="5.167465">
        <ele>543</ele>
      </trkpt>
      <trkpt lat="44.1747" lon="5.16755">
        <ele>543</ele>
      </trkpt>
      <trkpt lat="44.17463" lon="5.16763">
        <ele>543</ele>
      </trkpt>
      <trkpt lat="44.1746" lon="5.16773">
        <ele>543</ele>
      </trkpt>
      <trkpt lat="44.174595" lon="5.1679200000000005">
        <ele>546</ele>
      </trkpt>
      <trkpt lat="44.17459" lon="5.16811">
        <ele>548</ele>
      </trkpt>
      <trkpt lat="44.174595" lon="5.1683900000000005">
        <ele>553</ele>
      </trkpt>
      <trkpt lat="44.1746" lon="5.16867">
        <ele>557</ele>
      </trkpt>
      <trkpt lat="44.17462" lon="5.16893">
        <ele>561</ele>
      </trkpt>
      <trkpt lat="44.17465" lon="5.16905">
        <ele>562</ele>
      </trkpt>
      <trkpt lat="44.17466" lon="5.16921">
        <ele>564</ele>
      </trkpt>
      <trkpt lat="44.17465" lon="5.16936">
        <ele>565</ele>
      </trkpt>
      <trkpt lat="44.17467" lon="5.1694">
        <ele>566</ele>
      </trkpt>
      <trkpt lat="44.1747" lon="5.16941">
        <ele>567</ele>
      </trkpt>
      <trkpt lat="44.17473" lon="5.16939">
        <ele>567</ele>
      </trkpt>
      <trkpt lat="44.17477" lon="5.16919">
        <ele>567</ele>
      </trkpt>
      <trkpt lat="44.17482" lon="5.1691">
        <ele>567</ele>
      </trkpt>
      <trkpt lat="44.17487" lon="5.16905">
        <ele>567</ele>
      </trkpt>
      <trkpt lat="44.175075" lon="5.168945000000001">
        <ele>568</ele>
      </trkpt>
      <trkpt lat="44.17528" lon="5.16884">
        <ele>570</ele>
      </trkpt>
      <trkpt lat="44.17545" lon="5.16873">
        <ele>573</ele>
      </trkpt>
      <trkpt lat="44.17553" lon="5.16872">
        <ele>574</ele>
      </trkpt>
      <trkpt lat="44.17558" lon="5.16878">
        <ele>576</ele>
      </trkpt>
      <trkpt lat="44.17563" lon="5.16895">
        <ele>578</ele>
      </trkpt>
      <trkpt lat="44.1757" lon="5.16926">
        <ele>583</ele>
      </trkpt>
      <trkpt lat="44.17571" lon="5.16937">
        <ele>585</ele>
      </trkpt>
      <trkpt lat="44.17566" lon="5.16963">
        <ele>589</ele>
      </trkpt>
      <trkpt lat="44.17568" lon="5.16968">
        <ele>589</ele>
      </trkpt>
      <trkpt lat="44.1757" lon="5.1697">
        <ele>590</ele>
      </trkpt>
      <trkpt lat="44.17573" lon="5.1697">
        <ele>591</ele>
      </trkpt>
      <trkpt lat="44.17577" lon="5.16967">
        <ele>592</ele>
      </trkpt>
      <trkpt lat="44.17581" lon="5.16966">
        <ele>592</ele>
      </trkpt>
      <trkpt lat="44.17584" lon="5.16968">
        <ele>593</ele>
      </trkpt>
      <trkpt lat="44.17586" lon="5.16971">
        <ele>594</ele>
      </trkpt>
      <trkpt lat="44.17587" lon="5.16977">
        <ele>595</ele>
      </trkpt>
      <trkpt lat="44.17585" lon="5.16995">
        <ele>597</ele>
      </trkpt>
      <trkpt lat="44.17585" lon="5.17006">
        <ele>599</ele>
      </trkpt>
      <trkpt lat="44.17589" lon="5.17014">
        <ele>600</ele>
      </trkpt>
      <trkpt lat="44.17596" lon="5.17022">
        <ele>602</ele>
      </trkpt>
      <trkpt lat="44.17599" lon="5.17035">
        <ele>605</ele>
      </trkpt>
      <trkpt lat="44.176" lon="5.17054">
        <ele>607</ele>
      </trkpt>
      <trkpt lat="44.17599" lon="5.17074">
        <ele>610</ele>
      </trkpt>
      <trkpt lat="44.17596" lon="5.17088">
        <ele>611</ele>
      </trkpt>
      <trkpt lat="44.17587" lon="5.17107">
        <ele>613</ele>
      </trkpt>
      <trkpt lat="44.17587" lon="5.17115">
        <ele>614</ele>
      </trkpt>
      <trkpt lat="44.1759" lon="5.1712">
        <ele>615</ele>
      </trkpt>
      <trkpt lat="44.17589" lon="5.17121">
        <ele>615</ele>
      </trkpt>
      <trkpt lat="44.1759" lon="5.1712">
        <ele>615</ele>
      </trkpt>
      <trkpt lat="44.17594" lon="5.17122">
        <ele>616</ele>
      </trkpt>
      <trkpt lat="44.17601" lon="5.17119">
        <ele>617</ele>
      </trkpt>
      <trkpt lat="44.17606" lon="5.17112">
        <ele>618</ele>
      </trkpt>
      <trkpt lat="44.17613" lon="5.17098">
        <ele>619</ele>
      </trkpt>
      <trkpt lat="44.17615" lon="5.17091">
        <ele>620</ele>
      </trkpt>
      <trkpt lat="44.17618" lon="5.17085">
        <ele>621</ele>
      </trkpt>
      <trkpt lat="44.17621" lon="5.17085">
        <ele>622</ele>
      </trkpt>
      <trkpt lat="44.17622" lon="5.17084">
        <ele>622</ele>
      </trkpt>
      <trkpt lat="44.17625" lon="5.17089">
        <ele>623</ele>
      </trkpt>
      <trkpt lat="44.17626" lon="5.17096">
        <ele>625</ele>
      </trkpt>
      <trkpt lat="44.17623" lon="5.17128">
        <ele>628</ele>
      </trkpt>
      <trkpt lat="44.176175" lon="5.1714649999999995">
        <ele>631</ele>
      </trkpt>
      <trkpt lat="44.17612" lon="5.17165">
        <ele>634</ele>
      </trkpt>
      <trkpt lat="44.17607" lon="5.17173">
        <ele>635</ele>
      </trkpt>
      <trkpt lat="44.17605" lon="5.17182">
        <ele>636</ele>
      </trkpt>
      <trkpt lat="44.17604" lon="5.17198">
        <ele>638</ele>
      </trkpt>
      <trkpt lat="44.176065" lon="5.17219">
        <ele>640</ele>
      </trkpt>
      <trkpt lat="44.17609" lon="5.1724">
        <ele>642</ele>
      </trkpt>
      <trkpt lat="44.17609" lon="5.17256">
        <ele>644</ele>
      </trkpt>
      <trkpt lat="44.17611" lon="5.17268">
        <ele>644</ele>
      </trkpt>
      <trkpt lat="44.17615" lon="5.17281">
        <ele>646</ele>
      </trkpt>
      <trkpt lat="44.17616" lon="5.17298">
        <ele>648</ele>
      </trkpt>
      <trkpt lat="44.17614" lon="5.17313">
        <ele>649</ele>
      </trkpt>
      <trkpt lat="44.176047499999996" lon="5.17333">
        <ele>651</ele>
      </trkpt>
      <trkpt lat="44.175955" lon="5.1735299999999995">
        <ele>651</ele>
      </trkpt>
      <trkpt lat="44.1758625" lon="5.17373">
        <ele>653</ele>
      </trkpt>
      <trkpt lat="44.17577" lon="5.17393">
        <ele>654</ele>
      </trkpt>
      <trkpt lat="44.175675" lon="5.174205000000001">
        <ele>656</ele>
      </trkpt>
      <trkpt lat="44.17558" lon="5.17448">
        <ele>656</ele>
      </trkpt>
      <trkpt lat="44.17547" lon="5.17461">
        <ele>656</ele>
      </trkpt>
      <trkpt lat="44.1754" lon="5.17477">
        <ele>657</ele>
      </trkpt>
      <trkpt lat="44.17537" lon="5.17492">
        <ele>657</ele>
      </trkpt>
      <trkpt lat="44.17536" lon="5.17504">
        <ele>656</ele>
      </trkpt>
      <trkpt lat="44.17534" lon="5.17509">
        <ele>656</ele>
      </trkpt>
      <trkpt lat="44.17531" lon="5.17511">
        <ele>656</ele>
      </trkpt>
      <trkpt lat="44.17523" lon="5.17509">
        <ele>653</ele>
      </trkpt>
      <trkpt lat="44.17507" lon="5.175">
        <ele>650</ele>
      </trkpt>
      <trkpt lat="44.17495" lon="5.17501">
        <ele>650</ele>
      </trkpt>
      <trkpt lat="44.17487" lon="5.17504">
        <ele>650</ele>
      </trkpt>
      <trkpt lat="44.17481" lon="5.17503">
        <ele>650</ele>
      </trkpt>
      <trkpt lat="44.17468" lon="5.17497">
        <ele>651</ele>
      </trkpt>
      <trkpt lat="44.17446" lon="5.17491">
        <ele>658</ele>
      </trkpt>
      <trkpt lat="44.17428" lon="5.17488">
        <ele>663</ele>
      </trkpt>
      <trkpt lat="44.17404" lon="5.1749">
        <ele>666</ele>
      </trkpt>
      <trkpt lat="44.17389" lon="5.174965">
        <ele>669</ele>
      </trkpt>
      <trkpt lat="44.17374" lon="5.17503">
        <ele>671</ele>
      </trkpt>
      <trkpt lat="44.17355" lon="5.17508">
        <ele>673</ele>
      </trkpt>
      <trkpt lat="44.17339" lon="5.17525">
        <ele>674</ele>
      </trkpt>
      <trkpt lat="44.17318" lon="5.17543">
        <ele>674</ele>
      </trkpt>
      <trkpt lat="44.17297" lon="5.17555">
        <ele>674</ele>
      </trkpt>
      <trkpt lat="44.17292" lon="5.17562">
        <ele>674</ele>
      </trkpt>
      <trkpt lat="44.17285" lon="5.17566">
        <ele>674</ele>
      </trkpt>
      <trkpt lat="44.17277" lon="5.17576">
        <ele>674</ele>
      </trkpt>
      <trkpt lat="44.17268" lon="5.17579">
        <ele>674</ele>
      </trkpt>
      <trkpt lat="44.17256" lon="5.17574">
        <ele>674</ele>
      </trkpt>
      <trkpt lat="44.17241" lon="5.17576">
        <ele>674</ele>
      </trkpt>
      <trkpt lat="44.17233" lon="5.17579">
        <ele>674</ele>
      </trkpt>
      <trkpt lat="44.17225" lon="5.17593">
        <ele>674</ele>
      </trkpt>
      <trkpt lat="44.17224" lon="5.17598">
        <ele>674</ele>
      </trkpt>
      <trkpt lat="44.17221" lon="5.17619">
        <ele>676</ele>
      </trkpt>
      <trkpt lat="44.1722" lon="5.17642">
        <ele>680</ele>
      </trkpt>
      <trkpt lat="44.17216" lon="5.17671">
        <ele>685</ele>
      </trkpt>
      <trkpt lat="44.17214" lon="5.177">
        <ele>689</ele>
      </trkpt>
      <trkpt lat="44.17205" lon="5.17726">
        <ele>694</ele>
      </trkpt>
      <trkpt lat="44.17193" lon="5.17734">
        <ele>698</ele>
      </trkpt>
      <trkpt lat="44.17178" lon="5.17739">
        <ele>701</ele>
      </trkpt>
      <trkpt lat="44.17172" lon="5.17746">
        <ele>703</ele>
      </trkpt>
      <trkpt lat="44.17157" lon="5.17768">
        <ele>707</ele>
      </trkpt>
      <trkpt lat="44.17146" lon="5.1779">
        <ele>709</ele>
      </trkpt>
      <trkpt lat="44.171355000000005" lon="5.17802">
        <ele>710</ele>
      </trkpt>
      <trkpt lat="44.17125" lon="5.17814">
        <ele>712</ele>
      </trkpt>
      <trkpt lat="44.171144999999996" lon="5.17826">
        <ele>714</ele>
      </trkpt>
      <trkpt lat="44.17104" lon="5.17838">
        <ele>716</ele>
      </trkpt>
      <trkpt lat="44.1709" lon="5.17869">
        <ele>720</ele>
      </trkpt>
      <trkpt lat="44.1708" lon="5.17894">
        <ele>722</ele>
      </trkpt>
      <trkpt lat="44.170745" lon="5.179195">
        <ele>724</ele>
      </trkpt>
      <trkpt lat="44.17069" lon="5.17945">
        <ele>726</ele>
      </trkpt>
      <trkpt lat="44.1707" lon="5.1796">
        <ele>727</ele>
      </trkpt>
      <trkpt lat="44.17069" lon="5.1797">
        <ele>727</ele>
      </trkpt>
      <trkpt lat="44.17064" lon="5.17979">
        <ele>727</ele>
      </trkpt>
      <trkpt lat="44.17064" lon="5.17979">
        <ele>736.6459415048357</ele>
      </trkpt>
      <trkpt lat="44.17058560679459" lon="5.179837407647739">
        <ele>738.0123326368968</ele>
      </trkpt>
      <trkpt lat="44.17053043061628" lon="5.180102877963236">
        <ele>737.8222313745389</ele>
      </trkpt>
      <trkpt lat="44.17053043061628" lon="5.180102877963236">
        <ele>737.8222313745389</ele>
      </trkpt>
      <trkpt lat="44.17053043061628" lon="5.180102877963236">
        <ele>737.8222313745389</ele>
      </trkpt>
      <trkpt lat="44.17051151305844" lon="5.180342917342841">
        <ele>736.247749023628</ele>
      </trkpt>
      <trkpt lat="44.17052727769075" lon="5.180608859399058">
        <ele>734.6726868723966</ele>
      </trkpt>
      <trkpt lat="44.17052727769075" lon="5.180608859399058">
        <ele>734.6726868723966</ele>
      </trkpt>
      <trkpt lat="44.17052727769075" lon="5.180608859399058">
        <ele>734.6726868723966</ele>
      </trkpt>
      <trkpt lat="44.17046106620583" lon="5.18092974816102">
        <ele>736.6260741906791</ele>
      </trkpt>
      <trkpt lat="44.17046106620583" lon="5.18092974816102">
        <ele>736.6260741906791</ele>
      </trkpt>
      <trkpt lat="44.17027977247409" lon="5.181167117931153">
        <ele>743.3303451402356</ele>
      </trkpt>
      <trkpt lat="44.1704202339422" lon="5.181762653459436">
        <ele>746.4297193188677</ele>
      </trkpt>
      <trkpt lat="44.17056069541031" lon="5.182358188987718">
        <ele>748.0538602907956</ele>
      </trkpt>
      <trkpt lat="44.17070115687842" lon="5.1829537245160004">
        <ele>753.1685779204383</ele>
      </trkpt>
      <trkpt lat="44.17083" lon="5.1835">
        <ele>753.8692941854246</ele>
      </trkpt>
      <trkpt lat="44.17083" lon="5.1835">
        <ele>743</ele>
      </trkpt>
      <trkpt lat="44.170885" lon="5.183805">
        <ele>743</ele>
      </trkpt>
      <trkpt lat="44.17094" lon="5.18411">
        <ele>742</ele>
      </trkpt>
      <trkpt lat="44.1709625" lon="5.184362500000001">
        <ele>742</ele>
      </trkpt>
      <trkpt lat="44.170985" lon="5.184615000000001">
        <ele>741</ele>
      </trkpt>
      <trkpt lat="44.1710075" lon="5.184867500000001">
        <ele>739</ele>
      </trkpt>
      <trkpt lat="44.17103" lon="5.18512">
        <ele>739</ele>
      </trkpt>
      <trkpt lat="44.17113" lon="5.18546">
        <ele>738</ele>
      </trkpt>
      <trkpt lat="44.17125" lon="5.18574">
        <ele>738</ele>
      </trkpt>
      <trkpt lat="44.1713" lon="5.18593">
        <ele>738</ele>
      </trkpt>
      <trkpt lat="44.171345" lon="5.186185">
        <ele>736</ele>
      </trkpt>
      <trkpt lat="44.17139" lon="5.18644">
        <ele>735</ele>
      </trkpt>
      <trkpt lat="44.17149" lon="5.18668">
        <ele>733</ele>
      </trkpt>
      <trkpt lat="44.171544999999995" lon="5.18694">
        <ele>732</ele>
      </trkpt>
      <trkpt lat="44.1716" lon="5.1872">
        <ele>730</ele>
      </trkpt>
      <trkpt lat="44.171585" lon="5.187435">
        <ele>728</ele>
      </trkpt>
      <trkpt lat="44.17157" lon="5.18767">
        <ele>727</ele>
      </trkpt>
      <trkpt lat="44.171575000000004" lon="5.187944999999999">
        <ele>726</ele>
      </trkpt>
      <trkpt lat="44.171580000000006" lon="5.188219999999999">
        <ele>724</ele>
      </trkpt>
      <trkpt lat="44.17158500000001" lon="5.188495">
        <ele>722</ele>
      </trkpt>
      <trkpt lat="44.17159" lon="5.18877">
        <ele>720</ele>
      </trkpt>
      <trkpt lat="44.171642500000004" lon="5.1890075">
        <ele>719</ele>
      </trkpt>
      <trkpt lat="44.171695" lon="5.189245">
        <ele>718</ele>
      </trkpt>
      <trkpt lat="44.171747499999995" lon="5.1894825">
        <ele>716</ele>
      </trkpt>
      <trkpt lat="44.1718" lon="5.18972">
        <ele>715</ele>
      </trkpt>
      <trkpt lat="44.17188" lon="5.18985">
        <ele>714</ele>
      </trkpt>
      <trkpt lat="44.172" lon="5.18998">
        <ele>714</ele>
      </trkpt>
      <trkpt lat="44.17215" lon="5.19017">
        <ele>714</ele>
      </trkpt>
      <trkpt lat="44.17227" lon="5.19036">
        <ele>714</ele>
      </trkpt>
      <trkpt lat="44.17236" lon="5.1906">
        <ele>715</ele>
      </trkpt>
      <trkpt lat="44.17244" lon="5.1909">
        <ele>715</ele>
      </trkpt>
      <trkpt lat="44.17247" lon="5.19118">
        <ele>716</ele>
      </trkpt>
      <trkpt lat="44.17247" lon="5.19148">
        <ele>716</ele>
      </trkpt>
      <trkpt lat="44.172405" lon="5.191825">
        <ele>718</ele>
      </trkpt>
      <trkpt lat="44.17234" lon="5.19217">
        <ele>719</ele>
      </trkpt>
      <trkpt lat="44.17233" lon="5.19237">
        <ele>721</ele>
      </trkpt>
      <trkpt lat="44.17237" lon="5.1926">
        <ele>722</ele>
      </trkpt>
      <trkpt lat="44.17245" lon="5.19276">
        <ele>723</ele>
      </trkpt>
      <trkpt lat="44.17258" lon="5.19286">
        <ele>724</ele>
      </trkpt>
      <trkpt lat="44.17282" lon="5.19288">
        <ele>726</ele>
      </trkpt>
      <trkpt lat="44.17296" lon="5.19295">
        <ele>727</ele>
      </trkpt>
      <trkpt lat="44.17314" lon="5.19314">
        <ele>728</ele>
      </trkpt>
      <trkpt lat="44.17327" lon="5.1934">
        <ele>730</ele>
      </trkpt>
      <trkpt lat="44.17336" lon="5.19365">
        <ele>732</ele>
      </trkpt>
      <trkpt lat="44.17343" lon="5.19394">
        <ele>733</ele>
      </trkpt>
      <trkpt lat="44.173460000000006" lon="5.1941299999999995">
        <ele>734</ele>
      </trkpt>
      <trkpt lat="44.17349" lon="5.19432">
        <ele>735</ele>
      </trkpt>
      <trkpt lat="44.17348" lon="5.19467">
        <ele>736</ele>
      </trkpt>
      <trkpt lat="44.17342" lon="5.19494">
        <ele>738</ele>
      </trkpt>
      <trkpt lat="44.17333" lon="5.19513">
        <ele>739</ele>
      </trkpt>
      <trkpt lat="44.17316" lon="5.19542">
        <ele>741</ele>
      </trkpt>
      <trkpt lat="44.17304" lon="5.19566">
        <ele>742</ele>
      </trkpt>
      <trkpt lat="44.17302" lon="5.19583">
        <ele>743</ele>
      </trkpt>
      <trkpt lat="44.17307" lon="5.19596">
        <ele>744</ele>
      </trkpt>
      <trkpt lat="44.17319" lon="5.19604">
        <ele>745</ele>
      </trkpt>
      <trkpt lat="44.173345" lon="5.19609">
        <ele>746</ele>
      </trkpt>
      <trkpt lat="44.1735" lon="5.19614">
        <ele>747</ele>
      </trkpt>
      <trkpt lat="44.17369" lon="5.19633">
        <ele>749</ele>
      </trkpt>
      <trkpt lat="44.17384" lon="5.196545">
        <ele>750</ele>
      </trkpt>
      <trkpt lat="44.17399" lon="5.19676">
        <ele>751</ele>
      </trkpt>
      <trkpt lat="44.1741" lon="5.19697">
        <ele>752</ele>
      </trkpt>
      <trkpt lat="44.1742" lon="5.19722">
        <ele>752</ele>
      </trkpt>
      <trkpt lat="44.1743" lon="5.19747">
        <ele>753</ele>
      </trkpt>
      <trkpt lat="44.174414999999996" lon="5.19768">
        <ele>753</ele>
      </trkpt>
      <trkpt lat="44.17453" lon="5.19789">
        <ele>753</ele>
      </trkpt>
      <trkpt lat="44.17457" lon="5.19799">
        <ele>753</ele>
      </trkpt>
      <trkpt lat="44.17457" lon="5.19809">
        <ele>753</ele>
      </trkpt>
      <trkpt lat="44.17454" lon="5.19823">
        <ele>753</ele>
      </trkpt>
      <trkpt lat="44.17459" lon="5.19821">
        <ele>753</ele>
      </trkpt>
      <trkpt lat="44.17463" lon="5.19823">
        <ele>753</ele>
      </trkpt>
      <trkpt lat="44.17479" lon="5.19842">
        <ele>751</ele>
      </trkpt>
      <trkpt lat="44.174945" lon="5.198589999999999">
        <ele>749</ele>
      </trkpt>
      <trkpt lat="44.1751" lon="5.19876">
        <ele>746</ele>
      </trkpt>
      <trkpt lat="44.175219999999996" lon="5.19896">
        <ele>744</ele>
      </trkpt>
      <trkpt lat="44.17534" lon="5.19916">
        <ele>740</ele>
      </trkpt>
      <trkpt lat="44.175495" lon="5.19937">
        <ele>737</ele>
      </trkpt>
      <trkpt lat="44.17565" lon="5.19958">
        <ele>734</ele>
      </trkpt>
      <trkpt lat="44.17568" lon="5.19967">
        <ele>733</ele>
      </trkpt>
      <trkpt lat="44.17567" lon="5.19972">
        <ele>733</ele>
      </trkpt>
      <trkpt lat="44.17563" lon="5.19976">
        <ele>733</ele>
      </trkpt>
      <trkpt lat="44.17557" lon="5.19974">
        <ele>732</ele>
      </trkpt>
      <trkpt lat="44.17547" lon="5.19962">
        <ele>732</ele>
      </trkpt>
      <trkpt lat="44.17541" lon="5.19961">
        <ele>732</ele>
      </trkpt>
      <trkpt lat="44.17527" lon="5.19977">
        <ele>733</ele>
      </trkpt>
      <trkpt lat="44.17504" lon="5.19992">
        <ele>735</ele>
      </trkpt>
      <trkpt lat="44.17499" lon="5.19999">
        <ele>738</ele>
      </trkpt>
      <trkpt lat="44.17496" lon="5.20006">
        <ele>738</ele>
      </trkpt>
      <trkpt lat="44.175" lon="5.20032">
        <ele>738</ele>
      </trkpt>
      <trkpt lat="44.17514" lon="5.20058">
        <ele>738</ele>
      </trkpt>
      <trkpt lat="44.17531" lon="5.20085">
        <ele>740</ele>
      </trkpt>
      <trkpt lat="44.1754" lon="5.20111">
        <ele>742</ele>
      </trkpt>
      <trkpt lat="44.17545" lon="5.2013">
        <ele>743</ele>
      </trkpt>
      <trkpt lat="44.1753" lon="5.20129">
        <ele>743</ele>
      </trkpt>
      <trkpt lat="44.17523" lon="5.20135">
        <ele>743</ele>
      </trkpt>
      <trkpt lat="44.175145" lon="5.201515">
        <ele>746</ele>
      </trkpt>
      <trkpt lat="44.17506" lon="5.20168">
        <ele>747</ele>
      </trkpt>
      <trkpt lat="44.174885" lon="5.201895">
        <ele>753</ele>
      </trkpt>
      <trkpt lat="44.17471" lon="5.20211">
        <ele>759</ele>
      </trkpt>
      <trkpt lat="44.17468" lon="5.2023">
        <ele>763</ele>
      </trkpt>
      <trkpt lat="44.17456" lon="5.20252">
        <ele>768</ele>
      </trkpt>
      <trkpt lat="44.17444" lon="5.2028">
        <ele>774</ele>
      </trkpt>
      <trkpt lat="44.174315" lon="5.2029250000000005">
        <ele>778</ele>
      </trkpt>
      <trkpt lat="44.17419" lon="5.20305">
        <ele>782</ele>
      </trkpt>
      <trkpt lat="44.17425" lon="5.20318">
        <ele>783</ele>
      </trkpt>
      <trkpt lat="44.174355000000006" lon="5.203335">
        <ele>784</ele>
      </trkpt>
      <trkpt lat="44.17446" lon="5.20349">
        <ele>786</ele>
      </trkpt>
      <trkpt lat="44.17461" lon="5.20375">
        <ele>788</ele>
      </trkpt>
      <trkpt lat="44.17479" lon="5.20388">
        <ele>790</ele>
      </trkpt>
      <trkpt lat="44.175039999999996" lon="5.204">
        <ele>793</ele>
      </trkpt>
      <trkpt lat="44.17529" lon="5.20412">
        <ele>795</ele>
      </trkpt>
      <trkpt lat="44.17537" lon="5.20418">
        <ele>796</ele>
      </trkpt>
      <trkpt lat="44.175560000000004" lon="5.20444">
        <ele>798</ele>
      </trkpt>
      <trkpt lat="44.17575" lon="5.2047">
        <ele>800</ele>
      </trkpt>
      <trkpt lat="44.17588" lon="5.20496">
        <ele>802</ele>
      </trkpt>
      <trkpt lat="44.176" lon="5.2051225">
        <ele>804</ele>
      </trkpt>
      <trkpt lat="44.17612" lon="5.205285">
        <ele>804</ele>
      </trkpt>
      <trkpt lat="44.17624" lon="5.2054475">
        <ele>806</ele>
      </trkpt>
      <trkpt lat="44.17636" lon="5.20561">
        <ele>807</ele>
      </trkpt>
      <trkpt lat="44.17651" lon="5.2057850000000006">
        <ele>807</ele>
      </trkpt>
      <trkpt lat="44.17666" lon="5.20596">
        <ele>808</ele>
      </trkpt>
      <trkpt lat="44.17681" lon="5.20618">
        <ele>810</ele>
      </trkpt>
      <trkpt lat="44.17693" lon="5.2064">
        <ele>811</ele>
      </trkpt>
      <trkpt lat="44.177025" lon="5.206595">
        <ele>813</ele>
      </trkpt>
      <trkpt lat="44.17712" lon="5.20679">
        <ele>814</ele>
      </trkpt>
      <trkpt lat="44.17716" lon="5.20691">
        <ele>815</ele>
      </trkpt>
      <trkpt lat="44.17718" lon="5.20704">
        <ele>816</ele>
      </trkpt>
      <trkpt lat="44.17714" lon="5.20726">
        <ele>816</ele>
      </trkpt>
      <trkpt lat="44.17713" lon="5.20749">
        <ele>817</ele>
      </trkpt>
      <trkpt lat="44.17717" lon="5.20763">
        <ele>817</ele>
      </trkpt>
      <trkpt lat="44.17722" lon="5.20773">
        <ele>817</ele>
      </trkpt>
      <trkpt lat="44.17746" lon="5.20787">
        <ele>819</ele>
      </trkpt>
      <trkpt lat="44.17755" lon="5.20795">
        <ele>819</ele>
      </trkpt>
      <trkpt lat="44.17759" lon="5.20802">
        <ele>820</ele>
      </trkpt>
      <trkpt lat="44.17762" lon="5.20812">
        <ele>820</ele>
      </trkpt>
      <trkpt lat="44.17762" lon="5.20822">
        <ele>821</ele>
      </trkpt>
      <trkpt lat="44.17759" lon="5.20831">
        <ele>821</ele>
      </trkpt>
      <trkpt lat="44.17746" lon="5.2085">
        <ele>821</ele>
      </trkpt>
      <trkpt lat="44.17736" lon="5.20867">
        <ele>821</ele>
      </trkpt>
      <trkpt lat="44.17731" lon="5.20881">
        <ele>821</ele>
      </trkpt>
      <trkpt lat="44.1773" lon="5.209">
        <ele>821</ele>
      </trkpt>
      <trkpt lat="44.17714" lon="5.20923">
        <ele>821</ele>
      </trkpt>
      <trkpt lat="44.17713" lon="5.20932">
        <ele>821</ele>
      </trkpt>
      <trkpt lat="44.17713" lon="5.20964">
        <ele>821</ele>
      </trkpt>
      <trkpt lat="44.17715" lon="5.2098">
        <ele>821</ele>
      </trkpt>
      <trkpt lat="44.17715" lon="5.21005">
        <ele>821</ele>
      </trkpt>
      <trkpt lat="44.17717" lon="5.21016">
        <ele>821</ele>
      </trkpt>
      <trkpt lat="44.17731" lon="5.2104">
        <ele>822</ele>
      </trkpt>
      <trkpt lat="44.17734" lon="5.21047">
        <ele>822</ele>
      </trkpt>
      <trkpt lat="44.17739" lon="5.2107">
        <ele>823</ele>
      </trkpt>
      <trkpt lat="44.17747" lon="5.210907499999999">
        <ele>824</ele>
      </trkpt>
      <trkpt lat="44.17755" lon="5.2111149999999995">
        <ele>825</ele>
      </trkpt>
      <trkpt lat="44.17762999999999" lon="5.2113225">
        <ele>827</ele>
      </trkpt>
      <trkpt lat="44.17771" lon="5.21153">
        <ele>828</ele>
      </trkpt>
      <trkpt lat="44.17777" lon="5.21173">
        <ele>831</ele>
      </trkpt>
      <trkpt lat="44.1778" lon="5.21189">
        <ele>832</ele>
      </trkpt>
      <trkpt lat="44.1778" lon="5.21205">
        <ele>833</ele>
      </trkpt>
      <trkpt lat="44.177785" lon="5.212249999999999">
        <ele>833</ele>
      </trkpt>
      <trkpt lat="44.17777" lon="5.21245">
        <ele>833</ele>
      </trkpt>
      <trkpt lat="44.177805000000006" lon="5.212645">
        <ele>833</ele>
      </trkpt>
      <trkpt lat="44.17784" lon="5.21284">
        <ele>833</ele>
      </trkpt>
      <trkpt lat="44.17787" lon="5.21317">
        <ele>832</ele>
      </trkpt>
      <trkpt lat="44.1779" lon="5.21338">
        <ele>832</ele>
      </trkpt>
      <trkpt lat="44.17791" lon="5.21366">
        <ele>832</ele>
      </trkpt>
      <trkpt lat="44.17788" lon="5.21401">
        <ele>831</ele>
      </trkpt>
      <trkpt lat="44.177949999999996" lon="5.21424">
        <ele>831</ele>
      </trkpt>
      <trkpt lat="44.17802" lon="5.21447">
        <ele>831</ele>
      </trkpt>
      <trkpt lat="44.17807" lon="5.21483">
        <ele>828</ele>
      </trkpt>
      <trkpt lat="44.17808" lon="5.21519">
        <ele>823</ele>
      </trkpt>
      <trkpt lat="44.17811" lon="5.21543">
        <ele>822</ele>
      </trkpt>
      <trkpt lat="44.17815" lon="5.21565">
        <ele>821</ele>
      </trkpt>
      <trkpt lat="44.17824" lon="5.21591">
        <ele>821</ele>
      </trkpt>
      <trkpt lat="44.17829" lon="5.21602">
        <ele>821</ele>
      </trkpt>
      <trkpt lat="44.17835" lon="5.21609">
        <ele>821</ele>
      </trkpt>
      <trkpt lat="44.17835" lon="5.21608">
        <ele>822</ele>
      </trkpt>
      <trkpt lat="44.17844" lon="5.21622">
        <ele>824</ele>
      </trkpt>
      <trkpt lat="44.17847" lon="5.2163">
        <ele>827</ele>
      </trkpt>
      <trkpt lat="44.17846" lon="5.21657">
        <ele>831</ele>
      </trkpt>
      <trkpt lat="44.17847" lon="5.21674">
        <ele>832</ele>
      </trkpt>
      <trkpt lat="44.17851" lon="5.21685">
        <ele>833</ele>
      </trkpt>
      <trkpt lat="44.17857" lon="5.21697">
        <ele>833</ele>
      </trkpt>
      <trkpt lat="44.17863" lon="5.21715">
        <ele>833</ele>
      </trkpt>
      <trkpt lat="44.178715" lon="5.2173549999999995">
        <ele>832</ele>
      </trkpt>
      <trkpt lat="44.1788" lon="5.21756">
        <ele>831</ele>
      </trkpt>
      <trkpt lat="44.17885" lon="5.21772">
        <ele>829</ele>
      </trkpt>
      <trkpt lat="44.17888" lon="5.21787">
        <ele>828</ele>
      </trkpt>
      <trkpt lat="44.17891" lon="5.21795">
        <ele>828</ele>
      </trkpt>
      <trkpt lat="44.17895" lon="5.21797">
        <ele>828</ele>
      </trkpt>
      <trkpt lat="44.17897" lon="5.21795">
        <ele>828</ele>
      </trkpt>
      <trkpt lat="44.179" lon="5.21794">
        <ele>828</ele>
      </trkpt>
      <trkpt lat="44.17915" lon="5.21766">
        <ele>832</ele>
      </trkpt>
      <trkpt lat="44.17918" lon="5.21758">
        <ele>833</ele>
      </trkpt>
      <trkpt lat="44.17926" lon="5.21727">
        <ele>840</ele>
      </trkpt>
      <trkpt lat="44.17934" lon="5.21704">
        <ele>844</ele>
      </trkpt>
      <trkpt lat="44.17939" lon="5.21694">
        <ele>844</ele>
      </trkpt>
      <trkpt lat="44.17941" lon="5.21687">
        <ele>844</ele>
      </trkpt>
      <trkpt lat="44.17941" lon="5.21679">
        <ele>845</ele>
      </trkpt>
      <trkpt lat="44.17943" lon="5.21674">
        <ele>846</ele>
      </trkpt>
      <trkpt lat="44.17947" lon="5.21671">
        <ele>846</ele>
      </trkpt>
      <trkpt lat="44.17961" lon="5.21665">
        <ele>847</ele>
      </trkpt>
      <trkpt lat="44.17967" lon="5.21666">
        <ele>847</ele>
      </trkpt>
      <trkpt lat="44.17971" lon="5.2167">
        <ele>849</ele>
      </trkpt>
      <trkpt lat="44.17974" lon="5.21677">
        <ele>851</ele>
      </trkpt>
      <trkpt lat="44.1798" lon="5.21699">
        <ele>856</ele>
      </trkpt>
      <trkpt lat="44.17979" lon="5.21708">
        <ele>857</ele>
      </trkpt>
      <trkpt lat="44.17981" lon="5.21722">
        <ele>861</ele>
      </trkpt>
      <trkpt lat="44.17988" lon="5.21736">
        <ele>864</ele>
      </trkpt>
      <trkpt lat="44.17989" lon="5.21746">
        <ele>866</ele>
      </trkpt>
      <trkpt lat="44.17993" lon="5.2175">
        <ele>867</ele>
      </trkpt>
      <trkpt lat="44.18001" lon="5.21752">
        <ele>868</ele>
      </trkpt>
      <trkpt lat="44.18012" lon="5.21753">
        <ele>868</ele>
      </trkpt>
      <trkpt lat="44.18016" lon="5.21759">
        <ele>869</ele>
      </trkpt>
      <trkpt lat="44.180205" lon="5.217905">
        <ele>875</ele>
      </trkpt>
      <trkpt lat="44.18025" lon="5.21822">
        <ele>881</ele>
      </trkpt>
      <trkpt lat="44.18024" lon="5.21827">
        <ele>881</ele>
      </trkpt>
      <trkpt lat="44.1802" lon="5.21837">
        <ele>882</ele>
      </trkpt>
      <trkpt lat="44.18021" lon="5.21843">
        <ele>884</ele>
      </trkpt>
      <trkpt lat="44.180324999999996" lon="5.21865">
        <ele>888</ele>
      </trkpt>
      <trkpt lat="44.18044" lon="5.21887">
        <ele>892</ele>
      </trkpt>
      <trkpt lat="44.18055" lon="5.21916">
        <ele>896</ele>
      </trkpt>
      <trkpt lat="44.1806" lon="5.21947">
        <ele>899</ele>
      </trkpt>
      <trkpt lat="44.18073" lon="5.21979">
        <ele>901</ele>
      </trkpt>
      <trkpt lat="44.18086" lon="5.22011">
        <ele>903</ele>
      </trkpt>
      <trkpt lat="44.18092" lon="5.22045">
        <ele>905</ele>
      </trkpt>
      <trkpt lat="44.18098" lon="5.22079">
        <ele>908</ele>
      </trkpt>
      <trkpt lat="44.18106" lon="5.22107">
        <ele>909</ele>
      </trkpt>
      <trkpt lat="44.18114" lon="5.22135">
        <ele>909</ele>
      </trkpt>
      <trkpt lat="44.18119" lon="5.22147">
        <ele>909</ele>
      </trkpt>
      <trkpt lat="44.18123" lon="5.22152">
        <ele>909</ele>
      </trkpt>
      <trkpt lat="44.18127" lon="5.22161">
        <ele>907</ele>
      </trkpt>
      <trkpt lat="44.18132" lon="5.2218">
        <ele>907</ele>
      </trkpt>
      <trkpt lat="44.18137" lon="5.222035">
        <ele>906</ele>
      </trkpt>
      <trkpt lat="44.18142" lon="5.22227">
        <ele>906</ele>
      </trkpt>
      <trkpt lat="44.18148" lon="5.22243">
        <ele>906</ele>
      </trkpt>
      <trkpt lat="44.18149" lon="5.2225">
        <ele>906</ele>
      </trkpt>
      <trkpt lat="44.18148" lon="5.22259">
        <ele>907</ele>
      </trkpt>
      <trkpt lat="44.1814" lon="5.22285">
        <ele>913</ele>
      </trkpt>
      <trkpt lat="44.18136" lon="5.2229">
        <ele>913</ele>
      </trkpt>
      <trkpt lat="44.18126" lon="5.22296">
        <ele>915</ele>
      </trkpt>
      <trkpt lat="44.18116" lon="5.22311">
        <ele>918</ele>
      </trkpt>
      <trkpt lat="44.18113" lon="5.22319">
        <ele>920</ele>
      </trkpt>
      <trkpt lat="44.18109" lon="5.22326">
        <ele>922</ele>
      </trkpt>
      <trkpt lat="44.18101" lon="5.22333">
        <ele>924</ele>
      </trkpt>
      <trkpt lat="44.18091" lon="5.22339">
        <ele>926</ele>
      </trkpt>
      <trkpt lat="44.18071" lon="5.22355">
        <ele>933</ele>
      </trkpt>
      <trkpt lat="44.1806" lon="5.2236650000000004">
        <ele>938</ele>
      </trkpt>
      <trkpt lat="44.18049" lon="5.22378">
        <ele>941</ele>
      </trkpt>
      <trkpt lat="44.18042" lon="5.22378">
        <ele>942</ele>
      </trkpt>
      <trkpt lat="44.18036" lon="5.22382">
        <ele>944</ele>
      </trkpt>
      <trkpt lat="44.18033" lon="5.22387">
        <ele>946</ele>
      </trkpt>
      <trkpt lat="44.18034" lon="5.22396">
        <ele>949</ele>
      </trkpt>
      <trkpt lat="44.18039" lon="5.22402">
        <ele>951</ele>
      </trkpt>
      <trkpt lat="44.18039" lon="5.22401">
        <ele>951</ele>
      </trkpt>
      <trkpt lat="44.18051" lon="5.22412">
        <ele>955</ele>
      </trkpt>
      <trkpt lat="44.18061" lon="5.22417">
        <ele>957</ele>
      </trkpt>
      <trkpt lat="44.18076" lon="5.2241800000000005">
        <ele>960</ele>
      </trkpt>
      <trkpt lat="44.18091" lon="5.22419">
        <ele>961</ele>
      </trkpt>
      <trkpt lat="44.18112" lon="5.22416">
        <ele>961</ele>
      </trkpt>
      <trkpt lat="44.18133" lon="5.22426">
        <ele>967</ele>
      </trkpt>
      <trkpt lat="44.181505" lon="5.224292500000001">
        <ele>967</ele>
      </trkpt>
      <trkpt lat="44.18168" lon="5.224325">
        <ele>967</ele>
      </trkpt>
      <trkpt lat="44.181855" lon="5.2243575">
        <ele>967</ele>
      </trkpt>
      <trkpt lat="44.18203" lon="5.22439">
        <ele>967</ele>
      </trkpt>
      <trkpt lat="44.18214" lon="5.22443">
        <ele>967</ele>
      </trkpt>
      <trkpt lat="44.1822" lon="5.22448">
        <ele>966</ele>
      </trkpt>
      <trkpt lat="44.18226" lon="5.22457">
        <ele>964</ele>
      </trkpt>
      <trkpt lat="44.18229" lon="5.22468">
        <ele>963</ele>
      </trkpt>
      <trkpt lat="44.18231" lon="5.22498">
        <ele>958</ele>
      </trkpt>
      <trkpt lat="44.18234" lon="5.22513">
        <ele>956</ele>
      </trkpt>
      <trkpt lat="44.18234" lon="5.2252">
        <ele>954</ele>
      </trkpt>
      <trkpt lat="44.18229" lon="5.22538">
        <ele>954</ele>
      </trkpt>
      <trkpt lat="44.18231" lon="5.22561">
        <ele>954</ele>
      </trkpt>
      <trkpt lat="44.182255" lon="5.225835">
        <ele>953</ele>
      </trkpt>
      <trkpt lat="44.1822" lon="5.22606">
        <ele>951</ele>
      </trkpt>
      <trkpt lat="44.182204999999996" lon="5.226330000000001">
        <ele>950</ele>
      </trkpt>
      <trkpt lat="44.18221" lon="5.2266">
        <ele>949</ele>
      </trkpt>
      <trkpt lat="44.182222499999995" lon="5.226912500000001">
        <ele>948</ele>
      </trkpt>
      <trkpt lat="44.182235" lon="5.227225000000001">
        <ele>948</ele>
      </trkpt>
      <trkpt lat="44.1822475" lon="5.2275375">
        <ele>948</ele>
      </trkpt>
      <trkpt lat="44.18226" lon="5.22785">
        <ele>949</ele>
      </trkpt>
      <trkpt lat="44.18233" lon="5.22815">
        <ele>949</ele>
      </trkpt>
      <trkpt lat="44.18236" lon="5.22847">
        <ele>949</ele>
      </trkpt>
      <trkpt lat="44.1824" lon="5.2286">
        <ele>948</ele>
      </trkpt>
      <trkpt lat="44.18243" lon="5.22883">
        <ele>945</ele>
      </trkpt>
      <trkpt lat="44.182435" lon="5.229035">
        <ele>943</ele>
      </trkpt>
      <trkpt lat="44.18244" lon="5.22924">
        <ele>941</ele>
      </trkpt>
      <trkpt lat="44.18247" lon="5.22955">
        <ele>938</ele>
      </trkpt>
      <trkpt lat="44.18246" lon="5.22964">
        <ele>937</ele>
      </trkpt>
      <trkpt lat="44.18241" lon="5.22982">
        <ele>936</ele>
      </trkpt>
      <trkpt lat="44.18242" lon="5.22991">
        <ele>934</ele>
      </trkpt>
      <trkpt lat="44.18247" lon="5.23004">
        <ele>931</ele>
      </trkpt>
      <trkpt lat="44.18248" lon="5.23015">
        <ele>930</ele>
      </trkpt>
      <trkpt lat="44.18245" lon="5.23032">
        <ele>929</ele>
      </trkpt>
      <trkpt lat="44.18244" lon="5.23044">
        <ele>929</ele>
      </trkpt>
      <trkpt lat="44.18246" lon="5.23055">
        <ele>929</ele>
      </trkpt>
      <trkpt lat="44.18252" lon="5.23062">
        <ele>928</ele>
      </trkpt>
      <trkpt lat="44.18263" lon="5.2307">
        <ele>928</ele>
      </trkpt>
      <trkpt lat="44.18278" lon="5.23072">
        <ele>928</ele>
      </trkpt>
      <trkpt lat="44.18293" lon="5.23074">
        <ele>928</ele>
      </trkpt>
      <trkpt lat="44.183080000000004" lon="5.23076">
        <ele>928</ele>
      </trkpt>
      <trkpt lat="44.18323" lon="5.23078">
        <ele>928</ele>
      </trkpt>
      <trkpt lat="44.18341" lon="5.23079">
        <ele>928</ele>
      </trkpt>
      <trkpt lat="44.18335" lon="5.23072">
        <ele>927</ele>
      </trkpt>
      <trkpt lat="44.18321" lon="5.23068">
        <ele>925</ele>
      </trkpt>
      <trkpt lat="44.18304" lon="5.23058">
        <ele>921</ele>
      </trkpt>
      <trkpt lat="44.18293" lon="5.23045">
        <ele>917</ele>
      </trkpt>
      <trkpt lat="44.18292" lon="5.23038">
        <ele>914</ele>
      </trkpt>
      <trkpt lat="44.18293" lon="5.23031">
        <ele>913</ele>
      </trkpt>
      <trkpt lat="44.183" lon="5.23022">
        <ele>909</ele>
      </trkpt>
      <trkpt lat="44.183054999999996" lon="5.230040000000001">
        <ele>904</ele>
      </trkpt>
      <trkpt lat="44.18311" lon="5.22986">
        <ele>899</ele>
      </trkpt>
      <trkpt lat="44.18322" lon="5.229665000000001">
        <ele>894</ele>
      </trkpt>
      <trkpt lat="44.18333" lon="5.22947">
        <ele>888</ele>
      </trkpt>
      <trkpt lat="44.18339" lon="5.22929">
        <ele>883</ele>
      </trkpt>
      <trkpt lat="44.18342" lon="5.22914">
        <ele>879</ele>
      </trkpt>
      <trkpt lat="44.1835" lon="5.22897">
        <ele>874</ele>
      </trkpt>
      <trkpt lat="44.18362" lon="5.22881">
        <ele>869</ele>
      </trkpt>
      <trkpt lat="44.18365" lon="5.22867">
        <ele>865</ele>
      </trkpt>
      <trkpt lat="44.18373" lon="5.2285">
        <ele>859</ele>
      </trkpt>
      <trkpt lat="44.18377" lon="5.22832">
        <ele>855</ele>
      </trkpt>
      <trkpt lat="44.18393" lon="5.22807">
        <ele>846</ele>
      </trkpt>
      <trkpt lat="44.184" lon="5.22793">
        <ele>843</ele>
      </trkpt>
      <trkpt lat="44.18402" lon="5.22779">
        <ele>839</ele>
      </trkpt>
      <trkpt lat="44.18403" lon="5.22761">
        <ele>835</ele>
      </trkpt>
      <trkpt lat="44.184065000000004" lon="5.22742">
        <ele>830</ele>
      </trkpt>
      <trkpt lat="44.1841" lon="5.22723">
        <ele>825</ele>
      </trkpt>
      <trkpt lat="44.18419" lon="5.22704">
        <ele>817</ele>
      </trkpt>
      <trkpt lat="44.184255" lon="5.22681">
        <ele>811</ele>
      </trkpt>
      <trkpt lat="44.18432" lon="5.22658">
        <ele>805</ele>
      </trkpt>
      <trkpt lat="44.184455" lon="5.226380000000001">
        <ele>796</ele>
      </trkpt>
      <trkpt lat="44.18459" lon="5.22618">
        <ele>788</ele>
      </trkpt>
      <trkpt lat="44.18465" lon="5.22606">
        <ele>785</ele>
      </trkpt>
      <trkpt lat="44.18483" lon="5.22585">
        <ele>775</ele>
      </trkpt>
      <trkpt lat="44.18489" lon="5.22576">
        <ele>773</ele>
      </trkpt>
      <trkpt lat="44.185" lon="5.22569">
        <ele>767</ele>
      </trkpt>
      <trkpt lat="44.18504" lon="5.22561">
        <ele>765</ele>
      </trkpt>
      <trkpt lat="44.18511" lon="5.22555">
        <ele>763</ele>
      </trkpt>
      <trkpt lat="44.18529" lon="5.22531">
        <ele>753</ele>
      </trkpt>
      <trkpt lat="44.18534" lon="5.22523">
        <ele>749</ele>
      </trkpt>
      <trkpt lat="44.18539" lon="5.22508">
        <ele>745</ele>
      </trkpt>
      <trkpt lat="44.185525" lon="5.224845">
        <ele>736</ele>
      </trkpt>
      <trkpt lat="44.18566" lon="5.22461">
        <ele>728</ele>
      </trkpt>
      <trkpt lat="44.185734999999994" lon="5.2244150000000005">
        <ele>721</ele>
      </trkpt>
      <trkpt lat="44.18581" lon="5.22422">
        <ele>716</ele>
      </trkpt>
      <trkpt lat="44.185852499999996" lon="5.22397">
        <ele>709</ele>
      </trkpt>
      <trkpt lat="44.185895" lon="5.22372">
        <ele>702</ele>
      </trkpt>
      <trkpt lat="44.1859375" lon="5.22347">
        <ele>695</ele>
      </trkpt>
      <trkpt lat="44.18598" lon="5.2232199999999995">
        <ele>689</ele>
      </trkpt>
      <trkpt lat="44.1860225" lon="5.22297">
        <ele>684</ele>
      </trkpt>
      <trkpt lat="44.186065" lon="5.22272">
        <ele>677</ele>
      </trkpt>
      <trkpt lat="44.1861075" lon="5.2224699999999995">
        <ele>672</ele>
      </trkpt>
      <trkpt lat="44.18615" lon="5.22222">
        <ele>667</ele>
      </trkpt>
      <trkpt lat="44.186205" lon="5.222035">
        <ele>662</ele>
      </trkpt>
      <trkpt lat="44.18626" lon="5.22185">
        <ele>661</ele>
      </trkpt>
      <trkpt lat="44.18635" lon="5.22175">
        <ele>659</ele>
      </trkpt>
      <trkpt lat="44.18649" lon="5.22152">
        <ele>656</ele>
      </trkpt>
      <trkpt lat="44.18656" lon="5.22126">
        <ele>651</ele>
      </trkpt>
      <trkpt lat="44.18655" lon="5.22099">
        <ele>647</ele>
      </trkpt>
      <trkpt lat="44.186525" lon="5.2207799999999995">
        <ele>644</ele>
      </trkpt>
      <trkpt lat="44.1865" lon="5.22057">
        <ele>640</ele>
      </trkpt>
      <trkpt lat="44.18646" lon="5.2203825">
        <ele>637</ele>
      </trkpt>
      <trkpt lat="44.18642" lon="5.220195">
        <ele>635</ele>
      </trkpt>
      <trkpt lat="44.18638" lon="5.2200075">
        <ele>632</ele>
      </trkpt>
      <trkpt lat="44.18634" lon="5.21982">
        <ele>630</ele>
      </trkpt>
      <trkpt lat="44.186325" lon="5.219615">
        <ele>627</ele>
      </trkpt>
      <trkpt lat="44.18631" lon="5.21941">
        <ele>625</ele>
      </trkpt>
      <trkpt lat="44.186364999999995" lon="5.21913">
        <ele>621</ele>
      </trkpt>
      <trkpt lat="44.18642" lon="5.21885">
        <ele>616</ele>
      </trkpt>
      <trkpt lat="44.18649" lon="5.21857">
        <ele>613</ele>
      </trkpt>
      <trkpt lat="44.1866" lon="5.21844">
        <ele>610</ele>
      </trkpt>
      <trkpt lat="44.186719999999994" lon="5.2183399999999995">
        <ele>607</ele>
      </trkpt>
      <trkpt lat="44.18684" lon="5.21824">
        <ele>606</ele>
      </trkpt>
      <trkpt lat="44.18696" lon="5.21808">
        <ele>604</ele>
      </trkpt>
      <trkpt lat="44.18694" lon="5.21793">
        <ele>603</ele>
      </trkpt>
      <trkpt lat="44.18695" lon="5.21786">
        <ele>602</ele>
      </trkpt>
      <trkpt lat="44.186912500000005" lon="5.217605">
        <ele>601</ele>
      </trkpt>
      <trkpt lat="44.186875" lon="5.21735">
        <ele>600</ele>
      </trkpt>
      <trkpt lat="44.186837499999996" lon="5.2170950000000005">
        <ele>595</ele>
      </trkpt>
      <trkpt lat="44.1868" lon="5.21684">
        <ele>589</ele>
      </trkpt>
      <trkpt lat="44.186775" lon="5.216635">
        <ele>585</ele>
      </trkpt>
      <trkpt lat="44.18675" lon="5.21643">
        <ele>581</ele>
      </trkpt>
      <trkpt lat="44.18671" lon="5.21623">
        <ele>577</ele>
      </trkpt>
      <trkpt lat="44.1867" lon="5.21587">
        <ele>571</ele>
      </trkpt>
      <trkpt lat="44.18667" lon="5.21577">
        <ele>570</ele>
      </trkpt>
      <trkpt lat="44.18663" lon="5.21568">
        <ele>568</ele>
      </trkpt>
      <trkpt lat="44.18657" lon="5.21535">
        <ele>562</ele>
      </trkpt>
      <trkpt lat="44.18652" lon="5.21515">
        <ele>558</ele>
      </trkpt>
      <trkpt lat="44.18649" lon="5.21488">
        <ele>555</ele>
      </trkpt>
      <trkpt lat="44.186499999999995" lon="5.214684999999999">
        <ele>552</ele>
      </trkpt>
      <trkpt lat="44.18651" lon="5.21449">
        <ele>550</ele>
      </trkpt>
      <trkpt lat="44.18649" lon="5.21431">
        <ele>547</ele>
      </trkpt>
      <trkpt lat="44.18643" lon="5.21426">
        <ele>546</ele>
      </trkpt>
      <trkpt lat="44.18641" lon="5.2142">
        <ele>546</ele>
      </trkpt>
      <trkpt lat="44.18637" lon="5.21395">
        <ele>542</ele>
      </trkpt>
      <trkpt lat="44.186319999999995" lon="5.21376">
        <ele>542</ele>
      </trkpt>
      <trkpt lat="44.18627" lon="5.21357">
        <ele>540</ele>
      </trkpt>
      <trkpt lat="44.18626" lon="5.2135">
        <ele>539</ele>
      </trkpt>
      <trkpt lat="44.18626" lon="5.21345">
        <ele>539</ele>
      </trkpt>
      <trkpt lat="44.18629" lon="5.2134">
        <ele>539</ele>
      </trkpt>
      <trkpt lat="44.18648" lon="5.21329">
        <ele>539</ele>
      </trkpt>
      <trkpt lat="44.18648" lon="5.21326">
        <ele>538</ele>
      </trkpt>
      <trkpt lat="44.18646" lon="5.21317">
        <ele>538</ele>
      </trkpt>
      <trkpt lat="44.186385" lon="5.2129575">
        <ele>538</ele>
      </trkpt>
      <trkpt lat="44.18631" lon="5.212745">
        <ele>537</ele>
      </trkpt>
      <trkpt lat="44.186234999999996" lon="5.2125325">
        <ele>536</ele>
      </trkpt>
      <trkpt lat="44.18616" lon="5.21232">
        <ele>536</ele>
      </trkpt>
      <trkpt lat="44.18631" lon="5.21221">
        <ele>536</ele>
      </trkpt>
      <trkpt lat="44.18641" lon="5.21206">
        <ele>536</ele>
      </trkpt>
      <trkpt lat="44.18656" lon="5.21193">
        <ele>536</ele>
      </trkpt>
      <trkpt lat="44.18669" lon="5.21174">
        <ele>536</ele>
      </trkpt>
      <trkpt lat="44.1868275" lon="5.2119800000000005">
        <ele>537</ele>
      </trkpt>
      <trkpt lat="44.186965" lon="5.21222">
        <ele>539</ele>
      </trkpt>
      <trkpt lat="44.1871025" lon="5.21246">
        <ele>541</ele>
      </trkpt>
      <trkpt lat="44.18724" lon="5.2127">
        <ele>542</ele>
      </trkpt>
      <trkpt lat="44.187321250000004" lon="5.2128625">
        <ele>543</ele>
      </trkpt>
      <trkpt lat="44.187402500000005" lon="5.213025">
        <ele>543</ele>
      </trkpt>
      <trkpt lat="44.187483750000006" lon="5.2131875">
        <ele>543</ele>
      </trkpt>
      <trkpt lat="44.187565000000006" lon="5.21335">
        <ele>544</ele>
      </trkpt>
      <trkpt lat="44.18764625000001" lon="5.2135125">
        <ele>545</ele>
      </trkpt>
      <trkpt lat="44.18772750000001" lon="5.213675">
        <ele>546</ele>
      </trkpt>
      <trkpt lat="44.18780875" lon="5.2138375">
        <ele>546</ele>
      </trkpt>
      <trkpt lat="44.18789" lon="5.214">
        <ele>547</ele>
      </trkpt>
      <trkpt lat="44.18802" lon="5.214225000000001">
        <ele>549</ele>
      </trkpt>
      <trkpt lat="44.18815" lon="5.21445">
        <ele>550</ele>
      </trkpt>
      <trkpt lat="44.18828" lon="5.214675">
        <ele>551</ele>
      </trkpt>
      <trkpt lat="44.18841" lon="5.2149">
        <ele>552</ele>
      </trkpt>
      <trkpt lat="44.18854999999999" lon="5.21513">
        <ele>553</ele>
      </trkpt>
      <trkpt lat="44.188689999999994" lon="5.21536">
        <ele>555</ele>
      </trkpt>
      <trkpt lat="44.188829999999996" lon="5.215590000000001">
        <ele>556</ele>
      </trkpt>
      <trkpt lat="44.18897" lon="5.21582">
        <ele>557</ele>
      </trkpt>
      <trkpt lat="44.18903" lon="5.21598">
        <ele>558</ele>
      </trkpt>
      <trkpt lat="44.18907" lon="5.21618">
        <ele>559</ele>
      </trkpt>
      <trkpt lat="44.18908" lon="5.21655">
        <ele>561</ele>
      </trkpt>
      <trkpt lat="44.18912" lon="5.21686">
        <ele>563</ele>
      </trkpt>
      <trkpt lat="44.189175000000006" lon="5.217055">
        <ele>565</ele>
      </trkpt>
      <trkpt lat="44.18923" lon="5.21725">
        <ele>566</ele>
      </trkpt>
      <trkpt lat="44.1893" lon="5.21741">
        <ele>569</ele>
      </trkpt>
      <trkpt lat="44.18946" lon="5.21759">
        <ele>571</ele>
      </trkpt>
      <trkpt lat="44.18956" lon="5.217755">
        <ele>572</ele>
      </trkpt>
      <trkpt lat="44.18966" lon="5.21792">
        <ele>573</ele>
      </trkpt>
      <trkpt lat="44.189705000000004" lon="5.218135">
        <ele>573</ele>
      </trkpt>
      <trkpt lat="44.189750000000004" lon="5.21835">
        <ele>573</ele>
      </trkpt>
      <trkpt lat="44.189795000000004" lon="5.218565">
        <ele>574</ele>
      </trkpt>
      <trkpt lat="44.18984" lon="5.21878">
        <ele>575</ele>
      </trkpt>
      <trkpt lat="44.18989" lon="5.21898">
        <ele>577</ele>
      </trkpt>
      <trkpt lat="44.189895" lon="5.219265">
        <ele>577</ele>
      </trkpt>
      <trkpt lat="44.1899" lon="5.21955">
        <ele>578</ele>
      </trkpt>
      <trkpt lat="44.18984" lon="5.21991">
        <ele>579</ele>
      </trkpt>
      <trkpt lat="44.18983" lon="5.22018">
        <ele>579</ele>
      </trkpt>
      <trkpt lat="44.18988" lon="5.22049">
        <ele>581</ele>
      </trkpt>
      <trkpt lat="44.189945" lon="5.22077">
        <ele>582</ele>
      </trkpt>
      <trkpt lat="44.19001" lon="5.22105">
        <ele>583</ele>
      </trkpt>
      <trkpt lat="44.19006" lon="5.22123125">
        <ele>585</ele>
      </trkpt>
      <trkpt lat="44.190110000000004" lon="5.2214125">
        <ele>586</ele>
      </trkpt>
      <trkpt lat="44.190160000000006" lon="5.22159375">
        <ele>586</ele>
      </trkpt>
      <trkpt lat="44.19021" lon="5.221775">
        <ele>587</ele>
      </trkpt>
      <trkpt lat="44.190259999999995" lon="5.22195625">
        <ele>588</ele>
      </trkpt>
      <trkpt lat="44.19031" lon="5.2221375000000005">
        <ele>589</ele>
      </trkpt>
      <trkpt lat="44.19036" lon="5.22231875">
        <ele>591</ele>
      </trkpt>
      <trkpt lat="44.19041" lon="5.2225">
        <ele>592</ele>
      </trkpt>
      <trkpt lat="44.19043" lon="5.22273">
        <ele>593</ele>
      </trkpt>
      <trkpt lat="44.190425000000005" lon="5.222935">
        <ele>595</ele>
      </trkpt>
      <trkpt lat="44.19042" lon="5.22314">
        <ele>596</ele>
      </trkpt>
      <trkpt lat="44.19041" lon="5.22314">
        <ele>596</ele>
      </trkpt>
      <trkpt lat="44.190425000000005" lon="5.2234549999999995">
        <ele>598</ele>
      </trkpt>
      <trkpt lat="44.19044" lon="5.22377">
        <ele>600</ele>
      </trkpt>
      <trkpt lat="44.19019" lon="5.22389">
        <ele>601</ele>
      </trkpt>
      <trkpt lat="44.190335000000005" lon="5.223915">
        <ele>601</ele>
      </trkpt>
      <trkpt lat="44.19048" lon="5.22394">
        <ele>602</ele>
      </trkpt>
      <trkpt lat="44.19049" lon="5.22393">
        <ele>602</ele>
      </trkpt>
      <trkpt lat="44.1905" lon="5.22404">
        <ele>602</ele>
      </trkpt>
      <trkpt lat="44.19055" lon="5.22409">
        <ele>604</ele>
      </trkpt>
      <trkpt lat="44.19055" lon="5.22424">
        <ele>604</ele>
      </trkpt>
      <trkpt lat="44.19058" lon="5.2245550000000005">
        <ele>608</ele>
      </trkpt>
      <trkpt lat="44.19061" lon="5.22487">
        <ele>608</ele>
      </trkpt>
      <trkpt lat="44.19064" lon="5.22504">
        <ele>610</ele>
      </trkpt>
      <trkpt lat="44.19069" lon="5.22521">
        <ele>611</ele>
      </trkpt>
      <trkpt lat="44.19071" lon="5.22551">
        <ele>613</ele>
      </trkpt>
      <trkpt lat="44.19074" lon="5.22562">
        <ele>613</ele>
      </trkpt>
      <trkpt lat="44.19088" lon="5.225925">
        <ele>618</ele>
      </trkpt>
      <trkpt lat="44.19102" lon="5.22623">
        <ele>623</ele>
      </trkpt>
      <trkpt lat="44.19111" lon="5.22635">
        <ele>625</ele>
      </trkpt>
      <trkpt lat="44.19112" lon="5.2264">
        <ele>626</ele>
      </trkpt>
      <trkpt lat="44.1911" lon="5.22653">
        <ele>628</ele>
      </trkpt>
      <trkpt lat="44.19123" lon="5.2266">
        <ele>631</ele>
      </trkpt>
      <trkpt lat="44.19126" lon="5.22669">
        <ele>632</ele>
      </trkpt>
      <trkpt lat="44.19142" lon="5.22685">
        <ele>637</ele>
      </trkpt>
      <trkpt lat="44.19155" lon="5.22702">
        <ele>641</ele>
      </trkpt>
      <trkpt lat="44.19161" lon="5.2269">
        <ele>646</ele>
      </trkpt>
      <trkpt lat="44.19178" lon="5.22717">
        <ele>651</ele>
      </trkpt>
      <trkpt lat="44.19184" lon="5.22717">
        <ele>652</ele>
      </trkpt>
      <trkpt lat="44.19188" lon="5.2272">
        <ele>652</ele>
      </trkpt>
      <trkpt lat="44.19187" lon="5.22724">
        <ele>653</ele>
      </trkpt>
      <trkpt lat="44.19176" lon="5.22732">
        <ele>653</ele>
      </trkpt>
      <trkpt lat="44.19172" lon="5.22738">
        <ele>653</ele>
      </trkpt>
      <trkpt lat="44.19168" lon="5.22758">
        <ele>653</ele>
      </trkpt>
      <trkpt lat="44.19168" lon="5.22768">
        <ele>655</ele>
      </trkpt>
      <trkpt lat="44.1917" lon="5.22778">
        <ele>660</ele>
      </trkpt>
      <trkpt lat="44.19168" lon="5.22797">
        <ele>661</ele>
      </trkpt>
      <trkpt lat="44.19169" lon="5.2281">
        <ele>664</ele>
      </trkpt>
      <trkpt lat="44.19171" lon="5.22817">
        <ele>664</ele>
      </trkpt>
      <trkpt lat="44.19171" lon="5.22824">
        <ele>665</ele>
      </trkpt>
      <trkpt lat="44.19174" lon="5.22839">
        <ele>667</ele>
      </trkpt>
      <trkpt lat="44.19183" lon="5.22863">
        <ele>671</ele>
      </trkpt>
      <trkpt lat="44.19186" lon="5.22879">
        <ele>672</ele>
      </trkpt>
      <trkpt lat="44.19186" lon="5.229">
        <ele>672</ele>
      </trkpt>
      <trkpt lat="44.1919" lon="5.22908">
        <ele>674</ele>
      </trkpt>
      <trkpt lat="44.19196" lon="5.22911">
        <ele>677</ele>
      </trkpt>
      <trkpt lat="44.19199" lon="5.22915">
        <ele>678</ele>
      </trkpt>
      <trkpt lat="44.192" lon="5.2292">
        <ele>679</ele>
      </trkpt>
      <trkpt lat="44.19193" lon="5.2294">
        <ele>679</ele>
      </trkpt>
      <trkpt lat="44.19197" lon="5.22962">
        <ele>684</ele>
      </trkpt>
      <trkpt lat="44.19203" lon="5.22983">
        <ele>686</ele>
      </trkpt>
      <trkpt lat="44.19205" lon="5.23001">
        <ele>690</ele>
      </trkpt>
      <trkpt lat="44.19212" lon="5.23027">
        <ele>696</ele>
      </trkpt>
      <trkpt lat="44.1921375" lon="5.23048">
        <ele>696</ele>
      </trkpt>
      <trkpt lat="44.192155" lon="5.23069">
        <ele>698</ele>
      </trkpt>
      <trkpt lat="44.1921725" lon="5.2309">
        <ele>703</ele>
      </trkpt>
      <trkpt lat="44.19219" lon="5.23111">
        <ele>705</ele>
      </trkpt>
      <trkpt lat="44.19214" lon="5.23136">
        <ele>709</ele>
      </trkpt>
      <trkpt lat="44.19219" lon="5.23146">
        <ele>710</ele>
      </trkpt>
      <trkpt lat="44.19221" lon="5.23158">
        <ele>712</ele>
      </trkpt>
      <trkpt lat="44.19213" lon="5.23178">
        <ele>716</ele>
      </trkpt>
      <trkpt lat="44.19207" lon="5.23186">
        <ele>716</ele>
      </trkpt>
      <trkpt lat="44.19206" lon="5.23197">
        <ele>717</ele>
      </trkpt>
      <trkpt lat="44.19214" lon="5.23206">
        <ele>719</ele>
      </trkpt>
      <trkpt lat="44.19218" lon="5.2322">
        <ele>720</ele>
      </trkpt>
      <trkpt lat="44.19219" lon="5.23233">
        <ele>720</ele>
      </trkpt>
      <trkpt lat="44.19226" lon="5.23251">
        <ele>728</ele>
      </trkpt>
      <trkpt lat="44.19241" lon="5.23266">
        <ele>734</ele>
      </trkpt>
      <trkpt lat="44.19249" lon="5.23277">
        <ele>735</ele>
      </trkpt>
      <trkpt lat="44.192454999999995" lon="5.232985">
        <ele>735</ele>
      </trkpt>
      <trkpt lat="44.19242" lon="5.2332">
        <ele>739</ele>
      </trkpt>
      <trkpt lat="44.19245" lon="5.23356">
        <ele>740</ele>
      </trkpt>
      <trkpt lat="44.1925" lon="5.23392">
        <ele>746</ele>
      </trkpt>
      <trkpt lat="44.19257" lon="5.2342">
        <ele>754</ele>
      </trkpt>
      <trkpt lat="44.19263" lon="5.23451">
        <ele>759</ele>
      </trkpt>
      <trkpt lat="44.192615" lon="5.2348099999999995">
        <ele>760</ele>
      </trkpt>
      <trkpt lat="44.1926" lon="5.23511">
        <ele>763</ele>
      </trkpt>
      <trkpt lat="44.192614999999996" lon="5.235315">
        <ele>765</ele>
      </trkpt>
      <trkpt lat="44.192629999999994" lon="5.235519999999999">
        <ele>765</ele>
      </trkpt>
      <trkpt lat="44.192645" lon="5.2357249999999995">
        <ele>769</ele>
      </trkpt>
      <trkpt lat="44.19266" lon="5.23593">
        <ele>773</ele>
      </trkpt>
      <trkpt lat="44.19265" lon="5.23623">
        <ele>780</ele>
      </trkpt>
      <trkpt lat="44.1926" lon="5.23636">
        <ele>780</ele>
      </trkpt>
      <trkpt lat="44.19248" lon="5.23646">
        <ele>781</ele>
      </trkpt>
      <trkpt lat="44.19227" lon="5.23642">
        <ele>782</ele>
      </trkpt>
      <trkpt lat="44.19221" lon="5.23624">
        <ele>784</ele>
      </trkpt>
      <trkpt lat="44.19207" lon="5.23606">
        <ele>788</ele>
      </trkpt>
      <trkpt lat="44.19193" lon="5.23588">
        <ele>790</ele>
      </trkpt>
      <trkpt lat="44.19179" lon="5.2357">
        <ele>791</ele>
      </trkpt>
      <trkpt lat="44.19165" lon="5.23552">
        <ele>794</ele>
      </trkpt>
      <trkpt lat="44.19153250000001" lon="5.2352625">
        <ele>795</ele>
      </trkpt>
      <trkpt lat="44.191415000000006" lon="5.235005">
        <ele>796</ele>
      </trkpt>
      <trkpt lat="44.191297500000005" lon="5.2347475">
        <ele>799</ele>
      </trkpt>
      <trkpt lat="44.19118" lon="5.23449">
        <ele>800</ele>
      </trkpt>
      <trkpt lat="44.19111" lon="5.2343">
        <ele>804</ele>
      </trkpt>
      <trkpt lat="44.19104" lon="5.23411">
        <ele>806</ele>
      </trkpt>
      <trkpt lat="44.19097" lon="5.23403">
        <ele>806</ele>
      </trkpt>
      <trkpt lat="44.1909" lon="5.23403">
        <ele>809</ele>
      </trkpt>
      <trkpt lat="44.19076" lon="5.234115">
        <ele>811</ele>
      </trkpt>
      <trkpt lat="44.19062" lon="5.2342">
        <ele>812</ele>
      </trkpt>
      <trkpt lat="44.190525" lon="5.234335">
        <ele>814</ele>
      </trkpt>
      <trkpt lat="44.19043" lon="5.23447">
        <ele>815</ele>
      </trkpt>
      <trkpt lat="44.19029" lon="5.23469">
        <ele>818</ele>
      </trkpt>
      <trkpt lat="44.19023" lon="5.23487">
        <ele>819</ele>
      </trkpt>
      <trkpt lat="44.19024" lon="5.23498">
        <ele>822</ele>
      </trkpt>
      <trkpt lat="44.19021" lon="5.23503">
        <ele>822</ele>
      </trkpt>
      <trkpt lat="44.19019" lon="5.23514">
        <ele>824</ele>
      </trkpt>
      <trkpt lat="44.1902" lon="5.23529">
        <ele>826</ele>
      </trkpt>
      <trkpt lat="44.19015" lon="5.23541">
        <ele>827</ele>
      </trkpt>
      <trkpt lat="44.19015" lon="5.23552">
        <ele>830</ele>
      </trkpt>
      <trkpt lat="44.19014" lon="5.23555">
        <ele>830</ele>
      </trkpt>
      <trkpt lat="44.19011" lon="5.23558">
        <ele>830</ele>
      </trkpt>
      <trkpt lat="44.19004" lon="5.23562">
        <ele>830</ele>
      </trkpt>
      <trkpt lat="44.19004" lon="5.23564">
        <ele>832</ele>
      </trkpt>
      <trkpt lat="44.19006" lon="5.23567">
        <ele>833</ele>
      </trkpt>
      <trkpt lat="44.19018" lon="5.23562">
        <ele>833</ele>
      </trkpt>
      <trkpt lat="44.19023" lon="5.23557">
        <ele>834</ele>
      </trkpt>
      <trkpt lat="44.19031" lon="5.23545">
        <ele>834</ele>
      </trkpt>
      <trkpt lat="44.19037" lon="5.2354">
        <ele>837</ele>
      </trkpt>
      <trkpt lat="44.19052" lon="5.23531">
        <ele>839</ele>
      </trkpt>
      <trkpt lat="44.19059" lon="5.2353">
        <ele>840</ele>
      </trkpt>
      <trkpt lat="44.19066" lon="5.23534">
        <ele>840</ele>
      </trkpt>
      <trkpt lat="44.19074" lon="5.23544">
        <ele>842</ele>
      </trkpt>
      <trkpt lat="44.19085" lon="5.235645">
        <ele>842</ele>
      </trkpt>
      <trkpt lat="44.19096" lon="5.23585">
        <ele>842</ele>
      </trkpt>
      <trkpt lat="44.191019999999995" lon="5.23607">
        <ele>845</ele>
      </trkpt>
      <trkpt lat="44.19108" lon="5.23629">
        <ele>849</ele>
      </trkpt>
      <trkpt lat="44.191140000000004" lon="5.23651">
        <ele>851</ele>
      </trkpt>
      <trkpt lat="44.1912" lon="5.23673">
        <ele>855</ele>
      </trkpt>
      <trkpt lat="44.191315" lon="5.23696">
        <ele>855</ele>
      </trkpt>
      <trkpt lat="44.19143" lon="5.23719">
        <ele>857</ele>
      </trkpt>
      <trkpt lat="44.1915025" lon="5.2373875000000005">
        <ele>857</ele>
      </trkpt>
      <trkpt lat="44.191575" lon="5.237585">
        <ele>857</ele>
      </trkpt>
      <trkpt lat="44.1916475" lon="5.2377825">
        <ele>857</ele>
      </trkpt>
      <trkpt lat="44.19172" lon="5.23798">
        <ele>861</ele>
      </trkpt>
      <trkpt lat="44.19179" lon="5.23813">
        <ele>862</ele>
      </trkpt>
      <trkpt lat="44.19189" lon="5.23826">
        <ele>865</ele>
      </trkpt>
      <trkpt lat="44.19198" lon="5.23845">
        <ele>872</ele>
      </trkpt>
      <trkpt lat="44.19207" lon="5.23864">
        <ele>878</ele>
      </trkpt>
      <trkpt lat="44.19225" lon="5.2389">
        <ele>878</ele>
      </trkpt>
      <trkpt lat="44.19238" lon="5.23916">
        <ele>881</ele>
      </trkpt>
      <trkpt lat="44.19251" lon="5.23933">
        <ele>882</ele>
      </trkpt>
      <trkpt lat="44.19251" lon="5.23947">
        <ele>886</ele>
      </trkpt>
      <trkpt lat="44.19253" lon="5.23952">
        <ele>888</ele>
      </trkpt>
      <trkpt lat="44.19249" lon="5.23966">
        <ele>891</ele>
      </trkpt>
      <trkpt lat="44.19263" lon="5.23978">
        <ele>892</ele>
      </trkpt>
      <trkpt lat="44.192675" lon="5.23997">
        <ele>895</ele>
      </trkpt>
      <trkpt lat="44.19272" lon="5.24016">
        <ele>895</ele>
      </trkpt>
      <trkpt lat="44.19278" lon="5.24032">
        <ele>895</ele>
      </trkpt>
      <trkpt lat="44.19291" lon="5.24042">
        <ele>895</ele>
      </trkpt>
      <trkpt lat="44.19299" lon="5.24052">
        <ele>896</ele>
      </trkpt>
      <trkpt lat="44.19304" lon="5.24062">
        <ele>897</ele>
      </trkpt>
      <trkpt lat="44.19309" lon="5.24067">
        <ele>898</ele>
      </trkpt>
      <trkpt lat="44.19316" lon="5.24069">
        <ele>900</ele>
      </trkpt>
      <trkpt lat="44.19322" lon="5.24067">
        <ele>901</ele>
      </trkpt>
      <trkpt lat="44.19335" lon="5.24055">
        <ele>903</ele>
      </trkpt>
      <trkpt lat="44.19346" lon="5.2405">
        <ele>905</ele>
      </trkpt>
      <trkpt lat="44.1937" lon="5.2405">
        <ele>907</ele>
      </trkpt>
      <trkpt lat="44.19394" lon="5.2405">
        <ele>909</ele>
      </trkpt>
      <trkpt lat="44.1941" lon="5.24047">
        <ele>912</ele>
      </trkpt>
      <trkpt lat="44.19424" lon="5.2404">
        <ele>913</ele>
      </trkpt>
      <trkpt lat="44.19432" lon="5.2403">
        <ele>914</ele>
      </trkpt>
      <trkpt lat="44.19436" lon="5.24022">
        <ele>914</ele>
      </trkpt>
      <trkpt lat="44.19438" lon="5.2402">
        <ele>914</ele>
      </trkpt>
      <trkpt lat="44.19438" lon="5.24005">
        <ele>915</ele>
      </trkpt>
      <trkpt lat="44.19435" lon="5.23987">
        <ele>918</ele>
      </trkpt>
      <trkpt lat="44.194285" lon="5.23967">
        <ele>920</ele>
      </trkpt>
      <trkpt lat="44.19422" lon="5.23947">
        <ele>920</ele>
      </trkpt>
      <trkpt lat="44.19418" lon="5.2393">
        <ele>924</ele>
      </trkpt>
      <trkpt lat="44.19418" lon="5.23913">
        <ele>925</ele>
      </trkpt>
      <trkpt lat="44.194190000000006" lon="5.238927500000001">
        <ele>926</ele>
      </trkpt>
      <trkpt lat="44.1942" lon="5.2387250000000005">
        <ele>928</ele>
      </trkpt>
      <trkpt lat="44.19421" lon="5.2385225">
        <ele>928</ele>
      </trkpt>
      <trkpt lat="44.19422" lon="5.23832">
        <ele>929</ele>
      </trkpt>
      <trkpt lat="44.19424" lon="5.23819">
        <ele>931</ele>
      </trkpt>
      <trkpt lat="44.19428" lon="5.23811">
        <ele>931</ele>
      </trkpt>
      <trkpt lat="44.194410000000005" lon="5.238035">
        <ele>933</ele>
      </trkpt>
      <trkpt lat="44.19454" lon="5.23796">
        <ele>936</ele>
      </trkpt>
      <trkpt lat="44.1947" lon="5.23769">
        <ele>937</ele>
      </trkpt>
      <trkpt lat="44.19473" lon="5.23767">
        <ele>938</ele>
      </trkpt>
      <trkpt lat="44.19474" lon="5.23768">
        <ele>938</ele>
      </trkpt>
      <trkpt lat="44.194675000000004" lon="5.23795">
        <ele>942</ele>
      </trkpt>
      <trkpt lat="44.19461" lon="5.23822">
        <ele>947</ele>
      </trkpt>
      <trkpt lat="44.19463" lon="5.23852">
        <ele>950</ele>
      </trkpt>
      <trkpt lat="44.19462" lon="5.23872">
        <ele>951</ele>
      </trkpt>
      <trkpt lat="44.19465" lon="5.23889">
        <ele>951</ele>
      </trkpt>
      <trkpt lat="44.19478" lon="5.23921">
        <ele>956</ele>
      </trkpt>
      <trkpt lat="44.194900000000004" lon="5.23942">
        <ele>956</ele>
      </trkpt>
      <trkpt lat="44.19502" lon="5.23963">
        <ele>960</ele>
      </trkpt>
      <trkpt lat="44.1951" lon="5.2398050000000005">
        <ele>962</ele>
      </trkpt>
      <trkpt lat="44.19518" lon="5.23998">
        <ele>965</ele>
      </trkpt>
      <trkpt lat="44.195305000000005" lon="5.240305">
        <ele>971</ele>
      </trkpt>
      <trkpt lat="44.19543" lon="5.24063">
        <ele>975</ele>
      </trkpt>
      <trkpt lat="44.1955325" lon="5.240845">
        <ele>978</ele>
      </trkpt>
      <trkpt lat="44.195634999999996" lon="5.24106">
        <ele>984</ele>
      </trkpt>
      <trkpt lat="44.19573749999999" lon="5.241275">
        <ele>991</ele>
      </trkpt>
      <trkpt lat="44.19584" lon="5.24149">
        <ele>994</ele>
      </trkpt>
      <trkpt lat="44.19585" lon="5.24178">
        <ele>994</ele>
      </trkpt>
      <trkpt lat="44.19595" lon="5.24184">
        <ele>994</ele>
      </trkpt>
      <trkpt lat="44.19605" lon="5.24196">
        <ele>994</ele>
      </trkpt>
      <trkpt lat="44.19627" lon="5.24215">
        <ele>991</ele>
      </trkpt>
      <trkpt lat="44.19635" lon="5.24219">
        <ele>991</ele>
      </trkpt>
      <trkpt lat="44.196577500000004" lon="5.242202499999999">
        <ele>991</ele>
      </trkpt>
      <trkpt lat="44.196805" lon="5.242215">
        <ele>991</ele>
      </trkpt>
      <trkpt lat="44.1970325" lon="5.2422275">
        <ele>992</ele>
      </trkpt>
      <trkpt lat="44.19726" lon="5.24224">
        <ele>992</ele>
      </trkpt>
      <trkpt lat="44.19742125" lon="5.2422699999999995">
        <ele>992</ele>
      </trkpt>
      <trkpt lat="44.197582499999996" lon="5.2423">
        <ele>992</ele>
      </trkpt>
      <trkpt lat="44.19774375" lon="5.24233">
        <ele>992</ele>
      </trkpt>
      <trkpt lat="44.197905" lon="5.24236">
        <ele>991</ele>
      </trkpt>
      <trkpt lat="44.19806625" lon="5.242389999999999">
        <ele>991</ele>
      </trkpt>
      <trkpt lat="44.1982275" lon="5.242419999999999">
        <ele>989</ele>
      </trkpt>
      <trkpt lat="44.19838875" lon="5.24245">
        <ele>989</ele>
      </trkpt>
      <trkpt lat="44.19855" lon="5.24248">
        <ele>987</ele>
      </trkpt>
      <trkpt lat="44.1987675" lon="5.242514999999999">
        <ele>985</ele>
      </trkpt>
      <trkpt lat="44.198985" lon="5.24255">
        <ele>984</ele>
      </trkpt>
      <trkpt lat="44.1992025" lon="5.242585">
        <ele>984</ele>
      </trkpt>
      <trkpt lat="44.19942" lon="5.24262">
        <ele>984</ele>
      </trkpt>
      <trkpt lat="44.199560000000005" lon="5.24262">
        <ele>985</ele>
      </trkpt>
      <trkpt lat="44.1997" lon="5.24262">
        <ele>985</ele>
      </trkpt>
      <trkpt lat="44.19988" lon="5.24257">
        <ele>988</ele>
      </trkpt>
      <trkpt lat="44.20006" lon="5.24252">
        <ele>991</ele>
      </trkpt>
      <trkpt lat="44.2002" lon="5.24259">
        <ele>991</ele>
      </trkpt>
      <trkpt lat="44.200385" lon="5.242655">
        <ele>992</ele>
      </trkpt>
      <trkpt lat="44.20057" lon="5.24272">
        <ele>993</ele>
      </trkpt>
      <trkpt lat="44.200739999999996" lon="5.2427475">
        <ele>993</ele>
      </trkpt>
      <trkpt lat="44.20091" lon="5.242775">
        <ele>994</ele>
      </trkpt>
      <trkpt lat="44.201080000000005" lon="5.2428025">
        <ele>995</ele>
      </trkpt>
      <trkpt lat="44.20125" lon="5.24283">
        <ele>1001</ele>
      </trkpt>
      <trkpt lat="44.20135" lon="5.24282">
        <ele>1006</ele>
      </trkpt>
      <trkpt lat="44.20138" lon="5.24276">
        <ele>1007</ele>
      </trkpt>
      <trkpt lat="44.20126" lon="5.24259">
        <ele>1014</ele>
      </trkpt>
      <trkpt lat="44.201139999999995" lon="5.242419999999999">
        <ele>1019</ele>
      </trkpt>
      <trkpt lat="44.20102" lon="5.242249999999999">
        <ele>1025</ele>
      </trkpt>
      <trkpt lat="44.2009" lon="5.24208">
        <ele>1033</ele>
      </trkpt>
      <trkpt lat="44.2006875" lon="5.241854999999999">
        <ele>1044</ele>
      </trkpt>
      <trkpt lat="44.200475" lon="5.24163">
        <ele>1055</ele>
      </trkpt>
      <trkpt lat="44.200262499999994" lon="5.241405">
        <ele>1064</ele>
      </trkpt>
      <trkpt lat="44.20005" lon="5.24118">
        <ele>1074</ele>
      </trkpt>
      <trkpt lat="44.1999" lon="5.24118">
        <ele>1075</ele>
      </trkpt>
      <trkpt lat="44.199735000000004" lon="5.2410325">
        <ele>1082</ele>
      </trkpt>
      <trkpt lat="44.19957" lon="5.2408850000000005">
        <ele>1088</ele>
      </trkpt>
      <trkpt lat="44.199405" lon="5.2407375">
        <ele>1095</ele>
      </trkpt>
      <trkpt lat="44.19924" lon="5.24059">
        <ele>1100</ele>
      </trkpt>
      <trkpt lat="44.1991" lon="5.2406">
        <ele>1103</ele>
      </trkpt>
      <trkpt lat="44.1988675" lon="5.240435">
        <ele>1110</ele>
      </trkpt>
      <trkpt lat="44.198634999999996" lon="5.24027">
        <ele>1119</ele>
      </trkpt>
      <trkpt lat="44.1984025" lon="5.240105">
        <ele>1127</ele>
      </trkpt>
      <trkpt lat="44.19817" lon="5.23994">
        <ele>1136</ele>
      </trkpt>
      <trkpt lat="44.19798" lon="5.23987">
        <ele>1144</ele>
      </trkpt>
      <trkpt lat="44.19786" lon="5.2398">
        <ele>1148</ele>
      </trkpt>
      <trkpt lat="44.19782" lon="5.2398">
        <ele>1148</ele>
      </trkpt>
      <trkpt lat="44.1978" lon="5.23978">
        <ele>1150</ele>
      </trkpt>
      <trkpt lat="44.19768" lon="5.23959">
        <ele>1150</ele>
      </trkpt>
      <trkpt lat="44.19762" lon="5.23943">
        <ele>1151</ele>
      </trkpt>
      <trkpt lat="44.19761" lon="5.23939">
        <ele>1151</ele>
      </trkpt>
      <trkpt lat="44.19762" lon="5.23929">
        <ele>1152</ele>
      </trkpt>
      <trkpt lat="44.1976" lon="5.2392">
        <ele>1152</ele>
      </trkpt>
      <trkpt lat="44.19761" lon="5.23914">
        <ele>1152</ele>
      </trkpt>
      <trkpt lat="44.19759" lon="5.23906">
        <ele>1152</ele>
      </trkpt>
      <trkpt lat="44.19758" lon="5.2389">
        <ele>1152</ele>
      </trkpt>
      <trkpt lat="44.19751" lon="5.23874">
        <ele>1153</ele>
      </trkpt>
      <trkpt lat="44.19748" lon="5.23864">
        <ele>1153</ele>
      </trkpt>
      <trkpt lat="44.19749" lon="5.2385">
        <ele>1153</ele>
      </trkpt>
      <trkpt lat="44.19746" lon="5.23838">
        <ele>1153</ele>
      </trkpt>
      <trkpt lat="44.19746" lon="5.23827">
        <ele>1153</ele>
      </trkpt>
      <trkpt lat="44.19749" lon="5.23816">
        <ele>1153</ele>
      </trkpt>
      <trkpt lat="44.19747" lon="5.23807">
        <ele>1153</ele>
      </trkpt>
      <trkpt lat="44.19749" lon="5.23802">
        <ele>1152</ele>
      </trkpt>
      <trkpt lat="44.19743" lon="5.2378">
        <ele>1152</ele>
      </trkpt>
      <trkpt lat="44.19743" lon="5.23773">
        <ele>1152</ele>
      </trkpt>
      <trkpt lat="44.19739" lon="5.2377">
        <ele>1151</ele>
      </trkpt>
      <trkpt lat="44.19737" lon="5.23766">
        <ele>1151</ele>
      </trkpt>
      <trkpt lat="44.19735" lon="5.23757">
        <ele>1149</ele>
      </trkpt>
      <trkpt lat="44.19735" lon="5.23752">
        <ele>1149</ele>
      </trkpt>
      <trkpt lat="44.19738" lon="5.23744">
        <ele>1147</ele>
      </trkpt>
      <trkpt lat="44.19742" lon="5.23719">
        <ele>1138</ele>
      </trkpt>
      <trkpt lat="44.19739" lon="5.23707">
        <ele>1134</ele>
      </trkpt>
      <trkpt lat="44.19738" lon="5.23692">
        <ele>1132</ele>
      </trkpt>
      <trkpt lat="44.19736" lon="5.23689">
        <ele>1132</ele>
      </trkpt>
      <trkpt lat="44.19736" lon="5.23684">
        <ele>1131</ele>
      </trkpt>
      <trkpt lat="44.19741" lon="5.23674">
        <ele>1127</ele>
      </trkpt>
      <trkpt lat="44.19743" lon="5.23667">
        <ele>1125</ele>
      </trkpt>
      <trkpt lat="44.19746" lon="5.23641">
        <ele>1118</ele>
      </trkpt>
      <trkpt lat="44.19745" lon="5.23633">
        <ele>1116</ele>
      </trkpt>
      <trkpt lat="44.19746" lon="5.23625">
        <ele>1115</ele>
      </trkpt>
      <trkpt lat="44.19744" lon="5.23616">
        <ele>1114</ele>
      </trkpt>
      <trkpt lat="44.19745" lon="5.23607">
        <ele>1113</ele>
      </trkpt>
      <trkpt lat="44.19744" lon="5.23601">
        <ele>1112</ele>
      </trkpt>
      <trkpt lat="44.19744" lon="5.23586">
        <ele>1110</ele>
      </trkpt>
      <trkpt lat="44.19745" lon="5.23564">
        <ele>1104</ele>
      </trkpt>
      <trkpt lat="44.19748" lon="5.23547">
        <ele>1102</ele>
      </trkpt>
      <trkpt lat="44.19746" lon="5.23539">
        <ele>1101</ele>
      </trkpt>
      <trkpt lat="44.19746" lon="5.23532">
        <ele>1101</ele>
      </trkpt>
      <trkpt lat="44.19749" lon="5.23508">
        <ele>1101</ele>
      </trkpt>
      <trkpt lat="44.19749" lon="5.23486">
        <ele>1099</ele>
      </trkpt>
      <trkpt lat="44.19747" lon="5.23483">
        <ele>1098</ele>
      </trkpt>
      <trkpt lat="44.19748" lon="5.23467">
        <ele>1097</ele>
      </trkpt>
      <trkpt lat="44.19747" lon="5.23456">
        <ele>1096</ele>
      </trkpt>
      <trkpt lat="44.19738" lon="5.23424">
        <ele>1093</ele>
      </trkpt>
      <trkpt lat="44.19739" lon="5.23405">
        <ele>1093</ele>
      </trkpt>
      <trkpt lat="44.19734" lon="5.23397">
        <ele>1092</ele>
      </trkpt>
      <trkpt lat="44.1973" lon="5.23374">
        <ele>1090</ele>
      </trkpt>
      <trkpt lat="44.19725" lon="5.23357">
        <ele>1088</ele>
      </trkpt>
      <trkpt lat="44.19725" lon="5.23345">
        <ele>1086</ele>
      </trkpt>
      <trkpt lat="44.19724" lon="5.23338">
        <ele>1086</ele>
      </trkpt>
      <trkpt lat="44.19727" lon="5.23329">
        <ele>1086</ele>
      </trkpt>
      <trkpt lat="44.19725" lon="5.23322">
        <ele>1086</ele>
      </trkpt>
      <trkpt lat="44.19725" lon="5.23308">
        <ele>1086</ele>
      </trkpt>
      <trkpt lat="44.19723" lon="5.23304">
        <ele>1086</ele>
      </trkpt>
      <trkpt lat="44.19722" lon="5.23296">
        <ele>1087</ele>
      </trkpt>
      <trkpt lat="44.19723" lon="5.23288">
        <ele>1087</ele>
      </trkpt>
      <trkpt lat="44.19726" lon="5.23279">
        <ele>1088</ele>
      </trkpt>
      <trkpt lat="44.19726" lon="5.23268">
        <ele>1089</ele>
      </trkpt>
      <trkpt lat="44.19728" lon="5.2326">
        <ele>1089</ele>
      </trkpt>
      <trkpt lat="44.19728" lon="5.23249">
        <ele>1091</ele>
      </trkpt>
      <trkpt lat="44.19731" lon="5.23236">
        <ele>1093</ele>
      </trkpt>
      <trkpt lat="44.19728" lon="5.23225">
        <ele>1095</ele>
      </trkpt>
      <trkpt lat="44.19734" lon="5.23208">
        <ele>1097</ele>
      </trkpt>
      <trkpt lat="44.19737" lon="5.23193">
        <ele>1099</ele>
      </trkpt>
      <trkpt lat="44.197387500000005" lon="5.231730000000001">
        <ele>1099</ele>
      </trkpt>
      <trkpt lat="44.197405" lon="5.23153">
        <ele>1099</ele>
      </trkpt>
      <trkpt lat="44.1974225" lon="5.23133">
        <ele>1099</ele>
      </trkpt>
      <trkpt lat="44.19744" lon="5.23113">
        <ele>1099</ele>
      </trkpt>
      <trkpt lat="44.19743" lon="5.23093">
        <ele>1099</ele>
      </trkpt>
      <trkpt lat="44.19746" lon="5.23074">
        <ele>1099</ele>
      </trkpt>
      <trkpt lat="44.19746" lon="5.23056">
        <ele>1099</ele>
      </trkpt>
      <trkpt lat="44.19742" lon="5.23032">
        <ele>1099</ele>
      </trkpt>
      <trkpt lat="44.19743" lon="5.23018">
        <ele>1099</ele>
      </trkpt>
      <trkpt lat="44.19748" lon="5.22987">
        <ele>1099</ele>
      </trkpt>
      <trkpt lat="44.19745" lon="5.22976">
        <ele>1099</ele>
      </trkpt>
      <trkpt lat="44.19746" lon="5.22963">
        <ele>1099</ele>
      </trkpt>
      <trkpt lat="44.19745" lon="5.22947">
        <ele>1099</ele>
      </trkpt>
      <trkpt lat="44.197465" lon="5.229150000000001">
        <ele>1099</ele>
      </trkpt>
      <trkpt lat="44.19748" lon="5.22883">
        <ele>1100</ele>
      </trkpt>
      <trkpt lat="44.197465" lon="5.228615">
        <ele>1101</ele>
      </trkpt>
      <trkpt lat="44.19745" lon="5.2284">
        <ele>1103</ele>
      </trkpt>
      <trkpt lat="44.1974" lon="5.22827">
        <ele>1105</ele>
      </trkpt>
      <trkpt lat="44.19741" lon="5.22817">
        <ele>1105</ele>
      </trkpt>
      <trkpt lat="44.19745" lon="5.228">
        <ele>1105</ele>
      </trkpt>
      <trkpt lat="44.19746" lon="5.22791">
        <ele>1106</ele>
      </trkpt>
      <trkpt lat="44.1975" lon="5.22786">
        <ele>1106</ele>
      </trkpt>
      <trkpt lat="44.19752" lon="5.22776">
        <ele>1106</ele>
      </trkpt>
      <trkpt lat="44.19756" lon="5.22768">
        <ele>1107</ele>
      </trkpt>
      <trkpt lat="44.19756" lon="5.22758">
        <ele>1109</ele>
      </trkpt>
      <trkpt lat="44.19766" lon="5.22734">
        <ele>1115</ele>
      </trkpt>
      <trkpt lat="44.19772" lon="5.22724">
        <ele>1117</ele>
      </trkpt>
      <trkpt lat="44.19776" lon="5.22709">
        <ele>1117</ele>
      </trkpt>
      <trkpt lat="44.19778" lon="5.22693">
        <ele>1120</ele>
      </trkpt>
      <trkpt lat="44.19777" lon="5.22681">
        <ele>1120</ele>
      </trkpt>
      <trkpt lat="44.19779" lon="5.22667">
        <ele>1121</ele>
      </trkpt>
      <trkpt lat="44.19782" lon="5.22662">
        <ele>1122</ele>
      </trkpt>
      <trkpt lat="44.19785" lon="5.2266">
        <ele>1123</ele>
      </trkpt>
      <trkpt lat="44.19789" lon="5.22654">
        <ele>1123</ele>
      </trkpt>
      <trkpt lat="44.19788" lon="5.22648">
        <ele>1123</ele>
      </trkpt>
      <trkpt lat="44.19781" lon="5.22631">
        <ele>1123</ele>
      </trkpt>
      <trkpt lat="44.19781" lon="5.226115">
        <ele>1124</ele>
      </trkpt>
      <trkpt lat="44.19781" lon="5.22592">
        <ele>1124</ele>
      </trkpt>
      <trkpt lat="44.19785" lon="5.22579">
        <ele>1125</ele>
      </trkpt>
      <trkpt lat="44.19787" lon="5.22558">
        <ele>1129</ele>
      </trkpt>
      <trkpt lat="44.19784" lon="5.2254">
        <ele>1131</ele>
      </trkpt>
      <trkpt lat="44.19779" lon="5.22523">
        <ele>1132</ele>
      </trkpt>
      <trkpt lat="44.19777" lon="5.22512">
        <ele>1132</ele>
      </trkpt>
      <trkpt lat="44.19778" lon="5.22496">
        <ele>1132</ele>
      </trkpt>
      <trkpt lat="44.1978" lon="5.22489">
        <ele>1132</ele>
      </trkpt>
      <trkpt lat="44.19786" lon="5.22485">
        <ele>1130</ele>
      </trkpt>
      <trkpt lat="44.19791" lon="5.22478">
        <ele>1129</ele>
      </trkpt>
      <trkpt lat="44.19792" lon="5.22458">
        <ele>1124</ele>
      </trkpt>
      <trkpt lat="44.1979" lon="5.22454">
        <ele>1124</ele>
      </trkpt>
      <trkpt lat="44.19785" lon="5.2245">
        <ele>1123</ele>
      </trkpt>
      <trkpt lat="44.197829999999996" lon="5.224285">
        <ele>1120</ele>
      </trkpt>
      <trkpt lat="44.19781" lon="5.22407">
        <ele>1119</ele>
      </trkpt>
      <trkpt lat="44.19782" lon="5.22396">
        <ele>1119</ele>
      </trkpt>
      <trkpt lat="44.19778" lon="5.22379">
        <ele>1119</ele>
      </trkpt>
      <trkpt lat="44.19774" lon="5.2237">
        <ele>1119</ele>
      </trkpt>
      <trkpt lat="44.19771" lon="5.22359">
        <ele>1119</ele>
      </trkpt>
      <trkpt lat="44.19767" lon="5.22349">
        <ele>1119</ele>
      </trkpt>
      <trkpt lat="44.19768" lon="5.22336">
        <ele>1120</ele>
      </trkpt>
      <trkpt lat="44.19763" lon="5.2231">
        <ele>1120</ele>
      </trkpt>
      <trkpt lat="44.197599999999994" lon="5.222885">
        <ele>1121</ele>
      </trkpt>
      <trkpt lat="44.19757" lon="5.22267">
        <ele>1121</ele>
      </trkpt>
      <trkpt lat="44.197514999999996" lon="5.22244">
        <ele>1122</ele>
      </trkpt>
      <trkpt lat="44.19746" lon="5.22221">
        <ele>1122</ele>
      </trkpt>
      <trkpt lat="44.19746" lon="5.22207">
        <ele>1122</ele>
      </trkpt>
      <trkpt lat="44.19749" lon="5.22171">
        <ele>1122</ele>
      </trkpt>
      <trkpt lat="44.19752" lon="5.22161">
        <ele>1122</ele>
      </trkpt>
      <trkpt lat="44.19755" lon="5.22135">
        <ele>1124</ele>
      </trkpt>
      <trkpt lat="44.19759" lon="5.22125">
        <ele>1124</ele>
      </trkpt>
      <trkpt lat="44.19763" lon="5.22105">
        <ele>1124</ele>
      </trkpt>
      <trkpt lat="44.197689999999994" lon="5.220835">
        <ele>1126</ele>
      </trkpt>
      <trkpt lat="44.19775" lon="5.22062">
        <ele>1128</ele>
      </trkpt>
      <trkpt lat="44.19774" lon="5.22045">
        <ele>1128</ele>
      </trkpt>
      <trkpt lat="44.19779" lon="5.22013">
        <ele>1128</ele>
      </trkpt>
      <trkpt lat="44.19782" lon="5.22005">
        <ele>1128</ele>
      </trkpt>
      <trkpt lat="44.19783" lon="5.21998">
        <ele>1127</ele>
      </trkpt>
      <trkpt lat="44.19782" lon="5.21971">
        <ele>1126</ele>
      </trkpt>
      <trkpt lat="44.19783" lon="5.2196">
        <ele>1126</ele>
      </trkpt>
      <trkpt lat="44.19789" lon="5.21941">
        <ele>1125</ele>
      </trkpt>
      <trkpt lat="44.19789" lon="5.21927">
        <ele>1122</ele>
      </trkpt>
      <trkpt lat="44.19786" lon="5.21907">
        <ele>1120</ele>
      </trkpt>
      <trkpt lat="44.19787" lon="5.21888">
        <ele>1117</ele>
      </trkpt>
      <trkpt lat="44.19777" lon="5.21857">
        <ele>1115</ele>
      </trkpt>
      <trkpt lat="44.19774" lon="5.21831">
        <ele>1113</ele>
      </trkpt>
      <trkpt lat="44.1977" lon="5.21816">
        <ele>1112</ele>
      </trkpt>
      <trkpt lat="44.19762" lon="5.21805">
        <ele>1111</ele>
      </trkpt>
      <trkpt lat="44.19753" lon="5.21782">
        <ele>1109</ele>
      </trkpt>
      <trkpt lat="44.19745" lon="5.2177">
        <ele>1108</ele>
      </trkpt>
      <trkpt lat="44.197385" lon="5.2174949999999995">
        <ele>1105</ele>
      </trkpt>
      <trkpt lat="44.19732" lon="5.21729">
        <ele>1104</ele>
      </trkpt>
      <trkpt lat="44.19721" lon="5.21702">
        <ele>1100</ele>
      </trkpt>
      <trkpt lat="44.1972" lon="5.21693">
        <ele>1099</ele>
      </trkpt>
      <trkpt lat="44.19722" lon="5.2168">
        <ele>1098</ele>
      </trkpt>
      <trkpt lat="44.19718" lon="5.21671">
        <ele>1097</ele>
      </trkpt>
      <trkpt lat="44.19703" lon="5.21647">
        <ele>1094</ele>
      </trkpt>
      <trkpt lat="44.19702" lon="5.2164">
        <ele>1094</ele>
      </trkpt>
      <trkpt lat="44.19706" lon="5.21627">
        <ele>1093</ele>
      </trkpt>
      <trkpt lat="44.19702" lon="5.21609">
        <ele>1093</ele>
      </trkpt>
      <trkpt lat="44.1970075" lon="5.2158774999999995">
        <ele>1093</ele>
      </trkpt>
      <trkpt lat="44.196995" lon="5.2156649999999996">
        <ele>1092</ele>
      </trkpt>
      <trkpt lat="44.196982500000004" lon="5.2154525">
        <ele>1091</ele>
      </trkpt>
      <trkpt lat="44.19697" lon="5.21524">
        <ele>1088</ele>
      </trkpt>
      <trkpt lat="44.19694" lon="5.21514">
        <ele>1087</ele>
      </trkpt>
      <trkpt lat="44.19692" lon="5.21495">
        <ele>1086</ele>
      </trkpt>
      <trkpt lat="44.19686" lon="5.21477">
        <ele>1085</ele>
      </trkpt>
      <trkpt lat="44.19684" lon="5.21458">
        <ele>1083</ele>
      </trkpt>
      <trkpt lat="44.19685" lon="5.21443">
        <ele>1081</ele>
      </trkpt>
      <trkpt lat="44.19684" lon="5.21431">
        <ele>1080</ele>
      </trkpt>
      <trkpt lat="44.19682" lon="5.21421">
        <ele>1078</ele>
      </trkpt>
      <trkpt lat="44.19685" lon="5.21403">
        <ele>1075</ele>
      </trkpt>
      <trkpt lat="44.19679" lon="5.21369">
        <ele>1071</ele>
      </trkpt>
      <trkpt lat="44.19673" lon="5.21358">
        <ele>1070</ele>
      </trkpt>
      <trkpt lat="44.19672" lon="5.21347">
        <ele>1069</ele>
      </trkpt>
      <trkpt lat="44.19668" lon="5.21336">
        <ele>1068</ele>
      </trkpt>
      <trkpt lat="44.19658" lon="5.21322">
        <ele>1066</ele>
      </trkpt>
      <trkpt lat="44.19654" lon="5.2132">
        <ele>1066</ele>
      </trkpt>
      <trkpt lat="44.1965" lon="5.2132">
        <ele>1066</ele>
      </trkpt>
      <trkpt lat="44.19642" lon="5.21323">
        <ele>1065</ele>
      </trkpt>
      <trkpt lat="44.19641" lon="5.21321">
        <ele>1064</ele>
      </trkpt>
      <trkpt lat="44.1964" lon="5.21311">
        <ele>1064</ele>
      </trkpt>
      <trkpt lat="44.19628" lon="5.21291">
        <ele>1058</ele>
      </trkpt>
      <trkpt lat="44.19626" lon="5.21282">
        <ele>1057</ele>
      </trkpt>
      <trkpt lat="44.19615" lon="5.21264">
        <ele>1052</ele>
      </trkpt>
      <trkpt lat="44.19613" lon="5.21251">
        <ele>1051</ele>
      </trkpt>
      <trkpt lat="44.19609" lon="5.21242">
        <ele>1049</ele>
      </trkpt>
      <trkpt lat="44.19609" lon="5.21235">
        <ele>1048</ele>
      </trkpt>
      <trkpt lat="44.19606" lon="5.21228">
        <ele>1046</ele>
      </trkpt>
      <trkpt lat="44.19606" lon="5.21225">
        <ele>1046</ele>
      </trkpt>
      <trkpt lat="44.19614" lon="5.21208">
        <ele>1046</ele>
      </trkpt>
      <trkpt lat="44.19615" lon="5.21203">
        <ele>1045</ele>
      </trkpt>
      <trkpt lat="44.19612" lon="5.21196">
        <ele>1044</ele>
      </trkpt>
      <trkpt lat="44.1962" lon="5.21166">
        <ele>1041</ele>
      </trkpt>
      <trkpt lat="44.19621" lon="5.2116">
        <ele>1040</ele>
      </trkpt>
      <trkpt lat="44.19621" lon="5.21146">
        <ele>1037</ele>
      </trkpt>
      <trkpt lat="44.1962" lon="5.21142">
        <ele>1037</ele>
      </trkpt>
      <trkpt lat="44.19616" lon="5.21141">
        <ele>1037</ele>
      </trkpt>
      <trkpt lat="44.19601" lon="5.2112">
        <ele>1034</ele>
      </trkpt>
      <trkpt lat="44.19603" lon="5.21108">
        <ele>1033</ele>
      </trkpt>
      <trkpt lat="44.19602" lon="5.21094">
        <ele>1032</ele>
      </trkpt>
      <trkpt lat="44.19604" lon="5.21086">
        <ele>1031</ele>
      </trkpt>
      <trkpt lat="44.19611" lon="5.21081">
        <ele>1029</ele>
      </trkpt>
      <trkpt lat="44.19623" lon="5.21068">
        <ele>1027</ele>
      </trkpt>
      <trkpt lat="44.196405" lon="5.2105999999999995">
        <ele>1024</ele>
      </trkpt>
      <trkpt lat="44.19658" lon="5.21052">
        <ele>1021</ele>
      </trkpt>
      <trkpt lat="44.19676" lon="5.21049">
        <ele>1017</ele>
      </trkpt>
      <trkpt lat="44.19688" lon="5.2104">
        <ele>1014</ele>
      </trkpt>
      <trkpt lat="44.19693" lon="5.21039">
        <ele>1012</ele>
      </trkpt>
      <trkpt lat="44.19696" lon="5.21033">
        <ele>1011</ele>
      </trkpt>
      <trkpt lat="44.19706" lon="5.21027">
        <ele>1007</ele>
      </trkpt>
      <trkpt lat="44.19709" lon="5.21022">
        <ele>1005</ele>
      </trkpt>
      <trkpt lat="44.19733" lon="5.21022">
        <ele>1000</ele>
      </trkpt>
      <trkpt lat="44.19744" lon="5.2102">
        <ele>998</ele>
      </trkpt>
      <trkpt lat="44.19755" lon="5.21022">
        <ele>996</ele>
      </trkpt>
      <trkpt lat="44.19764" lon="5.21026">
        <ele>995</ele>
      </trkpt>
      <trkpt lat="44.19785" lon="5.210274999999999">
        <ele>993</ele>
      </trkpt>
      <trkpt lat="44.19806" lon="5.21029">
        <ele>989</ele>
      </trkpt>
      <trkpt lat="44.19819" lon="5.21031">
        <ele>988</ele>
      </trkpt>
      <trkpt lat="44.19841" lon="5.21039">
        <ele>985</ele>
      </trkpt>
      <trkpt lat="44.198595" lon="5.210435">
        <ele>982</ele>
      </trkpt>
      <trkpt lat="44.19878" lon="5.21048">
        <ele>978</ele>
      </trkpt>
      <trkpt lat="44.19881" lon="5.21046">
        <ele>978</ele>
      </trkpt>
      <trkpt lat="44.19882" lon="5.21044">
        <ele>977</ele>
      </trkpt>
      <trkpt lat="44.19881" lon="5.21036">
        <ele>976</ele>
      </trkpt>
      <trkpt lat="44.19885" lon="5.21019">
        <ele>972</ele>
      </trkpt>
      <trkpt lat="44.19885" lon="5.20996">
        <ele>966</ele>
      </trkpt>
      <trkpt lat="44.19886" lon="5.2099">
        <ele>964</ele>
      </trkpt>
      <trkpt lat="44.1989" lon="5.20985">
        <ele>962</ele>
      </trkpt>
      <trkpt lat="44.1991" lon="5.20976">
        <ele>957</ele>
      </trkpt>
      <trkpt lat="44.1993" lon="5.2097">
        <ele>950</ele>
      </trkpt>
      <trkpt lat="44.19947" lon="5.2096">
        <ele>944</ele>
      </trkpt>
      <trkpt lat="44.199614999999994" lon="5.209474999999999">
        <ele>938</ele>
      </trkpt>
      <trkpt lat="44.19976" lon="5.20935">
        <ele>932</ele>
      </trkpt>
      <trkpt lat="44.1998" lon="5.20929">
        <ele>931</ele>
      </trkpt>
      <trkpt lat="44.19985" lon="5.20898">
        <ele>924</ele>
      </trkpt>
      <trkpt lat="44.19982" lon="5.20891">
        <ele>923</ele>
      </trkpt>
      <trkpt lat="44.19983" lon="5.20885">
        <ele>922</ele>
      </trkpt>
      <trkpt lat="44.19987" lon="5.20879">
        <ele>920</ele>
      </trkpt>
      <trkpt lat="44.19991" lon="5.20869">
        <ele>917</ele>
      </trkpt>
      <trkpt lat="44.19991" lon="5.20859">
        <ele>914</ele>
      </trkpt>
      <trkpt lat="44.19994" lon="5.2085">
        <ele>911</ele>
      </trkpt>
      <trkpt lat="44.19985" lon="5.20832">
        <ele>907</ele>
      </trkpt>
      <trkpt lat="44.19985" lon="5.20825">
        <ele>905</ele>
      </trkpt>
      <trkpt lat="44.19987" lon="5.20819">
        <ele>903</ele>
      </trkpt>
      <trkpt lat="44.19992" lon="5.20815">
        <ele>901</ele>
      </trkpt>
      <trkpt lat="44.2" lon="5.20813">
        <ele>900</ele>
      </trkpt>
      <trkpt lat="44.20018" lon="5.20814">
        <ele>896</ele>
      </trkpt>
      <trkpt lat="44.20033" lon="5.2081">
        <ele>891</ele>
      </trkpt>
      <trkpt lat="44.20048" lon="5.20802">
        <ele>887</ele>
      </trkpt>
      <trkpt lat="44.20063" lon="5.2079">
        <ele>882</ele>
      </trkpt>
      <trkpt lat="44.20065" lon="5.20783">
        <ele>881</ele>
      </trkpt>
      <trkpt lat="44.20069" lon="5.20779">
        <ele>879</ele>
      </trkpt>
      <trkpt lat="44.20076" lon="5.20775">
        <ele>877</ele>
      </trkpt>
      <trkpt lat="44.20081" lon="5.20767">
        <ele>875</ele>
      </trkpt>
      <trkpt lat="44.20084" lon="5.20753">
        <ele>872</ele>
      </trkpt>
      <trkpt lat="44.20086" lon="5.20728">
        <ele>868</ele>
      </trkpt>
      <trkpt lat="44.2009" lon="5.2072">
        <ele>865</ele>
      </trkpt>
      <trkpt lat="44.20091" lon="5.2071">
        <ele>864</ele>
      </trkpt>
      <trkpt lat="44.20091" lon="5.20697">
        <ele>861</ele>
      </trkpt>
      <trkpt lat="44.20088" lon="5.2068">
        <ele>857</ele>
      </trkpt>
      <trkpt lat="44.20088" lon="5.2067">
        <ele>854</ele>
      </trkpt>
      <trkpt lat="44.200935" lon="5.2065174999999995">
        <ele>850</ele>
      </trkpt>
      <trkpt lat="44.20099" lon="5.206334999999999">
        <ele>846</ele>
      </trkpt>
      <trkpt lat="44.20104499999999" lon="5.2061525">
        <ele>842</ele>
      </trkpt>
      <trkpt lat="44.2011" lon="5.20597">
        <ele>837</ele>
      </trkpt>
      <trkpt lat="44.20113" lon="5.20581">
        <ele>835</ele>
      </trkpt>
      <trkpt lat="44.20112" lon="5.2057">
        <ele>832</ele>
      </trkpt>
      <trkpt lat="44.2011" lon="5.20562">
        <ele>830</ele>
      </trkpt>
      <trkpt lat="44.2011" lon="5.20533">
        <ele>824</ele>
      </trkpt>
      <trkpt lat="44.20103" lon="5.20519">
        <ele>820</ele>
      </trkpt>
      <trkpt lat="44.20101" lon="5.20502">
        <ele>817</ele>
      </trkpt>
      <trkpt lat="44.20103" lon="5.20477">
        <ele>812</ele>
      </trkpt>
      <trkpt lat="44.20105" lon="5.20468">
        <ele>810</ele>
      </trkpt>
      <trkpt lat="44.20104" lon="5.2046">
        <ele>808</ele>
      </trkpt>
      <trkpt lat="44.20102" lon="5.20455">
        <ele>807</ele>
      </trkpt>
      <trkpt lat="44.20096" lon="5.20446">
        <ele>805</ele>
      </trkpt>
      <trkpt lat="44.20093" lon="5.20429">
        <ele>801</ele>
      </trkpt>
      <trkpt lat="44.20078" lon="5.20415">
        <ele>797</ele>
      </trkpt>
      <trkpt lat="44.200715" lon="5.20398">
        <ele>795</ele>
      </trkpt>
      <trkpt lat="44.20065" lon="5.20381">
        <ele>793</ele>
      </trkpt>
      <trkpt lat="44.2005" lon="5.20352">
        <ele>789</ele>
      </trkpt>
      <trkpt lat="44.20047" lon="5.20334">
        <ele>785</ele>
      </trkpt>
      <trkpt lat="44.20039" lon="5.2032">
        <ele>783</ele>
      </trkpt>
      <trkpt lat="44.2004" lon="5.20308">
        <ele>779</ele>
      </trkpt>
      <trkpt lat="44.20035" lon="5.20293">
        <ele>776</ele>
      </trkpt>
      <trkpt lat="44.20035" lon="5.20281">
        <ele>774</ele>
      </trkpt>
      <trkpt lat="44.20032" lon="5.20271">
        <ele>772</ele>
      </trkpt>
      <trkpt lat="44.20031" lon="5.20261">
        <ele>770</ele>
      </trkpt>
      <trkpt lat="44.20033" lon="5.20254">
        <ele>770</ele>
      </trkpt>
      <trkpt lat="44.20033" lon="5.20248">
        <ele>769</ele>
      </trkpt>
      <trkpt lat="44.20028" lon="5.20234">
        <ele>768</ele>
      </trkpt>
      <trkpt lat="44.20028" lon="5.20224">
        <ele>767</ele>
      </trkpt>
      <trkpt lat="44.20025" lon="5.20217">
        <ele>767</ele>
      </trkpt>
      <trkpt lat="44.20026" lon="5.2021">
        <ele>766</ele>
      </trkpt>
      <trkpt lat="44.20022" lon="5.20193">
        <ele>764</ele>
      </trkpt>
      <trkpt lat="44.20022" lon="5.20191">
        <ele>764</ele>
      </trkpt>
      <trkpt lat="44.20025" lon="5.20184">
        <ele>763</ele>
      </trkpt>
      <trkpt lat="44.20024" lon="5.20178">
        <ele>763</ele>
      </trkpt>
      <trkpt lat="44.20021" lon="5.20172">
        <ele>763</ele>
      </trkpt>
      <trkpt lat="44.2002" lon="5.20165">
        <ele>762</ele>
      </trkpt>
      <trkpt lat="44.20018" lon="5.20162">
        <ele>762</ele>
      </trkpt>
      <trkpt lat="44.20014" lon="5.20161">
        <ele>762</ele>
      </trkpt>
      <trkpt lat="44.20009" lon="5.20162">
        <ele>761</ele>
      </trkpt>
      <trkpt lat="44.20004" lon="5.20169">
        <ele>759</ele>
      </trkpt>
      <trkpt lat="44.20002" lon="5.2018">
        <ele>759</ele>
      </trkpt>
      <trkpt lat="44.19992" lon="5.20212">
        <ele>753</ele>
      </trkpt>
      <trkpt lat="44.19983" lon="5.2023">
        <ele>748</ele>
      </trkpt>
      <trkpt lat="44.19975" lon="5.20256">
        <ele>744</ele>
      </trkpt>
      <trkpt lat="44.19972" lon="5.20261">
        <ele>743</ele>
      </trkpt>
      <trkpt lat="44.19967" lon="5.20264">
        <ele>740</ele>
      </trkpt>
      <trkpt lat="44.19961" lon="5.20265">
        <ele>738</ele>
      </trkpt>
      <trkpt lat="44.19955" lon="5.20262">
        <ele>736</ele>
      </trkpt>
      <trkpt lat="44.1995" lon="5.20258">
        <ele>735</ele>
      </trkpt>
      <trkpt lat="44.19944" lon="5.20242">
        <ele>732</ele>
      </trkpt>
      <trkpt lat="44.19936" lon="5.20228">
        <ele>729</ele>
      </trkpt>
      <trkpt lat="44.19929" lon="5.20207">
        <ele>725</ele>
      </trkpt>
      <trkpt lat="44.1992" lon="5.20174">
        <ele>719</ele>
      </trkpt>
      <trkpt lat="44.199105" lon="5.2015">
        <ele>714</ele>
      </trkpt>
      <trkpt lat="44.19901" lon="5.20126">
        <ele>710</ele>
      </trkpt>
      <trkpt lat="44.198875" lon="5.20099">
        <ele>704</ele>
      </trkpt>
      <trkpt lat="44.19874" lon="5.20072">
        <ele>699</ele>
      </trkpt>
      <trkpt lat="44.198675" lon="5.20055">
        <ele>695</ele>
      </trkpt>
      <trkpt lat="44.19861" lon="5.20038">
        <ele>693</ele>
      </trkpt>
      <trkpt lat="44.1985" lon="5.20017">
        <ele>689</ele>
      </trkpt>
      <trkpt lat="44.19841" lon="5.199975">
        <ele>687</ele>
      </trkpt>
      <trkpt lat="44.19832" lon="5.19978">
        <ele>684</ele>
      </trkpt>
      <trkpt lat="44.19815" lon="5.19954">
        <ele>681</ele>
      </trkpt>
      <trkpt lat="44.19803" lon="5.19944">
        <ele>680</ele>
      </trkpt>
      <trkpt lat="44.19798" lon="5.19933">
        <ele>678</ele>
      </trkpt>
      <trkpt lat="44.19794" lon="5.19919">
        <ele>675</ele>
      </trkpt>
      <trkpt lat="44.19781" lon="5.19901">
        <ele>672</ele>
      </trkpt>
      <trkpt lat="44.1977" lon="5.19882">
        <ele>669</ele>
      </trkpt>
      <trkpt lat="44.19754" lon="5.19868">
        <ele>668</ele>
      </trkpt>
      <trkpt lat="44.19741" lon="5.19849">
        <ele>665</ele>
      </trkpt>
      <trkpt lat="44.19732" lon="5.19829">
        <ele>662</ele>
      </trkpt>
      <trkpt lat="44.19723" lon="5.19798">
        <ele>658</ele>
      </trkpt>
      <trkpt lat="44.19714" lon="5.19788">
        <ele>658</ele>
      </trkpt>
      <trkpt lat="44.197025" lon="5.197654999999999">
        <ele>656</ele>
      </trkpt>
      <trkpt lat="44.19691" lon="5.19743">
        <ele>652</ele>
      </trkpt>
      <trkpt lat="44.196775" lon="5.197257499999999">
        <ele>651</ele>
      </trkpt>
      <trkpt lat="44.19664" lon="5.1970849999999995">
        <ele>648</ele>
      </trkpt>
      <trkpt lat="44.196505" lon="5.1969125">
        <ele>645</ele>
      </trkpt>
      <trkpt lat="44.19637" lon="5.19674">
        <ele>642</ele>
      </trkpt>
      <trkpt lat="44.19631" lon="5.19672">
        <ele>641</ele>
      </trkpt>
      <trkpt lat="44.19624" lon="5.19667">
        <ele>641</ele>
      </trkpt>
      <trkpt lat="44.19612" lon="5.19672">
        <ele>638</ele>
      </trkpt>
      <trkpt lat="44.19602" lon="5.19672">
        <ele>637</ele>
      </trkpt>
      <trkpt lat="44.19593" lon="5.19666">
        <ele>634</ele>
      </trkpt>
      <trkpt lat="44.19583" lon="5.19656">
        <ele>629</ele>
      </trkpt>
      <trkpt lat="44.19573" lon="5.19636">
        <ele>626</ele>
      </trkpt>
      <trkpt lat="44.195605" lon="5.196055">
        <ele>619</ele>
      </trkpt>
      <trkpt lat="44.19548" lon="5.19575">
        <ele>614</ele>
      </trkpt>
      <trkpt lat="44.19548" lon="5.19561">
        <ele>612</ele>
      </trkpt>
      <trkpt lat="44.19542" lon="5.19547">
        <ele>610</ele>
      </trkpt>
      <trkpt lat="44.19538" lon="5.19532">
        <ele>607</ele>
      </trkpt>
      <trkpt lat="44.19536" lon="5.19514">
        <ele>605</ele>
      </trkpt>
      <trkpt lat="44.195285" lon="5.194905">
        <ele>602</ele>
      </trkpt>
      <trkpt lat="44.19521" lon="5.19467">
        <ele>600</ele>
      </trkpt>
      <trkpt lat="44.19515" lon="5.194455">
        <ele>596</ele>
      </trkpt>
      <trkpt lat="44.19509" lon="5.19424">
        <ele>594</ele>
      </trkpt>
      <trkpt lat="44.19503" lon="5.1939">
        <ele>588</ele>
      </trkpt>
      <trkpt lat="44.194985" lon="5.19372">
        <ele>585</ele>
      </trkpt>
      <trkpt lat="44.19494" lon="5.19354">
        <ele>582</ele>
      </trkpt>
      <trkpt lat="44.19485" lon="5.1934">
        <ele>579</ele>
      </trkpt>
      <trkpt lat="44.19477" lon="5.19335">
        <ele>577</ele>
      </trkpt>
      <trkpt lat="44.19462" lon="5.19334">
        <ele>573</ele>
      </trkpt>
      <trkpt lat="44.19452" lon="5.19337">
        <ele>570</ele>
      </trkpt>
      <trkpt lat="44.1944" lon="5.19334">
        <ele>568</ele>
      </trkpt>
      <trkpt lat="44.19427" lon="5.193065">
        <ele>565</ele>
      </trkpt>
      <trkpt lat="44.19414" lon="5.19279">
        <ele>556</ele>
      </trkpt>
      <trkpt lat="44.19407" lon="5.19258">
        <ele>552</ele>
      </trkpt>
      <trkpt lat="44.19404" lon="5.19226">
        <ele>546</ele>
      </trkpt>
      <trkpt lat="44.19395" lon="5.19191">
        <ele>540</ele>
      </trkpt>
      <trkpt lat="44.19384" lon="5.19169">
        <ele>537</ele>
      </trkpt>
      <trkpt lat="44.1938" lon="5.19154">
        <ele>534</ele>
      </trkpt>
      <trkpt lat="44.1938" lon="5.19135">
        <ele>532</ele>
      </trkpt>
      <trkpt lat="44.19379" lon="5.19129">
        <ele>531</ele>
      </trkpt>
      <trkpt lat="44.19375" lon="5.19119">
        <ele>529</ele>
      </trkpt>
      <trkpt lat="44.19367" lon="5.19089">
        <ele>526</ele>
      </trkpt>
      <trkpt lat="44.19356" lon="5.19061">
        <ele>522</ele>
      </trkpt>
      <trkpt lat="44.19348" lon="5.19054">
        <ele>520</ele>
      </trkpt>
      <trkpt lat="44.19352" lon="5.19036">
        <ele>520</ele>
      </trkpt>
      <trkpt lat="44.19352" lon="5.19026">
        <ele>520</ele>
      </trkpt>
      <trkpt lat="44.19349" lon="5.19017">
        <ele>520</ele>
      </trkpt>
      <trkpt lat="44.19343" lon="5.19005">
        <ele>519</ele>
      </trkpt>
      <trkpt lat="44.19336" lon="5.18977">
        <ele>519</ele>
      </trkpt>
      <trkpt lat="44.19336" lon="5.18958">
        <ele>519</ele>
      </trkpt>
      <trkpt lat="44.1934" lon="5.18942">
        <ele>520</ele>
      </trkpt>
      <trkpt lat="44.19356" lon="5.18921">
        <ele>520</ele>
      </trkpt>
      <trkpt lat="44.19365" lon="5.18895">
        <ele>519</ele>
      </trkpt>
      <trkpt lat="44.19371" lon="5.18888">
        <ele>518</ele>
      </trkpt>
      <trkpt lat="44.19373" lon="5.18882">
        <ele>518</ele>
      </trkpt>
      <trkpt lat="44.19367" lon="5.1887">
        <ele>518</ele>
      </trkpt>
      <trkpt lat="44.19366" lon="5.18858">
        <ele>516</ele>
      </trkpt>
      <trkpt lat="44.19367" lon="5.188325">
        <ele>516</ele>
      </trkpt>
      <trkpt lat="44.19368" lon="5.18807">
        <ele>516</ele>
      </trkpt>
      <trkpt lat="44.19366" lon="5.18771">
        <ele>513</ele>
      </trkpt>
      <trkpt lat="44.19364" lon="5.18735">
        <ele>513</ele>
      </trkpt>
      <trkpt lat="44.19365" lon="5.18698">
        <ele>513</ele>
      </trkpt>
      <trkpt lat="44.1936625" lon="5.1867725">
        <ele>516</ele>
      </trkpt>
      <trkpt lat="44.193675" lon="5.186565">
        <ele>517</ele>
      </trkpt>
      <trkpt lat="44.193687499999996" lon="5.1863575">
        <ele>517</ele>
      </trkpt>
      <trkpt lat="44.1937" lon="5.18615">
        <ele>517</ele>
      </trkpt>
      <trkpt lat="44.193754999999996" lon="5.1858">
        <ele>521</ele>
      </trkpt>
      <trkpt lat="44.19381" lon="5.18545">
        <ele>521</ele>
      </trkpt>
      <trkpt lat="44.19381" lon="5.18525">
        <ele>522</ele>
      </trkpt>
      <trkpt lat="44.19383" lon="5.18517">
        <ele>522</ele>
      </trkpt>
      <trkpt lat="44.19384" lon="5.18499">
        <ele>522</ele>
      </trkpt>
      <trkpt lat="44.19387" lon="5.18478">
        <ele>522</ele>
      </trkpt>
      <trkpt lat="44.19385" lon="5.1845300000000005">
        <ele>522</ele>
      </trkpt>
      <trkpt lat="44.19383" lon="5.18428">
        <ele>522</ele>
      </trkpt>
      <trkpt lat="44.193835" lon="5.1840399999999995">
        <ele>522</ele>
      </trkpt>
      <trkpt lat="44.19384" lon="5.1838">
        <ele>521</ele>
      </trkpt>
      <trkpt lat="44.19383" lon="5.1837">
        <ele>520</ele>
      </trkpt>
      <trkpt lat="44.1938" lon="5.18364">
        <ele>520</ele>
      </trkpt>
      <trkpt lat="44.19378" lon="5.18351">
        <ele>519</ele>
      </trkpt>
      <trkpt lat="44.19379" lon="5.18343">
        <ele>519</ele>
      </trkpt>
      <trkpt lat="44.193785" lon="5.183145">
        <ele>518</ele>
      </trkpt>
      <trkpt lat="44.19378" lon="5.18286">
        <ele>518</ele>
      </trkpt>
      <trkpt lat="44.19377" lon="5.182645">
        <ele>517</ele>
      </trkpt>
      <trkpt lat="44.19376" lon="5.18243">
        <ele>517</ele>
      </trkpt>
      <trkpt lat="44.19374" lon="5.18224">
        <ele>516</ele>
      </trkpt>
      <trkpt lat="44.19372" lon="5.18205">
        <ele>516</ele>
      </trkpt>
      <trkpt lat="44.19369" lon="5.1819">
        <ele>516</ele>
      </trkpt>
      <trkpt lat="44.1937" lon="5.18185">
        <ele>516</ele>
      </trkpt>
      <trkpt lat="44.19388" lon="5.1818">
        <ele>522</ele>
      </trkpt>
      <trkpt lat="44.19393" lon="5.18176">
        <ele>523</ele>
      </trkpt>
      <trkpt lat="44.19395" lon="5.18178">
        <ele>523</ele>
      </trkpt>
      <trkpt lat="44.19403" lon="5.18178">
        <ele>526</ele>
      </trkpt>
      <trkpt lat="44.19405" lon="5.18179">
        <ele>527</ele>
      </trkpt>
      <trkpt lat="44.19408" lon="5.18185">
        <ele>528</ele>
      </trkpt>
      <trkpt lat="44.19412" lon="5.18199">
        <ele>532</ele>
      </trkpt>
      <trkpt lat="44.19414" lon="5.182">
        <ele>534</ele>
      </trkpt>
      <trkpt lat="44.1942" lon="5.18198">
        <ele>535</ele>
      </trkpt>
      <trkpt lat="44.19432" lon="5.18187">
        <ele>540</ele>
      </trkpt>
      <trkpt lat="44.1944" lon="5.18176">
        <ele>543</ele>
      </trkpt>
      <trkpt lat="44.19445" lon="5.18171">
        <ele>544</ele>
      </trkpt>
      <trkpt lat="44.19458" lon="5.18164">
        <ele>548</ele>
      </trkpt>
      <trkpt lat="44.19463" lon="5.18159">
        <ele>550</ele>
      </trkpt>
      <trkpt lat="44.19463" lon="5.18157">
        <ele>550</ele>
      </trkpt>
      <trkpt lat="44.19469" lon="5.18144">
        <ele>550</ele>
      </trkpt>
      <trkpt lat="44.19474" lon="5.18137">
        <ele>554</ele>
      </trkpt>
      <trkpt lat="44.1948" lon="5.18132">
        <ele>555</ele>
      </trkpt>
      <trkpt lat="44.19483" lon="5.18125">
        <ele>556</ele>
      </trkpt>
      <trkpt lat="44.19487" lon="5.18107">
        <ele>556</ele>
      </trkpt>
      <trkpt lat="44.19498" lon="5.18098">
        <ele>558</ele>
      </trkpt>
      <trkpt lat="44.19501" lon="5.18088">
        <ele>558</ele>
      </trkpt>
      <trkpt lat="44.19502" lon="5.18066">
        <ele>559</ele>
      </trkpt>
      <trkpt lat="44.19505" lon="5.18055">
        <ele>559</ele>
      </trkpt>
      <trkpt lat="44.1951" lon="5.18045">
        <ele>559</ele>
      </trkpt>
      <trkpt lat="44.19512" lon="5.18036">
        <ele>559</ele>
      </trkpt>
      <trkpt lat="44.19511" lon="5.18028">
        <ele>559</ele>
      </trkpt>
      <trkpt lat="44.19512" lon="5.18023">
        <ele>559</ele>
      </trkpt>
      <trkpt lat="44.19525" lon="5.18009">
        <ele>559</ele>
      </trkpt>
      <trkpt lat="44.19537" lon="5.18008">
        <ele>560</ele>
      </trkpt>
      <trkpt lat="44.19541" lon="5.18007">
        <ele>561</ele>
      </trkpt>
      <trkpt lat="44.19546" lon="5.18004">
        <ele>561</ele>
      </trkpt>
      <trkpt lat="44.19564" lon="5.18">
        <ele>561</ele>
      </trkpt>
      <trkpt lat="44.19581" lon="5.17999">
        <ele>561</ele>
      </trkpt>
      <trkpt lat="44.195835" lon="5.17974125">
        <ele>560</ele>
      </trkpt>
      <trkpt lat="44.195859999999996" lon="5.1794925">
        <ele>558</ele>
      </trkpt>
      <trkpt lat="44.195885" lon="5.17924375">
        <ele>555</ele>
      </trkpt>
      <trkpt lat="44.19591" lon="5.1789950000000005">
        <ele>553</ele>
      </trkpt>
      <trkpt lat="44.195935" lon="5.1787462500000006">
        <ele>551</ele>
      </trkpt>
      <trkpt lat="44.19596" lon="5.178497500000001">
        <ele>550</ele>
      </trkpt>
      <trkpt lat="44.195985" lon="5.17824875">
        <ele>548</ele>
      </trkpt>
      <trkpt lat="44.19601" lon="5.178">
        <ele>547</ele>
      </trkpt>
      <trkpt lat="44.196" lon="5.17785">
        <ele>546</ele>
      </trkpt>
      <trkpt lat="44.19602" lon="5.1776425">
        <ele>545</ele>
      </trkpt>
      <trkpt lat="44.196039999999996" lon="5.177435">
        <ele>544</ele>
      </trkpt>
      <trkpt lat="44.19606" lon="5.1772275">
        <ele>542</ele>
      </trkpt>
      <trkpt lat="44.19608" lon="5.17702">
        <ele>541</ele>
      </trkpt>
      <trkpt lat="44.19611" lon="5.17679">
        <ele>540</ele>
      </trkpt>
      <trkpt lat="44.19614" lon="5.17667">
        <ele>539</ele>
      </trkpt>
      <trkpt lat="44.196039999999996" lon="5.176534999999999">
        <ele>538</ele>
      </trkpt>
      <trkpt lat="44.19594" lon="5.1764">
        <ele>538</ele>
      </trkpt>
      <trkpt lat="44.19585" lon="5.17631">
        <ele>538</ele>
      </trkpt>
      <trkpt lat="44.19573" lon="5.17614">
        <ele>538</ele>
      </trkpt>
      <trkpt lat="44.19561" lon="5.17597">
        <ele>539</ele>
      </trkpt>
      <trkpt lat="44.19558" lon="5.17589">
        <ele>539</ele>
      </trkpt>
      <trkpt lat="44.195570000000004" lon="5.175644999999999">
        <ele>539</ele>
      </trkpt>
      <trkpt lat="44.19556" lon="5.1754">
        <ele>540</ele>
      </trkpt>
      <trkpt lat="44.1955125" lon="5.1751775">
        <ele>540</ele>
      </trkpt>
      <trkpt lat="44.195465" lon="5.174955">
        <ele>540</ele>
      </trkpt>
      <trkpt lat="44.1954175" lon="5.174732499999999">
        <ele>540</ele>
      </trkpt>
      <trkpt lat="44.19537" lon="5.17451">
        <ele>540</ele>
      </trkpt>
      <trkpt lat="44.195344999999996" lon="5.1742925">
        <ele>539</ele>
      </trkpt>
      <trkpt lat="44.195319999999995" lon="5.174075">
        <ele>539</ele>
      </trkpt>
      <trkpt lat="44.195295" lon="5.1738575">
        <ele>539</ele>
      </trkpt>
      <trkpt lat="44.19527" lon="5.17364">
        <ele>539</ele>
      </trkpt>
      <trkpt lat="44.19526" lon="5.17344">
        <ele>539</ele>
      </trkpt>
      <trkpt lat="44.19527" lon="5.17314">
        <ele>539</ele>
      </trkpt>
      <trkpt lat="44.195265" lon="5.172890000000001">
        <ele>539</ele>
      </trkpt>
      <trkpt lat="44.19526" lon="5.17264">
        <ele>539</ele>
      </trkpt>
      <trkpt lat="44.1952775" lon="5.1724499999999995">
        <ele>539</ele>
      </trkpt>
      <trkpt lat="44.195295" lon="5.17226">
        <ele>539</ele>
      </trkpt>
      <trkpt lat="44.1953125" lon="5.17207">
        <ele>539</ele>
      </trkpt>
      <trkpt lat="44.19533" lon="5.17188">
        <ele>539</ele>
      </trkpt>
      <trkpt lat="44.195342499999995" lon="5.1716725">
        <ele>540</ele>
      </trkpt>
      <trkpt lat="44.195355" lon="5.1714649999999995">
        <ele>540</ele>
      </trkpt>
      <trkpt lat="44.1953675" lon="5.171257499999999">
        <ele>540</ele>
      </trkpt>
      <trkpt lat="44.19538" lon="5.17105">
        <ele>540</ele>
      </trkpt>
      <trkpt lat="44.195350000000005" lon="5.170815">
        <ele>540</ele>
      </trkpt>
      <trkpt lat="44.19532" lon="5.17058">
        <ele>540</ele>
      </trkpt>
      <trkpt lat="44.1953" lon="5.170375">
        <ele>541</ele>
      </trkpt>
      <trkpt lat="44.19528" lon="5.17017">
        <ele>541</ele>
      </trkpt>
      <trkpt lat="44.195279" lon="5.17017">
        <ele>502.35</ele>
      </trkpt>
      <trkpt lat="44.195267" lon="5.170013">
        <ele>502.06</ele>
      </trkpt>
      <trkpt lat="44.195274" lon="5.169824">
        <ele>501.3</ele>
      </trkpt>
      <trkpt lat="44.195332" lon="5.16926">
        <ele>501.21</ele>
      </trkpt>
      <trkpt lat="44.195385" lon="5.169005">
        <ele>501.43</ele>
      </trkpt>
      <trkpt lat="44.195517" lon="5.168454">
        <ele>502.24</ele>
      </trkpt>
      <trkpt lat="44.195577" lon="5.168263">
        <ele>503.32</ele>
      </trkpt>
      <trkpt lat="44.195749" lon="5.167951">
        <ele>508.11</ele>
      </trkpt>
      <trkpt lat="44.195907" lon="5.167761">
        <ele>510.48</ele>
      </trkpt>
      <trkpt lat="44.196114" lon="5.167583">
        <ele>514.61</ele>
      </trkpt>
      <trkpt lat="44.196308" lon="5.167447">
        <ele>517.94</ele>
      </trkpt>
      <trkpt lat="44.196568" lon="5.167085">
        <ele>517.17</ele>
      </trkpt>
      <trkpt lat="44.1967" lon="5.166869">
        <ele>515.43</ele>
      </trkpt>
      <trkpt lat="44.196767" lon="5.166708">
        <ele>513.76</ele>
      </trkpt>
      <trkpt lat="44.196821" lon="5.166636">
        <ele>513.95</ele>
      </trkpt>
      <trkpt lat="44.196868" lon="5.166606">
        <ele>514.78</ele>
      </trkpt>
      <trkpt lat="44.196901" lon="5.166515">
        <ele>514.19</ele>
      </trkpt>
      <trkpt lat="44.196997" lon="5.166346">
        <ele>514.28</ele>
      </trkpt>
      <trkpt lat="44.196981" lon="5.166297">
        <ele>513.02</ele>
      </trkpt>
      <trkpt lat="44.196965" lon="5.166191">
        <ele>510.82</ele>
      </trkpt>
      <trkpt lat="44.196949" lon="5.165956">
        <ele>506.51</ele>
      </trkpt>
      <trkpt lat="44.196939" lon="5.165491">
        <ele>504.2</ele>
      </trkpt>
      <trkpt lat="44.196877" lon="5.16473">
        <ele>500.47</ele>
      </trkpt>
      <trkpt lat="44.196877" lon="5.16473">
        <ele>500.47</ele>
      </trkpt>
      <trkpt lat="44.196862" lon="5.164548">
        <ele>499.58</ele>
      </trkpt>
      <trkpt lat="44.196874" lon="5.164399">
        <ele>499.46</ele>
      </trkpt>
      <trkpt lat="44.196901" lon="5.164265">
        <ele>499.85</ele>
      </trkpt>
      <trkpt lat="44.196948" lon="5.164159">
        <ele>500.54</ele>
      </trkpt>
      <trkpt lat="44.196999" lon="5.163993">
        <ele>500.13</ele>
      </trkpt>
      <trkpt lat="44.1971" lon="5.163562">
        <ele>498.28</ele>
      </trkpt>
      <trkpt lat="44.197191" lon="5.163081">
        <ele>493.82</ele>
      </trkpt>
      <trkpt lat="44.197214" lon="5.162868">
        <ele>490.82</ele>
      </trkpt>
      <trkpt lat="44.197263" lon="5.162713">
        <ele>489.74</ele>
      </trkpt>
      <trkpt lat="44.197287" lon="5.162598">
        <ele>488.55</ele>
      </trkpt>
      <trkpt lat="44.197291" lon="5.162445">
        <ele>487.14</ele>
      </trkpt>
      <trkpt lat="44.197277" lon="5.16224">
        <ele>485.87</ele>
      </trkpt>
      <trkpt lat="44.197276" lon="5.162082">
        <ele>485.21</ele>
      </trkpt>
      <trkpt lat="44.197261" lon="5.161998">
        <ele>484.32</ele>
      </trkpt>
      <trkpt lat="44.197128" lon="5.161607">
        <ele>478.7</ele>
      </trkpt>
      <trkpt lat="44.197129" lon="5.161561">
        <ele>479.03</ele>
      </trkpt>
      <trkpt lat="44.197076" lon="5.161477">
        <ele>477.61</ele>
      </trkpt>
      <trkpt lat="44.196993" lon="5.161313">
        <ele>475.59</ele>
      </trkpt>
      <trkpt lat="44.196919" lon="5.161205">
        <ele>473.6</ele>
      </trkpt>
      <trkpt lat="44.196844" lon="5.161131">
        <ele>471.37</ele>
      </trkpt>
      <trkpt lat="44.196783" lon="5.161038">
        <ele>469.79</ele>
      </trkpt>
      <trkpt lat="44.196621" lon="5.16084">
        <ele>465.1</ele>
      </trkpt>
      <trkpt lat="44.196563" lon="5.160786">
        <ele>462.89</ele>
      </trkpt>
      <trkpt lat="44.196326" lon="5.160275">
        <ele>448.48</ele>
      </trkpt>
      <trkpt lat="44.196257" lon="5.160159">
        <ele>444.26</ele>
      </trkpt>
      <trkpt lat="44.196265" lon="5.160111">
        <ele>444.71</ele>
      </trkpt>
      <trkpt lat="44.196286" lon="5.160072">
        <ele>445.51</ele>
      </trkpt>
      <trkpt lat="44.196397" lon="5.159864">
        <ele>449.12</ele>
      </trkpt>
      <trkpt lat="44.196428" lon="5.159845">
        <ele>450.45</ele>
      </trkpt>
      <trkpt lat="44.19643" lon="5.15982">
        <ele>450.07</ele>
      </trkpt>
      <trkpt lat="44.196482" lon="5.159755">
        <ele>451.68</ele>
      </trkpt>
      <trkpt lat="44.19657" lon="5.159689">
        <ele>454.15</ele>
      </trkpt>
      <trkpt lat="44.19657" lon="5.15969">
        <ele>483</ele>
      </trkpt>
      <trkpt lat="44.196705" lon="5.1596425">
        <ele>483</ele>
      </trkpt>
      <trkpt lat="44.19684" lon="5.159595">
        <ele>482</ele>
      </trkpt>
      <trkpt lat="44.196975" lon="5.1595475">
        <ele>482</ele>
      </trkpt>
      <trkpt lat="44.19711" lon="5.1595">
        <ele>480</ele>
      </trkpt>
      <trkpt lat="44.19727" lon="5.1594">
        <ele>476</ele>
      </trkpt>
      <trkpt lat="44.19745" lon="5.15935">
        <ele>474</ele>
      </trkpt>
      <trkpt lat="44.19768" lon="5.15935">
        <ele>471</ele>
      </trkpt>
      <trkpt lat="44.197845" lon="5.159395">
        <ele>470</ele>
      </trkpt>
      <trkpt lat="44.19801" lon="5.15944">
        <ele>468</ele>
      </trkpt>
      <trkpt lat="44.198184999999995" lon="5.15951">
        <ele>467</ele>
      </trkpt>
      <trkpt lat="44.19836" lon="5.15958">
        <ele>465</ele>
      </trkpt>
      <trkpt lat="44.19848" lon="5.15971">
        <ele>464</ele>
      </trkpt>
      <trkpt lat="44.19857" lon="5.15985">
        <ele>463</ele>
      </trkpt>
      <trkpt lat="44.19862" lon="5.15961">
        <ele>459</ele>
      </trkpt>
      <trkpt lat="44.19859" lon="5.15935">
        <ele>456</ele>
      </trkpt>
      <trkpt lat="44.19851" lon="5.159185">
        <ele>455</ele>
      </trkpt>
      <trkpt lat="44.19843" lon="5.15902">
        <ele>452</ele>
      </trkpt>
      <trkpt lat="44.19832" lon="5.1589">
        <ele>451</ele>
      </trkpt>
      <trkpt lat="44.198235" lon="5.15873">
        <ele>448</ele>
      </trkpt>
      <trkpt lat="44.19815" lon="5.15856">
        <ele>444</ele>
      </trkpt>
      <trkpt lat="44.19808" lon="5.15844">
        <ele>441</ele>
      </trkpt>
      <trkpt lat="44.19793" lon="5.15826">
        <ele>437</ele>
      </trkpt>
      <trkpt lat="44.19789" lon="5.15811">
        <ele>434</ele>
      </trkpt>
      <trkpt lat="44.19779" lon="5.15794">
        <ele>431</ele>
      </trkpt>
      <trkpt lat="44.19767" lon="5.15782">
        <ele>429</ele>
      </trkpt>
      <trkpt lat="44.197435" lon="5.1576699999999995">
        <ele>425</ele>
      </trkpt>
      <trkpt lat="44.1972" lon="5.15752">
        <ele>421</ele>
      </trkpt>
      <trkpt lat="44.19717" lon="5.15748">
        <ele>420</ele>
      </trkpt>
      <trkpt lat="44.19709" lon="5.15729">
        <ele>418</ele>
      </trkpt>
      <trkpt lat="44.19708" lon="5.15705">
        <ele>415</ele>
      </trkpt>
      <trkpt lat="44.19699" lon="5.15675">
        <ele>413</ele>
      </trkpt>
      <trkpt lat="44.19692" lon="5.15664">
        <ele>413</ele>
      </trkpt>
      <trkpt lat="44.19689" lon="5.15653">
        <ele>412</ele>
      </trkpt>
      <trkpt lat="44.19689" lon="5.15642">
        <ele>412</ele>
      </trkpt>
      <trkpt lat="44.19696" lon="5.15623">
        <ele>411</ele>
      </trkpt>
      <trkpt lat="44.19698" lon="5.15612">
        <ele>410</ele>
      </trkpt>
      <trkpt lat="44.19697" lon="5.156">
        <ele>408</ele>
      </trkpt>
      <trkpt lat="44.19694" lon="5.1558150000000005">
        <ele>405</ele>
      </trkpt>
      <trkpt lat="44.19691" lon="5.15563">
        <ele>402</ele>
      </trkpt>
      <trkpt lat="44.19687" lon="5.15545">
        <ele>401</ele>
      </trkpt>
      <trkpt lat="44.196805" lon="5.155275">
        <ele>399</ele>
      </trkpt>
      <trkpt lat="44.19674" lon="5.1551">
        <ele>398</ele>
      </trkpt>
      <trkpt lat="44.196659999999994" lon="5.1548099999999994">
        <ele>395</ele>
      </trkpt>
      <trkpt lat="44.19658" lon="5.15452">
        <ele>394</ele>
      </trkpt>
      <trkpt lat="44.19656" lon="5.15449">
        <ele>394</ele>
      </trkpt>
      <trkpt lat="44.19663" lon="5.15454">
        <ele>393</ele>
      </trkpt>
      <trkpt lat="44.196805" lon="5.1547149999999995">
        <ele>391</ele>
      </trkpt>
      <trkpt lat="44.19698" lon="5.15489">
        <ele>389</ele>
      </trkpt>
      <trkpt lat="44.1971" lon="5.15504">
        <ele>388</ele>
      </trkpt>
      <trkpt lat="44.19721" lon="5.15514">
        <ele>387</ele>
      </trkpt>
      <trkpt lat="44.1973" lon="5.15519">
        <ele>387</ele>
      </trkpt>
      <trkpt lat="44.197299" lon="5.155193">
        <ele>399.92</ele>
      </trkpt>
      <trkpt lat="44.197432" lon="5.155236">
        <ele>400.14</ele>
      </trkpt>
      <trkpt lat="44.197595" lon="5.155238">
        <ele>397.97</ele>
      </trkpt>
      <trkpt lat="44.197675" lon="5.155217">
        <ele>396.59</ele>
      </trkpt>
      <trkpt lat="44.197768" lon="5.155151">
        <ele>394.42</ele>
      </trkpt>
      <trkpt lat="44.197846" lon="5.155122">
        <ele>392.98</ele>
      </trkpt>
      <trkpt lat="44.197949" lon="5.155163">
        <ele>392.17</ele>
      </trkpt>
      <trkpt lat="44.198006" lon="5.155219">
        <ele>392.17</ele>
      </trkpt>
      <trkpt lat="44.198033" lon="5.155225">
        <ele>391.88</ele>
      </trkpt>
      <trkpt lat="44.198033" lon="5.155225">
        <ele>383.16953547498167</ele>
      </trkpt>
      <trkpt lat="44.19805761874238" lon="5.154984075648883">
        <ele>380.5340631786738</ele>
      </trkpt>
      <trkpt lat="44.19805761874238" lon="5.154984075648883">
        <ele>380.5340631786738</ele>
      </trkpt>
      <trkpt lat="44.1980355999132" lon="5.154698449625357">
        <ele>378.1948973020553</ele>
      </trkpt>
      <trkpt lat="44.1980355999132" lon="5.154698449625357">
        <ele>378.1948973020553</ele>
      </trkpt>
      <trkpt lat="44.19798874958921" lon="5.154074665130777">
        <ele>377.6458747149453</ele>
      </trkpt>
      <trkpt lat="44.1979798702132" lon="5.153956441464402">
        <ele>377.866690509564</ele>
      </trkpt>
      <trkpt lat="44.1979798702132" lon="5.153956441464402">
        <ele>377.866690509564</ele>
      </trkpt>
      <trkpt lat="44.19810213132794" lon="5.15381319358886">
        <ele>376.28752004490343</ele>
      </trkpt>
      <trkpt lat="44.19810213132794" lon="5.15381319358886">
        <ele>376.28752004490343</ele>
      </trkpt>
      <trkpt lat="44.198173042657714" lon="5.153787613610916">
        <ele>375.4566893840682</ele>
      </trkpt>
      <trkpt lat="44.198267" lon="5.153677">
        <ele>373.9412684471816</ele>
      </trkpt>
      <trkpt lat="44.198267" lon="5.153677">
        <ele>379.66</ele>
      </trkpt>
      <trkpt lat="44.198282" lon="5.153599">
        <ele>378.98</ele>
      </trkpt>
      <trkpt lat="44.198286" lon="5.153495">
        <ele>378.22</ele>
      </trkpt>
      <trkpt lat="44.198259" lon="5.15339">
        <ele>377.72</ele>
      </trkpt>
      <trkpt lat="44.19826" lon="5.15339">
        <ele>373</ele>
      </trkpt>
      <trkpt lat="44.19828" lon="5.15336">
        <ele>373</ele>
      </trkpt>
      <trkpt lat="44.198415" lon="5.153295">
        <ele>370</ele>
      </trkpt>
      <trkpt lat="44.19855" lon="5.15323">
        <ele>367</ele>
      </trkpt>
      <trkpt lat="44.19865" lon="5.15321">
        <ele>367</ele>
      </trkpt>
      <trkpt lat="44.198795000000004" lon="5.15321">
        <ele>367</ele>
      </trkpt>
      <trkpt lat="44.19894" lon="5.15321">
        <ele>367</ele>
      </trkpt>
      <trkpt lat="44.199095" lon="5.1531199999999995">
        <ele>371</ele>
      </trkpt>
      <trkpt lat="44.19925" lon="5.15303">
        <ele>375</ele>
      </trkpt>
      <trkpt lat="44.19941" lon="5.15292">
        <ele>377</ele>
      </trkpt>
      <trkpt lat="44.19949" lon="5.15295">
        <ele>378</ele>
      </trkpt>
      <trkpt lat="44.19959" lon="5.15292">
        <ele>378</ele>
      </trkpt>
      <trkpt lat="44.1997" lon="5.15308">
        <ele>378</ele>
      </trkpt>
      <trkpt lat="44.19981" lon="5.15324">
        <ele>378</ele>
      </trkpt>
      <trkpt lat="44.19989" lon="5.15339">
        <ele>378</ele>
      </trkpt>
      <trkpt lat="44.19998" lon="5.15353">
        <ele>378</ele>
      </trkpt>
      <trkpt lat="44.20005" lon="5.15353">
        <ele>378</ele>
      </trkpt>
      <trkpt lat="44.20011" lon="5.15356">
        <ele>378</ele>
      </trkpt>
      <trkpt lat="44.20028" lon="5.1536">
        <ele>378</ele>
      </trkpt>
      <trkpt lat="44.20044" lon="5.15354">
        <ele>378</ele>
      </trkpt>
      <trkpt lat="44.20057" lon="5.15353">
        <ele>379</ele>
      </trkpt>
      <trkpt lat="44.20065" lon="5.15353">
        <ele>379</ele>
      </trkpt>
      <trkpt lat="44.20076" lon="5.15359">
        <ele>379</ele>
      </trkpt>
      <trkpt lat="44.20085" lon="5.15358">
        <ele>379</ele>
      </trkpt>
      <trkpt lat="44.2009" lon="5.15356">
        <ele>379</ele>
      </trkpt>
      <trkpt lat="44.20097" lon="5.15351">
        <ele>380</ele>
      </trkpt>
      <trkpt lat="44.20106" lon="5.15351">
        <ele>381</ele>
      </trkpt>
      <trkpt lat="44.2011" lon="5.15348">
        <ele>382</ele>
      </trkpt>
      <trkpt lat="44.20128" lon="5.15343">
        <ele>386</ele>
      </trkpt>
      <trkpt lat="44.20137" lon="5.15339">
        <ele>388</ele>
      </trkpt>
      <trkpt lat="44.20143" lon="5.15333">
        <ele>389</ele>
      </trkpt>
      <trkpt lat="44.20147" lon="5.15326">
        <ele>390</ele>
      </trkpt>
      <trkpt lat="44.20155" lon="5.15322">
        <ele>392</ele>
      </trkpt>
      <trkpt lat="44.20161" lon="5.15322">
        <ele>393</ele>
      </trkpt>
      <trkpt lat="44.20165" lon="5.15324">
        <ele>393</ele>
      </trkpt>
      <trkpt lat="44.20172" lon="5.15322">
        <ele>394</ele>
      </trkpt>
      <trkpt lat="44.20177" lon="5.15323">
        <ele>394</ele>
      </trkpt>
      <trkpt lat="44.20185" lon="5.15327">
        <ele>394</ele>
      </trkpt>
      <trkpt lat="44.20194" lon="5.15328">
        <ele>394</ele>
      </trkpt>
      <trkpt lat="44.20202" lon="5.15333">
        <ele>394</ele>
      </trkpt>
      <trkpt lat="44.20208" lon="5.15333">
        <ele>393</ele>
      </trkpt>
      <trkpt lat="44.20218" lon="5.15331">
        <ele>393</ele>
      </trkpt>
      <trkpt lat="44.2023" lon="5.15324">
        <ele>392</ele>
      </trkpt>
      <trkpt lat="44.20237" lon="5.15322">
        <ele>391</ele>
      </trkpt>
      <trkpt lat="44.20245" lon="5.1532">
        <ele>391</ele>
      </trkpt>
      <trkpt lat="44.20251" lon="5.15321">
        <ele>391</ele>
      </trkpt>
      <trkpt lat="44.20256" lon="5.15325">
        <ele>391</ele>
      </trkpt>
      <trkpt lat="44.20256" lon="5.15324">
        <ele>391</ele>
      </trkpt>
      <trkpt lat="44.20263" lon="5.15331">
        <ele>392</ele>
      </trkpt>
      <trkpt lat="44.20269" lon="5.15342">
        <ele>393</ele>
      </trkpt>
      <trkpt lat="44.20274" lon="5.15347">
        <ele>393</ele>
      </trkpt>
      <trkpt lat="44.20279" lon="5.15349">
        <ele>393</ele>
      </trkpt>
      <trkpt lat="44.20282" lon="5.15355">
        <ele>393</ele>
      </trkpt>
      <trkpt lat="44.20286" lon="5.15371">
        <ele>394</ele>
      </trkpt>
      <trkpt lat="44.20289" lon="5.15377">
        <ele>394</ele>
      </trkpt>
      <trkpt lat="44.20294" lon="5.15382">
        <ele>394</ele>
      </trkpt>
      <trkpt lat="44.20298" lon="5.15391">
        <ele>394</ele>
      </trkpt>
      <trkpt lat="44.20297" lon="5.15406">
        <ele>393</ele>
      </trkpt>
      <trkpt lat="44.203" lon="5.1542">
        <ele>392</ele>
      </trkpt>
      <trkpt lat="44.20301" lon="5.15438">
        <ele>391</ele>
      </trkpt>
      <trkpt lat="44.20298" lon="5.1545">
        <ele>391</ele>
      </trkpt>
      <trkpt lat="44.20297" lon="5.15464">
        <ele>390</ele>
      </trkpt>
      <trkpt lat="44.20308" lon="5.15495">
        <ele>389</ele>
      </trkpt>
      <trkpt lat="44.20308" lon="5.15506">
        <ele>389</ele>
      </trkpt>
      <trkpt lat="44.20311" lon="5.15526">
        <ele>389</ele>
      </trkpt>
      <trkpt lat="44.2032" lon="5.15543">
        <ele>389</ele>
      </trkpt>
      <trkpt lat="44.20324" lon="5.15546">
        <ele>389</ele>
      </trkpt>
      <trkpt lat="44.20325" lon="5.15538">
        <ele>389</ele>
      </trkpt>
      <trkpt lat="44.2033" lon="5.1553">
        <ele>389</ele>
      </trkpt>
      <trkpt lat="44.20338" lon="5.15524">
        <ele>390</ele>
      </trkpt>
      <trkpt lat="44.20353" lon="5.15519">
        <ele>390</ele>
      </trkpt>
      <trkpt lat="44.2036" lon="5.15515">
        <ele>390</ele>
      </trkpt>
      <trkpt lat="44.20366" lon="5.15514">
        <ele>390</ele>
      </trkpt>
      <trkpt lat="44.20382" lon="5.15518">
        <ele>391</ele>
      </trkpt>
      <trkpt lat="44.20406" lon="5.15515">
        <ele>391</ele>
      </trkpt>
      <trkpt lat="44.20417" lon="5.1551">
        <ele>391</ele>
      </trkpt>
      <trkpt lat="44.20425" lon="5.15505">
        <ele>391</ele>
      </trkpt>
      <trkpt lat="44.20431" lon="5.15496">
        <ele>391</ele>
      </trkpt>
      <trkpt lat="44.20432" lon="5.15487">
        <ele>391</ele>
      </trkpt>
      <trkpt lat="44.20429" lon="5.15472">
        <ele>392</ele>
      </trkpt>
      <trkpt lat="44.2043" lon="5.15451">
        <ele>393</ele>
      </trkpt>
      <trkpt lat="44.20433" lon="5.15434">
        <ele>395</ele>
      </trkpt>
      <trkpt lat="44.20437" lon="5.15424">
        <ele>396</ele>
      </trkpt>
      <trkpt lat="44.20448" lon="5.15412">
        <ele>398</ele>
      </trkpt>
      <trkpt lat="44.20463" lon="5.15399">
        <ele>400</ele>
      </trkpt>
      <trkpt lat="44.2047" lon="5.1539">
        <ele>401</ele>
      </trkpt>
      <trkpt lat="44.20475" lon="5.15381">
        <ele>402</ele>
      </trkpt>
      <trkpt lat="44.20489" lon="5.15367">
        <ele>403</ele>
      </trkpt>
      <trkpt lat="44.20493" lon="5.15357">
        <ele>404</ele>
      </trkpt>
      <trkpt lat="44.20492" lon="5.15346">
        <ele>405</ele>
      </trkpt>
      <trkpt lat="44.20488" lon="5.15335">
        <ele>406</ele>
      </trkpt>
      <trkpt lat="44.20489" lon="5.15323">
        <ele>407</ele>
      </trkpt>
      <trkpt lat="44.20495" lon="5.15305">
        <ele>408</ele>
      </trkpt>
      <trkpt lat="44.20498" lon="5.15288">
        <ele>410</ele>
      </trkpt>
      <trkpt lat="44.205" lon="5.15264">
        <ele>412</ele>
      </trkpt>
      <trkpt lat="44.20505" lon="5.15245">
        <ele>414</ele>
      </trkpt>
      <trkpt lat="44.20511" lon="5.15231">
        <ele>416</ele>
      </trkpt>
      <trkpt lat="44.20513" lon="5.15223">
        <ele>416</ele>
      </trkpt>
      <trkpt lat="44.20511" lon="5.15217">
        <ele>417</ele>
      </trkpt>
      <trkpt lat="44.20511" lon="5.15213">
        <ele>417</ele>
      </trkpt>
      <trkpt lat="44.20504" lon="5.152">
        <ele>419</ele>
      </trkpt>
      <trkpt lat="44.204899999999995" lon="5.151870000000001">
        <ele>420</ele>
      </trkpt>
      <trkpt lat="44.20476" lon="5.15174">
        <ele>421</ele>
      </trkpt>
      <trkpt lat="44.20456" lon="5.151635000000001">
        <ele>421</ele>
      </trkpt>
      <trkpt lat="44.20436" lon="5.15153">
        <ele>421</ele>
      </trkpt>
      <trkpt lat="44.20419" lon="5.15141">
        <ele>421</ele>
      </trkpt>
      <trkpt lat="44.203985" lon="5.151185">
        <ele>422</ele>
      </trkpt>
      <trkpt lat="44.20378" lon="5.15096">
        <ele>422</ele>
      </trkpt>
      <trkpt lat="44.20365" lon="5.15086">
        <ele>423</ele>
      </trkpt>
      <trkpt lat="44.2036" lon="5.15078">
        <ele>423</ele>
      </trkpt>
      <trkpt lat="44.20358" lon="5.15068">
        <ele>424</ele>
      </trkpt>
      <trkpt lat="44.2036" lon="5.150335">
        <ele>426</ele>
      </trkpt>
      <trkpt lat="44.20362" lon="5.14999">
        <ele>429</ele>
      </trkpt>
      <trkpt lat="44.2036" lon="5.1497399999999995">
        <ele>432</ele>
      </trkpt>
      <trkpt lat="44.20358" lon="5.14949">
        <ele>434</ele>
      </trkpt>
      <trkpt lat="44.20356" lon="5.14942">
        <ele>434</ele>
      </trkpt>
      <trkpt lat="44.20339" lon="5.14929">
        <ele>434</ele>
      </trkpt>
      <trkpt lat="44.20323" lon="5.14914">
        <ele>434</ele>
      </trkpt>
      <trkpt lat="44.203115" lon="5.1490100000000005">
        <ele>434</ele>
      </trkpt>
      <trkpt lat="44.203" lon="5.14888">
        <ele>434</ele>
      </trkpt>
      <trkpt lat="44.20288" lon="5.148695">
        <ele>434</ele>
      </trkpt>
      <trkpt lat="44.20276" lon="5.14851">
        <ele>434</ele>
      </trkpt>
      <trkpt lat="44.20272" lon="5.14836">
        <ele>434</ele>
      </trkpt>
      <trkpt lat="44.20273" lon="5.14826">
        <ele>434</ele>
      </trkpt>
      <trkpt lat="44.20277" lon="5.14815">
        <ele>434</ele>
      </trkpt>
      <trkpt lat="44.202774" lon="5.148153">
        <ele>428.05</ele>
      </trkpt>
      <trkpt lat="44.202851" lon="5.148084">
        <ele>428.42</ele>
      </trkpt>
      <trkpt lat="44.203127" lon="5.148057">
        <ele>430.58</ele>
      </trkpt>
      <trkpt lat="44.203342" lon="5.147936">
        <ele>431.49</ele>
      </trkpt>
      <trkpt lat="44.203533" lon="5.147845">
        <ele>432.5</ele>
      </trkpt>
      <trkpt lat="44.203751" lon="5.147789">
        <ele>434.03</ele>
      </trkpt>
      <trkpt lat="44.203921" lon="5.147669">
        <ele>435.18</ele>
      </trkpt>
      <trkpt lat="44.204062" lon="5.147498">
        <ele>436.39</ele>
      </trkpt>
      <trkpt lat="44.204079" lon="5.147459">
        <ele>436.78</ele>
      </trkpt>
      <trkpt lat="44.204079" lon="5.147459">
        <ele>441.56241444819705</ele>
      </trkpt>
      <trkpt lat="44.20416206643148" lon="5.147261698284353">
        <ele>442.2404164773889</ele>
      </trkpt>
      <trkpt lat="44.20426622439874" lon="5.146903807261253">
        <ele>444.8570597562017</ele>
      </trkpt>
      <trkpt lat="44.20426622439874" lon="5.146903807261253">
        <ele>444.8570597562017</ele>
      </trkpt>
      <trkpt lat="44.204368189388305" lon="5.146532151198613">
        <ele>447.05033301804315</ele>
      </trkpt>
      <trkpt lat="44.204368189388305" lon="5.146532151198613">
        <ele>447.05033301804315</ele>
      </trkpt>
      <trkpt lat="44.204395371471946" lon="5.1464698592137665">
        <ele>447.17899114469884</ele>
      </trkpt>
      <trkpt lat="44.204395371471946" lon="5.1464698592137665">
        <ele>447.17899114469884</ele>
      </trkpt>
      <trkpt lat="44.204395371471946" lon="5.1464698592137665">
        <ele>447.17899114469884</ele>
      </trkpt>
      <trkpt lat="44.20443872723379" lon="5.146246837883183">
        <ele>446.93603709641485</ele>
      </trkpt>
      <trkpt lat="44.20443872723379" lon="5.146246837883183">
        <ele>446.93603709641485</ele>
      </trkpt>
      <trkpt lat="44.20451201171369" lon="5.146020655303602">
        <ele>444.9664232088488</ele>
      </trkpt>
      <trkpt lat="44.20451201171369" lon="5.146020655303602">
        <ele>444.9664232088488</ele>
      </trkpt>
      <trkpt lat="44.204513328193656" lon="5.145921062332377">
        <ele>444.1427412400416</ele>
      </trkpt>
      <trkpt lat="44.204513328193656" lon="5.145921062332377">
        <ele>444.1427412400416</ele>
      </trkpt>
      <trkpt lat="44.20452139341978" lon="5.145887309818761">
        <ele>443.74681530977773</ele>
      </trkpt>
      <trkpt lat="44.204639" lon="5.145672">
        <ele>439.8511609365362</ele>
      </trkpt>
      <trkpt lat="44.204639" lon="5.145672">
        <ele>450.93</ele>
      </trkpt>
      <trkpt lat="44.204823" lon="5.14544">
        <ele>451.19</ele>
      </trkpt>
      <trkpt lat="44.204983" lon="5.145214">
        <ele>449.41</ele>
      </trkpt>
      <trkpt lat="44.205284" lon="5.144837">
        <ele>441.44</ele>
      </trkpt>
      <trkpt lat="44.205375" lon="5.144801">
        <ele>439.03</ele>
      </trkpt>
      <trkpt lat="44.205555" lon="5.144654">
        <ele>434.17</ele>
      </trkpt>
      <trkpt lat="44.205851" lon="5.144242">
        <ele>426.31</ele>
      </trkpt>
      <trkpt lat="44.20585" lon="5.14424">
        <ele>398</ele>
      </trkpt>
      <trkpt lat="44.20595" lon="5.14417">
        <ele>395</ele>
      </trkpt>
      <trkpt lat="44.20604" lon="5.14414">
        <ele>393</ele>
      </trkpt>
      <trkpt lat="44.20618" lon="5.14416">
        <ele>391</ele>
      </trkpt>
      <trkpt lat="44.20632" lon="5.14418">
        <ele>388</ele>
      </trkpt>
      <trkpt lat="44.20646" lon="5.14423">
        <ele>384</ele>
      </trkpt>
      <trkpt lat="44.2066" lon="5.14435">
        <ele>381</ele>
      </trkpt>
      <trkpt lat="44.20667" lon="5.14445">
        <ele>379</ele>
      </trkpt>
      <trkpt lat="44.2067" lon="5.14447">
        <ele>379</ele>
      </trkpt>
      <trkpt lat="44.20673" lon="5.14447">
        <ele>379</ele>
      </trkpt>
      <trkpt lat="44.20693" lon="5.14437">
        <ele>375</ele>
      </trkpt>
      <trkpt lat="44.20702" lon="5.14436">
        <ele>374</ele>
      </trkpt>
      <trkpt lat="44.207274999999996" lon="5.144385">
        <ele>369</ele>
      </trkpt>
      <trkpt lat="44.20753" lon="5.14441">
        <ele>366</ele>
      </trkpt>
      <trkpt lat="44.20768" lon="5.14446">
        <ele>364</ele>
      </trkpt>
      <trkpt lat="44.20776" lon="5.14447">
        <ele>363</ele>
      </trkpt>
      <trkpt lat="44.20792" lon="5.144465">
        <ele>360</ele>
      </trkpt>
      <trkpt lat="44.20808" lon="5.14446">
        <ele>358</ele>
      </trkpt>
      <trkpt lat="44.20828" lon="5.1444">
        <ele>355</ele>
      </trkpt>
      <trkpt lat="44.208415" lon="5.1443200000000004">
        <ele>353</ele>
      </trkpt>
      <trkpt lat="44.20855" lon="5.14424">
        <ele>350</ele>
      </trkpt>
      <trkpt lat="44.2087" lon="5.14405">
        <ele>347</ele>
      </trkpt>
      <trkpt lat="44.208815" lon="5.143924999999999">
        <ele>344</ele>
      </trkpt>
      <trkpt lat="44.20893" lon="5.1438">
        <ele>342</ele>
      </trkpt>
      <trkpt lat="44.20903" lon="5.14372">
        <ele>340</ele>
      </trkpt>
      <trkpt lat="44.20917" lon="5.14352">
        <ele>337</ele>
      </trkpt>
      <trkpt lat="44.209285" lon="5.143295">
        <ele>334</ele>
      </trkpt>
      <trkpt lat="44.2094" lon="5.14307">
        <ele>332</ele>
      </trkpt>
      <trkpt lat="44.209514999999996" lon="5.1428449999999994">
        <ele>329</ele>
      </trkpt>
      <trkpt lat="44.20963" lon="5.14262">
        <ele>328</ele>
      </trkpt>
      <trkpt lat="44.20949" lon="5.14249">
        <ele>328</ele>
      </trkpt>
      <trkpt lat="44.2093675" lon="5.1423275">
        <ele>328</ele>
      </trkpt>
      <trkpt lat="44.209245" lon="5.142165">
        <ele>328</ele>
      </trkpt>
      <trkpt lat="44.20912250000001" lon="5.1420025">
        <ele>329</ele>
      </trkpt>
      <trkpt lat="44.209" lon="5.14184">
        <ele>329</ele>
      </trkpt>
      <trkpt lat="44.209" lon="5.14184">
        <ele>329.69847352104506</ele>
      </trkpt>
      <trkpt lat="44.20927504573163" lon="5.141548904545317">
        <ele>331.9738761886722</ele>
      </trkpt>
      <trkpt lat="44.20927504573163" lon="5.141548904545317">
        <ele>331.9738761886722</ele>
      </trkpt>
      <trkpt lat="44.209283845435834" lon="5.141311560564247">
        <ele>336.07001422261914</ele>
      </trkpt>
      <trkpt lat="44.209286" lon="5.141304">
        <ele>338.37</ele>
      </trkpt>
      <trkpt lat="44.209185" lon="5.141242">
        <ele>338.5</ele>
      </trkpt>
      <trkpt lat="44.208994" lon="5.141081">
        <ele>338.7</ele>
      </trkpt>
      <trkpt lat="44.208932" lon="5.141003">
        <ele>339.61</ele>
      </trkpt>
      <trkpt lat="44.20875" lon="5.140721">
        <ele>341.79</ele>
      </trkpt>
      <trkpt lat="44.208734" lon="5.140639">
        <ele>341.82</ele>
      </trkpt>
      <trkpt lat="44.20873" lon="5.14064">
        <ele>339</ele>
      </trkpt>
      <trkpt lat="44.20873" lon="5.14053">
        <ele>340</ele>
      </trkpt>
      <trkpt lat="44.20879" lon="5.14043">
        <ele>342</ele>
      </trkpt>
      <trkpt lat="44.20884" lon="5.14029">
        <ele>343</ele>
      </trkpt>
      <trkpt lat="44.20889" lon="5.13999">
        <ele>345</ele>
      </trkpt>
      <trkpt lat="44.20894" lon="5.13969">
        <ele>346</ele>
      </trkpt>
      <trkpt lat="44.20898" lon="5.13952">
        <ele>348</ele>
      </trkpt>
      <trkpt lat="44.20911" lon="5.13928">
        <ele>352</ele>
      </trkpt>
      <trkpt lat="44.20915" lon="5.139095">
        <ele>356</ele>
      </trkpt>
      <trkpt lat="44.20919" lon="5.13891">
        <ele>361</ele>
      </trkpt>
      <trkpt lat="44.20924" lon="5.13878">
        <ele>364</ele>
      </trkpt>
      <trkpt lat="44.20926" lon="5.13867">
        <ele>368</ele>
      </trkpt>
      <trkpt lat="44.20932" lon="5.1385">
        <ele>372</ele>
      </trkpt>
      <trkpt lat="44.209329999999994" lon="5.13827">
        <ele>378</ele>
      </trkpt>
      <trkpt lat="44.20934" lon="5.13804">
        <ele>380</ele>
      </trkpt>
      <trkpt lat="44.2094" lon="5.13784">
        <ele>380</ele>
      </trkpt>
      <trkpt lat="44.20944" lon="5.13774">
        <ele>380</ele>
      </trkpt>
      <trkpt lat="44.2096125" lon="5.137639999999999">
        <ele>380</ele>
      </trkpt>
      <trkpt lat="44.209785" lon="5.1375399999999996">
        <ele>379</ele>
      </trkpt>
      <trkpt lat="44.2099575" lon="5.13744">
        <ele>378</ele>
      </trkpt>
      <trkpt lat="44.21013" lon="5.13734">
        <ele>377</ele>
      </trkpt>
      <trkpt lat="44.21037" lon="5.13718">
        <ele>377</ele>
      </trkpt>
      <trkpt lat="44.21037" lon="5.13715">
        <ele>377</ele>
      </trkpt>
      <trkpt lat="44.21035" lon="5.1371">
        <ele>377</ele>
      </trkpt>
      <trkpt lat="44.21029" lon="5.13701">
        <ele>377</ele>
      </trkpt>
      <trkpt lat="44.21023" lon="5.13688">
        <ele>377</ele>
      </trkpt>
      <trkpt lat="44.21018" lon="5.1367">
        <ele>377</ele>
      </trkpt>
      <trkpt lat="44.21023" lon="5.13669">
        <ele>377</ele>
      </trkpt>
      <trkpt lat="44.21042" lon="5.13654">
        <ele>377</ele>
      </trkpt>
      <trkpt lat="44.21046" lon="5.13648">
        <ele>377</ele>
      </trkpt>
      <trkpt lat="44.210634999999996" lon="5.13641">
        <ele>376</ele>
      </trkpt>
      <trkpt lat="44.21081" lon="5.13634">
        <ele>375</ele>
      </trkpt>
      <trkpt lat="44.2109" lon="5.13633">
        <ele>375</ele>
      </trkpt>
      <trkpt lat="44.2109" lon="5.13633">
        <ele>375.39787679741863</ele>
      </trkpt>
      <trkpt lat="44.211084630793266" lon="5.136382150959605">
        <ele>373.9535072451772</ele>
      </trkpt>
      <trkpt lat="44.211084630793266" lon="5.136382150959605">
        <ele>373.9535072451772</ele>
      </trkpt>
      <trkpt lat="44.211149140322334" lon="5.1363577442741075">
        <ele>373.3904380362189</ele>
      </trkpt>
      <trkpt lat="44.211216" lon="5.136033">
        <ele>372.6560178161282</ele>
      </trkpt>
      <trkpt lat="44.211216" lon="5.136033">
        <ele>376.94</ele>
      </trkpt>
      <trkpt lat="44.211244" lon="5.135801">
        <ele>376.87</ele>
      </trkpt>
      <trkpt lat="44.211245" lon="5.135553">
        <ele>376.08</ele>
      </trkpt>
      <trkpt lat="44.211215" lon="5.135253">
        <ele>375.26</ele>
      </trkpt>
      <trkpt lat="44.211249" lon="5.135155">
        <ele>374.8</ele>
      </trkpt>
      <trkpt lat="44.21128" lon="5.135104">
        <ele>374.49</ele>
      </trkpt>
      <trkpt lat="44.21128" lon="5.1351">
        <ele>367</ele>
      </trkpt>
      <trkpt lat="44.21134" lon="5.13508">
        <ele>367</ele>
      </trkpt>
      <trkpt lat="44.21142" lon="5.13507">
        <ele>366</ele>
      </trkpt>
      <trkpt lat="44.21161" lon="5.13507">
        <ele>364</ele>
      </trkpt>
      <trkpt lat="44.21166" lon="5.13504">
        <ele>364</ele>
      </trkpt>
      <trkpt lat="44.211775" lon="5.134905">
        <ele>361</ele>
      </trkpt>
      <trkpt lat="44.21189" lon="5.13477">
        <ele>360</ele>
      </trkpt>
      <trkpt lat="44.212045" lon="5.1346">
        <ele>357</ele>
      </trkpt>
      <trkpt lat="44.2122" lon="5.13443">
        <ele>356</ele>
      </trkpt>
      <trkpt lat="44.21225" lon="5.13435">
        <ele>355</ele>
      </trkpt>
      <trkpt lat="44.21235" lon="5.13423">
        <ele>354</ele>
      </trkpt>
      <trkpt lat="44.2124" lon="5.13419">
        <ele>353</ele>
      </trkpt>
      <trkpt lat="44.21245" lon="5.13417">
        <ele>352</ele>
      </trkpt>
      <trkpt lat="44.21248" lon="5.13414">
        <ele>352</ele>
      </trkpt>
      <trkpt lat="44.21267" lon="5.13414">
        <ele>351</ele>
      </trkpt>
      <trkpt lat="44.21283" lon="5.134155">
        <ele>350</ele>
      </trkpt>
      <trkpt lat="44.21299" lon="5.13417">
        <ele>349</ele>
      </trkpt>
      <trkpt lat="44.21319" lon="5.134215">
        <ele>348</ele>
      </trkpt>
      <trkpt lat="44.21339" lon="5.13426">
        <ele>347</ele>
      </trkpt>
      <trkpt lat="44.21345" lon="5.13425">
        <ele>346</ele>
      </trkpt>
      <trkpt lat="44.21356" lon="5.13421">
        <ele>346</ele>
      </trkpt>
      <trkpt lat="44.21367" lon="5.13419">
        <ele>346</ele>
      </trkpt>
      <trkpt lat="44.21377" lon="5.13419">
        <ele>346</ele>
      </trkpt>
      <trkpt lat="44.213995" lon="5.1342300000000005">
        <ele>345</ele>
      </trkpt>
      <trkpt lat="44.21422" lon="5.13427">
        <ele>345</ele>
      </trkpt>
      <trkpt lat="44.21436" lon="5.13433">
        <ele>345</ele>
      </trkpt>
      <trkpt lat="44.2145" lon="5.13443">
        <ele>345</ele>
      </trkpt>
      <trkpt lat="44.21463" lon="5.13463">
        <ele>341</ele>
      </trkpt>
      <trkpt lat="44.21467" lon="5.13466">
        <ele>339</ele>
      </trkpt>
      <trkpt lat="44.21473" lon="5.13468">
        <ele>336</ele>
      </trkpt>
      <trkpt lat="44.21476" lon="5.13465">
        <ele>334</ele>
      </trkpt>
      <trkpt lat="44.21482" lon="5.13464">
        <ele>331</ele>
      </trkpt>
      <trkpt lat="44.21493" lon="5.13476">
        <ele>326</ele>
      </trkpt>
      <trkpt lat="44.21499" lon="5.1348">
        <ele>324</ele>
      </trkpt>
      <trkpt lat="44.21504" lon="5.1348">
        <ele>320</ele>
      </trkpt>
      <trkpt lat="44.21506" lon="5.13476">
        <ele>320</ele>
      </trkpt>
      <trkpt lat="44.21513" lon="5.13476">
        <ele>318</ele>
      </trkpt>
      <trkpt lat="44.2152" lon="5.13467">
        <ele>315</ele>
      </trkpt>
      <trkpt lat="44.21525" lon="5.13466">
        <ele>313</ele>
      </trkpt>
      <trkpt lat="44.21529" lon="5.13473">
        <ele>312</ele>
      </trkpt>
      <trkpt lat="44.21537" lon="5.13494">
        <ele>309</ele>
      </trkpt>
      <trkpt lat="44.21549" lon="5.13508">
        <ele>308</ele>
      </trkpt>
      <trkpt lat="44.215630000000004" lon="5.135155">
        <ele>306</ele>
      </trkpt>
      <trkpt lat="44.21577" lon="5.13523">
        <ele>301</ele>
      </trkpt>
      <trkpt lat="44.21599" lon="5.13543">
        <ele>299</ele>
      </trkpt>
      <trkpt lat="44.21606" lon="5.13544">
        <ele>298</ele>
      </trkpt>
      <trkpt lat="44.21618" lon="5.13544">
        <ele>296</ele>
      </trkpt>
      <trkpt lat="44.21628" lon="5.13547">
        <ele>294</ele>
      </trkpt>
      <trkpt lat="44.21637" lon="5.135645">
        <ele>293</ele>
      </trkpt>
      <trkpt lat="44.21646" lon="5.13582">
        <ele>291</ele>
      </trkpt>
      <trkpt lat="44.21655" lon="5.135994999999999">
        <ele>291</ele>
      </trkpt>
      <trkpt lat="44.21664" lon="5.13617">
        <ele>289</ele>
      </trkpt>
      <trkpt lat="44.21682" lon="5.13633">
        <ele>287</ele>
      </trkpt>
      <trkpt lat="44.216915" lon="5.13656">
        <ele>287</ele>
      </trkpt>
      <trkpt lat="44.21701" lon="5.13679">
        <ele>285</ele>
      </trkpt>
      <trkpt lat="44.21704" lon="5.1369">
        <ele>284</ele>
      </trkpt>
      <trkpt lat="44.21712" lon="5.13711">
        <ele>284</ele>
      </trkpt>
      <trkpt lat="44.21719" lon="5.13735">
        <ele>282</ele>
      </trkpt>
      <trkpt lat="44.2173" lon="5.13755">
        <ele>281</ele>
      </trkpt>
      <trkpt lat="44.21734" lon="5.13756">
        <ele>281</ele>
      </trkpt>
      <trkpt lat="44.21736" lon="5.1376">
        <ele>281</ele>
      </trkpt>
      <trkpt lat="44.2174" lon="5.13763">
        <ele>281</ele>
      </trkpt>
      <trkpt lat="44.21745" lon="5.13764">
        <ele>281</ele>
      </trkpt>
      <trkpt lat="44.21751" lon="5.13762">
        <ele>281</ele>
      </trkpt>
      <trkpt lat="44.21755" lon="5.13778">
        <ele>281</ele>
      </trkpt>
      <trkpt lat="44.21757" lon="5.13791">
        <ele>281</ele>
      </trkpt>
      <trkpt lat="44.21778" lon="5.13797">
        <ele>282</ele>
      </trkpt>
      <trkpt lat="44.21793" lon="5.13811">
        <ele>285</ele>
      </trkpt>
      <trkpt lat="44.21794" lon="5.13813">
        <ele>285</ele>
      </trkpt>
      <trkpt lat="44.21794" lon="5.13812">
        <ele>285</ele>
      </trkpt>
      <trkpt lat="44.2180925" lon="5.13808">
        <ele>288</ele>
      </trkpt>
      <trkpt lat="44.218244999999996" lon="5.13804">
        <ele>291</ele>
      </trkpt>
      <trkpt lat="44.218397499999995" lon="5.138">
        <ele>298</ele>
      </trkpt>
      <trkpt lat="44.21855" lon="5.13796">
        <ele>303</ele>
      </trkpt>
      <trkpt lat="44.21856" lon="5.13795">
        <ele>305</ele>
      </trkpt>
      <trkpt lat="44.21853" lon="5.13773">
        <ele>307</ele>
      </trkpt>
      <trkpt lat="44.21853" lon="5.13763">
        <ele>308</ele>
      </trkpt>
      <trkpt lat="44.21856" lon="5.1375">
        <ele>310</ele>
      </trkpt>
      <trkpt lat="44.21859" lon="5.13743">
        <ele>310</ele>
      </trkpt>
      <trkpt lat="44.218665" lon="5.137185000000001">
        <ele>312</ele>
      </trkpt>
      <trkpt lat="44.21874" lon="5.13694">
        <ele>313</ele>
      </trkpt>
      <trkpt lat="44.218805" lon="5.136760000000001">
        <ele>313</ele>
      </trkpt>
      <trkpt lat="44.21887" lon="5.13658">
        <ele>314</ele>
      </trkpt>
      <trkpt lat="44.21899" lon="5.1363">
        <ele>315</ele>
      </trkpt>
      <trkpt lat="44.21902" lon="5.13618">
        <ele>316</ele>
      </trkpt>
      <trkpt lat="44.21909" lon="5.136">
        <ele>318</ele>
      </trkpt>
      <trkpt lat="44.21913" lon="5.13586">
        <ele>320</ele>
      </trkpt>
      <trkpt lat="44.21915" lon="5.13582">
        <ele>320</ele>
      </trkpt>
      <trkpt lat="44.21923" lon="5.13577">
        <ele>322</ele>
      </trkpt>
      <trkpt lat="44.21929" lon="5.13581">
        <ele>322</ele>
      </trkpt>
      <trkpt lat="44.21932" lon="5.13585">
        <ele>322</ele>
      </trkpt>
      <trkpt lat="44.21939" lon="5.13582">
        <ele>322</ele>
      </trkpt>
      <trkpt lat="44.21946" lon="5.13584">
        <ele>321</ele>
      </trkpt>
      <trkpt lat="44.21968" lon="5.13596">
        <ele>315</ele>
      </trkpt>
      <trkpt lat="44.21975" lon="5.13597">
        <ele>313</ele>
      </trkpt>
      <trkpt lat="44.21988" lon="5.13596">
        <ele>310</ele>
      </trkpt>
      <trkpt lat="44.21994" lon="5.13599">
        <ele>306</ele>
      </trkpt>
      <trkpt lat="44.22001" lon="5.13606">
        <ele>304</ele>
      </trkpt>
      <trkpt lat="44.22009" lon="5.13607">
        <ele>300</ele>
      </trkpt>
      <trkpt lat="44.2201" lon="5.13621">
        <ele>298</ele>
      </trkpt>
      <trkpt lat="44.22021" lon="5.13643">
        <ele>296</ele>
      </trkpt>
      <trkpt lat="44.22031" lon="5.13651">
        <ele>294</ele>
      </trkpt>
      <trkpt lat="44.22041" lon="5.13654">
        <ele>292</ele>
      </trkpt>
      <trkpt lat="44.220545" lon="5.136605">
        <ele>289</ele>
      </trkpt>
      <trkpt lat="44.22068" lon="5.1366700000000005">
        <ele>286</ele>
      </trkpt>
      <trkpt lat="44.220815" lon="5.136735">
        <ele>285</ele>
      </trkpt>
      <trkpt lat="44.22095" lon="5.1368">
        <ele>284</ele>
      </trkpt>
      <trkpt lat="44.22102" lon="5.13689">
        <ele>283</ele>
      </trkpt>
      <trkpt lat="44.22102" lon="5.13689">
        <ele>284.85547768308334</ele>
      </trkpt>
      <trkpt lat="44.22112491491791" lon="5.137112772813595">
        <ele>282.77342171426994</ele>
      </trkpt>
      <trkpt lat="44.221419363216796" lon="5.136924458928405">
        <ele>272.96161155931003</ele>
      </trkpt>
      <trkpt lat="44.221419363216796" lon="5.136924458928405">
        <ele>272.96161155931003</ele>
      </trkpt>
      <trkpt lat="44.221419363216796" lon="5.136924458928405">
        <ele>272.96161155931003</ele>
      </trkpt>
      <trkpt lat="44.22154204957289" lon="5.136530711713277">
        <ele>268.3227209593951</ele>
      </trkpt>
      <trkpt lat="44.22154204957289" lon="5.136530711713277">
        <ele>268.3227209593951</ele>
      </trkpt>
      <trkpt lat="44.221613566063326" lon="5.136632722453356">
        <ele>267.04909986090087</ele>
      </trkpt>
      <trkpt lat="44.22169640890516" lon="5.136604368269616">
        <ele>265.197165473225</ele>
      </trkpt>
      <trkpt lat="44.22169640890516" lon="5.136604368269616">
        <ele>265.197165473225</ele>
      </trkpt>
      <trkpt lat="44.22182174832267" lon="5.136689181684545">
        <ele>262.34012763667903</ele>
      </trkpt>
      <trkpt lat="44.22182174832267" lon="5.136689181684545">
        <ele>262.34012763667903</ele>
      </trkpt>
      <trkpt lat="44.2219887384704" lon="5.136626446372162">
        <ele>259.2512376601728</ele>
      </trkpt>
      <trkpt lat="44.2219887384704" lon="5.136626446372162">
        <ele>259.2512376601728</ele>
      </trkpt>
      <trkpt lat="44.22211719210793" lon="5.136729511527449">
        <ele>257.47980702601257</ele>
      </trkpt>
      <trkpt lat="44.22211719210793" lon="5.136729511527449">
        <ele>257.47980702601257</ele>
      </trkpt>
      <trkpt lat="44.22211719210793" lon="5.136729511527449">
        <ele>257.47980702601257</ele>
      </trkpt>
      <trkpt lat="44.22217660182059" lon="5.136812411761895">
        <ele>257.4429575345729</ele>
      </trkpt>
      <trkpt lat="44.22227454743157" lon="5.136798968480974">
        <ele>257.6308449399802</ele>
      </trkpt>
      <trkpt lat="44.22227454743157" lon="5.136798968480974">
        <ele>257.6308449399802</ele>
      </trkpt>
      <trkpt lat="44.22254" lon="5.13674">
        <ele>260.1968975236237</ele>
      </trkpt>
      <trkpt lat="44.22254" lon="5.13674">
        <ele>260</ele>
      </trkpt>
      <trkpt lat="44.22249" lon="5.13679">
        <ele>260</ele>
      </trkpt>
      <trkpt lat="44.22248" lon="5.13678">
        <ele>260</ele>
      </trkpt>
      <trkpt lat="44.22249" lon="5.13679">
        <ele>260</ele>
      </trkpt>
      <trkpt lat="44.22241" lon="5.13688">
        <ele>260</ele>
      </trkpt>
      <trkpt lat="44.22224" lon="5.1371199999999995">
        <ele>260</ele>
      </trkpt>
      <trkpt lat="44.22207" lon="5.137359999999999">
        <ele>261</ele>
      </trkpt>
      <trkpt lat="44.221900000000005" lon="5.137599999999999">
        <ele>261</ele>
      </trkpt>
      <trkpt lat="44.22173" lon="5.13784">
        <ele>262</ele>
      </trkpt>
      <trkpt lat="44.22161" lon="5.13808">
        <ele>263</ele>
      </trkpt>
      <trkpt lat="44.221515" lon="5.138315">
        <ele>263</ele>
      </trkpt>
      <trkpt lat="44.22142" lon="5.13855">
        <ele>263</ele>
      </trkpt>
      <trkpt lat="44.221295" lon="5.13877">
        <ele>264</ele>
      </trkpt>
      <trkpt lat="44.22117" lon="5.13899">
        <ele>264</ele>
      </trkpt>
      <trkpt lat="44.221045000000004" lon="5.13921">
        <ele>264</ele>
      </trkpt>
      <trkpt lat="44.22092" lon="5.13943">
        <ele>265</ele>
      </trkpt>
      <trkpt lat="44.2209" lon="5.13941">
        <ele>265</ele>
      </trkpt>
      <trkpt lat="44.22103" lon="5.1396">
        <ele>269</ele>
      </trkpt>
      <trkpt lat="44.2210825" lon="5.1398725">
        <ele>272</ele>
      </trkpt>
      <trkpt lat="44.221135000000004" lon="5.140145">
        <ele>275</ele>
      </trkpt>
      <trkpt lat="44.2211875" lon="5.1404175">
        <ele>275</ele>
      </trkpt>
      <trkpt lat="44.22124" lon="5.14069">
        <ele>276</ele>
      </trkpt>
      <trkpt lat="44.2214" lon="5.1406624999999995">
        <ele>280</ele>
      </trkpt>
      <trkpt lat="44.22156" lon="5.140635">
        <ele>282</ele>
      </trkpt>
      <trkpt lat="44.22172" lon="5.1406075">
        <ele>283</ele>
      </trkpt>
      <trkpt lat="44.22188" lon="5.14058">
        <ele>287</ele>
      </trkpt>
      <trkpt lat="44.222004999999996" lon="5.140890000000001">
        <ele>287</ele>
      </trkpt>
      <trkpt lat="44.22213" lon="5.1412">
        <ele>288</ele>
      </trkpt>
      <trkpt lat="44.22216" lon="5.14117">
        <ele>288</ele>
      </trkpt>
      <trkpt lat="44.2222" lon="5.14123">
        <ele>288</ele>
      </trkpt>
      <trkpt lat="44.222094999999996" lon="5.14137">
        <ele>288</ele>
      </trkpt>
      <trkpt lat="44.22199" lon="5.14151">
        <ele>287</ele>
      </trkpt>
      <trkpt lat="44.221835" lon="5.141755">
        <ele>286</ele>
      </trkpt>
      <trkpt lat="44.22168" lon="5.142">
        <ele>286</ele>
      </trkpt>
      <trkpt lat="44.22153" lon="5.14217">
        <ele>286</ele>
      </trkpt>
      <trkpt lat="44.2215" lon="5.14216">
        <ele>285</ele>
      </trkpt>
      <trkpt lat="44.221325" lon="5.141915">
        <ele>281</ele>
      </trkpt>
      <trkpt lat="44.22115" lon="5.14167">
        <ele>280</ele>
      </trkpt>
      <trkpt lat="44.22099" lon="5.141885">
        <ele>279</ele>
      </trkpt>
      <trkpt lat="44.22083" lon="5.1421">
        <ele>278</ele>
      </trkpt>
      <trkpt lat="44.22083" lon="5.1421">
        <ele>277.192012183731</ele>
      </trkpt>
      <trkpt lat="44.22050966641586" lon="5.142540326179396">
        <ele>277.3819145615937</ele>
      </trkpt>
      <trkpt lat="44.220392602687895" lon="5.142701240384554">
        <ele>277.64129185164444</ele>
      </trkpt>
      <trkpt lat="44.220392602687895" lon="5.142701240384554">
        <ele>277.64129185164444</ele>
      </trkpt>
      <trkpt lat="44.22045495740019" lon="5.142953499448623">
        <ele>279.33021729029764</ele>
      </trkpt>
      <trkpt lat="44.22040380793953" lon="5.143065026704818">
        <ele>279.647089702078</ele>
      </trkpt>
      <trkpt lat="44.22040380793953" lon="5.143065026704818">
        <ele>279.647089702078</ele>
      </trkpt>
      <trkpt lat="44.22044131644543" lon="5.143179914528275">
        <ele>280.46533092428024</ele>
      </trkpt>
      <trkpt lat="44.22044131644543" lon="5.143179914528275">
        <ele>280.46533092428024</ele>
      </trkpt>
      <trkpt lat="44.22042301961639" lon="5.143200339030045">
        <ele>280.465330924094</ele>
      </trkpt>
      <trkpt lat="44.22042301961639" lon="5.143200339030045">
        <ele>280.465330924094</ele>
      </trkpt>
      <trkpt lat="44.220346172871245" lon="5.143118641022795">
        <ele>279.5260513883101</ele>
      </trkpt>
      <trkpt lat="44.220346172871245" lon="5.143118641022795">
        <ele>279.5260513883101</ele>
      </trkpt>
      <trkpt lat="44.22028945259052" lon="5.143132682867417">
        <ele>279.22296248539567</ele>
      </trkpt>
      <trkpt lat="44.22028945259052" lon="5.143132682867417">
        <ele>279.22296248539567</ele>
      </trkpt>
      <trkpt lat="44.22026841118205" lon="5.143214380876202">
        <ele>279.2683916646995</ele>
      </trkpt>
      <trkpt lat="44.22026841118205" lon="5.143214380876202">
        <ele>279.2683916646995</ele>
      </trkpt>
      <trkpt lat="44.22039021352717" lon="5.143534477173404">
        <ele>281.2903012988861</ele>
      </trkpt>
      <trkpt lat="44.22039021352717" lon="5.143534477173404">
        <ele>281.2903012988861</ele>
      </trkpt>
      <trkpt lat="44.22037" lon="5.14378">
        <ele>281.1235734476578</ele>
      </trkpt>
      <trkpt lat="44.22037" lon="5.14378">
        <ele>279</ele>
      </trkpt>
      <trkpt lat="44.22035" lon="5.14385">
        <ele>279</ele>
      </trkpt>
      <trkpt lat="44.22032" lon="5.14391">
        <ele>279</ele>
      </trkpt>
      <trkpt lat="44.22013" lon="5.1440850000000005">
        <ele>281</ele>
      </trkpt>
      <trkpt lat="44.21994" lon="5.14426">
        <ele>281</ele>
      </trkpt>
      <trkpt lat="44.2199" lon="5.14431">
        <ele>282</ele>
      </trkpt>
      <trkpt lat="44.21989" lon="5.14436">
        <ele>282</ele>
      </trkpt>
      <trkpt lat="44.21993" lon="5.14448">
        <ele>283</ele>
      </trkpt>
      <trkpt lat="44.220060000000004" lon="5.144785">
        <ele>285</ele>
      </trkpt>
      <trkpt lat="44.22019" lon="5.14509">
        <ele>288</ele>
      </trkpt>
      <trkpt lat="44.22025" lon="5.14527">
        <ele>289</ele>
      </trkpt>
      <trkpt lat="44.22031" lon="5.14537">
        <ele>291</ele>
      </trkpt>
      <trkpt lat="44.22039" lon="5.14546">
        <ele>293</ele>
      </trkpt>
      <trkpt lat="44.22047" lon="5.14552">
        <ele>295</ele>
      </trkpt>
      <trkpt lat="44.22052" lon="5.14555">
        <ele>296</ele>
      </trkpt>
      <trkpt lat="44.22073" lon="5.14559">
        <ele>300</ele>
      </trkpt>
      <trkpt lat="44.22076" lon="5.14565">
        <ele>303</ele>
      </trkpt>
      <trkpt lat="44.22075" lon="5.14572">
        <ele>305</ele>
      </trkpt>
      <trkpt lat="44.22073" lon="5.14577">
        <ele>306</ele>
      </trkpt>
      <trkpt lat="44.22055" lon="5.14604">
        <ele>313</ele>
      </trkpt>
      <trkpt lat="44.22053" lon="5.14608">
        <ele>314</ele>
      </trkpt>
      <trkpt lat="44.22053" lon="5.14613">
        <ele>314</ele>
      </trkpt>
      <trkpt lat="44.22076" lon="5.14609">
        <ele>314</ele>
      </trkpt>
      <trkpt lat="44.22081" lon="5.14613">
        <ele>314</ele>
      </trkpt>
      <trkpt lat="44.22085" lon="5.14626">
        <ele>314</ele>
      </trkpt>
      <trkpt lat="44.22082" lon="5.14639">
        <ele>314</ele>
      </trkpt>
      <trkpt lat="44.22078" lon="5.14674">
        <ele>315</ele>
      </trkpt>
      <trkpt lat="44.22073" lon="5.14706">
        <ele>315</ele>
      </trkpt>
      <trkpt lat="44.22074" lon="5.14726">
        <ele>316</ele>
      </trkpt>
      <trkpt lat="44.22079" lon="5.14761">
        <ele>316</ele>
      </trkpt>
      <trkpt lat="44.22087" lon="5.14787">
        <ele>316</ele>
      </trkpt>
      <trkpt lat="44.22095" lon="5.14804">
        <ele>316</ele>
      </trkpt>
      <trkpt lat="44.22102" lon="5.14815">
        <ele>316</ele>
      </trkpt>
      <trkpt lat="44.22109" lon="5.14822">
        <ele>316</ele>
      </trkpt>
      <trkpt lat="44.22115" lon="5.14824">
        <ele>315</ele>
      </trkpt>
      <trkpt lat="44.22128" lon="5.14823">
        <ele>315</ele>
      </trkpt>
      <trkpt lat="44.22118" lon="5.14838">
        <ele>315</ele>
      </trkpt>
      <trkpt lat="44.221059999999994" lon="5.148675000000001">
        <ele>315</ele>
      </trkpt>
      <trkpt lat="44.22094" lon="5.14897">
        <ele>316</ele>
      </trkpt>
      <trkpt lat="44.22089" lon="5.14912">
        <ele>317</ele>
      </trkpt>
      <trkpt lat="44.220839999999995" lon="5.149325">
        <ele>319</ele>
      </trkpt>
      <trkpt lat="44.22079" lon="5.14953">
        <ele>321</ele>
      </trkpt>
      <trkpt lat="44.22073" lon="5.14963">
        <ele>321</ele>
      </trkpt>
      <trkpt lat="44.22065" lon="5.14968">
        <ele>322</ele>
      </trkpt>
      <trkpt lat="44.22057" lon="5.14968">
        <ele>323</ele>
      </trkpt>
      <trkpt lat="44.2205" lon="5.14966">
        <ele>323</ele>
      </trkpt>
      <trkpt lat="44.220349999999996" lon="5.14953">
        <ele>326</ele>
      </trkpt>
      <trkpt lat="44.2202" lon="5.1494">
        <ele>326</ele>
      </trkpt>
      <trkpt lat="44.22016" lon="5.14942">
        <ele>326</ele>
      </trkpt>
      <trkpt lat="44.22007" lon="5.149595">
        <ele>327</ele>
      </trkpt>
      <trkpt lat="44.21998" lon="5.14977">
        <ele>328</ele>
      </trkpt>
      <trkpt lat="44.2198875" lon="5.1499950000000005">
        <ele>328</ele>
      </trkpt>
      <trkpt lat="44.219795000000005" lon="5.15022">
        <ele>329</ele>
      </trkpt>
      <trkpt lat="44.219702500000004" lon="5.1504449999999995">
        <ele>330</ele>
      </trkpt>
      <trkpt lat="44.21961" lon="5.15067">
        <ele>331</ele>
      </trkpt>
      <trkpt lat="44.21953" lon="5.151">
        <ele>332</ele>
      </trkpt>
      <trkpt lat="44.21952" lon="5.15112">
        <ele>333</ele>
      </trkpt>
      <trkpt lat="44.21954" lon="5.15128">
        <ele>335</ele>
      </trkpt>
      <trkpt lat="44.21958" lon="5.15146">
        <ele>335</ele>
      </trkpt>
      <trkpt lat="44.21953" lon="5.15169">
        <ele>337</ele>
      </trkpt>
      <trkpt lat="44.21942" lon="5.15197">
        <ele>339</ele>
      </trkpt>
      <trkpt lat="44.21939" lon="5.15218">
        <ele>340</ele>
      </trkpt>
      <trkpt lat="44.21938" lon="5.15243">
        <ele>341</ele>
      </trkpt>
      <trkpt lat="44.21932" lon="5.15266">
        <ele>343</ele>
      </trkpt>
      <trkpt lat="44.21918" lon="5.15297">
        <ele>344</ele>
      </trkpt>
      <trkpt lat="44.21917" lon="5.1531">
        <ele>344</ele>
      </trkpt>
      <trkpt lat="44.21921" lon="5.15318">
        <ele>344</ele>
      </trkpt>
      <trkpt lat="44.21927" lon="5.15326">
        <ele>344</ele>
      </trkpt>
      <trkpt lat="44.219385" lon="5.153370000000001">
        <ele>344</ele>
      </trkpt>
      <trkpt lat="44.2195" lon="5.15348">
        <ele>343</ele>
      </trkpt>
      <trkpt lat="44.219615" lon="5.1535899999999994">
        <ele>343</ele>
      </trkpt>
      <trkpt lat="44.21973" lon="5.1537">
        <ele>343</ele>
      </trkpt>
      <trkpt lat="44.21982" lon="5.15374">
        <ele>343</ele>
      </trkpt>
      <trkpt lat="44.2199" lon="5.15376">
        <ele>343</ele>
      </trkpt>
      <trkpt lat="44.22008" lon="5.15373">
        <ele>343</ele>
      </trkpt>
      <trkpt lat="44.22022" lon="5.153675">
        <ele>343</ele>
      </trkpt>
      <trkpt lat="44.22036" lon="5.15362">
        <ele>343</ele>
      </trkpt>
      <trkpt lat="44.220565" lon="5.153525">
        <ele>344</ele>
      </trkpt>
      <trkpt lat="44.22077" lon="5.15343">
        <ele>344</ele>
      </trkpt>
      <trkpt lat="44.22095" lon="5.15332">
        <ele>344</ele>
      </trkpt>
      <trkpt lat="44.221109999999996" lon="5.15329">
        <ele>346</ele>
      </trkpt>
      <trkpt lat="44.22127" lon="5.15326">
        <ele>346</ele>
      </trkpt>
      <trkpt lat="44.22145999999999" lon="5.153205">
        <ele>347</ele>
      </trkpt>
      <trkpt lat="44.22165" lon="5.15315">
        <ele>348</ele>
      </trkpt>
      <trkpt lat="44.22184" lon="5.15313">
        <ele>348</ele>
      </trkpt>
      <trkpt lat="44.222065" lon="5.15324">
        <ele>351</ele>
      </trkpt>
      <trkpt lat="44.22229" lon="5.15335">
        <ele>352</ele>
      </trkpt>
      <trkpt lat="44.2224625" lon="5.15344">
        <ele>354</ele>
      </trkpt>
      <trkpt lat="44.222635" lon="5.15353">
        <ele>356</ele>
      </trkpt>
      <trkpt lat="44.2228075" lon="5.15362">
        <ele>359</ele>
      </trkpt>
      <trkpt lat="44.22298" lon="5.15371">
        <ele>362</ele>
      </trkpt>
      <trkpt lat="44.22323" lon="5.15368">
        <ele>362</ele>
      </trkpt>
      <trkpt lat="44.22339" lon="5.15361">
        <ele>362</ele>
      </trkpt>
      <trkpt lat="44.223575" lon="5.15351">
        <ele>362</ele>
      </trkpt>
      <trkpt lat="44.22376" lon="5.15341">
        <ele>361</ele>
      </trkpt>
      <trkpt lat="44.22379" lon="5.15341">
        <ele>361</ele>
      </trkpt>
      <trkpt lat="44.2238" lon="5.15343">
        <ele>361</ele>
      </trkpt>
      <trkpt lat="44.2238" lon="5.15353">
        <ele>361</ele>
      </trkpt>
      <trkpt lat="44.223715" lon="5.153824999999999">
        <ele>362</ele>
      </trkpt>
      <trkpt lat="44.22363" lon="5.15412">
        <ele>362</ele>
      </trkpt>
      <trkpt lat="44.22369" lon="5.15429">
        <ele>362</ele>
      </trkpt>
      <trkpt lat="44.223735" lon="5.154565">
        <ele>362</ele>
      </trkpt>
      <trkpt lat="44.22378" lon="5.15484">
        <ele>361</ele>
      </trkpt>
      <trkpt lat="44.2238" lon="5.15504">
        <ele>359</ele>
      </trkpt>
      <trkpt lat="44.2238" lon="5.15525">
        <ele>358</ele>
      </trkpt>
      <trkpt lat="44.2238" lon="5.15546">
        <ele>356</ele>
      </trkpt>
      <trkpt lat="44.22369" lon="5.15558">
        <ele>356</ele>
      </trkpt>
      <trkpt lat="44.22362" lon="5.155754999999999">
        <ele>355</ele>
      </trkpt>
      <trkpt lat="44.22355" lon="5.15593">
        <ele>353</ele>
      </trkpt>
      <trkpt lat="44.22348" lon="5.156105">
        <ele>352</ele>
      </trkpt>
      <trkpt lat="44.22341" lon="5.15628">
        <ele>351</ele>
      </trkpt>
      <trkpt lat="44.22339" lon="5.15646">
        <ele>350</ele>
      </trkpt>
      <trkpt lat="44.22339" lon="5.15677">
        <ele>349</ele>
      </trkpt>
      <trkpt lat="44.22323" lon="5.15698">
        <ele>348</ele>
      </trkpt>
      <trkpt lat="44.22307" lon="5.15719">
        <ele>345</ele>
      </trkpt>
      <trkpt lat="44.22301" lon="5.15734">
        <ele>344</ele>
      </trkpt>
      <trkpt lat="44.22292" lon="5.15749">
        <ele>344</ele>
      </trkpt>
      <trkpt lat="44.22283" lon="5.15767">
        <ele>343</ele>
      </trkpt>
      <trkpt lat="44.22273" lon="5.157945">
        <ele>343</ele>
      </trkpt>
      <trkpt lat="44.22263" lon="5.15822">
        <ele>343</ele>
      </trkpt>
      <trkpt lat="44.222570000000005" lon="5.158415">
        <ele>343</ele>
      </trkpt>
      <trkpt lat="44.22251" lon="5.15861">
        <ele>342</ele>
      </trkpt>
      <trkpt lat="44.22233" lon="5.15878">
        <ele>342</ele>
      </trkpt>
      <trkpt lat="44.22222" lon="5.15886">
        <ele>341</ele>
      </trkpt>
      <trkpt lat="44.22225" lon="5.15889">
        <ele>341</ele>
      </trkpt>
      <trkpt lat="44.22242" lon="5.15893">
        <ele>338</ele>
      </trkpt>
      <trkpt lat="44.22245" lon="5.15911">
        <ele>335</ele>
      </trkpt>
      <trkpt lat="44.22244" lon="5.15918">
        <ele>334</ele>
      </trkpt>
      <trkpt lat="44.22237" lon="5.15932">
        <ele>332</ele>
      </trkpt>
      <trkpt lat="44.22223" lon="5.1595">
        <ele>331</ele>
      </trkpt>
      <trkpt lat="44.22212" lon="5.15961">
        <ele>331</ele>
      </trkpt>
      <trkpt lat="44.22208" lon="5.15974">
        <ele>331</ele>
      </trkpt>
      <trkpt lat="44.22207" lon="5.15985">
        <ele>330</ele>
      </trkpt>
      <trkpt lat="44.22211" lon="5.15994">
        <ele>330</ele>
      </trkpt>
      <trkpt lat="44.22218" lon="5.16001">
        <ele>327</ele>
      </trkpt>
      <trkpt lat="44.22225" lon="5.15993">
        <ele>326</ele>
      </trkpt>
      <trkpt lat="44.22236" lon="5.15987">
        <ele>325</ele>
      </trkpt>
      <trkpt lat="44.22243" lon="5.15988">
        <ele>325</ele>
      </trkpt>
      <trkpt lat="44.22266" lon="5.15999">
        <ele>322</ele>
      </trkpt>
      <trkpt lat="44.222849999999994" lon="5.16015">
        <ele>318</ele>
      </trkpt>
      <trkpt lat="44.22304" lon="5.16031">
        <ele>316</ele>
      </trkpt>
      <trkpt lat="44.22325" lon="5.16035">
        <ele>313</ele>
      </trkpt>
      <trkpt lat="44.22347" lon="5.16042">
        <ele>310</ele>
      </trkpt>
      <trkpt lat="44.223605" lon="5.16047">
        <ele>309</ele>
      </trkpt>
      <trkpt lat="44.22374" lon="5.16052">
        <ele>307</ele>
      </trkpt>
      <trkpt lat="44.22392" lon="5.16061">
        <ele>305</ele>
      </trkpt>
      <trkpt lat="44.224064999999996" lon="5.1608">
        <ele>302</ele>
      </trkpt>
      <trkpt lat="44.22421" lon="5.16099">
        <ele>299</ele>
      </trkpt>
      <trkpt lat="44.22441" lon="5.16116">
        <ele>297</ele>
      </trkpt>
      <trkpt lat="44.22457" lon="5.16135">
        <ele>293</ele>
      </trkpt>
      <trkpt lat="44.22476" lon="5.1615">
        <ele>289</ele>
      </trkpt>
      <trkpt lat="44.22492" lon="5.16153">
        <ele>287</ele>
      </trkpt>
      <trkpt lat="44.22506" lon="5.16167">
        <ele>285</ele>
      </trkpt>
      <trkpt lat="44.225255000000004" lon="5.16184">
        <ele>283</ele>
      </trkpt>
      <trkpt lat="44.22545" lon="5.16201">
        <ele>281</ele>
      </trkpt>
      <trkpt lat="44.22553" lon="5.16214">
        <ele>280</ele>
      </trkpt>
      <trkpt lat="44.22559" lon="5.16228">
        <ele>280</ele>
      </trkpt>
      <trkpt lat="44.22566" lon="5.16255">
        <ele>278</ele>
      </trkpt>
      <trkpt lat="44.22569" lon="5.16289">
        <ele>277</ele>
      </trkpt>
      <trkpt lat="44.22572" lon="5.16294">
        <ele>277</ele>
      </trkpt>
      <trkpt lat="44.2257" lon="5.16303">
        <ele>277</ele>
      </trkpt>
      <trkpt lat="44.22579" lon="5.16324">
        <ele>277</ele>
      </trkpt>
      <trkpt lat="44.22584" lon="5.16346">
        <ele>276</ele>
      </trkpt>
      <trkpt lat="44.22584" lon="5.16346">
        <ele>276.3796745975223</ele>
      </trkpt>
      <trkpt lat="44.225601132949805" lon="5.163991634719766">
        <ele>275.4053032237846</ele>
      </trkpt>
      <trkpt lat="44.22556842803871" lon="5.164064424442046">
        <ele>275.2238253981999</ele>
      </trkpt>
      <trkpt lat="44.22530592078179" lon="5.164573886145338">
        <ele>275.46478799395345</ele>
      </trkpt>
      <trkpt lat="44.22519756134491" lon="5.1647841850297596">
        <ele>275.9668509209934</ele>
      </trkpt>
      <trkpt lat="44.22519756134491" lon="5.1647841850297596">
        <ele>275.9668509209934</ele>
      </trkpt>
      <trkpt lat="44.22492176543086" lon="5.165279783256435">
        <ele>276.8205551086363</ele>
      </trkpt>
      <trkpt lat="44.224709455042216" lon="5.165661299612367">
        <ele>276.8650037486116</ele>
      </trkpt>
      <trkpt lat="44.224709455042216" lon="5.165661299612367">
        <ele>276.8650037486116</ele>
      </trkpt>
      <trkpt lat="44.224478220668004" lon="5.165839328605216">
        <ele>278.1438615466887</ele>
      </trkpt>
      <trkpt lat="44.224478220668004" lon="5.165839328605216">
        <ele>278.1438615466887</ele>
      </trkpt>
      <trkpt lat="44.224364995229564" lon="5.165959498174885">
        <ele>279.1678311869513</ele>
      </trkpt>
      <trkpt lat="44.224364995229564" lon="5.165959498174885">
        <ele>279.1678311869513</ele>
      </trkpt>
      <trkpt lat="44.22425814848924" lon="5.166108597456088">
        <ele>280.43878441979575</ele>
      </trkpt>
      <trkpt lat="44.22425814848924" lon="5.166108597456088">
        <ele>280.43878441979575</ele>
      </trkpt>
      <trkpt lat="44.22425814848924" lon="5.166108597456088">
        <ele>280.43878441979575</ele>
      </trkpt>
      <trkpt lat="44.22430280088179" lon="5.166244344563097">
        <ele>279.150797444397</ele>
      </trkpt>
      <trkpt lat="44.224231038091375" lon="5.166226541664059">
        <ele>280.48679758571103</ele>
      </trkpt>
      <trkpt lat="44.224231038091375" lon="5.166226541664059">
        <ele>280.48679758571103</ele>
      </trkpt>
      <trkpt lat="44.22415972403758" lon="5.16625086142227">
        <ele>281.6401415295437</ele>
      </trkpt>
      <trkpt lat="44.22415972403758" lon="5.16625086142227">
        <ele>281.6401415295437</ele>
      </trkpt>
      <trkpt lat="44.22415972403758" lon="5.16625086142227">
        <ele>281.6401415295437</ele>
      </trkpt>
      <trkpt lat="44.22412614258516" lon="5.166225478324691">
        <ele>282.3664599279181</ele>
      </trkpt>
      <trkpt lat="44.22404851917446" lon="5.166136666696957">
        <ele>284.07962165502863</ele>
      </trkpt>
      <trkpt lat="44.22404851917446" lon="5.166136666696957">
        <ele>284.07962165502863</ele>
      </trkpt>
      <trkpt lat="44.224012139198095" lon="5.1661581447027345">
        <ele>284.63014283364237</ele>
      </trkpt>
      <trkpt lat="44.224012139198095" lon="5.1661581447027345">
        <ele>284.63014283364237</ele>
      </trkpt>
      <trkpt lat="44.224012139198095" lon="5.1661581447027345">
        <ele>284.63014283364237</ele>
      </trkpt>
      <trkpt lat="44.22392258839113" lon="5.166126903966756">
        <ele>286.27964894892716</ele>
      </trkpt>
      <trkpt lat="44.22384772230092" lon="5.1661906880781885">
        <ele>287.0131376148969</ele>
      </trkpt>
      <trkpt lat="44.22384772230092" lon="5.1661906880781885">
        <ele>287.0131376148969</ele>
      </trkpt>
      <trkpt lat="44.22384772230092" lon="5.1661906880781885">
        <ele>287.0131376148969</ele>
      </trkpt>
      <trkpt lat="44.223755379305004" lon="5.166153339970123">
        <ele>288.52135496269983</ele>
      </trkpt>
      <trkpt lat="44.223650246748946" lon="5.166064940378931">
        <ele>290.6466421893424</ele>
      </trkpt>
      <trkpt lat="44.223650246748946" lon="5.166064940378931">
        <ele>290.6466421893424</ele>
      </trkpt>
      <trkpt lat="44.22355589685952" lon="5.16625114377473">
        <ele>289.52622967433746</ele>
      </trkpt>
      <trkpt lat="44.22355589685952" lon="5.16625114377473">
        <ele>289.52622967433746</ele>
      </trkpt>
      <trkpt lat="44.22355589685952" lon="5.16625114377473">
        <ele>289.52622967433746</ele>
      </trkpt>
      <trkpt lat="44.22355050543274" lon="5.166358351790564">
        <ele>287.9840309943649</ele>
      </trkpt>
      <trkpt lat="44.22355050543274" lon="5.166358351790564">
        <ele>287.9840309943649</ele>
      </trkpt>
      <trkpt lat="44.223488106711756" lon="5.16647674963113">
        <ele>286.6276428158407</ele>
      </trkpt>
      <trkpt lat="44.22339987039251" lon="5.1663688703297055">
        <ele>288.5108025990434</ele>
      </trkpt>
      <trkpt lat="44.22339987039251" lon="5.1663688703297055">
        <ele>288.5108025990434</ele>
      </trkpt>
      <trkpt lat="44.22331171790108" lon="5.1663220092264055">
        <ele>289.6512742011905</ele>
      </trkpt>
      <trkpt lat="44.22331171790108" lon="5.1663220092264055">
        <ele>289.6512742011905</ele>
      </trkpt>
      <trkpt lat="44.22311582300301" lon="5.1662341446581195">
        <ele>292.4571465524393</ele>
      </trkpt>
      <trkpt lat="44.22311582300301" lon="5.1662341446581195">
        <ele>292.4571465524393</ele>
      </trkpt>
      <trkpt lat="44.22310183048552" lon="5.166189236101303">
        <ele>293.64690926876006</ele>
      </trkpt>
      <trkpt lat="44.22310183048552" lon="5.166189236101303">
        <ele>293.64690926876006</ele>
      </trkpt>
      <trkpt lat="44.22307664394532" lon="5.16611503935502">
        <ele>295.69476152060497</ele>
      </trkpt>
      <trkpt lat="44.22307664394532" lon="5.16611503935502">
        <ele>295.69476152060497</ele>
      </trkpt>
      <trkpt lat="44.22307664394532" lon="5.16611503935502">
        <ele>295.69476152060497</ele>
      </trkpt>
      <trkpt lat="44.22308503945979" lon="5.166072083344716">
        <ele>296.765454574879</ele>
      </trkpt>
      <trkpt lat="44.22304446112838" lon="5.166013506965868">
        <ele>298.62805117583</ele>
      </trkpt>
      <trkpt lat="44.22304446112838" lon="5.166013506965868">
        <ele>298.62805117583</ele>
      </trkpt>
      <trkpt lat="44.223005282023195" lon="5.165999839144945">
        <ele>299.3605628101159</ele>
      </trkpt>
      <trkpt lat="44.223005282023195" lon="5.165999839144945">
        <ele>299.3605628101159</ele>
      </trkpt>
      <trkpt lat="44.22291960029449" lon="5.165932868211911">
        <ele>302.1745197749701</ele>
      </trkpt>
      <trkpt lat="44.22291960029449" lon="5.165932868211911">
        <ele>302.1745197749701</ele>
      </trkpt>
      <trkpt lat="44.22291960029449" lon="5.165932868211911">
        <ele>302.1745197749701</ele>
      </trkpt>
      <trkpt lat="44.22281885375716" lon="5.165989492045412">
        <ele>301.6826066216592</ele>
      </trkpt>
      <trkpt lat="44.22281885375716" lon="5.165989492045412">
        <ele>301.6826066216592</ele>
      </trkpt>
      <trkpt lat="44.22278807005864" lon="5.165975824223409">
        <ele>302.36217806486866</ele>
      </trkpt>
      <trkpt lat="44.2227446930018" lon="5.165944583488567">
        <ele>303.7361628202031</ele>
      </trkpt>
      <trkpt lat="44.2227446930018" lon="5.165944583488567">
        <ele>303.7361628202031</ele>
      </trkpt>
      <trkpt lat="44.2227446930018" lon="5.165944583488567">
        <ele>303.7361628202031</ele>
      </trkpt>
      <trkpt lat="44.222677528463436" lon="5.165962156401349">
        <ele>303.7127570965932</ele>
      </trkpt>
      <trkpt lat="44.22257020621018" lon="5.165970871328568">
        <ele>304.3935438274885</ele>
      </trkpt>
      <trkpt lat="44.22257020621018" lon="5.165970871328568">
        <ele>304.3935438274885</ele>
      </trkpt>
      <trkpt lat="44.22235794352716" lon="5.165993061308171">
        <ele>305.9614193497735</ele>
      </trkpt>
      <trkpt lat="44.22235794352716" lon="5.165993061308171">
        <ele>305.9614193497735</ele>
      </trkpt>
      <trkpt lat="44.22235794352716" lon="5.165993061308171">
        <ele>305.9614193497735</ele>
      </trkpt>
      <trkpt lat="44.222315965423974" lon="5.165975488394281">
        <ele>306.93958490998585</ele>
      </trkpt>
      <trkpt lat="44.22226139384483" lon="5.166006729129094">
        <ele>306.8364351788562</ele>
      </trkpt>
      <trkpt lat="44.22226139384483" lon="5.166006729129094">
        <ele>306.8364351788562</ele>
      </trkpt>
      <trkpt lat="44.222258595301014" lon="5.166077020783462">
        <ele>305.1394140711937</ele>
      </trkpt>
      <trkpt lat="44.222258595301014" lon="5.166077020783462">
        <ele>305.1394140711937</ele>
      </trkpt>
      <trkpt lat="44.222258595301014" lon="5.166077020783462">
        <ele>305.1394140711937</ele>
      </trkpt>
      <trkpt lat="44.22223060985485" lon="5.166200031178363">
        <ele>303.4494900097575</ele>
      </trkpt>
      <trkpt lat="44.22215031649242" lon="5.166266940078316">
        <ele>304.5481796670098</ele>
      </trkpt>
      <trkpt lat="44.22215031649242" lon="5.166266940078316">
        <ele>304.5481796670098</ele>
      </trkpt>
      <trkpt lat="44.22208315127594" lon="5.166427048846316">
        <ele>306.5946771579197</ele>
      </trkpt>
      <trkpt lat="44.22208315127594" lon="5.166427048846316">
        <ele>306.5946771579197</ele>
      </trkpt>
      <trkpt lat="44.22208315127594" lon="5.166427048846316">
        <ele>306.5946771579197</ele>
      </trkpt>
      <trkpt lat="44.22210134186315" lon="5.166555916878451">
        <ele>307.5708192509792</ele>
      </trkpt>
      <trkpt lat="44.22202018381398" lon="5.166680879810116">
        <ele>312.93141712108843</ele>
      </trkpt>
      <trkpt lat="44.22202018381398" lon="5.166680879810116">
        <ele>312.93141712108843</ele>
      </trkpt>
      <trkpt lat="44.22202018381398" lon="5.166680879810116">
        <ele>312.93141712108843</ele>
      </trkpt>
      <trkpt lat="44.22197680619132" lon="5.166747266372653">
        <ele>316.1639680020047</ele>
      </trkpt>
      <trkpt lat="44.22196412575141" lon="5.166824224904332">
        <ele>318.3848607036755</ele>
      </trkpt>
      <trkpt lat="44.22196412575141" lon="5.166824224904332">
        <ele>318.3848607036755</ele>
      </trkpt>
      <trkpt lat="44.22196412575141" lon="5.166824224904332">
        <ele>318.3848607036755</ele>
      </trkpt>
      <trkpt lat="44.221983715653494" lon="5.166878896190184">
        <ele>318.84911730375643</ele>
      </trkpt>
      <trkpt lat="44.22196412575141" lon="5.166927709838859">
        <ele>320.7814617707471</ele>
      </trkpt>
      <trkpt lat="44.22196412575141" lon="5.166927709838859">
        <ele>320.7814617707471</ele>
      </trkpt>
      <trkpt lat="44.221924945926844" lon="5.166984333672389">
        <ele>323.62837102064015</ele>
      </trkpt>
      <trkpt lat="44.221924945926844" lon="5.166984333672389">
        <ele>323.62837102064015</ele>
      </trkpt>
      <trkpt lat="44.22185638117179" lon="5.167009716768831">
        <ele>326.6956300766253</ele>
      </trkpt>
      <trkpt lat="44.22185638117179" lon="5.167009716768831">
        <ele>326.6956300766253</ele>
      </trkpt>
      <trkpt lat="44.22179901060099" lon="5.167052672780244">
        <ele>329.5207876124291</ele>
      </trkpt>
      <trkpt lat="44.22179901060099" lon="5.167052672780244">
        <ele>329.5207876124291</ele>
      </trkpt>
      <trkpt lat="44.22179901060099" lon="5.167052672780244">
        <ele>329.5207876124291</ele>
      </trkpt>
      <trkpt lat="44.22174443854266" lon="5.167085866061541">
        <ele>331.8633601773991</ele>
      </trkpt>
      <trkpt lat="44.22174443854266" lon="5.167085866061541">
        <ele>331.8633601773991</ele>
      </trkpt>
      <trkpt lat="44.22166025333698" lon="5.167137945149193">
        <ele>335.0074729531059</ele>
      </trkpt>
      <trkpt lat="44.22159611074042" lon="5.167147204152997">
        <ele>336.8871030018671</ele>
      </trkpt>
      <trkpt lat="44.22159611074042" lon="5.167147204152997">
        <ele>336.8871030018671</ele>
      </trkpt>
      <trkpt lat="44.22152201489581" lon="5.167117883973873">
        <ele>338.5642696673526</ele>
      </trkpt>
      <trkpt lat="44.22152201489581" lon="5.167117883973873">
        <ele>338.5642696673526</ele>
      </trkpt>
      <trkpt lat="44.22152201489581" lon="5.167117883973873">
        <ele>338.5642696673526</ele>
      </trkpt>
      <trkpt lat="44.221414674378366" lon="5.167124762742901">
        <ele>341.40104537636887</ele>
      </trkpt>
      <trkpt lat="44.221414674378366" lon="5.167124762742901">
        <ele>341.40104537636887</ele>
      </trkpt>
      <trkpt lat="44.2212106498439" lon="5.167117818476328">
        <ele>346.3828610963972</ele>
      </trkpt>
      <trkpt lat="44.2212106498439" lon="5.167117818476328">
        <ele>346.3828610963972</ele>
      </trkpt>
      <trkpt lat="44.22114124035468" lon="5.1671164270725285">
        <ele>348.00580165560405</ele>
      </trkpt>
      <trkpt lat="44.221050002215634" lon="5.167139574582478">
        <ele>350.30539954465803</ele>
      </trkpt>
      <trkpt lat="44.221050002215634" lon="5.167139574582478">
        <ele>350.30539954465803</ele>
      </trkpt>
      <trkpt lat="44.220960422814755" lon="5.167079391057314">
        <ele>351.2996470030951</ele>
      </trkpt>
      <trkpt lat="44.220960422814755" lon="5.167079391057314">
        <ele>351.2996470030951</ele>
      </trkpt>
      <trkpt lat="44.220960422814755" lon="5.167079391057314">
        <ele>351.2996470030951</ele>
      </trkpt>
      <trkpt lat="44.22082302208966" lon="5.167107343992768">
        <ele>354.27866322156143</ele>
      </trkpt>
      <trkpt lat="44.22082302208966" lon="5.167107343992768">
        <ele>354.27866322156143</ele>
      </trkpt>
      <trkpt lat="44.22043431069167" lon="5.167115362832249">
        <ele>360.5241401324753</ele>
      </trkpt>
      <trkpt lat="44.22002" lon="5.16715">
        <ele>367.8718874887756</ele>
      </trkpt>
      <trkpt lat="44.22002" lon="5.16715">
        <ele>368</ele>
      </trkpt>
      <trkpt lat="44.2198" lon="5.167">
        <ele>369</ele>
      </trkpt>
      <trkpt lat="44.219660000000005" lon="5.1669350000000005">
        <ele>371</ele>
      </trkpt>
      <trkpt lat="44.21952" lon="5.16687">
        <ele>372</ele>
      </trkpt>
      <trkpt lat="44.21933" lon="5.16676">
        <ele>374</ele>
      </trkpt>
      <trkpt lat="44.21914" lon="5.1666">
        <ele>377</ele>
      </trkpt>
      <trkpt lat="44.218985" lon="5.166494999999999">
        <ele>379</ele>
      </trkpt>
      <trkpt lat="44.21883" lon="5.16639">
        <ele>382</ele>
      </trkpt>
      <trkpt lat="44.21863" lon="5.16627">
        <ele>385</ele>
      </trkpt>
      <trkpt lat="44.21849" lon="5.166195">
        <ele>388</ele>
      </trkpt>
      <trkpt lat="44.21835" lon="5.16612">
        <ele>388</ele>
      </trkpt>
      <trkpt lat="44.218215" lon="5.166065">
        <ele>390</ele>
      </trkpt>
      <trkpt lat="44.21808" lon="5.16601">
        <ele>392</ele>
      </trkpt>
      <trkpt lat="44.217870000000005" lon="5.165955">
        <ele>393</ele>
      </trkpt>
      <trkpt lat="44.21766" lon="5.1659">
        <ele>395</ele>
      </trkpt>
      <trkpt lat="44.21751" lon="5.1658">
        <ele>396</ele>
      </trkpt>
      <trkpt lat="44.21736" lon="5.16573">
        <ele>397</ele>
      </trkpt>
      <trkpt lat="44.21728" lon="5.16571">
        <ele>398</ele>
      </trkpt>
      <trkpt lat="44.21707" lon="5.16559">
        <ele>401</ele>
      </trkpt>
      <trkpt lat="44.21686" lon="5.16547">
        <ele>405</ele>
      </trkpt>
      <trkpt lat="44.21674" lon="5.16542">
        <ele>407</ele>
      </trkpt>
      <trkpt lat="44.21662" lon="5.16541">
        <ele>409</ele>
      </trkpt>
      <trkpt lat="44.216475" lon="5.165435">
        <ele>413</ele>
      </trkpt>
      <trkpt lat="44.21633" lon="5.16546">
        <ele>415</ele>
      </trkpt>
      <trkpt lat="44.21616" lon="5.1654575000000005">
        <ele>418</ele>
      </trkpt>
      <trkpt lat="44.21599" lon="5.165455">
        <ele>422</ele>
      </trkpt>
      <trkpt lat="44.215819999999994" lon="5.1654525">
        <ele>426</ele>
      </trkpt>
      <trkpt lat="44.21565" lon="5.16545">
        <ele>429</ele>
      </trkpt>
      <trkpt lat="44.2155" lon="5.16547">
        <ele>433</ele>
      </trkpt>
      <trkpt lat="44.21544" lon="5.16546">
        <ele>434</ele>
      </trkpt>
      <trkpt lat="44.21538" lon="5.16542">
        <ele>434</ele>
      </trkpt>
      <trkpt lat="44.2153" lon="5.16539">
        <ele>434</ele>
      </trkpt>
      <trkpt lat="44.21522" lon="5.1654">
        <ele>436</ele>
      </trkpt>
      <trkpt lat="44.21511" lon="5.16537">
        <ele>437</ele>
      </trkpt>
      <trkpt lat="44.21485" lon="5.16535">
        <ele>440</ele>
      </trkpt>
      <trkpt lat="44.21475" lon="5.16531">
        <ele>441</ele>
      </trkpt>
      <trkpt lat="44.21459" lon="5.1653">
        <ele>443</ele>
      </trkpt>
      <trkpt lat="44.21448" lon="5.16526">
        <ele>444</ele>
      </trkpt>
      <trkpt lat="44.21442" lon="5.1652">
        <ele>449</ele>
      </trkpt>
      <trkpt lat="44.21441" lon="5.16513">
        <ele>449</ele>
      </trkpt>
      <trkpt lat="44.21442" lon="5.16504">
        <ele>452</ele>
      </trkpt>
      <trkpt lat="44.2144" lon="5.16486">
        <ele>456</ele>
      </trkpt>
      <trkpt lat="44.21435" lon="5.16483">
        <ele>458</ele>
      </trkpt>
      <trkpt lat="44.21429" lon="5.16493">
        <ele>460</ele>
      </trkpt>
      <trkpt lat="44.21421" lon="5.16521">
        <ele>462</ele>
      </trkpt>
      <trkpt lat="44.21424" lon="5.16534">
        <ele>462</ele>
      </trkpt>
      <trkpt lat="44.21426" lon="5.1655">
        <ele>463</ele>
      </trkpt>
      <trkpt lat="44.2142" lon="5.16559">
        <ele>465</ele>
      </trkpt>
      <trkpt lat="44.21416" lon="5.16572">
        <ele>469</ele>
      </trkpt>
      <trkpt lat="44.21403" lon="5.16592">
        <ele>473</ele>
      </trkpt>
      <trkpt lat="44.21405" lon="5.16602">
        <ele>474</ele>
      </trkpt>
      <trkpt lat="44.21402" lon="5.16609">
        <ele>475</ele>
      </trkpt>
      <trkpt lat="44.21424" lon="5.16624">
        <ele>476</ele>
      </trkpt>
      <trkpt lat="44.21432" lon="5.16631">
        <ele>476</ele>
      </trkpt>
      <trkpt lat="44.21437" lon="5.16639">
        <ele>476</ele>
      </trkpt>
      <trkpt lat="44.21439" lon="5.16649">
        <ele>477</ele>
      </trkpt>
      <trkpt lat="44.21446" lon="5.16654">
        <ele>477</ele>
      </trkpt>
      <trkpt lat="44.21458" lon="5.16668">
        <ele>478</ele>
      </trkpt>
      <trkpt lat="44.21479" lon="5.16676">
        <ele>478</ele>
      </trkpt>
      <trkpt lat="44.21503" lon="5.16691">
        <ele>478</ele>
      </trkpt>
      <trkpt lat="44.215180000000004" lon="5.166969999999999">
        <ele>478</ele>
      </trkpt>
      <trkpt lat="44.21533" lon="5.16703">
        <ele>478</ele>
      </trkpt>
      <trkpt lat="44.21542" lon="5.16709">
        <ele>478</ele>
      </trkpt>
      <trkpt lat="44.21554" lon="5.16711">
        <ele>478</ele>
      </trkpt>
      <trkpt lat="44.21566" lon="5.16729">
        <ele>478</ele>
      </trkpt>
      <trkpt lat="44.215785" lon="5.1675699999999996">
        <ele>477</ele>
      </trkpt>
      <trkpt lat="44.21591" lon="5.16785">
        <ele>476</ele>
      </trkpt>
      <trkpt lat="44.21599" lon="5.16794">
        <ele>476</ele>
      </trkpt>
      <trkpt lat="44.21602" lon="5.168">
        <ele>476</ele>
      </trkpt>
      <trkpt lat="44.21606" lon="5.16821">
        <ele>475</ele>
      </trkpt>
      <trkpt lat="44.21611" lon="5.16832">
        <ele>474</ele>
      </trkpt>
      <trkpt lat="44.2162" lon="5.16842">
        <ele>474</ele>
      </trkpt>
      <trkpt lat="44.21623" lon="5.16853">
        <ele>474</ele>
      </trkpt>
      <trkpt lat="44.21634" lon="5.16869">
        <ele>473</ele>
      </trkpt>
      <trkpt lat="44.21641" lon="5.16885">
        <ele>473</ele>
      </trkpt>
      <trkpt lat="44.2165" lon="5.16895">
        <ele>473</ele>
      </trkpt>
      <trkpt lat="44.21654" lon="5.16903">
        <ele>472</ele>
      </trkpt>
      <trkpt lat="44.21658" lon="5.16917">
        <ele>471</ele>
      </trkpt>
      <trkpt lat="44.21661" lon="5.16935">
        <ele>469</ele>
      </trkpt>
      <trkpt lat="44.21664" lon="5.16945">
        <ele>468</ele>
      </trkpt>
      <trkpt lat="44.21676" lon="5.16969">
        <ele>467</ele>
      </trkpt>
      <trkpt lat="44.2169" lon="5.16987">
        <ele>466</ele>
      </trkpt>
      <trkpt lat="44.21703" lon="5.17007">
        <ele>465</ele>
      </trkpt>
      <trkpt lat="44.21709" lon="5.1702">
        <ele>464</ele>
      </trkpt>
      <trkpt lat="44.21723" lon="5.17038">
        <ele>463</ele>
      </trkpt>
      <trkpt lat="44.21734" lon="5.17061">
        <ele>462</ele>
      </trkpt>
      <trkpt lat="44.21741" lon="5.17068">
        <ele>462</ele>
      </trkpt>
      <trkpt lat="44.21759" lon="5.17095">
        <ele>460</ele>
      </trkpt>
      <trkpt lat="44.21773" lon="5.17106">
        <ele>460</ele>
      </trkpt>
      <trkpt lat="44.217845" lon="5.171225">
        <ele>459</ele>
      </trkpt>
      <trkpt lat="44.21796" lon="5.17139">
        <ele>458</ele>
      </trkpt>
      <trkpt lat="44.21804" lon="5.17165">
        <ele>456</ele>
      </trkpt>
      <trkpt lat="44.2181" lon="5.17169">
        <ele>455</ele>
      </trkpt>
      <trkpt lat="44.21818" lon="5.17183">
        <ele>454</ele>
      </trkpt>
      <trkpt lat="44.218275" lon="5.172085">
        <ele>451</ele>
      </trkpt>
      <trkpt lat="44.21837" lon="5.17234">
        <ele>449</ele>
      </trkpt>
      <trkpt lat="44.21842" lon="5.17256">
        <ele>448</ele>
      </trkpt>
      <trkpt lat="44.21856" lon="5.17276">
        <ele>444</ele>
      </trkpt>
      <trkpt lat="44.21858" lon="5.1729">
        <ele>443</ele>
      </trkpt>
      <trkpt lat="44.2186" lon="5.17322">
        <ele>441</ele>
      </trkpt>
      <trkpt lat="44.21866" lon="5.17332">
        <ele>440</ele>
      </trkpt>
      <trkpt lat="44.2187" lon="5.17345">
        <ele>439</ele>
      </trkpt>
      <trkpt lat="44.21868" lon="5.17349">
        <ele>438</ele>
      </trkpt>
      <trkpt lat="44.21861" lon="5.17351">
        <ele>438</ele>
      </trkpt>
      <trkpt lat="44.21852" lon="5.17351">
        <ele>438</ele>
      </trkpt>
      <trkpt lat="44.21846" lon="5.1735">
        <ele>438</ele>
      </trkpt>
      <trkpt lat="44.218315000000004" lon="5.17342">
        <ele>438</ele>
      </trkpt>
      <trkpt lat="44.21817" lon="5.17334">
        <ele>438</ele>
      </trkpt>
      <trkpt lat="44.2181" lon="5.17333">
        <ele>437</ele>
      </trkpt>
      <trkpt lat="44.21799" lon="5.17337">
        <ele>435</ele>
      </trkpt>
      <trkpt lat="44.21791" lon="5.17335">
        <ele>434</ele>
      </trkpt>
      <trkpt lat="44.21776" lon="5.17338">
        <ele>433</ele>
      </trkpt>
      <trkpt lat="44.2177" lon="5.17335">
        <ele>432</ele>
      </trkpt>
      <trkpt lat="44.21759" lon="5.17323">
        <ele>432</ele>
      </trkpt>
      <trkpt lat="44.21752" lon="5.17309">
        <ele>432</ele>
      </trkpt>
      <trkpt lat="44.21749" lon="5.17307">
        <ele>432</ele>
      </trkpt>
      <trkpt lat="44.21743" lon="5.17308">
        <ele>431</ele>
      </trkpt>
      <trkpt lat="44.21733" lon="5.17312">
        <ele>430</ele>
      </trkpt>
      <trkpt lat="44.21724" lon="5.17309">
        <ele>429</ele>
      </trkpt>
      <trkpt lat="44.21707" lon="5.173">
        <ele>428</ele>
      </trkpt>
      <trkpt lat="44.21686" lon="5.17277">
        <ele>428</ele>
      </trkpt>
      <trkpt lat="44.21679" lon="5.17271">
        <ele>428</ele>
      </trkpt>
      <trkpt lat="44.21675" lon="5.17259">
        <ele>428</ele>
      </trkpt>
      <trkpt lat="44.21669" lon="5.17251">
        <ele>428</ele>
      </trkpt>
      <trkpt lat="44.21664" lon="5.17239">
        <ele>429</ele>
      </trkpt>
      <trkpt lat="44.21655" lon="5.1723">
        <ele>429</ele>
      </trkpt>
      <trkpt lat="44.21649" lon="5.17221">
        <ele>429</ele>
      </trkpt>
      <trkpt lat="44.21641" lon="5.17219">
        <ele>429</ele>
      </trkpt>
      <trkpt lat="44.21633" lon="5.17215">
        <ele>429</ele>
      </trkpt>
      <trkpt lat="44.21624" lon="5.17212">
        <ele>428</ele>
      </trkpt>
      <trkpt lat="44.21615" lon="5.17215">
        <ele>428</ele>
      </trkpt>
      <trkpt lat="44.21606" lon="5.17211">
        <ele>428</ele>
      </trkpt>
      <trkpt lat="44.21594" lon="5.17202">
        <ele>428</ele>
      </trkpt>
      <trkpt lat="44.21574" lon="5.17181">
        <ele>429</ele>
      </trkpt>
      <trkpt lat="44.21565" lon="5.17177">
        <ele>429</ele>
      </trkpt>
      <trkpt lat="44.21554" lon="5.1718">
        <ele>429</ele>
      </trkpt>
      <trkpt lat="44.21534" lon="5.1718">
        <ele>429</ele>
      </trkpt>
      <trkpt lat="44.21511" lon="5.17173">
        <ele>429</ele>
      </trkpt>
      <trkpt lat="44.21503" lon="5.17174">
        <ele>429</ele>
      </trkpt>
      <trkpt lat="44.21482" lon="5.17184">
        <ele>429</ele>
      </trkpt>
      <trkpt lat="44.21464" lon="5.171895">
        <ele>430</ele>
      </trkpt>
      <trkpt lat="44.21446" lon="5.17195">
        <ele>430</ele>
      </trkpt>
      <trkpt lat="44.214325" lon="5.172">
        <ele>430</ele>
      </trkpt>
      <trkpt lat="44.21419" lon="5.17205">
        <ele>430</ele>
      </trkpt>
      <trkpt lat="44.21404" lon="5.17209">
        <ele>431</ele>
      </trkpt>
      <trkpt lat="44.21394" lon="5.17213">
        <ele>431</ele>
      </trkpt>
      <trkpt lat="44.21389" lon="5.17218">
        <ele>431</ele>
      </trkpt>
      <trkpt lat="44.21383" lon="5.1722">
        <ele>431</ele>
      </trkpt>
      <trkpt lat="44.21375" lon="5.1722">
        <ele>431</ele>
      </trkpt>
      <trkpt lat="44.21368" lon="5.17218">
        <ele>431</ele>
      </trkpt>
      <trkpt lat="44.21358" lon="5.17213">
        <ele>432</ele>
      </trkpt>
      <trkpt lat="44.2134" lon="5.17209">
        <ele>433</ele>
      </trkpt>
      <trkpt lat="44.21334" lon="5.17206">
        <ele>433</ele>
      </trkpt>
      <trkpt lat="44.21326" lon="5.17196">
        <ele>434</ele>
      </trkpt>
      <trkpt lat="44.21323" lon="5.17189">
        <ele>435</ele>
      </trkpt>
      <trkpt lat="44.21319" lon="5.17183">
        <ele>435</ele>
      </trkpt>
      <trkpt lat="44.21313" lon="5.17178">
        <ele>435</ele>
      </trkpt>
      <trkpt lat="44.21298" lon="5.1716">
        <ele>437</ele>
      </trkpt>
      <trkpt lat="44.21294" lon="5.17158">
        <ele>437</ele>
      </trkpt>
      <trkpt lat="44.21291" lon="5.1716">
        <ele>438</ele>
      </trkpt>
      <trkpt lat="44.21285" lon="5.17168">
        <ele>438</ele>
      </trkpt>
      <trkpt lat="44.2127" lon="5.17193">
        <ele>439</ele>
      </trkpt>
      <trkpt lat="44.212695" lon="5.1722">
        <ele>439</ele>
      </trkpt>
      <trkpt lat="44.21269" lon="5.17247">
        <ele>439</ele>
      </trkpt>
      <trkpt lat="44.21271" lon="5.17279">
        <ele>439</ele>
      </trkpt>
      <trkpt lat="44.21271" lon="5.17294">
        <ele>439</ele>
      </trkpt>
      <trkpt lat="44.212785" lon="5.173135">
        <ele>437</ele>
      </trkpt>
      <trkpt lat="44.21286" lon="5.17333">
        <ele>436</ele>
      </trkpt>
      <trkpt lat="44.2129" lon="5.1736">
        <ele>435</ele>
      </trkpt>
      <trkpt lat="44.213" lon="5.17364">
        <ele>434</ele>
      </trkpt>
      <trkpt lat="44.21309" lon="5.17399">
        <ele>432</ele>
      </trkpt>
      <trkpt lat="44.2132" lon="5.17424">
        <ele>430</ele>
      </trkpt>
      <trkpt lat="44.21327" lon="5.174435">
        <ele>429</ele>
      </trkpt>
      <trkpt lat="44.21334" lon="5.17463">
        <ele>428</ele>
      </trkpt>
      <trkpt lat="44.21342" lon="5.17489">
        <ele>425</ele>
      </trkpt>
      <trkpt lat="44.21351" lon="5.17505">
        <ele>423</ele>
      </trkpt>
      <trkpt lat="44.21354" lon="5.1752">
        <ele>421</ele>
      </trkpt>
      <trkpt lat="44.21366" lon="5.17546">
        <ele>418</ele>
      </trkpt>
      <trkpt lat="44.213657" lon="5.175462">
        <ele>423.94</ele>
      </trkpt>
      <trkpt lat="44.213701" lon="5.175626">
        <ele>421.88</ele>
      </trkpt>
      <trkpt lat="44.213745" lon="5.175853">
        <ele>419.23</ele>
      </trkpt>
      <trkpt lat="44.213722" lon="5.175991">
        <ele>416.75</ele>
      </trkpt>
      <trkpt lat="44.21369" lon="5.176033">
        <ele>416.21</ele>
      </trkpt>
      <trkpt lat="44.213655" lon="5.176043">
        <ele>416.36</ele>
      </trkpt>
      <trkpt lat="44.213605" lon="5.176027">
        <ele>417.18</ele>
      </trkpt>
      <trkpt lat="44.213559" lon="5.176041">
        <ele>417.35</ele>
      </trkpt>
      <trkpt lat="44.213546" lon="5.176093">
        <ele>416.38</ele>
      </trkpt>
      <trkpt lat="44.213618" lon="5.176318">
        <ele>410.94</ele>
      </trkpt>
      <trkpt lat="44.213715" lon="5.17657">
        <ele>404.9</ele>
      </trkpt>
      <trkpt lat="44.2139" lon="5.176913">
        <ele>398.6</ele>
      </trkpt>
      <trkpt lat="44.213935" lon="5.17702">
        <ele>397.19</ele>
      </trkpt>
      <trkpt lat="44.213935" lon="5.17702">
        <ele>387.82175881788226</ele>
      </trkpt>
      <trkpt lat="44.214038484622336" lon="5.177312309907364">
        <ele>382.5089759700277</ele>
      </trkpt>
      <trkpt lat="44.214054065999164" lon="5.177455167824775">
        <ele>381.12219463059097</ele>
      </trkpt>
      <trkpt lat="44.214054065999164" lon="5.177455167824775">
        <ele>381.12219463059097</ele>
      </trkpt>
      <trkpt lat="44.214054065999164" lon="5.177455167824775">
        <ele>381.12219463059097</ele>
      </trkpt>
      <trkpt lat="44.214022903232404" lon="5.177675665907003">
        <ele>380.4963785713219</ele>
      </trkpt>
      <trkpt lat="44.214022903232404" lon="5.177675665907003">
        <ele>380.4963785713219</ele>
      </trkpt>
      <trkpt lat="44.21401845141213" lon="5.177759517286205">
        <ele>380.5565203084961</ele>
      </trkpt>
      <trkpt lat="44.21404961418125" lon="5.177834051849203">
        <ele>380.92675899186145</ele>
      </trkpt>
      <trkpt lat="44.21404961418125" lon="5.177834051849203">
        <ele>380.92675899186145</ele>
      </trkpt>
      <trkpt lat="44.21418" lon="5.177937">
        <ele>383.6092854945981</ele>
      </trkpt>
      <trkpt lat="44.21418" lon="5.177937">
        <ele>390.82</ele>
      </trkpt>
      <trkpt lat="44.214302" lon="5.177939">
        <ele>390.65</ele>
      </trkpt>
      <trkpt lat="44.214401" lon="5.177911">
        <ele>390.34</ele>
      </trkpt>
      <trkpt lat="44.214464" lon="5.177905">
        <ele>390.18</ele>
      </trkpt>
      <trkpt lat="44.214515" lon="5.177947">
        <ele>390.43</ele>
      </trkpt>
      <trkpt lat="44.214646" lon="5.178017">
        <ele>391.01</ele>
      </trkpt>
      <trkpt lat="44.214699" lon="5.178063">
        <ele>391.55</ele>
      </trkpt>
      <trkpt lat="44.214757" lon="5.17809">
        <ele>391.93</ele>
      </trkpt>
      <trkpt lat="44.214927" lon="5.178127">
        <ele>393.59</ele>
      </trkpt>
      <trkpt lat="44.21502" lon="5.178192">
        <ele>396.31</ele>
      </trkpt>
      <trkpt lat="44.215296" lon="5.178454">
        <ele>408.05</ele>
      </trkpt>
      <trkpt lat="44.21563" lon="5.178686">
        <ele>422.2</ele>
      </trkpt>
      <trkpt lat="44.215728" lon="5.17872">
        <ele>424.57</ele>
      </trkpt>
      <trkpt lat="44.21583" lon="5.178859">
        <ele>428.19</ele>
      </trkpt>
      <trkpt lat="44.215901" lon="5.178892">
        <ele>428.75</ele>
      </trkpt>
      <trkpt lat="44.216128" lon="5.178943">
        <ele>429.01</ele>
      </trkpt>
      <trkpt lat="44.21636" lon="5.179012">
        <ele>429.7</ele>
      </trkpt>
      <trkpt lat="44.21636" lon="5.17901">
        <ele>423</ele>
      </trkpt>
      <trkpt lat="44.2166" lon="5.17918">
        <ele>423</ele>
      </trkpt>
      <trkpt lat="44.21679" lon="5.17936">
        <ele>423</ele>
      </trkpt>
      <trkpt lat="44.21689" lon="5.17952">
        <ele>423</ele>
      </trkpt>
      <trkpt lat="44.21694" lon="5.17973">
        <ele>424</ele>
      </trkpt>
      <trkpt lat="44.21694" lon="5.17987">
        <ele>424</ele>
      </trkpt>
      <trkpt lat="44.21691" lon="5.17993">
        <ele>425</ele>
      </trkpt>
      <trkpt lat="44.21681" lon="5.18006">
        <ele>428</ele>
      </trkpt>
      <trkpt lat="44.21673" lon="5.18008">
        <ele>430</ele>
      </trkpt>
      <trkpt lat="44.21666" lon="5.18016">
        <ele>433</ele>
      </trkpt>
      <trkpt lat="44.21652" lon="5.18023">
        <ele>438</ele>
      </trkpt>
      <trkpt lat="44.2164" lon="5.18022">
        <ele>440</ele>
      </trkpt>
      <trkpt lat="44.21629" lon="5.18013">
        <ele>441</ele>
      </trkpt>
      <trkpt lat="44.21616" lon="5.1800049999999995">
        <ele>441</ele>
      </trkpt>
      <trkpt lat="44.21603" lon="5.17988">
        <ele>442</ele>
      </trkpt>
      <trkpt lat="44.21577" lon="5.17978">
        <ele>444</ele>
      </trkpt>
      <trkpt lat="44.215575" lon="5.179645">
        <ele>444</ele>
      </trkpt>
      <trkpt lat="44.21538" lon="5.17951">
        <ele>444</ele>
      </trkpt>
      <trkpt lat="44.21522" lon="5.17937">
        <ele>444</ele>
      </trkpt>
      <trkpt lat="44.21509" lon="5.17931">
        <ele>442</ele>
      </trkpt>
      <trkpt lat="44.21498" lon="5.17929">
        <ele>442</ele>
      </trkpt>
      <trkpt lat="44.21493" lon="5.17932">
        <ele>442</ele>
      </trkpt>
      <trkpt lat="44.21491" lon="5.17932">
        <ele>442</ele>
      </trkpt>
      <trkpt lat="44.21489" lon="5.17936">
        <ele>443</ele>
      </trkpt>
      <trkpt lat="44.21492" lon="5.17954">
        <ele>448</ele>
      </trkpt>
      <trkpt lat="44.2149" lon="5.17963">
        <ele>449</ele>
      </trkpt>
      <trkpt lat="44.21481" lon="5.17972">
        <ele>450</ele>
      </trkpt>
      <trkpt lat="44.21475" lon="5.17971">
        <ele>450</ele>
      </trkpt>
      <trkpt lat="44.21469" lon="5.17972">
        <ele>450</ele>
      </trkpt>
      <trkpt lat="44.2146" lon="5.17978">
        <ele>450</ele>
      </trkpt>
      <trkpt lat="44.21456" lon="5.17978">
        <ele>450</ele>
      </trkpt>
      <trkpt lat="44.21449" lon="5.17981">
        <ele>450</ele>
      </trkpt>
      <trkpt lat="44.21444" lon="5.17986">
        <ele>450</ele>
      </trkpt>
      <trkpt lat="44.21439" lon="5.17989">
        <ele>450</ele>
      </trkpt>
      <trkpt lat="44.21431" lon="5.17992">
        <ele>449</ele>
      </trkpt>
      <trkpt lat="44.21426" lon="5.17992">
        <ele>449</ele>
      </trkpt>
      <trkpt lat="44.21416" lon="5.18002">
        <ele>449</ele>
      </trkpt>
      <trkpt lat="44.21409" lon="5.18007">
        <ele>449</ele>
      </trkpt>
      <trkpt lat="44.21399" lon="5.18012">
        <ele>449</ele>
      </trkpt>
      <trkpt lat="44.21396" lon="5.18016">
        <ele>449</ele>
      </trkpt>
      <trkpt lat="44.21389" lon="5.18015">
        <ele>449</ele>
      </trkpt>
      <trkpt lat="44.21385" lon="5.18016">
        <ele>449</ele>
      </trkpt>
      <trkpt lat="44.21382" lon="5.18019">
        <ele>449</ele>
      </trkpt>
      <trkpt lat="44.21379" lon="5.18025">
        <ele>449</ele>
      </trkpt>
      <trkpt lat="44.21373" lon="5.18027">
        <ele>448</ele>
      </trkpt>
      <trkpt lat="44.21366" lon="5.18026">
        <ele>448</ele>
      </trkpt>
      <trkpt lat="44.21361" lon="5.18029">
        <ele>447</ele>
      </trkpt>
      <trkpt lat="44.21358" lon="5.18036">
        <ele>447</ele>
      </trkpt>
      <trkpt lat="44.21355" lon="5.18039">
        <ele>447</ele>
      </trkpt>
      <trkpt lat="44.21348" lon="5.18043">
        <ele>447</ele>
      </trkpt>
      <trkpt lat="44.21343" lon="5.18051">
        <ele>447</ele>
      </trkpt>
      <trkpt lat="44.21337" lon="5.18053">
        <ele>447</ele>
      </trkpt>
      <trkpt lat="44.21331" lon="5.18053">
        <ele>446</ele>
      </trkpt>
      <trkpt lat="44.21316" lon="5.18058">
        <ele>444</ele>
      </trkpt>
      <trkpt lat="44.21306" lon="5.1806">
        <ele>442</ele>
      </trkpt>
      <trkpt lat="44.21299" lon="5.18064">
        <ele>442</ele>
      </trkpt>
      <trkpt lat="44.21292" lon="5.18073">
        <ele>442</ele>
      </trkpt>
      <trkpt lat="44.21282" lon="5.1808">
        <ele>440</ele>
      </trkpt>
      <trkpt lat="44.21271" lon="5.18085">
        <ele>438</ele>
      </trkpt>
      <trkpt lat="44.21263" lon="5.18087">
        <ele>438</ele>
      </trkpt>
      <trkpt lat="44.21255" lon="5.18087">
        <ele>438</ele>
      </trkpt>
      <trkpt lat="44.21242" lon="5.18084">
        <ele>436</ele>
      </trkpt>
      <trkpt lat="44.21236" lon="5.18084">
        <ele>435</ele>
      </trkpt>
      <trkpt lat="44.2122" lon="5.18093">
        <ele>434</ele>
      </trkpt>
      <trkpt lat="44.2121" lon="5.181">
        <ele>433</ele>
      </trkpt>
      <trkpt lat="44.21201" lon="5.18101">
        <ele>432</ele>
      </trkpt>
      <trkpt lat="44.21187" lon="5.18107">
        <ele>432</ele>
      </trkpt>
      <trkpt lat="44.21169" lon="5.18117">
        <ele>432</ele>
      </trkpt>
      <trkpt lat="44.21148" lon="5.18116">
        <ele>432</ele>
      </trkpt>
      <trkpt lat="44.21138" lon="5.1812">
        <ele>432</ele>
      </trkpt>
      <trkpt lat="44.2113" lon="5.18119">
        <ele>432</ele>
      </trkpt>
      <trkpt lat="44.21131" lon="5.18141">
        <ele>432</ele>
      </trkpt>
      <trkpt lat="44.21132" lon="5.18163">
        <ele>433</ele>
      </trkpt>
      <trkpt lat="44.21138" lon="5.18179">
        <ele>433</ele>
      </trkpt>
      <trkpt lat="44.21156" lon="5.18201">
        <ele>433</ele>
      </trkpt>
      <trkpt lat="44.21168" lon="5.182105">
        <ele>433</ele>
      </trkpt>
      <trkpt lat="44.2118" lon="5.1822">
        <ele>433</ele>
      </trkpt>
      <trkpt lat="44.211924999999994" lon="5.18233">
        <ele>432</ele>
      </trkpt>
      <trkpt lat="44.21205" lon="5.18246">
        <ele>431</ele>
      </trkpt>
      <trkpt lat="44.21214" lon="5.18257">
        <ele>430</ele>
      </trkpt>
      <trkpt lat="44.21217" lon="5.18266">
        <ele>429</ele>
      </trkpt>
      <trkpt lat="44.2122" lon="5.18291">
        <ele>426</ele>
      </trkpt>
      <trkpt lat="44.21216" lon="5.1831">
        <ele>424</ele>
      </trkpt>
      <trkpt lat="44.21208" lon="5.18314">
        <ele>424</ele>
      </trkpt>
      <trkpt lat="44.21203" lon="5.18318">
        <ele>423</ele>
      </trkpt>
      <trkpt lat="44.21199" lon="5.18325">
        <ele>423</ele>
      </trkpt>
      <trkpt lat="44.21198" lon="5.18336">
        <ele>423</ele>
      </trkpt>
      <trkpt lat="44.21198" lon="5.1835">
        <ele>423</ele>
      </trkpt>
      <trkpt lat="44.212" lon="5.18372">
        <ele>423</ele>
      </trkpt>
      <trkpt lat="44.21199" lon="5.18384">
        <ele>423</ele>
      </trkpt>
      <trkpt lat="44.21196" lon="5.18393">
        <ele>423</ele>
      </trkpt>
      <trkpt lat="44.21179" lon="5.18412">
        <ele>427</ele>
      </trkpt>
      <trkpt lat="44.21157" lon="5.18429">
        <ele>431</ele>
      </trkpt>
      <trkpt lat="44.21139" lon="5.1843">
        <ele>433</ele>
      </trkpt>
      <trkpt lat="44.21121" lon="5.18431">
        <ele>436</ele>
      </trkpt>
      <trkpt lat="44.2111" lon="5.18436">
        <ele>437</ele>
      </trkpt>
      <trkpt lat="44.21093" lon="5.18433">
        <ele>439</ele>
      </trkpt>
      <trkpt lat="44.21085" lon="5.18433">
        <ele>440</ele>
      </trkpt>
      <trkpt lat="44.2107" lon="5.18429">
        <ele>441</ele>
      </trkpt>
      <trkpt lat="44.210565" lon="5.184265">
        <ele>443</ele>
      </trkpt>
      <trkpt lat="44.21043" lon="5.18424">
        <ele>444</ele>
      </trkpt>
      <trkpt lat="44.21043" lon="5.1842">
        <ele>444</ele>
      </trkpt>
      <trkpt lat="44.21019" lon="5.18422">
        <ele>444</ele>
      </trkpt>
      <trkpt lat="44.21017" lon="5.184514999999999">
        <ele>444</ele>
      </trkpt>
      <trkpt lat="44.21015" lon="5.18481">
        <ele>444</ele>
      </trkpt>
      <trkpt lat="44.21008" lon="5.18509">
        <ele>445</ele>
      </trkpt>
      <trkpt lat="44.210055" lon="5.185335">
        <ele>445</ele>
      </trkpt>
      <trkpt lat="44.21003" lon="5.18558">
        <ele>445</ele>
      </trkpt>
      <trkpt lat="44.210005" lon="5.185885">
        <ele>445</ele>
      </trkpt>
      <trkpt lat="44.20998" lon="5.18619">
        <ele>447</ele>
      </trkpt>
      <trkpt lat="44.20999" lon="5.18633">
        <ele>448</ele>
      </trkpt>
      <trkpt lat="44.20981" lon="5.1863575">
        <ele>450</ele>
      </trkpt>
      <trkpt lat="44.20963" lon="5.186385">
        <ele>451</ele>
      </trkpt>
      <trkpt lat="44.20945" lon="5.186412499999999">
        <ele>454</ele>
      </trkpt>
      <trkpt lat="44.20927" lon="5.18644">
        <ele>455</ele>
      </trkpt>
      <trkpt lat="44.20909" lon="5.18651">
        <ele>457</ele>
      </trkpt>
      <trkpt lat="44.20895" lon="5.18665">
        <ele>458</ele>
      </trkpt>
      <trkpt lat="44.20887" lon="5.1867">
        <ele>458</ele>
      </trkpt>
      <trkpt lat="44.208619999999996" lon="5.186795">
        <ele>460</ele>
      </trkpt>
      <trkpt lat="44.20837" lon="5.18689">
        <ele>462</ele>
      </trkpt>
      <trkpt lat="44.20814" lon="5.18695">
        <ele>464</ele>
      </trkpt>
      <trkpt lat="44.20796" lon="5.18698">
        <ele>466</ele>
      </trkpt>
      <trkpt lat="44.20778" lon="5.18701">
        <ele>468</ele>
      </trkpt>
      <trkpt lat="44.20764" lon="5.1871">
        <ele>469</ele>
      </trkpt>
      <trkpt lat="44.20748" lon="5.18715">
        <ele>471</ele>
      </trkpt>
      <trkpt lat="44.207325" lon="5.187175">
        <ele>473</ele>
      </trkpt>
      <trkpt lat="44.20717" lon="5.1872">
        <ele>475</ele>
      </trkpt>
      <trkpt lat="44.20703" lon="5.1872">
        <ele>477</ele>
      </trkpt>
      <trkpt lat="44.2069" lon="5.18718">
        <ele>479</ele>
      </trkpt>
      <trkpt lat="44.2068" lon="5.18714">
        <ele>480</ele>
      </trkpt>
      <trkpt lat="44.20675" lon="5.18713">
        <ele>480</ele>
      </trkpt>
      <trkpt lat="44.20669" lon="5.18716">
        <ele>481</ele>
      </trkpt>
      <trkpt lat="44.20655" lon="5.18726">
        <ele>484</ele>
      </trkpt>
      <trkpt lat="44.20645" lon="5.1873">
        <ele>486</ele>
      </trkpt>
      <trkpt lat="44.206284999999994" lon="5.187255">
        <ele>487</ele>
      </trkpt>
      <trkpt lat="44.20612" lon="5.18721">
        <ele>489</ele>
      </trkpt>
      <trkpt lat="44.20596" lon="5.18722">
        <ele>492</ele>
      </trkpt>
      <trkpt lat="44.20587" lon="5.18719">
        <ele>493</ele>
      </trkpt>
      <trkpt lat="44.20576" lon="5.18712">
        <ele>494</ele>
      </trkpt>
      <trkpt lat="44.205565" lon="5.1872075">
        <ele>497</ele>
      </trkpt>
      <trkpt lat="44.20537" lon="5.187295000000001">
        <ele>501</ele>
      </trkpt>
      <trkpt lat="44.205175" lon="5.1873825">
        <ele>503</ele>
      </trkpt>
      <trkpt lat="44.20498" lon="5.18747">
        <ele>506</ele>
      </trkpt>
      <trkpt lat="44.204795000000004" lon="5.1875775">
        <ele>508</ele>
      </trkpt>
      <trkpt lat="44.20461" lon="5.187685">
        <ele>510</ele>
      </trkpt>
      <trkpt lat="44.204425" lon="5.1877925000000005">
        <ele>513</ele>
      </trkpt>
      <trkpt lat="44.20424" lon="5.1879">
        <ele>515</ele>
      </trkpt>
      <trkpt lat="44.204075" lon="5.188015">
        <ele>518</ele>
      </trkpt>
      <trkpt lat="44.20391" lon="5.18813">
        <ele>521</ele>
      </trkpt>
      <trkpt lat="44.20374" lon="5.18819">
        <ele>523</ele>
      </trkpt>
      <trkpt lat="44.20359" lon="5.18831">
        <ele>526</ele>
      </trkpt>
      <trkpt lat="44.20353" lon="5.18833">
        <ele>527</ele>
      </trkpt>
      <trkpt lat="44.20331" lon="5.18835">
        <ele>529</ele>
      </trkpt>
      <trkpt lat="44.20324" lon="5.18839">
        <ele>530</ele>
      </trkpt>
      <trkpt lat="44.20311" lon="5.18841">
        <ele>532</ele>
      </trkpt>
      <trkpt lat="44.20296" lon="5.18851">
        <ele>535</ele>
      </trkpt>
      <trkpt lat="44.20286" lon="5.18854">
        <ele>536</ele>
      </trkpt>
      <trkpt lat="44.20265" lon="5.18864">
        <ele>540</ele>
      </trkpt>
      <trkpt lat="44.20257" lon="5.18865">
        <ele>542</ele>
      </trkpt>
      <trkpt lat="44.20247" lon="5.18869">
        <ele>542</ele>
      </trkpt>
      <trkpt lat="44.202529999999996" lon="5.1888749999999995">
        <ele>542</ele>
      </trkpt>
      <trkpt lat="44.20259" lon="5.18906">
        <ele>542</ele>
      </trkpt>
      <trkpt lat="44.2026" lon="5.18912">
        <ele>541</ele>
      </trkpt>
      <trkpt lat="44.20258" lon="5.18916">
        <ele>541</ele>
      </trkpt>
      <trkpt lat="44.20257" lon="5.18922">
        <ele>540</ele>
      </trkpt>
      <trkpt lat="44.20255" lon="5.18953">
        <ele>538</ele>
      </trkpt>
      <trkpt lat="44.20245" lon="5.1897">
        <ele>536</ele>
      </trkpt>
      <trkpt lat="44.20239" lon="5.1899">
        <ele>535</ele>
      </trkpt>
      <trkpt lat="44.202375" lon="5.190215">
        <ele>535</ele>
      </trkpt>
      <trkpt lat="44.20236" lon="5.19053">
        <ele>531</ele>
      </trkpt>
      <trkpt lat="44.20234" lon="5.19061">
        <ele>530</ele>
      </trkpt>
      <trkpt lat="44.20234" lon="5.19071">
        <ele>527</ele>
      </trkpt>
      <trkpt lat="44.20231" lon="5.191">
        <ele>527</ele>
      </trkpt>
      <trkpt lat="44.20232" lon="5.19107">
        <ele>527</ele>
      </trkpt>
      <trkpt lat="44.20234" lon="5.19109">
        <ele>527</ele>
      </trkpt>
      <trkpt lat="44.20248" lon="5.191055">
        <ele>529</ele>
      </trkpt>
      <trkpt lat="44.20262" lon="5.19102">
        <ele>530</ele>
      </trkpt>
      <trkpt lat="44.2028" lon="5.19106">
        <ele>534</ele>
      </trkpt>
      <trkpt lat="44.20289" lon="5.1911">
        <ele>536</ele>
      </trkpt>
      <trkpt lat="44.20309" lon="5.1911">
        <ele>539</ele>
      </trkpt>
      <trkpt lat="44.20329" lon="5.19122">
        <ele>540</ele>
      </trkpt>
      <trkpt lat="44.20351" lon="5.19122">
        <ele>540</ele>
      </trkpt>
      <trkpt lat="44.20369" lon="5.19127">
        <ele>540</ele>
      </trkpt>
      <trkpt lat="44.20379" lon="5.19132">
        <ele>540</ele>
      </trkpt>
      <trkpt lat="44.20388" lon="5.19143">
        <ele>540</ele>
      </trkpt>
      <trkpt lat="44.20392" lon="5.19155">
        <ele>539</ele>
      </trkpt>
      <trkpt lat="44.20404" lon="5.19167">
        <ele>538</ele>
      </trkpt>
      <trkpt lat="44.20416" lon="5.19179">
        <ele>537</ele>
      </trkpt>
      <trkpt lat="44.20431" lon="5.19188">
        <ele>534</ele>
      </trkpt>
      <trkpt lat="44.20443" lon="5.19207">
        <ele>534</ele>
      </trkpt>
      <trkpt lat="44.20456" lon="5.19214">
        <ele>532</ele>
      </trkpt>
      <trkpt lat="44.20461" lon="5.19224">
        <ele>531</ele>
      </trkpt>
      <trkpt lat="44.20477" lon="5.19225">
        <ele>530</ele>
      </trkpt>
      <trkpt lat="44.20482" lon="5.1923">
        <ele>529</ele>
      </trkpt>
      <trkpt lat="44.20489" lon="5.19231">
        <ele>528</ele>
      </trkpt>
      <trkpt lat="44.20496" lon="5.19238">
        <ele>528</ele>
      </trkpt>
      <trkpt lat="44.20497" lon="5.19241">
        <ele>528</ele>
      </trkpt>
      <trkpt lat="44.20497" lon="5.19247">
        <ele>528</ele>
      </trkpt>
      <trkpt lat="44.20502" lon="5.1925">
        <ele>528</ele>
      </trkpt>
      <trkpt lat="44.20504" lon="5.19281">
        <ele>527</ele>
      </trkpt>
      <trkpt lat="44.20507" lon="5.19287">
        <ele>526</ele>
      </trkpt>
      <trkpt lat="44.20512" lon="5.19289">
        <ele>525</ele>
      </trkpt>
      <trkpt lat="44.20516" lon="5.193">
        <ele>522</ele>
      </trkpt>
      <trkpt lat="44.20515" lon="5.19308">
        <ele>519</ele>
      </trkpt>
      <trkpt lat="44.20518" lon="5.19321">
        <ele>513</ele>
      </trkpt>
      <trkpt lat="44.20518" lon="5.19341">
        <ele>507</ele>
      </trkpt>
      <trkpt lat="44.20523" lon="5.19348">
        <ele>506</ele>
      </trkpt>
      <trkpt lat="44.20525" lon="5.19355">
        <ele>506</ele>
      </trkpt>
      <trkpt lat="44.20522" lon="5.19372">
        <ele>502</ele>
      </trkpt>
      <trkpt lat="44.2052" lon="5.194">
        <ele>496</ele>
      </trkpt>
      <trkpt lat="44.20518" lon="5.19428">
        <ele>487</ele>
      </trkpt>
      <trkpt lat="44.20516" lon="5.19439">
        <ele>486</ele>
      </trkpt>
      <trkpt lat="44.20517" lon="5.19452">
        <ele>480</ele>
      </trkpt>
      <trkpt lat="44.20519" lon="5.19453">
        <ele>480</ele>
      </trkpt>
      <trkpt lat="44.20523" lon="5.19452">
        <ele>480</ele>
      </trkpt>
      <trkpt lat="44.20525" lon="5.19455">
        <ele>480</ele>
      </trkpt>
      <trkpt lat="44.20527" lon="5.19463">
        <ele>480</ele>
      </trkpt>
      <trkpt lat="44.20531" lon="5.19466">
        <ele>480</ele>
      </trkpt>
      <trkpt lat="44.2054" lon="5.19466">
        <ele>481</ele>
      </trkpt>
      <trkpt lat="44.20547" lon="5.19464">
        <ele>482</ele>
      </trkpt>
      <trkpt lat="44.20562" lon="5.19474">
        <ele>487</ele>
      </trkpt>
      <trkpt lat="44.20586" lon="5.19482">
        <ele>487</ele>
      </trkpt>
      <trkpt lat="44.20611" lon="5.19488">
        <ele>487</ele>
      </trkpt>
      <trkpt lat="44.20631" lon="5.19505">
        <ele>487</ele>
      </trkpt>
      <trkpt lat="44.206424999999996" lon="5.195175">
        <ele>486</ele>
      </trkpt>
      <trkpt lat="44.20654" lon="5.1953">
        <ele>486</ele>
      </trkpt>
      <trkpt lat="44.20664" lon="5.19536">
        <ele>486</ele>
      </trkpt>
      <trkpt lat="44.20677" lon="5.19539">
        <ele>486</ele>
      </trkpt>
      <trkpt lat="44.20683" lon="5.19545">
        <ele>485</ele>
      </trkpt>
      <trkpt lat="44.20684" lon="5.1955">
        <ele>485</ele>
      </trkpt>
      <trkpt lat="44.20682" lon="5.1956">
        <ele>484</ele>
      </trkpt>
      <trkpt lat="44.20675" lon="5.19568">
        <ele>484</ele>
      </trkpt>
      <trkpt lat="44.20671" lon="5.19577">
        <ele>481</ele>
      </trkpt>
      <trkpt lat="44.20681" lon="5.19611">
        <ele>474</ele>
      </trkpt>
      <trkpt lat="44.20682" lon="5.19621">
        <ele>472</ele>
      </trkpt>
      <trkpt lat="44.20676" lon="5.19637">
        <ele>468</ele>
      </trkpt>
      <trkpt lat="44.20661" lon="5.19668">
        <ele>467</ele>
      </trkpt>
      <trkpt lat="44.20658" lon="5.19681">
        <ele>465</ele>
      </trkpt>
      <trkpt lat="44.2066" lon="5.19694">
        <ele>460</ele>
      </trkpt>
      <trkpt lat="44.20661" lon="5.19716">
        <ele>456</ele>
      </trkpt>
      <trkpt lat="44.20665" lon="5.19726">
        <ele>455</ele>
      </trkpt>
      <trkpt lat="44.20685" lon="5.19722">
        <ele>451</ele>
      </trkpt>
      <trkpt lat="44.20706" lon="5.19724">
        <ele>449</ele>
      </trkpt>
      <trkpt lat="44.20722" lon="5.19723">
        <ele>448</ele>
      </trkpt>
      <trkpt lat="44.207425" lon="5.197190000000001">
        <ele>446</ele>
      </trkpt>
      <trkpt lat="44.207629999999995" lon="5.197150000000001">
        <ele>444</ele>
      </trkpt>
      <trkpt lat="44.207834999999996" lon="5.19711">
        <ele>443</ele>
      </trkpt>
      <trkpt lat="44.20804" lon="5.19707">
        <ele>443</ele>
      </trkpt>
      <trkpt lat="44.20807" lon="5.19701">
        <ele>443</ele>
      </trkpt>
      <trkpt lat="44.20826" lon="5.19697">
        <ele>442</ele>
      </trkpt>
      <trkpt lat="44.208405" lon="5.19688">
        <ele>442</ele>
      </trkpt>
      <trkpt lat="44.20855" lon="5.19679">
        <ele>438</ele>
      </trkpt>
      <trkpt lat="44.20879" lon="5.19671">
        <ele>438</ele>
      </trkpt>
      <trkpt lat="44.20895" lon="5.19674">
        <ele>437</ele>
      </trkpt>
      <trkpt lat="44.20911" lon="5.19677">
        <ele>437</ele>
      </trkpt>
      <trkpt lat="44.209252500000005" lon="5.1968175">
        <ele>435</ele>
      </trkpt>
      <trkpt lat="44.209395" lon="5.196865">
        <ele>434</ele>
      </trkpt>
      <trkpt lat="44.209537499999996" lon="5.1969125">
        <ele>433</ele>
      </trkpt>
      <trkpt lat="44.20968" lon="5.19696">
        <ele>431</ele>
      </trkpt>
      <trkpt lat="44.209865" lon="5.197">
        <ele>430</ele>
      </trkpt>
      <trkpt lat="44.21005" lon="5.19704">
        <ele>430</ele>
      </trkpt>
      <trkpt lat="44.21025" lon="5.19706">
        <ele>430</ele>
      </trkpt>
      <trkpt lat="44.21036" lon="5.19703">
        <ele>428</ele>
      </trkpt>
      <trkpt lat="44.21058" lon="5.197">
        <ele>425</ele>
      </trkpt>
      <trkpt lat="44.21071" lon="5.197">
        <ele>423</ele>
      </trkpt>
      <trkpt lat="44.21082" lon="5.19704">
        <ele>422</ele>
      </trkpt>
      <trkpt lat="44.21085" lon="5.19704">
        <ele>422</ele>
      </trkpt>
      <trkpt lat="44.21092" lon="5.19708">
        <ele>421</ele>
      </trkpt>
      <trkpt lat="44.21099" lon="5.19709">
        <ele>420</ele>
      </trkpt>
      <trkpt lat="44.2111" lon="5.19717">
        <ele>418</ele>
      </trkpt>
      <trkpt lat="44.21114" lon="5.19717">
        <ele>417</ele>
      </trkpt>
      <trkpt lat="44.21132" lon="5.19704">
        <ele>413</ele>
      </trkpt>
      <trkpt lat="44.211470000000006" lon="5.196945">
        <ele>410</ele>
      </trkpt>
      <trkpt lat="44.21162" lon="5.19685">
        <ele>407</ele>
      </trkpt>
      <trkpt lat="44.21182" lon="5.19681">
        <ele>402</ele>
      </trkpt>
      <trkpt lat="44.21195" lon="5.19673">
        <ele>399</ele>
      </trkpt>
      <trkpt lat="44.21209" lon="5.19676">
        <ele>397</ele>
      </trkpt>
      <trkpt lat="44.21232" lon="5.19669">
        <ele>392</ele>
      </trkpt>
      <trkpt lat="44.21244" lon="5.1966">
        <ele>389</ele>
      </trkpt>
      <trkpt lat="44.21253" lon="5.19659">
        <ele>387</ele>
      </trkpt>
      <trkpt lat="44.21266" lon="5.19652">
        <ele>384</ele>
      </trkpt>
      <trkpt lat="44.21274" lon="5.19653">
        <ele>382</ele>
      </trkpt>
      <trkpt lat="44.21295" lon="5.19658">
        <ele>378</ele>
      </trkpt>
      <trkpt lat="44.21303" lon="5.19666">
        <ele>376</ele>
      </trkpt>
      <trkpt lat="44.21309" lon="5.19666">
        <ele>375</ele>
      </trkpt>
      <trkpt lat="44.21322" lon="5.19675">
        <ele>373</ele>
      </trkpt>
      <trkpt lat="44.21337" lon="5.1968">
        <ele>370</ele>
      </trkpt>
      <trkpt lat="44.2135" lon="5.19679">
        <ele>368</ele>
      </trkpt>
      <trkpt lat="44.21358" lon="5.19681">
        <ele>366</ele>
      </trkpt>
      <trkpt lat="44.21366" lon="5.19688">
        <ele>366</ele>
      </trkpt>
      <trkpt lat="44.21367" lon="5.1969">
        <ele>365</ele>
      </trkpt>
      <trkpt lat="44.21367" lon="5.19689">
        <ele>365</ele>
      </trkpt>
      <trkpt lat="44.21379" lon="5.1971799999999995">
        <ele>362</ele>
      </trkpt>
      <trkpt lat="44.21391" lon="5.19747">
        <ele>358</ele>
      </trkpt>
      <trkpt lat="44.21399" lon="5.19769">
        <ele>355</ele>
      </trkpt>
      <trkpt lat="44.21405" lon="5.19791">
        <ele>352</ele>
      </trkpt>
      <trkpt lat="44.21411" lon="5.19813">
        <ele>349</ele>
      </trkpt>
      <trkpt lat="44.21418" lon="5.19833">
        <ele>346</ele>
      </trkpt>
      <trkpt lat="44.21426" lon="5.19847">
        <ele>344</ele>
      </trkpt>
      <trkpt lat="44.21435" lon="5.19856">
        <ele>342</ele>
      </trkpt>
      <trkpt lat="44.2144" lon="5.1986">
        <ele>341</ele>
      </trkpt>
      <trkpt lat="44.21444" lon="5.19861">
        <ele>341</ele>
      </trkpt>
      <trkpt lat="44.21454" lon="5.1986">
        <ele>339</ele>
      </trkpt>
      <trkpt lat="44.21458" lon="5.19863">
        <ele>339</ele>
      </trkpt>
      <trkpt lat="44.21459" lon="5.19867">
        <ele>339</ele>
      </trkpt>
      <trkpt lat="44.21463" lon="5.19873">
        <ele>338</ele>
      </trkpt>
      <trkpt lat="44.21459" lon="5.19892">
        <ele>336</ele>
      </trkpt>
      <trkpt lat="44.21453" lon="5.19909">
        <ele>335</ele>
      </trkpt>
      <trkpt lat="44.21447" lon="5.1992">
        <ele>334</ele>
      </trkpt>
      <trkpt lat="44.21433" lon="5.19939">
        <ele>332</ele>
      </trkpt>
      <trkpt lat="44.21426" lon="5.19951">
        <ele>332</ele>
      </trkpt>
      <trkpt lat="44.21422" lon="5.19965">
        <ele>332</ele>
      </trkpt>
      <trkpt lat="44.2142" lon="5.19985">
        <ele>332</ele>
      </trkpt>
      <trkpt lat="44.214225" lon="5.200195">
        <ele>332</ele>
      </trkpt>
      <trkpt lat="44.21425" lon="5.20054">
        <ele>333</ele>
      </trkpt>
      <trkpt lat="44.21425" lon="5.20076">
        <ele>333</ele>
      </trkpt>
      <trkpt lat="44.21423" lon="5.20102">
        <ele>333</ele>
      </trkpt>
      <trkpt lat="44.21418" lon="5.20135">
        <ele>333</ele>
      </trkpt>
      <trkpt lat="44.21413" lon="5.20157">
        <ele>333</ele>
      </trkpt>
      <trkpt lat="44.21406" lon="5.20173">
        <ele>333</ele>
      </trkpt>
      <trkpt lat="44.21395" lon="5.20191">
        <ele>333</ele>
      </trkpt>
      <trkpt lat="44.213835" lon="5.202045">
        <ele>333</ele>
      </trkpt>
      <trkpt lat="44.21372" lon="5.20218">
        <ele>333</ele>
      </trkpt>
      <trkpt lat="44.21356" lon="5.20239">
        <ele>333</ele>
      </trkpt>
      <trkpt lat="44.21341" lon="5.20266">
        <ele>335</ele>
      </trkpt>
      <trkpt lat="44.2133025" lon="5.202871249999999">
        <ele>336</ele>
      </trkpt>
      <trkpt lat="44.213195" lon="5.2030825">
        <ele>337</ele>
      </trkpt>
      <trkpt lat="44.2130875" lon="5.20329375">
        <ele>337</ele>
      </trkpt>
      <trkpt lat="44.21298" lon="5.203505">
        <ele>337</ele>
      </trkpt>
      <trkpt lat="44.2128725" lon="5.203716249999999">
        <ele>337</ele>
      </trkpt>
      <trkpt lat="44.212765000000005" lon="5.2039275">
        <ele>336</ele>
      </trkpt>
      <trkpt lat="44.212657500000006" lon="5.20413875">
        <ele>336</ele>
      </trkpt>
      <trkpt lat="44.21255" lon="5.20435">
        <ele>335</ele>
      </trkpt>
      <trkpt lat="44.21245" lon="5.20462">
        <ele>335</ele>
      </trkpt>
      <trkpt lat="44.21243" lon="5.20487">
        <ele>333</ele>
      </trkpt>
      <trkpt lat="44.2124275" lon="5.20506">
        <ele>332</ele>
      </trkpt>
      <trkpt lat="44.212424999999996" lon="5.2052499999999995">
        <ele>331</ele>
      </trkpt>
      <trkpt lat="44.2124225" lon="5.205439999999999">
        <ele>331</ele>
      </trkpt>
      <trkpt lat="44.21242" lon="5.20563">
        <ele>330</ele>
      </trkpt>
      <trkpt lat="44.2124" lon="5.20585">
        <ele>330</ele>
      </trkpt>
      <trkpt lat="44.21237" lon="5.20603">
        <ele>330</ele>
      </trkpt>
      <trkpt lat="44.212305" lon="5.20629">
        <ele>330</ele>
      </trkpt>
      <trkpt lat="44.21224" lon="5.20655">
        <ele>330</ele>
      </trkpt>
      <trkpt lat="44.212205" lon="5.206795">
        <ele>330</ele>
      </trkpt>
      <trkpt lat="44.21217" lon="5.20704">
        <ele>329</ele>
      </trkpt>
      <trkpt lat="44.21217" lon="5.20725">
        <ele>329</ele>
      </trkpt>
      <trkpt lat="44.21222" lon="5.20756">
        <ele>329</ele>
      </trkpt>
      <trkpt lat="44.212285" lon="5.207755000000001">
        <ele>329</ele>
      </trkpt>
      <trkpt lat="44.21235" lon="5.20795">
        <ele>329</ele>
      </trkpt>
      <trkpt lat="44.21217" lon="5.2079450000000005">
        <ele>329</ele>
      </trkpt>
      <trkpt lat="44.21199" lon="5.20794">
        <ele>330</ele>
      </trkpt>
      <trkpt lat="44.21196" lon="5.20795">
        <ele>331</ele>
      </trkpt>
      <trkpt lat="44.21192" lon="5.20801">
        <ele>332</ele>
      </trkpt>
      <trkpt lat="44.2119" lon="5.20809">
        <ele>333</ele>
      </trkpt>
      <trkpt lat="44.21191" lon="5.20834">
        <ele>334</ele>
      </trkpt>
      <trkpt lat="44.21168" lon="5.20843">
        <ele>336</ele>
      </trkpt>
      <trkpt lat="44.21164" lon="5.20848">
        <ele>337</ele>
      </trkpt>
      <trkpt lat="44.21161" lon="5.20854">
        <ele>337</ele>
      </trkpt>
      <trkpt lat="44.21156" lon="5.20876">
        <ele>340</ele>
      </trkpt>
      <trkpt lat="44.21154" lon="5.20878">
        <ele>340</ele>
      </trkpt>
      <trkpt lat="44.21145" lon="5.20882">
        <ele>340</ele>
      </trkpt>
      <trkpt lat="44.21137" lon="5.20887">
        <ele>340</ele>
      </trkpt>
      <trkpt lat="44.21145" lon="5.20882">
        <ele>340</ele>
      </trkpt>
      <trkpt lat="44.21154" lon="5.20878">
        <ele>340</ele>
      </trkpt>
      <trkpt lat="44.21156" lon="5.20876">
        <ele>340</ele>
      </trkpt>
      <trkpt lat="44.21161" lon="5.20854">
        <ele>337</ele>
      </trkpt>
      <trkpt lat="44.21164" lon="5.20848">
        <ele>337</ele>
      </trkpt>
      <trkpt lat="44.21168" lon="5.20843">
        <ele>336</ele>
      </trkpt>
      <trkpt lat="44.21191" lon="5.20834">
        <ele>336</ele>
      </trkpt>
      <trkpt lat="44.21196" lon="5.20846">
        <ele>336</ele>
      </trkpt>
      <trkpt lat="44.21205" lon="5.2086">
        <ele>336</ele>
      </trkpt>
      <trkpt lat="44.21205" lon="5.20866">
        <ele>336</ele>
      </trkpt>
      <trkpt lat="44.21208" lon="5.20881">
        <ele>336</ele>
      </trkpt>
      <trkpt lat="44.21213" lon="5.20895">
        <ele>336</ele>
      </trkpt>
      <trkpt lat="44.21216" lon="5.20899">
        <ele>336</ele>
      </trkpt>
      <trkpt lat="44.2122" lon="5.20915">
        <ele>336</ele>
      </trkpt>
      <trkpt lat="44.21219" lon="5.2094">
        <ele>336</ele>
      </trkpt>
      <trkpt lat="44.21221" lon="5.20962">
        <ele>335</ele>
      </trkpt>
      <trkpt lat="44.21217" lon="5.20966">
        <ele>335</ele>
      </trkpt>
      <trkpt lat="44.21216" lon="5.20972">
        <ele>335</ele>
      </trkpt>
      <trkpt lat="44.212125" lon="5.21003">
        <ele>335</ele>
      </trkpt>
      <trkpt lat="44.21209" lon="5.21034">
        <ele>336</ele>
      </trkpt>
      <trkpt lat="44.21211" lon="5.21052">
        <ele>336</ele>
      </trkpt>
      <trkpt lat="44.21219" lon="5.210785">
        <ele>337</ele>
      </trkpt>
      <trkpt lat="44.21227" lon="5.21105">
        <ele>338</ele>
      </trkpt>
      <trkpt lat="44.21223" lon="5.21113">
        <ele>340</ele>
      </trkpt>
      <trkpt lat="44.21215" lon="5.21138">
        <ele>343</ele>
      </trkpt>
      <trkpt lat="44.212" lon="5.21169">
        <ele>348</ele>
      </trkpt>
      <trkpt lat="44.21185" lon="5.212">
        <ele>353</ele>
      </trkpt>
      <trkpt lat="44.211745" lon="5.212265">
        <ele>356</ele>
      </trkpt>
      <trkpt lat="44.21164" lon="5.21253">
        <ele>360</ele>
      </trkpt>
      <trkpt lat="44.2115275" lon="5.212785">
        <ele>364</ele>
      </trkpt>
      <trkpt lat="44.211415" lon="5.2130399999999995">
        <ele>368</ele>
      </trkpt>
      <trkpt lat="44.2113025" lon="5.213295">
        <ele>372</ele>
      </trkpt>
      <trkpt lat="44.21119" lon="5.21355">
        <ele>377</ele>
      </trkpt>
      <trkpt lat="44.21112" lon="5.21378">
        <ele>382</ele>
      </trkpt>
      <trkpt lat="44.21099" lon="5.21405">
        <ele>387</ele>
      </trkpt>
      <trkpt lat="44.2109" lon="5.21415">
        <ele>391</ele>
      </trkpt>
      <trkpt lat="44.21081" lon="5.21436">
        <ele>395</ele>
      </trkpt>
      <trkpt lat="44.210675" lon="5.21464">
        <ele>400</ele>
      </trkpt>
      <trkpt lat="44.21054" lon="5.21492">
        <ele>406</ele>
      </trkpt>
      <trkpt lat="44.210475" lon="5.215085">
        <ele>409</ele>
      </trkpt>
      <trkpt lat="44.21041" lon="5.21525">
        <ele>412</ele>
      </trkpt>
      <trkpt lat="44.21035" lon="5.21524">
        <ele>413</ele>
      </trkpt>
      <trkpt lat="44.21025" lon="5.21518">
        <ele>414</ele>
      </trkpt>
      <trkpt lat="44.2101" lon="5.21512">
        <ele>417</ele>
      </trkpt>
      <trkpt lat="44.21006" lon="5.21513">
        <ele>417</ele>
      </trkpt>
      <trkpt lat="44.21004" lon="5.21515">
        <ele>418</ele>
      </trkpt>
      <trkpt lat="44.20998" lon="5.21538">
        <ele>422</ele>
      </trkpt>
      <trkpt lat="44.20992" lon="5.21561">
        <ele>429</ele>
      </trkpt>
      <trkpt lat="44.20989" lon="5.21566">
        <ele>429</ele>
      </trkpt>
      <trkpt lat="44.20986" lon="5.21566">
        <ele>431</ele>
      </trkpt>
      <trkpt lat="44.20983" lon="5.2157">
        <ele>433</ele>
      </trkpt>
      <trkpt lat="44.20978" lon="5.21597">
        <ele>440</ele>
      </trkpt>
      <trkpt lat="44.20976" lon="5.21619">
        <ele>446</ele>
      </trkpt>
      <trkpt lat="44.20978" lon="5.21648">
        <ele>451</ele>
      </trkpt>
      <trkpt lat="44.20977" lon="5.21656">
        <ele>453</ele>
      </trkpt>
      <trkpt lat="44.20975" lon="5.21662">
        <ele>456</ele>
      </trkpt>
      <trkpt lat="44.20967" lon="5.21671">
        <ele>460</ele>
      </trkpt>
      <trkpt lat="44.20964" lon="5.21679">
        <ele>462</ele>
      </trkpt>
      <trkpt lat="44.20963" lon="5.21688">
        <ele>464</ele>
      </trkpt>
      <trkpt lat="44.20961" lon="5.21694">
        <ele>466</ele>
      </trkpt>
      <trkpt lat="44.20952" lon="5.21696">
        <ele>469</ele>
      </trkpt>
      <trkpt lat="44.20934" lon="5.21692">
        <ele>476</ele>
      </trkpt>
      <trkpt lat="44.20931" lon="5.21693">
        <ele>479</ele>
      </trkpt>
      <trkpt lat="44.20929" lon="5.21701">
        <ele>481</ele>
      </trkpt>
      <trkpt lat="44.2093" lon="5.21715">
        <ele>484</ele>
      </trkpt>
      <trkpt lat="44.20928" lon="5.21738">
        <ele>488</ele>
      </trkpt>
      <trkpt lat="44.209235" lon="5.217595">
        <ele>493</ele>
      </trkpt>
      <trkpt lat="44.20919" lon="5.21781">
        <ele>495</ele>
      </trkpt>
      <trkpt lat="44.20911" lon="5.21811">
        <ele>501</ele>
      </trkpt>
      <trkpt lat="44.20908" lon="5.21835">
        <ele>503</ele>
      </trkpt>
      <trkpt lat="44.20905" lon="5.21843">
        <ele>506</ele>
      </trkpt>
      <trkpt lat="44.20904" lon="5.21859">
        <ele>507</ele>
      </trkpt>
      <trkpt lat="44.209" lon="5.21873">
        <ele>511</ele>
      </trkpt>
      <trkpt lat="44.20898" lon="5.21897">
        <ele>515</ele>
      </trkpt>
      <trkpt lat="44.20895" lon="5.21917">
        <ele>516</ele>
      </trkpt>
      <trkpt lat="44.20896" lon="5.21948">
        <ele>520</ele>
      </trkpt>
      <trkpt lat="44.208924999999994" lon="5.219715">
        <ele>524</ele>
      </trkpt>
      <trkpt lat="44.20889" lon="5.21995">
        <ele>529</ele>
      </trkpt>
      <trkpt lat="44.20879" lon="5.22025">
        <ele>535</ele>
      </trkpt>
      <trkpt lat="44.20871" lon="5.22039">
        <ele>539</ele>
      </trkpt>
      <trkpt lat="44.20861" lon="5.22061">
        <ele>543</ele>
      </trkpt>
      <trkpt lat="44.208475" lon="5.220845">
        <ele>547</ele>
      </trkpt>
      <trkpt lat="44.20834" lon="5.22108">
        <ele>553</ele>
      </trkpt>
      <trkpt lat="44.208265" lon="5.221254999999999">
        <ele>553</ele>
      </trkpt>
      <trkpt lat="44.20819" lon="5.22143">
        <ele>555</ele>
      </trkpt>
      <trkpt lat="44.20812" lon="5.22156">
        <ele>557</ele>
      </trkpt>
      <trkpt lat="44.20799" lon="5.2217">
        <ele>557</ele>
      </trkpt>
      <trkpt lat="44.20788" lon="5.22176">
        <ele>558</ele>
      </trkpt>
      <trkpt lat="44.20782" lon="5.22187">
        <ele>559</ele>
      </trkpt>
      <trkpt lat="44.20783" lon="5.22194">
        <ele>559</ele>
      </trkpt>
      <trkpt lat="44.20787" lon="5.22202">
        <ele>560</ele>
      </trkpt>
      <trkpt lat="44.20794" lon="5.22208">
        <ele>563</ele>
      </trkpt>
      <trkpt lat="44.20802" lon="5.22212">
        <ele>564</ele>
      </trkpt>
      <trkpt lat="44.20816" lon="5.22212">
        <ele>564</ele>
      </trkpt>
      <trkpt lat="44.20822" lon="5.22215">
        <ele>565</ele>
      </trkpt>
      <trkpt lat="44.20829" lon="5.22221">
        <ele>567</ele>
      </trkpt>
      <trkpt lat="44.20829" lon="5.22226">
        <ele>568</ele>
      </trkpt>
      <trkpt lat="44.20826" lon="5.22228">
        <ele>568</ele>
      </trkpt>
      <trkpt lat="44.20813" lon="5.22231">
        <ele>571</ele>
      </trkpt>
      <trkpt lat="44.20807" lon="5.22231">
        <ele>572</ele>
      </trkpt>
      <trkpt lat="44.20803" lon="5.22236">
        <ele>573</ele>
      </trkpt>
      <trkpt lat="44.2079" lon="5.22236">
        <ele>573</ele>
      </trkpt>
      <trkpt lat="44.20783" lon="5.22241">
        <ele>574</ele>
      </trkpt>
      <trkpt lat="44.20774" lon="5.22244">
        <ele>575</ele>
      </trkpt>
      <trkpt lat="44.20763" lon="5.22246">
        <ele>579</ele>
      </trkpt>
      <trkpt lat="44.207480000000004" lon="5.22262">
        <ele>585</ele>
      </trkpt>
      <trkpt lat="44.20733" lon="5.22278">
        <ele>588</ele>
      </trkpt>
      <trkpt lat="44.20714" lon="5.22302">
        <ele>593</ele>
      </trkpt>
      <trkpt lat="44.20702" lon="5.22334">
        <ele>597</ele>
      </trkpt>
      <trkpt lat="44.20688" lon="5.22362">
        <ele>604</ele>
      </trkpt>
      <trkpt lat="44.206805" lon="5.223905">
        <ele>604</ele>
      </trkpt>
      <trkpt lat="44.20673" lon="5.22419">
        <ele>607</ele>
      </trkpt>
      <trkpt lat="44.20666" lon="5.22437">
        <ele>607</ele>
      </trkpt>
      <trkpt lat="44.206599999999995" lon="5.224625">
        <ele>607</ele>
      </trkpt>
      <trkpt lat="44.20654" lon="5.22488">
        <ele>608</ele>
      </trkpt>
      <trkpt lat="44.20655" lon="5.225">
        <ele>609</ele>
      </trkpt>
      <trkpt lat="44.2066" lon="5.225175">
        <ele>609</ele>
      </trkpt>
      <trkpt lat="44.20665" lon="5.22535">
        <ele>609</ele>
      </trkpt>
      <trkpt lat="44.20667" lon="5.22551">
        <ele>610</ele>
      </trkpt>
      <trkpt lat="44.20668" lon="5.22572">
        <ele>610</ele>
      </trkpt>
      <trkpt lat="44.20662" lon="5.22602">
        <ele>610</ele>
      </trkpt>
      <trkpt lat="44.20661" lon="5.22639">
        <ele>611</ele>
      </trkpt>
      <trkpt lat="44.20662" lon="5.22656">
        <ele>611</ele>
      </trkpt>
      <trkpt lat="44.20665" lon="5.22669">
        <ele>611</ele>
      </trkpt>
      <trkpt lat="44.20666" lon="5.22684">
        <ele>611</ele>
      </trkpt>
      <trkpt lat="44.20665" lon="5.22696">
        <ele>612</ele>
      </trkpt>
      <trkpt lat="44.20665" lon="5.22725">
        <ele>612</ele>
      </trkpt>
      <trkpt lat="44.20661" lon="5.22753">
        <ele>612</ele>
      </trkpt>
      <trkpt lat="44.206595" lon="5.22777">
        <ele>611</ele>
      </trkpt>
      <trkpt lat="44.20658" lon="5.228009999999999">
        <ele>611</ele>
      </trkpt>
      <trkpt lat="44.206565" lon="5.228249999999999">
        <ele>611</ele>
      </trkpt>
      <trkpt lat="44.20655" lon="5.22849">
        <ele>611</ele>
      </trkpt>
      <trkpt lat="44.20651" lon="5.22878">
        <ele>611</ele>
      </trkpt>
      <trkpt lat="44.20647" lon="5.22907">
        <ele>613</ele>
      </trkpt>
      <trkpt lat="44.2064" lon="5.22937">
        <ele>617</ele>
      </trkpt>
      <trkpt lat="44.20642" lon="5.22965">
        <ele>619</ele>
      </trkpt>
      <trkpt lat="44.206385" lon="5.229865">
        <ele>621</ele>
      </trkpt>
      <trkpt lat="44.20635" lon="5.23008">
        <ele>623</ele>
      </trkpt>
      <trkpt lat="44.2063" lon="5.23021">
        <ele>625</ele>
      </trkpt>
      <trkpt lat="44.2063" lon="5.23039">
        <ele>627</ele>
      </trkpt>
      <trkpt lat="44.206275" lon="5.230585">
        <ele>629</ele>
      </trkpt>
      <trkpt lat="44.20625" lon="5.23078">
        <ele>632</ele>
      </trkpt>
      <trkpt lat="44.206235" lon="5.230975">
        <ele>636</ele>
      </trkpt>
      <trkpt lat="44.20622" lon="5.23117">
        <ele>638</ele>
      </trkpt>
      <trkpt lat="44.20616" lon="5.23147">
        <ele>641</ele>
      </trkpt>
      <trkpt lat="44.20606" lon="5.23159">
        <ele>643</ele>
      </trkpt>
      <trkpt lat="44.20596" lon="5.23187">
        <ele>646</ele>
      </trkpt>
      <trkpt lat="44.20589" lon="5.2320899999999995">
        <ele>648</ele>
      </trkpt>
      <trkpt lat="44.20582" lon="5.23231">
        <ele>651</ele>
      </trkpt>
      <trkpt lat="44.20581" lon="5.23253">
        <ele>654</ele>
      </trkpt>
      <trkpt lat="44.20585" lon="5.23281">
        <ele>659</ele>
      </trkpt>
      <trkpt lat="44.20597" lon="5.233">
        <ele>662</ele>
      </trkpt>
      <trkpt lat="44.20598" lon="5.23325">
        <ele>666</ele>
      </trkpt>
      <trkpt lat="44.20591" lon="5.23361">
        <ele>672</ele>
      </trkpt>
      <trkpt lat="44.205925" lon="5.233805">
        <ele>675</ele>
      </trkpt>
      <trkpt lat="44.20594" lon="5.234">
        <ele>679</ele>
      </trkpt>
      <trkpt lat="44.20598" lon="5.23434">
        <ele>684</ele>
      </trkpt>
      <trkpt lat="44.205974999999995" lon="5.23458">
        <ele>689</ele>
      </trkpt>
      <trkpt lat="44.20597" lon="5.23482">
        <ele>694</ele>
      </trkpt>
      <trkpt lat="44.20594" lon="5.23494">
        <ele>695</ele>
      </trkpt>
      <trkpt lat="44.20592" lon="5.23508">
        <ele>698</ele>
      </trkpt>
      <trkpt lat="44.20584" lon="5.2352">
        <ele>702</ele>
      </trkpt>
      <trkpt lat="44.20564" lon="5.23533">
        <ele>707</ele>
      </trkpt>
      <trkpt lat="44.2054" lon="5.23543">
        <ele>712</ele>
      </trkpt>
      <trkpt lat="44.20522" lon="5.23548">
        <ele>719</ele>
      </trkpt>
      <trkpt lat="44.20513" lon="5.2356">
        <ele>721</ele>
      </trkpt>
      <trkpt lat="44.20508" lon="5.23583">
        <ele>723</ele>
      </trkpt>
      <trkpt lat="44.204985" lon="5.23597">
        <ele>728</ele>
      </trkpt>
      <trkpt lat="44.20489" lon="5.23611">
        <ele>732</ele>
      </trkpt>
      <trkpt lat="44.204695" lon="5.236225">
        <ele>739</ele>
      </trkpt>
      <trkpt lat="44.2045" lon="5.23634">
        <ele>749</ele>
      </trkpt>
      <trkpt lat="44.20443" lon="5.23647">
        <ele>753</ele>
      </trkpt>
      <trkpt lat="44.20431" lon="5.2365">
        <ele>755</ele>
      </trkpt>
      <trkpt lat="44.20427" lon="5.23657">
        <ele>757</ele>
      </trkpt>
      <trkpt lat="44.2041" lon="5.23661">
        <ele>760</ele>
      </trkpt>
      <trkpt lat="44.20393" lon="5.23663">
        <ele>765</ele>
      </trkpt>
      <trkpt lat="44.20392" lon="5.23667">
        <ele>767</ele>
      </trkpt>
      <trkpt lat="44.20385" lon="5.23669">
        <ele>768</ele>
      </trkpt>
      <trkpt lat="44.20374" lon="5.23674">
        <ele>772</ele>
      </trkpt>
      <trkpt lat="44.20373" lon="5.23671">
        <ele>772</ele>
      </trkpt>
      <trkpt lat="44.20364" lon="5.23674">
        <ele>776</ele>
      </trkpt>
      <trkpt lat="44.2035" lon="5.23676">
        <ele>782</ele>
      </trkpt>
      <trkpt lat="44.20345" lon="5.23682">
        <ele>784</ele>
      </trkpt>
      <trkpt lat="44.20336" lon="5.23696">
        <ele>790</ele>
      </trkpt>
      <trkpt lat="44.20332" lon="5.237">
        <ele>790</ele>
      </trkpt>
      <trkpt lat="44.20325" lon="5.23701">
        <ele>792</ele>
      </trkpt>
      <trkpt lat="44.20311" lon="5.23714">
        <ele>798</ele>
      </trkpt>
      <trkpt lat="44.20312" lon="5.23718">
        <ele>798</ele>
      </trkpt>
      <trkpt lat="44.20316" lon="5.23721">
        <ele>799</ele>
      </trkpt>
      <trkpt lat="44.20319" lon="5.23728">
        <ele>800</ele>
      </trkpt>
      <trkpt lat="44.20319" lon="5.23735">
        <ele>802</ele>
      </trkpt>
      <trkpt lat="44.20315" lon="5.2374">
        <ele>804</ele>
      </trkpt>
      <trkpt lat="44.20308" lon="5.23745">
        <ele>807</ele>
      </trkpt>
      <trkpt lat="44.20306" lon="5.23749">
        <ele>809</ele>
      </trkpt>
      <trkpt lat="44.20305" lon="5.23754">
        <ele>810</ele>
      </trkpt>
      <trkpt lat="44.20292" lon="5.2375">
        <ele>812</ele>
      </trkpt>
      <trkpt lat="44.202919" lon="5.237505">
        <ele>866.25</ele>
      </trkpt>
      <trkpt lat="44.202906" lon="5.237665">
        <ele>870.01</ele>
      </trkpt>
      <trkpt lat="44.202939" lon="5.237703">
        <ele>868.5</ele>
      </trkpt>
      <trkpt lat="44.202933" lon="5.237786">
        <ele>870.78</ele>
      </trkpt>
      <trkpt lat="44.202968" lon="5.237821">
        <ele>869.05</ele>
      </trkpt>
      <trkpt lat="44.202991" lon="5.237884">
        <ele>868.93</ele>
      </trkpt>
      <trkpt lat="44.20301479677681" lon="5.237867028593769">
        <ele>827.9984193555094</ele>
      </trkpt>
      <trkpt lat="44.20301479677681" lon="5.237867028593769">
        <ele>827.9984193555094</ele>
      </trkpt>
      <trkpt lat="44.20307650829207" lon="5.237840246830245">
        <ele>826.1896202257897</ele>
      </trkpt>
      <trkpt lat="44.20311123634862" lon="5.237870509006662">
        <ele>827.1520780946788</ele>
      </trkpt>
      <trkpt lat="44.20311123634862" lon="5.237870509006662">
        <ele>828.9497575441653</ele>
      </trkpt>
      <trkpt lat="44.20311123634862" lon="5.237870509006662">
        <ele>827.1520780946788</ele>
      </trkpt>
      <trkpt lat="44.20319170294775" lon="5.237878506492422">
        <ele>827.3936611843585</ele>
      </trkpt>
      <trkpt lat="44.20321969019065" lon="5.237903442244052">
        <ele>828.591797055173</ele>
      </trkpt>
      <trkpt lat="44.20321969019065" lon="5.237903442244052">
        <ele>830.2897197115893</ele>
      </trkpt>
      <trkpt lat="44.20321969019065" lon="5.237903442244052">
        <ele>828.591797055173</ele>
      </trkpt>
      <trkpt lat="44.20329181240584" lon="5.237895723340955">
        <ele>828.5177545374029</ele>
      </trkpt>
      <trkpt lat="44.20329181240584" lon="5.237895723340955">
        <ele>828.5177545374029</ele>
      </trkpt>
      <trkpt lat="44.20333158186969" lon="5.237914853172043">
        <ele>829.7456347791036</ele>
      </trkpt>
      <trkpt lat="44.20340149271394" lon="5.237920640126163">
        <ele>830.4967981675896</ele>
      </trkpt>
      <trkpt lat="44.20340149271394" lon="5.237920640126163">
        <ele>830.4967981675896</ele>
      </trkpt>
      <trkpt lat="44.20340149271394" lon="5.237920640126163">
        <ele>830.4967981675896</ele>
      </trkpt>
      <trkpt lat="44.203427072406384" lon="5.238004494035408">
        <ele>835.473913315316</ele>
      </trkpt>
      <trkpt lat="44.203496137513156" lon="5.238050881303423">
        <ele>838.564231112137</ele>
      </trkpt>
      <trkpt lat="44.203496137513156" lon="5.238050881303423">
        <ele>838.564231112137</ele>
      </trkpt>
      <trkpt lat="44.203496137513156" lon="5.238050881303423">
        <ele>838.564231112137</ele>
      </trkpt>
      <trkpt lat="44.203566687898046" lon="5.238180964163007">
        <ele>846.8775416228888</ele>
      </trkpt>
      <trkpt lat="44.20366240503648" lon="5.238282817646876">
        <ele>851.5917823519558</ele>
      </trkpt>
      <trkpt lat="44.20366240503648" lon="5.238282817646876">
        <ele>851.5917823519558</ele>
      </trkpt>
      <trkpt lat="44.203669684119006" lon="5.23838415772974">
        <ele>856.2096404480615</ele>
      </trkpt>
      <trkpt lat="44.203669684119006" lon="5.23838415772974">
        <ele>856.2096404480615</ele>
      </trkpt>
      <trkpt lat="44.203669684119006" lon="5.23838415772974">
        <ele>856.2096404480615</ele>
      </trkpt>
      <trkpt lat="44.20367639618584" lon="5.238469824616402">
        <ele>859.1016944477144</ele>
      </trkpt>
      <trkpt lat="44.20365" lon="5.23851">
        <ele>861.0598180244014</ele>
      </trkpt>
      <trkpt lat="44.20365" lon="5.23851">
        <ele>852</ele>
      </trkpt>
      <trkpt lat="44.20365" lon="5.23855">
        <ele>853</ele>
      </trkpt>
      <trkpt lat="44.20346" lon="5.23857">
        <ele>856</ele>
      </trkpt>
      <trkpt lat="44.20351" lon="5.23864">
        <ele>857</ele>
      </trkpt>
      <trkpt lat="44.20346" lon="5.23869">
        <ele>859</ele>
      </trkpt>
      <trkpt lat="44.20345" lon="5.23869">
        <ele>859</ele>
      </trkpt>
      <trkpt lat="44.2035" lon="5.23874">
        <ele>859</ele>
      </trkpt>
      <trkpt lat="44.203514999999996" lon="5.239015">
        <ele>865</ele>
      </trkpt>
      <trkpt lat="44.20353" lon="5.23929">
        <ele>873</ele>
      </trkpt>
      <trkpt lat="44.20351" lon="5.23939">
        <ele>875</ele>
      </trkpt>
      <trkpt lat="44.20344" lon="5.23957">
        <ele>881</ele>
      </trkpt>
      <trkpt lat="44.20344" lon="5.23968">
        <ele>883</ele>
      </trkpt>
      <trkpt lat="44.20342" lon="5.23972">
        <ele>884</ele>
      </trkpt>
      <trkpt lat="44.2032" lon="5.23983">
        <ele>892</ele>
      </trkpt>
      <trkpt lat="44.20332" lon="5.23996">
        <ele>894</ele>
      </trkpt>
      <trkpt lat="44.20344" lon="5.24024">
        <ele>896</ele>
      </trkpt>
      <trkpt lat="44.20349" lon="5.240545">
        <ele>899</ele>
      </trkpt>
      <trkpt lat="44.20354" lon="5.24085">
        <ele>900</ele>
      </trkpt>
      <trkpt lat="44.2035425" lon="5.241055">
        <ele>902</ele>
      </trkpt>
      <trkpt lat="44.203545" lon="5.2412600000000005">
        <ele>904</ele>
      </trkpt>
      <trkpt lat="44.2035475" lon="5.241465">
        <ele>905</ele>
      </trkpt>
      <trkpt lat="44.20355" lon="5.24167">
        <ele>907</ele>
      </trkpt>
      <trkpt lat="44.20349" lon="5.24185">
        <ele>910</ele>
      </trkpt>
      <trkpt lat="44.20347" lon="5.24195">
        <ele>910</ele>
      </trkpt>
      <trkpt lat="44.20352" lon="5.24203">
        <ele>910</ele>
      </trkpt>
      <trkpt lat="44.203655" lon="5.242155">
        <ele>912</ele>
      </trkpt>
      <trkpt lat="44.20379" lon="5.24228">
        <ele>912</ele>
      </trkpt>
      <trkpt lat="44.20382" lon="5.24235">
        <ele>913</ele>
      </trkpt>
      <trkpt lat="44.20381" lon="5.24245">
        <ele>914</ele>
      </trkpt>
      <trkpt lat="44.203705" lon="5.2427075">
        <ele>916</ele>
      </trkpt>
      <trkpt lat="44.203599999999994" lon="5.242965">
        <ele>917</ele>
      </trkpt>
      <trkpt lat="44.203495" lon="5.2432225">
        <ele>918</ele>
      </trkpt>
      <trkpt lat="44.20339" lon="5.24348">
        <ele>920</ele>
      </trkpt>
      <trkpt lat="44.203285" lon="5.243665">
        <ele>921</ele>
      </trkpt>
      <trkpt lat="44.20318" lon="5.24385">
        <ele>923</ele>
      </trkpt>
      <trkpt lat="44.20309" lon="5.244">
        <ele>924</ele>
      </trkpt>
      <trkpt lat="44.20298" lon="5.24416">
        <ele>926</ele>
      </trkpt>
      <trkpt lat="44.20287" lon="5.24432">
        <ele>927</ele>
      </trkpt>
      <trkpt lat="44.20274" lon="5.244435">
        <ele>929</ele>
      </trkpt>
      <trkpt lat="44.20261" lon="5.24455">
        <ele>931</ele>
      </trkpt>
      <trkpt lat="44.20255" lon="5.24459">
        <ele>931</ele>
      </trkpt>
      <trkpt lat="44.2025" lon="5.24459">
        <ele>932</ele>
      </trkpt>
      <trkpt lat="44.20238" lon="5.24454">
        <ele>932</ele>
      </trkpt>
      <trkpt lat="44.20219" lon="5.24453">
        <ele>932</ele>
      </trkpt>
      <trkpt lat="44.20208" lon="5.2445">
        <ele>932</ele>
      </trkpt>
      <trkpt lat="44.20208" lon="5.24451">
        <ele>932</ele>
      </trkpt>
      <trkpt lat="44.201840000000004" lon="5.244375">
        <ele>934</ele>
      </trkpt>
      <trkpt lat="44.2016" lon="5.24424">
        <ele>936</ele>
      </trkpt>
      <trkpt lat="44.201480000000004" lon="5.24414">
        <ele>938</ele>
      </trkpt>
      <trkpt lat="44.20136" lon="5.24404">
        <ele>940</ele>
      </trkpt>
      <trkpt lat="44.20121" lon="5.243885000000001">
        <ele>941</ele>
      </trkpt>
      <trkpt lat="44.20106" lon="5.24373">
        <ele>945</ele>
      </trkpt>
      <trkpt lat="44.200914999999995" lon="5.243635">
        <ele>945</ele>
      </trkpt>
      <trkpt lat="44.20077" lon="5.24354">
        <ele>946</ele>
      </trkpt>
      <trkpt lat="44.2005275" lon="5.243432500000001">
        <ele>948</ele>
      </trkpt>
      <trkpt lat="44.200285" lon="5.2433250000000005">
        <ele>950</ele>
      </trkpt>
      <trkpt lat="44.2000425" lon="5.2432175">
        <ele>953</ele>
      </trkpt>
      <trkpt lat="44.1998" lon="5.24311">
        <ele>955</ele>
      </trkpt>
      <trkpt lat="44.19958" lon="5.24306">
        <ele>956</ele>
      </trkpt>
      <trkpt lat="44.19937" lon="5.24296">
        <ele>958</ele>
      </trkpt>
      <trkpt lat="44.19926" lon="5.24294">
        <ele>959</ele>
      </trkpt>
      <trkpt lat="44.19903" lon="5.24294">
        <ele>960</ele>
      </trkpt>
      <trkpt lat="44.198765" lon="5.2428799999999995">
        <ele>963</ele>
      </trkpt>
      <trkpt lat="44.1985" lon="5.24282">
        <ele>966</ele>
      </trkpt>
      <trkpt lat="44.19828" lon="5.24278">
        <ele>968</ele>
      </trkpt>
      <trkpt lat="44.19806" lon="5.24274">
        <ele>970</ele>
      </trkpt>
      <trkpt lat="44.197847499999995" lon="5.24269">
        <ele>972</ele>
      </trkpt>
      <trkpt lat="44.197635" lon="5.24264">
        <ele>973</ele>
      </trkpt>
      <trkpt lat="44.1974225" lon="5.24259">
        <ele>975</ele>
      </trkpt>
      <trkpt lat="44.19721" lon="5.24254">
        <ele>976</ele>
      </trkpt>
      <trkpt lat="44.19696" lon="5.24245">
        <ele>979</ele>
      </trkpt>
      <trkpt lat="44.1967875" lon="5.242375">
        <ele>982</ele>
      </trkpt>
      <trkpt lat="44.196614999999994" lon="5.2423">
        <ele>985</ele>
      </trkpt>
      <trkpt lat="44.196442499999996" lon="5.2422249999999995">
        <ele>988</ele>
      </trkpt>
      <trkpt lat="44.19627" lon="5.24215">
        <ele>991</ele>
      </trkpt>
      <trkpt lat="44.19611" lon="5.24203">
        <ele>993</ele>
      </trkpt>
      <trkpt lat="44.19595" lon="5.24184">
        <ele>996</ele>
      </trkpt>
      <trkpt lat="44.1958" lon="5.24174">
        <ele>996</ele>
      </trkpt>
      <trkpt lat="44.19575" lon="5.24172">
        <ele>996</ele>
      </trkpt>
      <trkpt lat="44.19555" lon="5.24169">
        <ele>997</ele>
      </trkpt>
      <trkpt lat="44.195425" lon="5.241765">
        <ele>1000</ele>
      </trkpt>
      <trkpt lat="44.1953" lon="5.24184">
        <ele>1004</ele>
      </trkpt>
      <trkpt lat="44.19522" lon="5.24201">
        <ele>1009</ele>
      </trkpt>
      <trkpt lat="44.1951" lon="5.24219">
        <ele>1013</ele>
      </trkpt>
      <trkpt lat="44.19491" lon="5.24242">
        <ele>1020</ele>
      </trkpt>
      <trkpt lat="44.194802499999994" lon="5.2425625">
        <ele>1023</ele>
      </trkpt>
      <trkpt lat="44.194694999999996" lon="5.242705">
        <ele>1027</ele>
      </trkpt>
      <trkpt lat="44.1945875" lon="5.2428475">
        <ele>1030</ele>
      </trkpt>
      <trkpt lat="44.19448" lon="5.24299">
        <ele>1033</ele>
      </trkpt>
      <trkpt lat="44.19428" lon="5.24321">
        <ele>1036</ele>
      </trkpt>
      <trkpt lat="44.19417" lon="5.24339">
        <ele>1038</ele>
      </trkpt>
      <trkpt lat="44.19414" lon="5.24363">
        <ele>1045</ele>
      </trkpt>
      <trkpt lat="44.19407" lon="5.24392">
        <ele>1049</ele>
      </trkpt>
      <trkpt lat="44.19404" lon="5.24419">
        <ele>1051</ele>
      </trkpt>
      <trkpt lat="44.19394" lon="5.24449">
        <ele>1052</ele>
      </trkpt>
      <trkpt lat="44.19388" lon="5.24475">
        <ele>1052</ele>
      </trkpt>
      <trkpt lat="44.19385" lon="5.245">
        <ele>1053</ele>
      </trkpt>
      <trkpt lat="44.19373" lon="5.2451">
        <ele>1056</ele>
      </trkpt>
      <trkpt lat="44.19351" lon="5.24512">
        <ele>1064</ele>
      </trkpt>
      <trkpt lat="44.193375" lon="5.245125">
        <ele>1067</ele>
      </trkpt>
      <trkpt lat="44.19324" lon="5.24513">
        <ele>1070</ele>
      </trkpt>
      <trkpt lat="44.19301" lon="5.24511">
        <ele>1075</ele>
      </trkpt>
      <trkpt lat="44.19283" lon="5.24505">
        <ele>1076</ele>
      </trkpt>
      <trkpt lat="44.192585" lon="5.24503">
        <ele>1079</ele>
      </trkpt>
      <trkpt lat="44.19234" lon="5.24501">
        <ele>1079</ele>
      </trkpt>
      <trkpt lat="44.19215" lon="5.24502">
        <ele>1080</ele>
      </trkpt>
      <trkpt lat="44.19199" lon="5.2451">
        <ele>1084</ele>
      </trkpt>
      <trkpt lat="44.19192" lon="5.24536">
        <ele>1088</ele>
      </trkpt>
      <trkpt lat="44.191895" lon="5.24559">
        <ele>1088</ele>
      </trkpt>
      <trkpt lat="44.19187" lon="5.24582">
        <ele>1088</ele>
      </trkpt>
      <trkpt lat="44.191855000000004" lon="5.246065">
        <ele>1088</ele>
      </trkpt>
      <trkpt lat="44.19184" lon="5.24631">
        <ele>1088</ele>
      </trkpt>
      <trkpt lat="44.191805" lon="5.24655">
        <ele>1088</ele>
      </trkpt>
      <trkpt lat="44.19177" lon="5.24679">
        <ele>1088</ele>
      </trkpt>
      <trkpt lat="44.191755" lon="5.24704">
        <ele>1088</ele>
      </trkpt>
      <trkpt lat="44.19174" lon="5.24729">
        <ele>1089</ele>
      </trkpt>
      <trkpt lat="44.19171" lon="5.247624999999999">
        <ele>1091</ele>
      </trkpt>
      <trkpt lat="44.19168" lon="5.24796">
        <ele>1091</ele>
      </trkpt>
      <trkpt lat="44.191649999999996" lon="5.24818">
        <ele>1091</ele>
      </trkpt>
      <trkpt lat="44.19162" lon="5.2484">
        <ele>1092</ele>
      </trkpt>
      <trkpt lat="44.191585" lon="5.248635">
        <ele>1092</ele>
      </trkpt>
      <trkpt lat="44.19155" lon="5.24887">
        <ele>1093</ele>
      </trkpt>
      <trkpt lat="44.191495" lon="5.249105">
        <ele>1093</ele>
      </trkpt>
      <trkpt lat="44.19144" lon="5.24934">
        <ele>1093</ele>
      </trkpt>
      <trkpt lat="44.19139" lon="5.24948">
        <ele>1093</ele>
      </trkpt>
      <trkpt lat="44.19137" lon="5.24962">
        <ele>1093</ele>
      </trkpt>
      <trkpt lat="44.19133" lon="5.24967">
        <ele>1092</ele>
      </trkpt>
      <trkpt lat="44.19126" lon="5.24972">
        <ele>1090</ele>
      </trkpt>
      <trkpt lat="44.19121" lon="5.24981">
        <ele>1090</ele>
      </trkpt>
      <trkpt lat="44.19114" lon="5.25009">
        <ele>1090</ele>
      </trkpt>
      <trkpt lat="44.19113" lon="5.250287500000001">
        <ele>1090</ele>
      </trkpt>
      <trkpt lat="44.19112" lon="5.250485">
        <ele>1092</ele>
      </trkpt>
      <trkpt lat="44.191109999999995" lon="5.2506825">
        <ele>1095</ele>
      </trkpt>
      <trkpt lat="44.1911" lon="5.25088">
        <ele>1100</ele>
      </trkpt>
      <trkpt lat="44.19106" lon="5.25112">
        <ele>1103</ele>
      </trkpt>
      <trkpt lat="44.19102" lon="5.25136">
        <ele>1107</ele>
      </trkpt>
      <trkpt lat="44.191" lon="5.25155">
        <ele>1108</ele>
      </trkpt>
      <trkpt lat="44.19098" lon="5.25174">
        <ele>1112</ele>
      </trkpt>
      <trkpt lat="44.190965000000006" lon="5.25195">
        <ele>1114</ele>
      </trkpt>
      <trkpt lat="44.19095" lon="5.25216">
        <ele>1116</ele>
      </trkpt>
      <trkpt lat="44.190975" lon="5.252454999999999">
        <ele>1122</ele>
      </trkpt>
      <trkpt lat="44.191" lon="5.25275">
        <ele>1125</ele>
      </trkpt>
      <trkpt lat="44.191045" lon="5.253055">
        <ele>1130</ele>
      </trkpt>
      <trkpt lat="44.19109" lon="5.25336">
        <ele>1136</ele>
      </trkpt>
      <trkpt lat="44.191105" lon="5.253555">
        <ele>1137</ele>
      </trkpt>
      <trkpt lat="44.19112" lon="5.25375">
        <ele>1138</ele>
      </trkpt>
      <trkpt lat="44.19118" lon="5.25409">
        <ele>1141</ele>
      </trkpt>
      <trkpt lat="44.191275000000005" lon="5.254289999999999">
        <ele>1144</ele>
      </trkpt>
      <trkpt lat="44.191370000000006" lon="5.25449">
        <ele>1146</ele>
      </trkpt>
      <trkpt lat="44.19146500000001" lon="5.25469">
        <ele>1150</ele>
      </trkpt>
      <trkpt lat="44.19156" lon="5.25489">
        <ele>1152</ele>
      </trkpt>
      <trkpt lat="44.1916" lon="5.25515">
        <ele>1153</ele>
      </trkpt>
      <trkpt lat="44.19157" lon="5.25534">
        <ele>1154</ele>
      </trkpt>
      <trkpt lat="44.1916575" lon="5.2556225">
        <ele>1156</ele>
      </trkpt>
      <trkpt lat="44.191745" lon="5.255905">
        <ele>1158</ele>
      </trkpt>
      <trkpt lat="44.191832500000004" lon="5.2561875">
        <ele>1161</ele>
      </trkpt>
      <trkpt lat="44.19192" lon="5.25647">
        <ele>1163</ele>
      </trkpt>
      <trkpt lat="44.19196" lon="5.25666">
        <ele>1164</ele>
      </trkpt>
      <trkpt lat="44.192" lon="5.25685">
        <ele>1165</ele>
      </trkpt>
      <trkpt lat="44.192015" lon="5.257075">
        <ele>1166</ele>
      </trkpt>
      <trkpt lat="44.19203" lon="5.2573">
        <ele>1168</ele>
      </trkpt>
      <trkpt lat="44.192025" lon="5.257515">
        <ele>1170</ele>
      </trkpt>
      <trkpt lat="44.19202" lon="5.25773">
        <ele>1172</ele>
      </trkpt>
      <trkpt lat="44.1920075" lon="5.2579899999999995">
        <ele>1176</ele>
      </trkpt>
      <trkpt lat="44.191995" lon="5.25825">
        <ele>1177</ele>
      </trkpt>
      <trkpt lat="44.191982499999995" lon="5.25851">
        <ele>1181</ele>
      </trkpt>
      <trkpt lat="44.19197" lon="5.25877">
        <ele>1183</ele>
      </trkpt>
      <trkpt lat="44.19198" lon="5.25905">
        <ele>1185</ele>
      </trkpt>
      <trkpt lat="44.19195" lon="5.259275000000001">
        <ele>1187</ele>
      </trkpt>
      <trkpt lat="44.191919999999996" lon="5.2595">
        <ele>1191</ele>
      </trkpt>
      <trkpt lat="44.19189" lon="5.2597249999999995">
        <ele>1194</ele>
      </trkpt>
      <trkpt lat="44.19186" lon="5.25995">
        <ele>1198</ele>
      </trkpt>
      <trkpt lat="44.191865" lon="5.260244999999999">
        <ele>1200</ele>
      </trkpt>
      <trkpt lat="44.19187" lon="5.26054">
        <ele>1203</ele>
      </trkpt>
      <trkpt lat="44.19185" lon="5.260745">
        <ele>1207</ele>
      </trkpt>
      <trkpt lat="44.19183" lon="5.26095">
        <ele>1209</ele>
      </trkpt>
      <trkpt lat="44.191815000000005" lon="5.261195000000001">
        <ele>1213</ele>
      </trkpt>
      <trkpt lat="44.1918" lon="5.26144">
        <ele>1215</ele>
      </trkpt>
      <trkpt lat="44.19176" lon="5.26163">
        <ele>1217</ele>
      </trkpt>
      <trkpt lat="44.19172" lon="5.26182">
        <ele>1219</ele>
      </trkpt>
      <trkpt lat="44.19159" lon="5.26202">
        <ele>1223</ele>
      </trkpt>
      <trkpt lat="44.19143" lon="5.26222">
        <ele>1223</ele>
      </trkpt>
      <trkpt lat="44.19129" lon="5.26236">
        <ele>1224</ele>
      </trkpt>
      <trkpt lat="44.19117" lon="5.262455">
        <ele>1224</ele>
      </trkpt>
      <trkpt lat="44.19105" lon="5.26255">
        <ele>1225</ele>
      </trkpt>
      <trkpt lat="44.19086" lon="5.26265">
        <ele>1225</ele>
      </trkpt>
      <trkpt lat="44.19066" lon="5.26281">
        <ele>1225</ele>
      </trkpt>
      <trkpt lat="44.19051" lon="5.26283">
        <ele>1226</ele>
      </trkpt>
      <trkpt lat="44.19036" lon="5.26285">
        <ele>1226</ele>
      </trkpt>
      <trkpt lat="44.19017" lon="5.26292">
        <ele>1229</ele>
      </trkpt>
      <trkpt lat="44.18999" lon="5.26296">
        <ele>1229</ele>
      </trkpt>
      <trkpt lat="44.18981" lon="5.263">
        <ele>1229</ele>
      </trkpt>
      <trkpt lat="44.18967" lon="5.263095">
        <ele>1229</ele>
      </trkpt>
      <trkpt lat="44.18953" lon="5.26319">
        <ele>1229</ele>
      </trkpt>
      <trkpt lat="44.18937" lon="5.26325">
        <ele>1229</ele>
      </trkpt>
      <trkpt lat="44.18922499999999" lon="5.263350000000001">
        <ele>1228</ele>
      </trkpt>
      <trkpt lat="44.18908" lon="5.263450000000001">
        <ele>1228</ele>
      </trkpt>
      <trkpt lat="44.188935" lon="5.26355">
        <ele>1228</ele>
      </trkpt>
      <trkpt lat="44.18879" lon="5.26365">
        <ele>1228</ele>
      </trkpt>
      <trkpt lat="44.18873" lon="5.26366">
        <ele>1228</ele>
      </trkpt>
      <trkpt lat="44.18857" lon="5.26364">
        <ele>1233</ele>
      </trkpt>
      <trkpt lat="44.1884325" lon="5.263602499999999">
        <ele>1234</ele>
      </trkpt>
      <trkpt lat="44.188295" lon="5.263565">
        <ele>1235</ele>
      </trkpt>
      <trkpt lat="44.1881575" lon="5.2635275">
        <ele>1235</ele>
      </trkpt>
      <trkpt lat="44.18802" lon="5.26349">
        <ele>1235</ele>
      </trkpt>
      <trkpt lat="44.18793" lon="5.2635">
        <ele>1235</ele>
      </trkpt>
      <trkpt lat="44.1879" lon="5.26353">
        <ele>1236</ele>
      </trkpt>
      <trkpt lat="44.18789" lon="5.26359">
        <ele>1236</ele>
      </trkpt>
      <trkpt lat="44.18791" lon="5.2637">
        <ele>1236</ele>
      </trkpt>
      <trkpt lat="44.18789" lon="5.2639">
        <ele>1236</ele>
      </trkpt>
      <trkpt lat="44.188" lon="5.264125">
        <ele>1236</ele>
      </trkpt>
      <trkpt lat="44.18811" lon="5.26435">
        <ele>1236</ele>
      </trkpt>
      <trkpt lat="44.18823" lon="5.26454">
        <ele>1236</ele>
      </trkpt>
      <trkpt lat="44.18833" lon="5.26463">
        <ele>1238</ele>
      </trkpt>
      <trkpt lat="44.18838" lon="5.26476">
        <ele>1238</ele>
      </trkpt>
      <trkpt lat="44.188550000000006" lon="5.264915">
        <ele>1236</ele>
      </trkpt>
      <trkpt lat="44.18872" lon="5.26507">
        <ele>1236</ele>
      </trkpt>
      <trkpt lat="44.18884" lon="5.2651">
        <ele>1236</ele>
      </trkpt>
      <trkpt lat="44.1889" lon="5.26513">
        <ele>1235</ele>
      </trkpt>
      <trkpt lat="44.18896" lon="5.26519">
        <ele>1235</ele>
      </trkpt>
      <trkpt lat="44.18918" lon="5.26532">
        <ele>1235</ele>
      </trkpt>
      <trkpt lat="44.18926" lon="5.26548">
        <ele>1235</ele>
      </trkpt>
      <trkpt lat="44.18935999999999" lon="5.265615">
        <ele>1236</ele>
      </trkpt>
      <trkpt lat="44.18946" lon="5.26575">
        <ele>1236</ele>
      </trkpt>
      <trkpt lat="44.18965" lon="5.26592">
        <ele>1237</ele>
      </trkpt>
      <trkpt lat="44.189755000000005" lon="5.26606">
        <ele>1240</ele>
      </trkpt>
      <trkpt lat="44.18986" lon="5.2662">
        <ele>1240</ele>
      </trkpt>
      <trkpt lat="44.18995" lon="5.26637">
        <ele>1241</ele>
      </trkpt>
      <trkpt lat="44.19004" lon="5.26654">
        <ele>1242</ele>
      </trkpt>
      <trkpt lat="44.19015" lon="5.26682">
        <ele>1243</ele>
      </trkpt>
      <trkpt lat="44.19021" lon="5.2671">
        <ele>1246</ele>
      </trkpt>
      <trkpt lat="44.1903" lon="5.26738">
        <ele>1247</ele>
      </trkpt>
      <trkpt lat="44.19033" lon="5.26751">
        <ele>1248</ele>
      </trkpt>
      <trkpt lat="44.19033" lon="5.26763">
        <ele>1248</ele>
      </trkpt>
      <trkpt lat="44.19031" lon="5.26779">
        <ele>1249</ele>
      </trkpt>
      <trkpt lat="44.19020999999999" lon="5.26806">
        <ele>1251</ele>
      </trkpt>
      <trkpt lat="44.19011" lon="5.26833">
        <ele>1252</ele>
      </trkpt>
      <trkpt lat="44.19008" lon="5.26845">
        <ele>1254</ele>
      </trkpt>
      <trkpt lat="44.190045" lon="5.26865">
        <ele>1255</ele>
      </trkpt>
      <trkpt lat="44.19001" lon="5.2688500000000005">
        <ele>1258</ele>
      </trkpt>
      <trkpt lat="44.189975000000004" lon="5.26905">
        <ele>1258</ele>
      </trkpt>
      <trkpt lat="44.18994" lon="5.26925">
        <ele>1259</ele>
      </trkpt>
      <trkpt lat="44.189904999999996" lon="5.26951">
        <ele>1262</ele>
      </trkpt>
      <trkpt lat="44.18987" lon="5.26977">
        <ele>1264</ele>
      </trkpt>
      <trkpt lat="44.18979" lon="5.2701">
        <ele>1267</ele>
      </trkpt>
      <trkpt lat="44.18968" lon="5.270345000000001">
        <ele>1269</ele>
      </trkpt>
      <trkpt lat="44.18957" lon="5.27059">
        <ele>1273</ele>
      </trkpt>
      <trkpt lat="44.18946625" lon="5.27074125">
        <ele>1273</ele>
      </trkpt>
      <trkpt lat="44.1893625" lon="5.2708925">
        <ele>1276</ele>
      </trkpt>
      <trkpt lat="44.18925875" lon="5.2710437500000005">
        <ele>1276</ele>
      </trkpt>
      <trkpt lat="44.189155" lon="5.2711950000000005">
        <ele>1279</ele>
      </trkpt>
      <trkpt lat="44.18905125" lon="5.271346250000001">
        <ele>1280</ele>
      </trkpt>
      <trkpt lat="44.1889475" lon="5.271497500000001">
        <ele>1281</ele>
      </trkpt>
      <trkpt lat="44.188843750000004" lon="5.271648750000001">
        <ele>1282</ele>
      </trkpt>
      <trkpt lat="44.18874" lon="5.2718">
        <ele>1285</ele>
      </trkpt>
      <trkpt lat="44.18863" lon="5.27206">
        <ele>1287</ele>
      </trkpt>
      <trkpt lat="44.188515" lon="5.272235">
        <ele>1287</ele>
      </trkpt>
      <trkpt lat="44.1884" lon="5.27241">
        <ele>1290</ele>
      </trkpt>
      <trkpt lat="44.188315" lon="5.272655">
        <ele>1291</ele>
      </trkpt>
      <trkpt lat="44.18823" lon="5.2729">
        <ele>1295</ele>
      </trkpt>
      <trkpt lat="44.188165" lon="5.273215">
        <ele>1298</ele>
      </trkpt>
      <trkpt lat="44.1881" lon="5.27353">
        <ele>1298</ele>
      </trkpt>
      <trkpt lat="44.18804375" lon="5.27371625">
        <ele>1300</ele>
      </trkpt>
      <trkpt lat="44.1879875" lon="5.2739025">
        <ele>1303</ele>
      </trkpt>
      <trkpt lat="44.18793125" lon="5.27408875">
        <ele>1304</ele>
      </trkpt>
      <trkpt lat="44.187875" lon="5.274274999999999">
        <ele>1304</ele>
      </trkpt>
      <trkpt lat="44.18781875" lon="5.27446125">
        <ele>1307</ele>
      </trkpt>
      <trkpt lat="44.1877625" lon="5.2746474999999995">
        <ele>1307</ele>
      </trkpt>
      <trkpt lat="44.18770625" lon="5.274833749999999">
        <ele>1309</ele>
      </trkpt>
      <trkpt lat="44.18765" lon="5.27502">
        <ele>1313</ele>
      </trkpt>
      <trkpt lat="44.1876" lon="5.27529">
        <ele>1317</ele>
      </trkpt>
      <trkpt lat="44.1876" lon="5.27544">
        <ele>1318</ele>
      </trkpt>
      <trkpt lat="44.18761" lon="5.27549">
        <ele>1319</ele>
      </trkpt>
      <trkpt lat="44.18766" lon="5.2755">
        <ele>1325</ele>
      </trkpt>
      <trkpt lat="44.18771" lon="5.27548">
        <ele>1326</ele>
      </trkpt>
      <trkpt lat="44.18782" lon="5.27538">
        <ele>1327</ele>
      </trkpt>
      <trkpt lat="44.18784" lon="5.27539">
        <ele>1328</ele>
      </trkpt>
      <trkpt lat="44.18786" lon="5.27548">
        <ele>1330</ele>
      </trkpt>
      <trkpt lat="44.18785" lon="5.27556">
        <ele>1332</ele>
      </trkpt>
      <trkpt lat="44.18776" lon="5.27576">
        <ele>1334</ele>
      </trkpt>
      <trkpt lat="44.18776" lon="5.27598">
        <ele>1336</ele>
      </trkpt>
      <trkpt lat="44.1878" lon="5.27621">
        <ele>1337</ele>
      </trkpt>
      <trkpt lat="44.1879" lon="5.27648">
        <ele>1339</ele>
      </trkpt>
      <trkpt lat="44.188005000000004" lon="5.27661">
        <ele>1339</ele>
      </trkpt>
      <trkpt lat="44.18811" lon="5.27674">
        <ele>1340</ele>
      </trkpt>
      <trkpt lat="44.18824" lon="5.27683">
        <ele>1340</ele>
      </trkpt>
      <trkpt lat="44.1883" lon="5.27692">
        <ele>1340</ele>
      </trkpt>
      <trkpt lat="44.18821" lon="5.2769">
        <ele>1341</ele>
      </trkpt>
      <trkpt lat="44.18806" lon="5.2769">
        <ele>1341</ele>
      </trkpt>
      <trkpt lat="44.1878" lon="5.27682">
        <ele>1342</ele>
      </trkpt>
      <trkpt lat="44.187545" lon="5.276755">
        <ele>1342</ele>
      </trkpt>
      <trkpt lat="44.18729" lon="5.27669">
        <ele>1345</ele>
      </trkpt>
      <trkpt lat="44.18713" lon="5.27663">
        <ele>1345</ele>
      </trkpt>
      <trkpt lat="44.187" lon="5.27666">
        <ele>1345</ele>
      </trkpt>
      <trkpt lat="44.18686" lon="5.27667">
        <ele>1345</ele>
      </trkpt>
      <trkpt lat="44.18683" lon="5.27664">
        <ele>1346</ele>
      </trkpt>
      <trkpt lat="44.18682" lon="5.27658">
        <ele>1346</ele>
      </trkpt>
      <trkpt lat="44.18686" lon="5.27639">
        <ele>1347</ele>
      </trkpt>
      <trkpt lat="44.18687" lon="5.27626">
        <ele>1349</ele>
      </trkpt>
      <trkpt lat="44.18679" lon="5.27596">
        <ele>1352</ele>
      </trkpt>
      <trkpt lat="44.18676" lon="5.2756">
        <ele>1353</ele>
      </trkpt>
      <trkpt lat="44.18671" lon="5.27528">
        <ele>1356</ele>
      </trkpt>
      <trkpt lat="44.18671" lon="5.27512">
        <ele>1356</ele>
      </trkpt>
      <trkpt lat="44.186769999999996" lon="5.274875">
        <ele>1357</ele>
      </trkpt>
      <trkpt lat="44.18683" lon="5.27463">
        <ele>1357</ele>
      </trkpt>
      <trkpt lat="44.186890000000005" lon="5.2743850000000005">
        <ele>1357</ele>
      </trkpt>
      <trkpt lat="44.18695" lon="5.27414">
        <ele>1357</ele>
      </trkpt>
      <trkpt lat="44.187025000000006" lon="5.273804999999999">
        <ele>1357</ele>
      </trkpt>
      <trkpt lat="44.1871" lon="5.27347">
        <ele>1357</ele>
      </trkpt>
      <trkpt lat="44.1871125" lon="5.2732174999999994">
        <ele>1359</ele>
      </trkpt>
      <trkpt lat="44.187125" lon="5.272964999999999">
        <ele>1361</ele>
      </trkpt>
      <trkpt lat="44.187137500000006" lon="5.272712499999999">
        <ele>1361</ele>
      </trkpt>
      <trkpt lat="44.18715" lon="5.27246">
        <ele>1361</ele>
      </trkpt>
      <trkpt lat="44.18717" lon="5.27223">
        <ele>1361</ele>
      </trkpt>
      <trkpt lat="44.18719" lon="5.272">
        <ele>1359</ele>
      </trkpt>
      <trkpt lat="44.187195" lon="5.271800000000001">
        <ele>1359</ele>
      </trkpt>
      <trkpt lat="44.1872" lon="5.2716">
        <ele>1359</ele>
      </trkpt>
      <trkpt lat="44.18719" lon="5.27141">
        <ele>1359</ele>
      </trkpt>
      <trkpt lat="44.18714" lon="5.27116">
        <ele>1360</ele>
      </trkpt>
      <trkpt lat="44.18712" lon="5.27093">
        <ele>1361</ele>
      </trkpt>
      <trkpt lat="44.18719" lon="5.27064">
        <ele>1363</ele>
      </trkpt>
      <trkpt lat="44.18724" lon="5.27029">
        <ele>1364</ele>
      </trkpt>
      <trkpt lat="44.18726" lon="5.27004">
        <ele>1366</ele>
      </trkpt>
      <trkpt lat="44.18719" lon="5.2699">
        <ele>1367</ele>
      </trkpt>
      <trkpt lat="44.18709" lon="5.26966">
        <ele>1371</ele>
      </trkpt>
      <trkpt lat="44.18709" lon="5.26957">
        <ele>1371</ele>
      </trkpt>
      <trkpt lat="44.18696" lon="5.26945">
        <ele>1371</ele>
      </trkpt>
      <trkpt lat="44.18686" lon="5.26943">
        <ele>1371</ele>
      </trkpt>
      <trkpt lat="44.18681" lon="5.26947">
        <ele>1371</ele>
      </trkpt>
      <trkpt lat="44.18669" lon="5.26961">
        <ele>1371</ele>
      </trkpt>
      <trkpt lat="44.18664" lon="5.26964">
        <ele>1371</ele>
      </trkpt>
      <trkpt lat="44.18659" lon="5.26965">
        <ele>1370</ele>
      </trkpt>
      <trkpt lat="44.18655" lon="5.26963">
        <ele>1370</ele>
      </trkpt>
      <trkpt lat="44.186445" lon="5.26949">
        <ele>1370</ele>
      </trkpt>
      <trkpt lat="44.18634" lon="5.26935">
        <ele>1370</ele>
      </trkpt>
      <trkpt lat="44.18624" lon="5.26924">
        <ele>1371</ele>
      </trkpt>
      <trkpt lat="44.18621" lon="5.26919">
        <ele>1371</ele>
      </trkpt>
      <trkpt lat="44.18607" lon="5.26926">
        <ele>1372</ele>
      </trkpt>
      <trkpt lat="44.18593" lon="5.26933">
        <ele>1373</ele>
      </trkpt>
      <trkpt lat="44.1858" lon="5.2696">
        <ele>1376</ele>
      </trkpt>
      <trkpt lat="44.185604999999995" lon="5.269685">
        <ele>1378</ele>
      </trkpt>
      <trkpt lat="44.18541" lon="5.26977">
        <ele>1380</ele>
      </trkpt>
      <trkpt lat="44.18529" lon="5.26981">
        <ele>1382</ele>
      </trkpt>
      <trkpt lat="44.18518" lon="5.26981">
        <ele>1382</ele>
      </trkpt>
      <trkpt lat="44.18505" lon="5.26977">
        <ele>1384</ele>
      </trkpt>
      <trkpt lat="44.18494" lon="5.26996">
        <ele>1386</ele>
      </trkpt>
      <trkpt lat="44.18486" lon="5.26988">
        <ele>1387</ele>
      </trkpt>
      <trkpt lat="44.18476" lon="5.26972">
        <ele>1387</ele>
      </trkpt>
      <trkpt lat="44.18475" lon="5.26972">
        <ele>1387</ele>
      </trkpt>
      <trkpt lat="44.184650000000005" lon="5.269525">
        <ele>1388</ele>
      </trkpt>
      <trkpt lat="44.18455" lon="5.26933">
        <ele>1389</ele>
      </trkpt>
      <trkpt lat="44.18445" lon="5.269135">
        <ele>1391</ele>
      </trkpt>
      <trkpt lat="44.18435" lon="5.26894">
        <ele>1393</ele>
      </trkpt>
      <trkpt lat="44.184255" lon="5.2687349999999995">
        <ele>1393</ele>
      </trkpt>
      <trkpt lat="44.18416" lon="5.26853">
        <ele>1395</ele>
      </trkpt>
      <trkpt lat="44.184124999999995" lon="5.268345">
        <ele>1397</ele>
      </trkpt>
      <trkpt lat="44.18409" lon="5.26816">
        <ele>1398</ele>
      </trkpt>
      <trkpt lat="44.18405" lon="5.26807">
        <ele>1398</ele>
      </trkpt>
      <trkpt lat="44.18396" lon="5.26796">
        <ele>1398</ele>
      </trkpt>
      <trkpt lat="44.183994999999996" lon="5.26823625">
        <ele>1398</ele>
      </trkpt>
      <trkpt lat="44.18403" lon="5.2685125">
        <ele>1398</ele>
      </trkpt>
      <trkpt lat="44.184065000000004" lon="5.268788750000001">
        <ele>1398</ele>
      </trkpt>
      <trkpt lat="44.1841" lon="5.269065">
        <ele>1398</ele>
      </trkpt>
      <trkpt lat="44.184135" lon="5.26934125">
        <ele>1398</ele>
      </trkpt>
      <trkpt lat="44.18417" lon="5.269617500000001">
        <ele>1399</ele>
      </trkpt>
      <trkpt lat="44.184205000000006" lon="5.2698937500000005">
        <ele>1400</ele>
      </trkpt>
      <trkpt lat="44.18424" lon="5.27017">
        <ele>1400</ele>
      </trkpt>
      <trkpt lat="44.18428" lon="5.270383125">
        <ele>1401</ele>
      </trkpt>
      <trkpt lat="44.18432" lon="5.2705962500000005">
        <ele>1402</ele>
      </trkpt>
      <trkpt lat="44.18436" lon="5.270809375000001">
        <ele>1402</ele>
      </trkpt>
      <trkpt lat="44.184400000000004" lon="5.2710225">
        <ele>1403</ele>
      </trkpt>
      <trkpt lat="44.18444000000001" lon="5.271235624999999">
        <ele>1403</ele>
      </trkpt>
      <trkpt lat="44.18448000000001" lon="5.271448749999999">
        <ele>1404</ele>
      </trkpt>
      <trkpt lat="44.184520000000006" lon="5.2716618749999995">
        <ele>1405</ele>
      </trkpt>
      <trkpt lat="44.184560000000005" lon="5.271875">
        <ele>1406</ele>
      </trkpt>
      <trkpt lat="44.1846" lon="5.272088125">
        <ele>1407</ele>
      </trkpt>
      <trkpt lat="44.18464" lon="5.27230125">
        <ele>1408</ele>
      </trkpt>
      <trkpt lat="44.18468" lon="5.272514375">
        <ele>1409</ele>
      </trkpt>
      <trkpt lat="44.18472" lon="5.2727275">
        <ele>1410</ele>
      </trkpt>
      <trkpt lat="44.18476" lon="5.272940625">
        <ele>1411</ele>
      </trkpt>
      <trkpt lat="44.184799999999996" lon="5.2731537500000005">
        <ele>1412</ele>
      </trkpt>
      <trkpt lat="44.184839999999994" lon="5.273366875000001">
        <ele>1413</ele>
      </trkpt>
      <trkpt lat="44.18488" lon="5.27358">
        <ele>1413</ele>
      </trkpt>
      <trkpt lat="44.18491" lon="5.2738499999999995">
        <ele>1414</ele>
      </trkpt>
      <trkpt lat="44.18494" lon="5.27412">
        <ele>1414</ele>
      </trkpt>
      <trkpt lat="44.18492" lon="5.27434">
        <ele>1414</ele>
      </trkpt>
      <trkpt lat="44.18481" lon="5.274535">
        <ele>1415</ele>
      </trkpt>
      <trkpt lat="44.1847" lon="5.27473">
        <ele>1417</ele>
      </trkpt>
      <trkpt lat="44.184525" lon="5.27483">
        <ele>1419</ele>
      </trkpt>
      <trkpt lat="44.18435" lon="5.27493">
        <ele>1423</ele>
      </trkpt>
      <trkpt lat="44.18419" lon="5.2751">
        <ele>1425</ele>
      </trkpt>
      <trkpt lat="44.183985" lon="5.275205">
        <ele>1428</ele>
      </trkpt>
      <trkpt lat="44.18378" lon="5.27531">
        <ele>1433</ele>
      </trkpt>
      <trkpt lat="44.18366" lon="5.27527">
        <ele>1435</ele>
      </trkpt>
      <trkpt lat="44.18352" lon="5.275385">
        <ele>1437</ele>
      </trkpt>
      <trkpt lat="44.18338" lon="5.2755">
        <ele>1438</ele>
      </trkpt>
      <trkpt lat="44.18332" lon="5.27557">
        <ele>1439</ele>
      </trkpt>
      <trkpt lat="44.18319" lon="5.27536">
        <ele>1443</ele>
      </trkpt>
      <trkpt lat="44.183080000000004" lon="5.275225000000001">
        <ele>1446</ele>
      </trkpt>
      <trkpt lat="44.18297" lon="5.2750900000000005">
        <ele>1449</ele>
      </trkpt>
      <trkpt lat="44.18286" lon="5.274955">
        <ele>1452</ele>
      </trkpt>
      <trkpt lat="44.18275" lon="5.27482">
        <ele>1456</ele>
      </trkpt>
      <trkpt lat="44.18261" lon="5.274615">
        <ele>1462</ele>
      </trkpt>
      <trkpt lat="44.18247" lon="5.27441">
        <ele>1467</ele>
      </trkpt>
      <trkpt lat="44.1823" lon="5.27421">
        <ele>1472</ele>
      </trkpt>
      <trkpt lat="44.18209" lon="5.27405">
        <ele>1478</ele>
      </trkpt>
      <trkpt lat="44.18188" lon="5.27389">
        <ele>1482</ele>
      </trkpt>
      <trkpt lat="44.18167" lon="5.2737300000000005">
        <ele>1488</ele>
      </trkpt>
      <trkpt lat="44.18146" lon="5.27357">
        <ele>1494</ele>
      </trkpt>
      <trkpt lat="44.18131" lon="5.27339">
        <ele>1496</ele>
      </trkpt>
      <trkpt lat="44.1813" lon="5.27341">
        <ele>1496</ele>
      </trkpt>
      <trkpt lat="44.18127" lon="5.27365">
        <ele>1496</ele>
      </trkpt>
      <trkpt lat="44.18124" lon="5.27389">
        <ele>1496</ele>
      </trkpt>
      <trkpt lat="44.18122" lon="5.2742">
        <ele>1496</ele>
      </trkpt>
      <trkpt lat="44.18122" lon="5.274405">
        <ele>1495</ele>
      </trkpt>
      <trkpt lat="44.18122" lon="5.27461">
        <ele>1495</ele>
      </trkpt>
      <trkpt lat="44.18129" lon="5.27482">
        <ele>1494</ele>
      </trkpt>
      <trkpt lat="44.181335" lon="5.275085">
        <ele>1494</ele>
      </trkpt>
      <trkpt lat="44.18138" lon="5.2753499999999995">
        <ele>1494</ele>
      </trkpt>
      <trkpt lat="44.181425" lon="5.275615">
        <ele>1492</ele>
      </trkpt>
      <trkpt lat="44.18147" lon="5.27588">
        <ele>1492</ele>
      </trkpt>
      <trkpt lat="44.18161" lon="5.276125">
        <ele>1487</ele>
      </trkpt>
      <trkpt lat="44.18175" lon="5.27637">
        <ele>1485</ele>
      </trkpt>
      <trkpt lat="44.1819175" lon="5.276595">
        <ele>1480</ele>
      </trkpt>
      <trkpt lat="44.182085" lon="5.27682">
        <ele>1475</ele>
      </trkpt>
      <trkpt lat="44.182252500000004" lon="5.277044999999999">
        <ele>1471</ele>
      </trkpt>
      <trkpt lat="44.18242" lon="5.27727">
        <ele>1467</ele>
      </trkpt>
      <trkpt lat="44.18258" lon="5.27751">
        <ele>1463</ele>
      </trkpt>
      <trkpt lat="44.182725000000005" lon="5.277805000000001">
        <ele>1457</ele>
      </trkpt>
      <trkpt lat="44.18287" lon="5.2781">
        <ele>1454</ele>
      </trkpt>
      <trkpt lat="44.18291" lon="5.27821">
        <ele>1454</ele>
      </trkpt>
      <trkpt lat="44.18294" lon="5.2784">
        <ele>1454</ele>
      </trkpt>
      <trkpt lat="44.18289" lon="5.27844">
        <ele>1454</ele>
      </trkpt>
      <trkpt lat="44.18288" lon="5.27852">
        <ele>1454</ele>
      </trkpt>
      <trkpt lat="44.18279" lon="5.27876">
        <ele>1454</ele>
      </trkpt>
      <trkpt lat="44.18273" lon="5.27887">
        <ele>1455</ele>
      </trkpt>
      <trkpt lat="44.18258" lon="5.278930000000001">
        <ele>1455</ele>
      </trkpt>
      <trkpt lat="44.18243" lon="5.27899">
        <ele>1456</ele>
      </trkpt>
      <trkpt lat="44.18218" lon="5.27903">
        <ele>1456</ele>
      </trkpt>
      <trkpt lat="44.1821" lon="5.2791">
        <ele>1457</ele>
      </trkpt>
      <trkpt lat="44.18206" lon="5.2792">
        <ele>1457</ele>
      </trkpt>
      <trkpt lat="44.18203" lon="5.27942">
        <ele>1457</ele>
      </trkpt>
      <trkpt lat="44.18202" lon="5.27964">
        <ele>1457</ele>
      </trkpt>
      <trkpt lat="44.18208" lon="5.27984">
        <ele>1458</ele>
      </trkpt>
      <trkpt lat="44.18214" lon="5.28004">
        <ele>1458</ele>
      </trkpt>
      <trkpt lat="44.1822" lon="5.28038">
        <ele>1458</ele>
      </trkpt>
      <trkpt lat="44.182215" lon="5.28057">
        <ele>1458</ele>
      </trkpt>
      <trkpt lat="44.18223" lon="5.28076">
        <ele>1459</ele>
      </trkpt>
      <trkpt lat="44.1822" lon="5.28099">
        <ele>1459</ele>
      </trkpt>
      <trkpt lat="44.18209" lon="5.281252500000001">
        <ele>1459</ele>
      </trkpt>
      <trkpt lat="44.181979999999996" lon="5.281515000000001">
        <ele>1459</ele>
      </trkpt>
      <trkpt lat="44.181869999999996" lon="5.2817775000000005">
        <ele>1459</ele>
      </trkpt>
      <trkpt lat="44.18176" lon="5.28204">
        <ele>1459</ele>
      </trkpt>
      <trkpt lat="44.18167" lon="5.28228">
        <ele>1459</ele>
      </trkpt>
      <trkpt lat="44.1816" lon="5.28253">
        <ele>1458</ele>
      </trkpt>
      <trkpt lat="44.1816" lon="5.28273">
        <ele>1458</ele>
      </trkpt>
      <trkpt lat="44.18164" lon="5.28295">
        <ele>1457</ele>
      </trkpt>
      <trkpt lat="44.18177" lon="5.28321">
        <ele>1457</ele>
      </trkpt>
      <trkpt lat="44.18185" lon="5.283505">
        <ele>1456</ele>
      </trkpt>
      <trkpt lat="44.18193" lon="5.2838">
        <ele>1455</ele>
      </trkpt>
      <trkpt lat="44.18195" lon="5.28401">
        <ele>1453</ele>
      </trkpt>
      <trkpt lat="44.18193" lon="5.28413">
        <ele>1452</ele>
      </trkpt>
      <trkpt lat="44.181835" lon="5.28429">
        <ele>1451</ele>
      </trkpt>
      <trkpt lat="44.18174" lon="5.28445">
        <ele>1449</ele>
      </trkpt>
      <trkpt lat="44.18167" lon="5.284615">
        <ele>1449</ele>
      </trkpt>
      <trkpt lat="44.1816" lon="5.28478">
        <ele>1449</ele>
      </trkpt>
      <trkpt lat="44.18139" lon="5.28501">
        <ele>1449</ele>
      </trkpt>
      <trkpt lat="44.1812" lon="5.28524">
        <ele>1453</ele>
      </trkpt>
      <trkpt lat="44.18098" lon="5.28544">
        <ele>1458</ele>
      </trkpt>
      <trkpt lat="44.180832499999994" lon="5.2855550000000004">
        <ele>1459</ele>
      </trkpt>
      <trkpt lat="44.180685" lon="5.28567">
        <ele>1461</ele>
      </trkpt>
      <trkpt lat="44.1805375" lon="5.285785">
        <ele>1463</ele>
      </trkpt>
      <trkpt lat="44.18039" lon="5.2859">
        <ele>1466</ele>
      </trkpt>
      <trkpt lat="44.18021" lon="5.28606">
        <ele>1468</ele>
      </trkpt>
      <trkpt lat="44.18017" lon="5.28604">
        <ele>1471</ele>
      </trkpt>
      <trkpt lat="44.18015" lon="5.28599">
        <ele>1473</ele>
      </trkpt>
      <trkpt lat="44.18017" lon="5.28592">
        <ele>1477</ele>
      </trkpt>
      <trkpt lat="44.18031" lon="5.2857199999999995">
        <ele>1477</ele>
      </trkpt>
      <trkpt lat="44.18045" lon="5.28552">
        <ele>1478</ele>
      </trkpt>
      <trkpt lat="44.180589999999995" lon="5.285299999999999">
        <ele>1481</ele>
      </trkpt>
      <trkpt lat="44.18073" lon="5.28508">
        <ele>1483</ele>
      </trkpt>
      <trkpt lat="44.18083" lon="5.284795">
        <ele>1489</ele>
      </trkpt>
      <trkpt lat="44.18093" lon="5.28451">
        <ele>1489</ele>
      </trkpt>
      <trkpt lat="44.180975" lon="5.28428">
        <ele>1493</ele>
      </trkpt>
      <trkpt lat="44.18102" lon="5.28405">
        <ele>1495</ele>
      </trkpt>
      <trkpt lat="44.18104" lon="5.28373">
        <ele>1499</ele>
      </trkpt>
      <trkpt lat="44.18102" lon="5.28354">
        <ele>1500</ele>
      </trkpt>
      <trkpt lat="44.18098" lon="5.28338">
        <ele>1503</ele>
      </trkpt>
      <trkpt lat="44.18087" lon="5.28304">
        <ele>1509</ele>
      </trkpt>
      <trkpt lat="44.18074" lon="5.28272">
        <ele>1510</ele>
      </trkpt>
      <trkpt lat="44.18073" lon="5.28258">
        <ele>1511</ele>
      </trkpt>
      <trkpt lat="44.18076" lon="5.2824">
        <ele>1512</ele>
      </trkpt>
      <trkpt lat="44.18084" lon="5.2821">
        <ele>1512</ele>
      </trkpt>
      <trkpt lat="44.180875" lon="5.281865">
        <ele>1514</ele>
      </trkpt>
      <trkpt lat="44.18091" lon="5.28163">
        <ele>1519</ele>
      </trkpt>
      <trkpt lat="44.180925" lon="5.281395">
        <ele>1520</ele>
      </trkpt>
      <trkpt lat="44.18094" lon="5.28116">
        <ele>1523</ele>
      </trkpt>
      <trkpt lat="44.180930000000004" lon="5.28093">
        <ele>1525</ele>
      </trkpt>
      <trkpt lat="44.18092" lon="5.2807">
        <ele>1526</ele>
      </trkpt>
      <trkpt lat="44.1809" lon="5.28062">
        <ele>1529</ele>
      </trkpt>
      <trkpt lat="44.18087" lon="5.2806">
        <ele>1532</ele>
      </trkpt>
      <trkpt lat="44.18081" lon="5.280844999999999">
        <ele>1534</ele>
      </trkpt>
      <trkpt lat="44.18075" lon="5.28109">
        <ele>1535</ele>
      </trkpt>
      <trkpt lat="44.18064" lon="5.28141">
        <ele>1540</ele>
      </trkpt>
      <trkpt lat="44.180535" lon="5.281645">
        <ele>1540</ele>
      </trkpt>
      <trkpt lat="44.18043" lon="5.28188">
        <ele>1543</ele>
      </trkpt>
      <trkpt lat="44.180275" lon="5.28218">
        <ele>1545</ele>
      </trkpt>
      <trkpt lat="44.18012" lon="5.28248">
        <ele>1550</ele>
      </trkpt>
      <trkpt lat="44.18011" lon="5.28263">
        <ele>1552</ele>
      </trkpt>
      <trkpt lat="44.18014" lon="5.28292">
        <ele>1558</ele>
      </trkpt>
      <trkpt lat="44.18015" lon="5.28317">
        <ele>1559</ele>
      </trkpt>
      <trkpt lat="44.18016" lon="5.28342">
        <ele>1562</ele>
      </trkpt>
      <trkpt lat="44.18015" lon="5.28366">
        <ele>1563</ele>
      </trkpt>
      <trkpt lat="44.18009" lon="5.28381">
        <ele>1568</ele>
      </trkpt>
      <trkpt lat="44.17999" lon="5.28395">
        <ele>1569</ele>
      </trkpt>
      <trkpt lat="44.17982" lon="5.28413">
        <ele>1570</ele>
      </trkpt>
      <trkpt lat="44.1796" lon="5.284315">
        <ele>1573</ele>
      </trkpt>
      <trkpt lat="44.17938" lon="5.2845">
        <ele>1576</ele>
      </trkpt>
      <trkpt lat="44.179225" lon="5.2846150000000005">
        <ele>1579</ele>
      </trkpt>
      <trkpt lat="44.17907" lon="5.28473">
        <ele>1580</ele>
      </trkpt>
      <trkpt lat="44.17892" lon="5.28475">
        <ele>1584</ele>
      </trkpt>
      <trkpt lat="44.17868" lon="5.284739999999999">
        <ele>1584</ele>
      </trkpt>
      <trkpt lat="44.17844" lon="5.28473">
        <ele>1588</ele>
      </trkpt>
      <trkpt lat="44.17829" lon="5.28477">
        <ele>1592</ele>
      </trkpt>
      <trkpt lat="44.17827" lon="5.28476">
        <ele>1594</ele>
      </trkpt>
      <trkpt lat="44.17826" lon="5.28474">
        <ele>1594</ele>
      </trkpt>
      <trkpt lat="44.17827" lon="5.28471">
        <ele>1596</ele>
      </trkpt>
      <trkpt lat="44.178425" lon="5.284575">
        <ele>1598</ele>
      </trkpt>
      <trkpt lat="44.17858" lon="5.28444">
        <ele>1602</ele>
      </trkpt>
      <trkpt lat="44.17875" lon="5.2844">
        <ele>1604</ele>
      </trkpt>
      <trkpt lat="44.17884" lon="5.28439">
        <ele>1604</ele>
      </trkpt>
      <trkpt lat="44.17892" lon="5.28431">
        <ele>1606</ele>
      </trkpt>
      <trkpt lat="44.17903" lon="5.284145">
        <ele>1608</ele>
      </trkpt>
      <trkpt lat="44.17914" lon="5.28398">
        <ele>1611</ele>
      </trkpt>
      <trkpt lat="44.17925" lon="5.28376">
        <ele>1613</ele>
      </trkpt>
      <trkpt lat="44.17928" lon="5.28365">
        <ele>1617</ele>
      </trkpt>
      <trkpt lat="44.17932" lon="5.28342">
        <ele>1618</ele>
      </trkpt>
      <trkpt lat="44.17933" lon="5.28324">
        <ele>1620</ele>
      </trkpt>
      <trkpt lat="44.17928" lon="5.28307">
        <ele>1620</ele>
      </trkpt>
      <trkpt lat="44.179195" lon="5.28289">
        <ele>1623</ele>
      </trkpt>
      <trkpt lat="44.17911" lon="5.28271">
        <ele>1625</ele>
      </trkpt>
      <trkpt lat="44.179005000000004" lon="5.28242">
        <ele>1625</ele>
      </trkpt>
      <trkpt lat="44.1789" lon="5.28213">
        <ele>1630</ele>
      </trkpt>
      <trkpt lat="44.17888" lon="5.28197">
        <ele>1630</ele>
      </trkpt>
      <trkpt lat="44.17892" lon="5.2816">
        <ele>1635</ele>
      </trkpt>
      <trkpt lat="44.179064999999994" lon="5.28135">
        <ele>1639</ele>
      </trkpt>
      <trkpt lat="44.17921" lon="5.2811">
        <ele>1639</ele>
      </trkpt>
      <trkpt lat="44.17922" lon="5.28108">
        <ele>1639</ele>
      </trkpt>
      <trkpt lat="44.17922" lon="5.28102">
        <ele>1641</ele>
      </trkpt>
      <trkpt lat="44.17919" lon="5.28102">
        <ele>1643</ele>
      </trkpt>
      <trkpt lat="44.1791" lon="5.28115">
        <ele>1645</ele>
      </trkpt>
      <trkpt lat="44.178955" lon="5.281265">
        <ele>1646</ele>
      </trkpt>
      <trkpt lat="44.17881" lon="5.28138">
        <ele>1648</ele>
      </trkpt>
      <trkpt lat="44.17869" lon="5.28151">
        <ele>1649</ele>
      </trkpt>
      <trkpt lat="44.17859" lon="5.281665">
        <ele>1654</ele>
      </trkpt>
      <trkpt lat="44.17849" lon="5.28182">
        <ele>1656</ele>
      </trkpt>
      <trkpt lat="44.17846" lon="5.28192">
        <ele>1659</ele>
      </trkpt>
      <trkpt lat="44.17845" lon="5.282">
        <ele>1659</ele>
      </trkpt>
      <trkpt lat="44.17845" lon="5.28213">
        <ele>1660</ele>
      </trkpt>
      <trkpt lat="44.17848" lon="5.282475">
        <ele>1662</ele>
      </trkpt>
      <trkpt lat="44.17851" lon="5.28282">
        <ele>1667</ele>
      </trkpt>
      <trkpt lat="44.1785" lon="5.28307">
        <ele>1668</ele>
      </trkpt>
      <trkpt lat="44.17848" lon="5.28316">
        <ele>1668</ele>
      </trkpt>
      <trkpt lat="44.17846" lon="5.28315">
        <ele>1670</ele>
      </trkpt>
      <trkpt lat="44.17844" lon="5.28312">
        <ele>1670</ele>
      </trkpt>
      <trkpt lat="44.178380000000004" lon="5.2828800000000005">
        <ele>1676</ele>
      </trkpt>
      <trkpt lat="44.17832" lon="5.28264">
        <ele>1677</ele>
      </trkpt>
      <trkpt lat="44.17828" lon="5.28252">
        <ele>1678</ele>
      </trkpt>
      <trkpt lat="44.17822" lon="5.28239">
        <ele>1680</ele>
      </trkpt>
      <trkpt lat="44.17814" lon="5.28207">
        <ele>1683</ele>
      </trkpt>
      <trkpt lat="44.17811" lon="5.28188">
        <ele>1685</ele>
      </trkpt>
      <trkpt lat="44.17807" lon="5.28175">
        <ele>1686</ele>
      </trkpt>
      <trkpt lat="44.17807" lon="5.2816">
        <ele>1688</ele>
      </trkpt>
      <trkpt lat="44.17809" lon="5.28149">
        <ele>1688</ele>
      </trkpt>
      <trkpt lat="44.178165" lon="5.28125">
        <ele>1691</ele>
      </trkpt>
      <trkpt lat="44.17824" lon="5.28101">
        <ele>1695</ele>
      </trkpt>
      <trkpt lat="44.1783" lon="5.2809">
        <ele>1695</ele>
      </trkpt>
      <trkpt lat="44.17833" lon="5.28077">
        <ele>1697</ele>
      </trkpt>
      <trkpt lat="44.17833" lon="5.28064">
        <ele>1699</ele>
      </trkpt>
      <trkpt lat="44.17831" lon="5.28064">
        <ele>1699</ele>
      </trkpt>
      <trkpt lat="44.17828" lon="5.28066">
        <ele>1701</ele>
      </trkpt>
      <trkpt lat="44.17817" lon="5.28084">
        <ele>1706</ele>
      </trkpt>
      <trkpt lat="44.17802" lon="5.28102">
        <ele>1709</ele>
      </trkpt>
      <trkpt lat="44.17794" lon="5.28117">
        <ele>1711</ele>
      </trkpt>
      <trkpt lat="44.17788" lon="5.28133">
        <ele>1711</ele>
      </trkpt>
      <trkpt lat="44.17784" lon="5.28135">
        <ele>1712</ele>
      </trkpt>
      <trkpt lat="44.17777" lon="5.28142">
        <ele>1714</ele>
      </trkpt>
      <trkpt lat="44.17773" lon="5.28151">
        <ele>1716</ele>
      </trkpt>
      <trkpt lat="44.17766" lon="5.28187">
        <ele>1717</ele>
      </trkpt>
      <trkpt lat="44.17763" lon="5.28214">
        <ele>1722</ele>
      </trkpt>
      <trkpt lat="44.1776" lon="5.28241">
        <ele>1723</ele>
      </trkpt>
      <trkpt lat="44.17759" lon="5.28245">
        <ele>1724</ele>
      </trkpt>
      <trkpt lat="44.17756" lon="5.28247">
        <ele>1726</ele>
      </trkpt>
      <trkpt lat="44.17753" lon="5.28241">
        <ele>1726</ele>
      </trkpt>
      <trkpt lat="44.1775" lon="5.28205">
        <ele>1731</ele>
      </trkpt>
      <trkpt lat="44.1775" lon="5.28188">
        <ele>1732</ele>
      </trkpt>
      <trkpt lat="44.17747" lon="5.28158">
        <ele>1736</ele>
      </trkpt>
      <trkpt lat="44.17745" lon="5.28151">
        <ele>1737</ele>
      </trkpt>
      <trkpt lat="44.17745" lon="5.28145">
        <ele>1737</ele>
      </trkpt>
      <trkpt lat="44.17747" lon="5.28132">
        <ele>1738</ele>
      </trkpt>
      <trkpt lat="44.17753" lon="5.28117">
        <ele>1740</ele>
      </trkpt>
      <trkpt lat="44.17755" lon="5.281">
        <ele>1741</ele>
      </trkpt>
      <trkpt lat="44.17753" lon="5.28073">
        <ele>1744</ele>
      </trkpt>
      <trkpt lat="44.1775" lon="5.28066">
        <ele>1747</ele>
      </trkpt>
      <trkpt lat="44.17749" lon="5.2806">
        <ele>1749</ele>
      </trkpt>
      <trkpt lat="44.17746" lon="5.28062">
        <ele>1750</ele>
      </trkpt>
      <trkpt lat="44.17734" lon="5.28091">
        <ele>1755</ele>
      </trkpt>
      <trkpt lat="44.17728" lon="5.28116">
        <ele>1755</ele>
      </trkpt>
      <trkpt lat="44.177215000000004" lon="5.2813475">
        <ele>1758</ele>
      </trkpt>
      <trkpt lat="44.17715" lon="5.281535">
        <ele>1760</ele>
      </trkpt>
      <trkpt lat="44.177085" lon="5.2817225">
        <ele>1764</ele>
      </trkpt>
      <trkpt lat="44.17702" lon="5.28191">
        <ele>1764</ele>
      </trkpt>
      <trkpt lat="44.17699" lon="5.28198">
        <ele>1765</ele>
      </trkpt>
      <trkpt lat="44.17696" lon="5.28201">
        <ele>1767</ele>
      </trkpt>
      <trkpt lat="44.17694" lon="5.282">
        <ele>1767</ele>
      </trkpt>
      <trkpt lat="44.17694" lon="5.28197">
        <ele>1768</ele>
      </trkpt>
      <trkpt lat="44.17696" lon="5.28189">
        <ele>1770</ele>
      </trkpt>
      <trkpt lat="44.17699" lon="5.28158">
        <ele>1771</ele>
      </trkpt>
      <trkpt lat="44.17698" lon="5.281219999999999">
        <ele>1775</ele>
      </trkpt>
      <trkpt lat="44.17697" lon="5.28086">
        <ele>1778</ele>
      </trkpt>
      <trkpt lat="44.17694" lon="5.28052">
        <ele>1782</ele>
      </trkpt>
      <trkpt lat="44.17693" lon="5.28051">
        <ele>1782</ele>
      </trkpt>
      <trkpt lat="44.17691" lon="5.28051">
        <ele>1784</ele>
      </trkpt>
      <trkpt lat="44.176825" lon="5.2807949999999995">
        <ele>1788</ele>
      </trkpt>
      <trkpt lat="44.17674" lon="5.28108">
        <ele>1792</ele>
      </trkpt>
      <trkpt lat="44.17666" lon="5.2812850000000005">
        <ele>1795</ele>
      </trkpt>
      <trkpt lat="44.17658" lon="5.28149">
        <ele>1798</ele>
      </trkpt>
      <trkpt lat="44.17656" lon="5.28149">
        <ele>1798</ele>
      </trkpt>
      <trkpt lat="44.17655" lon="5.2813">
        <ele>1800</ele>
      </trkpt>
      <trkpt lat="44.17649" lon="5.28103">
        <ele>1807</ele>
      </trkpt>
      <trkpt lat="44.1764" lon="5.28076">
        <ele>1812</ele>
      </trkpt>
      <trkpt lat="44.17632" lon="5.28046">
        <ele>1819</ele>
      </trkpt>
      <trkpt lat="44.17632" lon="5.28042">
        <ele>1819</ele>
      </trkpt>
      <trkpt lat="44.17627" lon="5.28027">
        <ele>1821</ele>
      </trkpt>
      <trkpt lat="44.1761475" lon="5.2800175">
        <ele>1828</ele>
      </trkpt>
      <trkpt lat="44.176025" lon="5.279764999999999">
        <ele>1834</ele>
      </trkpt>
      <trkpt lat="44.17590250000001" lon="5.279512499999999">
        <ele>1837</ele>
      </trkpt>
      <trkpt lat="44.17578" lon="5.27926">
        <ele>1843</ele>
      </trkpt>
      <trkpt lat="44.17576" lon="5.27927">
        <ele>1845</ele>
      </trkpt>
      <trkpt lat="44.17575" lon="5.27932">
        <ele>1845</ele>
      </trkpt>
      <trkpt lat="44.175635" lon="5.2796">
        <ele>1852</ele>
      </trkpt>
      <trkpt lat="44.17552" lon="5.27988">
        <ele>1857</ele>
      </trkpt>
      <trkpt lat="44.17551" lon="5.2799">
        <ele>1859</ele>
      </trkpt>
      <trkpt lat="44.17549" lon="5.2799">
        <ele>1859</ele>
      </trkpt>
      <trkpt lat="44.17546" lon="5.28">
        <ele>1861</ele>
      </trkpt>
      <trkpt lat="44.17534" lon="5.28023">
        <ele>1866</ele>
      </trkpt>
      <trkpt lat="44.17527" lon="5.28032">
        <ele>1871</ele>
      </trkpt>
      <trkpt lat="44.17518" lon="5.28036">
        <ele>1875</ele>
      </trkpt>
      <trkpt lat="44.17511" lon="5.28045">
        <ele>1879</ele>
      </trkpt>
      <trkpt lat="44.17503" lon="5.28062">
        <ele>1882</ele>
      </trkpt>
      <trkpt lat="44.17497" lon="5.28068">
        <ele>1882</ele>
      </trkpt>
      <trkpt lat="44.17489" lon="5.28067">
        <ele>1882</ele>
      </trkpt>
      <trkpt lat="44.17489" lon="5.28067">
        <ele>1877.290718315519</ele>
      </trkpt>
      <trkpt lat="44.17471285952999" lon="5.28043111398506">
        <ele>1878.5453299555384</ele>
      </trkpt>
      <trkpt lat="44.17445514745829" lon="5.279917350350906">
        <ele>1882.0206012300014</ele>
      </trkpt>
      <trkpt lat="44.17437278496416" lon="5.279753156046695">
        <ele>1884.4080309017909</ele>
      </trkpt>
      <trkpt lat="44.17437278496416" lon="5.279753156046695">
        <ele>1884.4080309017909</ele>
      </trkpt>
      <trkpt lat="44.17437278496416" lon="5.279753156046695">
        <ele>1884.4080309017909</ele>
      </trkpt>
      <trkpt lat="44.174403909458704" lon="5.27967881314396">
        <ele>1886.0024269365636</ele>
      </trkpt>
      <trkpt lat="44.17427210474955" lon="5.2795690549869505">
        <ele>1887.3050454935883</ele>
      </trkpt>
      <trkpt lat="44.17427210474955" lon="5.2795690549869505">
        <ele>1887.3050454935883</ele>
      </trkpt>
      <trkpt lat="44.17427210474955" lon="5.2795690549869505">
        <ele>1887.3050454935883</ele>
      </trkpt>
      <trkpt lat="44.17397216264047" lon="5.2793278426102574">
        <ele>1889.343310360713</ele>
      </trkpt>
      <trkpt lat="44.17397216264047" lon="5.2793278426102574">
        <ele>1889.343310360713</ele>
      </trkpt>
      <trkpt lat="44.17367144230195" lon="5.278979133869655">
        <ele>1892.5615378773227</ele>
      </trkpt>
      <trkpt lat="44.17367144230195" lon="5.278979133869655">
        <ele>1892.5615378773227</ele>
      </trkpt>
      <trkpt lat="44.17357020936788" lon="5.278808930793872">
        <ele>1892.7851734709</ele>
      </trkpt>
      <trkpt lat="44.17350172816691" lon="5.278593063477615">
        <ele>1892.7812971189155</ele>
      </trkpt>
      <trkpt lat="44.17350172816691" lon="5.278593063477615">
        <ele>1892.7812971189155</ele>
      </trkpt>
      <trkpt lat="44.17350172816691" lon="5.278593063477615">
        <ele>1892.7812971189155</ele>
      </trkpt>
      <trkpt lat="44.17351697240161" lon="5.2779664862388">
        <ele>1893.927453665403</ele>
      </trkpt>
      <trkpt lat="44.17353221663631" lon="5.277339908999984">
        <ele>1886.8574301174604</ele>
      </trkpt>
      <trkpt lat="44.173538730740205" lon="5.277072162582101">
        <ele>1882.0902547388587</ele>
      </trkpt>
      <trkpt lat="44.1734459097371" lon="5.276957453479582">
        <ele>1879.8731708868825</ele>
      </trkpt>
      <trkpt lat="44.1734459097371" lon="5.276957453479582">
        <ele>1879.8731708868825</ele>
      </trkpt>
      <trkpt lat="44.1734459097371" lon="5.276957453479582">
        <ele>1879.8731708868825</ele>
      </trkpt>
      <trkpt lat="44.17336047209395" lon="5.27653979469622">
        <ele>1873.097701039477</ele>
      </trkpt>
      <trkpt lat="44.173362" lon="5.276539">
        <ele>1850.13</ele>
      </trkpt>
      <trkpt lat="44.173364" lon="5.276548">
        <ele>1850.22</ele>
      </trkpt>
      <trkpt lat="44.17333" lon="5.276522">
        <ele>1849.16</ele>
      </trkpt>
      <trkpt lat="44.173289" lon="5.276532">
        <ele>1848.23</ele>
      </trkpt>
      <trkpt lat="44.173211" lon="5.276718">
        <ele>1847.47</ele>
      </trkpt>
      <trkpt lat="44.173145" lon="5.276804">
        <ele>1846.09</ele>
      </trkpt>
      <trkpt lat="44.173152" lon="5.276732">
        <ele>1845.74</ele>
      </trkpt>
      <trkpt lat="44.173147" lon="5.276563">
        <ele>1844.52</ele>
      </trkpt>
      <trkpt lat="44.173108" lon="5.276101">
        <ele>1840.57</ele>
      </trkpt>
      <trkpt lat="44.173098" lon="5.276049">
        <ele>1839.96</ele>
      </trkpt>
      <trkpt lat="44.173098" lon="5.276049">
        <ele>1839.96</ele>
      </trkpt>
      <trkpt lat="44.173068" lon="5.275892">
        <ele>1838.08</ele>
      </trkpt>
      <trkpt lat="44.173044" lon="5.275665">
        <ele>1836.88</ele>
      </trkpt>
      <trkpt lat="44.17305" lon="5.275632">
        <ele>1837.02</ele>
      </trkpt>
      <trkpt lat="44.173041" lon="5.275592">
        <ele>1836.65</ele>
      </trkpt>
      <trkpt lat="44.173044" lon="5.275513">
        <ele>1836.6</ele>
      </trkpt>
      <trkpt lat="44.173057" lon="5.27548">
        <ele>1836.95</ele>
      </trkpt>
      <trkpt lat="44.173092" lon="5.275428">
        <ele>1838.04</ele>
      </trkpt>
      <trkpt lat="44.173105" lon="5.275419">
        <ele>1838.44</ele>
      </trkpt>
      <trkpt lat="44.173148" lon="5.275428">
        <ele>1839.88</ele>
      </trkpt>
      <trkpt lat="44.173179" lon="5.275487">
        <ele>1840.99</ele>
      </trkpt>
      <trkpt lat="44.173231" lon="5.275455">
        <ele>1841.78</ele>
      </trkpt>
      <trkpt lat="44.173249" lon="5.275385">
        <ele>1841.79</ele>
      </trkpt>
      <trkpt lat="44.173247" lon="5.275343">
        <ele>1841.7</ele>
      </trkpt>
      <trkpt lat="44.17322" lon="5.275201">
        <ele>1841.3</ele>
      </trkpt>
      <trkpt lat="44.173229" lon="5.275062">
        <ele>1841.11</ele>
      </trkpt>
      <trkpt lat="44.173247" lon="5.274979">
        <ele>1840.72</ele>
      </trkpt>
      <trkpt lat="44.173246" lon="5.274898">
        <ele>1840.23</ele>
      </trkpt>
      <trkpt lat="44.173256" lon="5.2748">
        <ele>1839.67</ele>
      </trkpt>
      <trkpt lat="44.173258" lon="5.274736">
        <ele>1839.29</ele>
      </trkpt>
      <trkpt lat="44.173244" lon="5.274608">
        <ele>1838.49</ele>
      </trkpt>
      <trkpt lat="44.173249" lon="5.274496">
        <ele>1837.83</ele>
      </trkpt>
      <trkpt lat="44.173264" lon="5.274434">
        <ele>1837.49</ele>
      </trkpt>
      <trkpt lat="44.173287" lon="5.274386">
        <ele>1837.26</ele>
      </trkpt>
      <trkpt lat="44.173295" lon="5.274278">
        <ele>1836.63</ele>
      </trkpt>
      <trkpt lat="44.17331" lon="5.274232">
        <ele>1836.39</ele>
      </trkpt>
      <trkpt lat="44.173299" lon="5.274119">
        <ele>1835.7</ele>
      </trkpt>
      <trkpt lat="44.173303" lon="5.274037">
        <ele>1835.23</ele>
      </trkpt>
      <trkpt lat="44.173287" lon="5.273904">
        <ele>1834.41</ele>
      </trkpt>
      <trkpt lat="44.173288" lon="5.273627">
        <ele>1832.79</ele>
      </trkpt>
      <trkpt lat="44.173325" lon="5.273218">
        <ele>1829.86</ele>
      </trkpt>
      <trkpt lat="44.173304" lon="5.273106">
        <ele>1828.68</ele>
      </trkpt>
      <trkpt lat="44.17331" lon="5.273049">
        <ele>1828.14</ele>
      </trkpt>
      <trkpt lat="44.173349" lon="5.27292">
        <ele>1826.94</ele>
      </trkpt>
      <trkpt lat="44.173383" lon="5.27264">
        <ele>1824.19</ele>
      </trkpt>
      <trkpt lat="44.173406" lon="5.272593">
        <ele>1823.73</ele>
      </trkpt>
      <trkpt lat="44.173407" lon="5.27252">
        <ele>1823.25</ele>
      </trkpt>
      <trkpt lat="44.173416" lon="5.272462">
        <ele>1822.5</ele>
      </trkpt>
      <trkpt lat="44.173463" lon="5.272361">
        <ele>1821</ele>
      </trkpt>
      <trkpt lat="44.17353" lon="5.272297">
        <ele>1820</ele>
      </trkpt>
      <trkpt lat="44.173619" lon="5.272255">
        <ele>1818.75</ele>
      </trkpt>
      <trkpt lat="44.17367" lon="5.272256">
        <ele>1818.5</ele>
      </trkpt>
      <trkpt lat="44.173789" lon="5.272295">
        <ele>1817.75</ele>
      </trkpt>
      <trkpt lat="44.173836" lon="5.272318">
        <ele>1817.5</ele>
      </trkpt>
      <trkpt lat="44.173874" lon="5.272356">
        <ele>1817.5</ele>
      </trkpt>
      <trkpt lat="44.173904" lon="5.272418">
        <ele>1817.5</ele>
      </trkpt>
      <trkpt lat="44.173927" lon="5.272514">
        <ele>1817.5</ele>
      </trkpt>
      <trkpt lat="44.173952" lon="5.272487">
        <ele>1817.25</ele>
      </trkpt>
      <trkpt lat="44.174004" lon="5.272391">
        <ele>1816.5</ele>
      </trkpt>
      <trkpt lat="44.174265" lon="5.271712">
        <ele>1812.5</ele>
      </trkpt>
      <trkpt lat="44.174288" lon="5.271589">
        <ele>1812</ele>
      </trkpt>
      <trkpt lat="44.17429" lon="5.27159">
        <ele>1819</ele>
      </trkpt>
      <trkpt lat="44.1743" lon="5.27148">
        <ele>1819</ele>
      </trkpt>
      <trkpt lat="44.1743" lon="5.27129">
        <ele>1818</ele>
      </trkpt>
      <trkpt lat="44.1742775" lon="5.2710799999999995">
        <ele>1818</ele>
      </trkpt>
      <trkpt lat="44.174255" lon="5.27087">
        <ele>1818</ele>
      </trkpt>
      <trkpt lat="44.1742325" lon="5.27066">
        <ele>1818</ele>
      </trkpt>
      <trkpt lat="44.17421" lon="5.27045">
        <ele>1818</ele>
      </trkpt>
      <trkpt lat="44.174350000000004" lon="5.27015">
        <ele>1816</ele>
      </trkpt>
      <trkpt lat="44.17449" lon="5.26985">
        <ele>1813</ele>
      </trkpt>
      <trkpt lat="44.174575000000004" lon="5.2695325">
        <ele>1811</ele>
      </trkpt>
      <trkpt lat="44.17466" lon="5.269215">
        <ele>1809</ele>
      </trkpt>
      <trkpt lat="44.174745" lon="5.2688975">
        <ele>1807</ele>
      </trkpt>
      <trkpt lat="44.17483" lon="5.26858">
        <ele>1805</ele>
      </trkpt>
      <trkpt lat="44.17487" lon="5.268245">
        <ele>1803</ele>
      </trkpt>
      <trkpt lat="44.17491" lon="5.26791">
        <ele>1800</ele>
      </trkpt>
      <trkpt lat="44.1749425" lon="5.2675725">
        <ele>1799</ele>
      </trkpt>
      <trkpt lat="44.174975" lon="5.2672349999999994">
        <ele>1796</ele>
      </trkpt>
      <trkpt lat="44.17500750000001" lon="5.2668975">
        <ele>1793</ele>
      </trkpt>
      <trkpt lat="44.17504" lon="5.26656">
        <ele>1789</ele>
      </trkpt>
      <trkpt lat="44.175070000000005" lon="5.2662225">
        <ele>1786</ele>
      </trkpt>
      <trkpt lat="44.1751" lon="5.265885">
        <ele>1782</ele>
      </trkpt>
      <trkpt lat="44.17513" lon="5.2655475">
        <ele>1778</ele>
      </trkpt>
      <trkpt lat="44.175160000000005" lon="5.26521">
        <ele>1776</ele>
      </trkpt>
      <trkpt lat="44.17519" lon="5.2648725">
        <ele>1773</ele>
      </trkpt>
      <trkpt lat="44.17522" lon="5.264535">
        <ele>1770</ele>
      </trkpt>
      <trkpt lat="44.175250000000005" lon="5.2641975">
        <ele>1767</ele>
      </trkpt>
      <trkpt lat="44.17528" lon="5.26386">
        <ele>1764</ele>
      </trkpt>
      <trkpt lat="44.17532" lon="5.2634925">
        <ele>1759</ele>
      </trkpt>
      <trkpt lat="44.17536" lon="5.2631250000000005">
        <ele>1755</ele>
      </trkpt>
      <trkpt lat="44.175399999999996" lon="5.2627575">
        <ele>1751</ele>
      </trkpt>
      <trkpt lat="44.17544" lon="5.26239">
        <ele>1746</ele>
      </trkpt>
      <trkpt lat="44.175470000000004" lon="5.2621975">
        <ele>1742</ele>
      </trkpt>
      <trkpt lat="44.1755" lon="5.262005">
        <ele>1740</ele>
      </trkpt>
      <trkpt lat="44.175529999999995" lon="5.2618125">
        <ele>1737</ele>
      </trkpt>
      <trkpt lat="44.17556" lon="5.26162">
        <ele>1733</ele>
      </trkpt>
      <trkpt lat="44.17555" lon="5.26136">
        <ele>1732</ele>
      </trkpt>
      <trkpt lat="44.17558" lon="5.26119">
        <ele>1728</ele>
      </trkpt>
      <trkpt lat="44.17558" lon="5.26102">
        <ele>1726</ele>
      </trkpt>
      <trkpt lat="44.1756" lon="5.26099">
        <ele>1724</ele>
      </trkpt>
      <trkpt lat="44.17565" lon="5.26101">
        <ele>1723</ele>
      </trkpt>
      <trkpt lat="44.17571" lon="5.26106">
        <ele>1723</ele>
      </trkpt>
      <trkpt lat="44.17577" lon="5.26127">
        <ele>1719</ele>
      </trkpt>
      <trkpt lat="44.17583" lon="5.26148">
        <ele>1718</ele>
      </trkpt>
      <trkpt lat="44.175895" lon="5.2617899999999995">
        <ele>1717</ele>
      </trkpt>
      <trkpt lat="44.17596" lon="5.2621">
        <ele>1714</ele>
      </trkpt>
      <trkpt lat="44.17602" lon="5.2623">
        <ele>1712</ele>
      </trkpt>
      <trkpt lat="44.17607" lon="5.26253">
        <ele>1709</ele>
      </trkpt>
      <trkpt lat="44.17618" lon="5.26286">
        <ele>1706</ele>
      </trkpt>
      <trkpt lat="44.17625" lon="5.263">
        <ele>1702</ele>
      </trkpt>
      <trkpt lat="44.17638" lon="5.2632">
        <ele>1696</ele>
      </trkpt>
      <trkpt lat="44.17656" lon="5.26335">
        <ele>1688</ele>
      </trkpt>
      <trkpt lat="44.17666" lon="5.26348">
        <ele>1684</ele>
      </trkpt>
      <trkpt lat="44.17682" lon="5.26376">
        <ele>1677</ele>
      </trkpt>
      <trkpt lat="44.17702" lon="5.26399">
        <ele>1668</ele>
      </trkpt>
      <trkpt lat="44.177195" lon="5.264215">
        <ele>1661</ele>
      </trkpt>
      <trkpt lat="44.17737" lon="5.26444">
        <ele>1652</ele>
      </trkpt>
      <trkpt lat="44.177465" lon="5.264609999999999">
        <ele>1648</ele>
      </trkpt>
      <trkpt lat="44.17756" lon="5.26478">
        <ele>1644</ele>
      </trkpt>
      <trkpt lat="44.17755" lon="5.26493">
        <ele>1644</ele>
      </trkpt>
      <trkpt lat="44.1776" lon="5.26505">
        <ele>1641</ele>
      </trkpt>
      <trkpt lat="44.177724999999995" lon="5.26479">
        <ele>1633</ele>
      </trkpt>
      <trkpt lat="44.17785" lon="5.26453">
        <ele>1625</ele>
      </trkpt>
      <trkpt lat="44.17785" lon="5.26457">
        <ele>1625</ele>
      </trkpt>
      <trkpt lat="44.17788" lon="5.26457">
        <ele>1624</ele>
      </trkpt>
      <trkpt lat="44.1778875" lon="5.2643725">
        <ele>1622</ele>
      </trkpt>
      <trkpt lat="44.177895" lon="5.264175">
        <ele>1621</ele>
      </trkpt>
      <trkpt lat="44.1779025" lon="5.263977499999999">
        <ele>1620</ele>
      </trkpt>
      <trkpt lat="44.17791" lon="5.26378">
        <ele>1618</ele>
      </trkpt>
      <trkpt lat="44.17790375" lon="5.2635862499999995">
        <ele>1617</ele>
      </trkpt>
      <trkpt lat="44.1778975" lon="5.2633925">
        <ele>1615</ele>
      </trkpt>
      <trkpt lat="44.17789125" lon="5.26319875">
        <ele>1614</ele>
      </trkpt>
      <trkpt lat="44.177885" lon="5.263005">
        <ele>1612</ele>
      </trkpt>
      <trkpt lat="44.177878750000005" lon="5.2628112499999995">
        <ele>1610</ele>
      </trkpt>
      <trkpt lat="44.17787250000001" lon="5.262617499999999">
        <ele>1609</ele>
      </trkpt>
      <trkpt lat="44.17786625000001" lon="5.26242375">
        <ele>1608</ele>
      </trkpt>
      <trkpt lat="44.17786" lon="5.26223">
        <ele>1607</ele>
      </trkpt>
      <trkpt lat="44.177875" lon="5.262005">
        <ele>1604</ele>
      </trkpt>
      <trkpt lat="44.177890000000005" lon="5.26178">
        <ele>1603</ele>
      </trkpt>
      <trkpt lat="44.177905" lon="5.2615549999999995">
        <ele>1603</ele>
      </trkpt>
      <trkpt lat="44.17792" lon="5.26133">
        <ele>1600</ele>
      </trkpt>
      <trkpt lat="44.1779225" lon="5.26113">
        <ele>1599</ele>
      </trkpt>
      <trkpt lat="44.177925" lon="5.26093">
        <ele>1597</ele>
      </trkpt>
      <trkpt lat="44.1779275" lon="5.260730000000001">
        <ele>1596</ele>
      </trkpt>
      <trkpt lat="44.17793" lon="5.26053">
        <ele>1595</ele>
      </trkpt>
      <trkpt lat="44.17791750000001" lon="5.2603124999999995">
        <ele>1593</ele>
      </trkpt>
      <trkpt lat="44.177905" lon="5.260095">
        <ele>1593</ele>
      </trkpt>
      <trkpt lat="44.1778925" lon="5.2598775">
        <ele>1591</ele>
      </trkpt>
      <trkpt lat="44.17788" lon="5.25966">
        <ele>1588</ele>
      </trkpt>
      <trkpt lat="44.17785" lon="5.25951">
        <ele>1588</ele>
      </trkpt>
      <trkpt lat="44.17776" lon="5.25927">
        <ele>1587</ele>
      </trkpt>
      <trkpt lat="44.17773" lon="5.25903">
        <ele>1585</ele>
      </trkpt>
      <trkpt lat="44.17776" lon="5.25892">
        <ele>1584</ele>
      </trkpt>
      <trkpt lat="44.17789" lon="5.25862">
        <ele>1582</ele>
      </trkpt>
      <trkpt lat="44.17794" lon="5.258419999999999">
        <ele>1580</ele>
      </trkpt>
      <trkpt lat="44.17799" lon="5.25822">
        <ele>1579</ele>
      </trkpt>
      <trkpt lat="44.17801" lon="5.25796">
        <ele>1577</ele>
      </trkpt>
      <trkpt lat="44.17803" lon="5.2577">
        <ele>1576</ele>
      </trkpt>
      <trkpt lat="44.178035" lon="5.2575">
        <ele>1576</ele>
      </trkpt>
      <trkpt lat="44.17804" lon="5.2573">
        <ele>1575</ele>
      </trkpt>
      <trkpt lat="44.1780275" lon="5.25711">
        <ele>1574</ele>
      </trkpt>
      <trkpt lat="44.178015" lon="5.25692">
        <ele>1573</ele>
      </trkpt>
      <trkpt lat="44.178002500000005" lon="5.25673">
        <ele>1571</ele>
      </trkpt>
      <trkpt lat="44.17799" lon="5.25654">
        <ele>1571</ele>
      </trkpt>
      <trkpt lat="44.17796" lon="5.25632">
        <ele>1569</ele>
      </trkpt>
      <trkpt lat="44.17791" lon="5.25613">
        <ele>1569</ele>
      </trkpt>
      <trkpt lat="44.17782" lon="5.255875">
        <ele>1568</ele>
      </trkpt>
      <trkpt lat="44.17773" lon="5.25562">
        <ele>1567</ele>
      </trkpt>
      <trkpt lat="44.17771" lon="5.25547">
        <ele>1566</ele>
      </trkpt>
      <trkpt lat="44.17772" lon="5.25526">
        <ele>1564</ele>
      </trkpt>
      <trkpt lat="44.177785" lon="5.254944999999999">
        <ele>1562</ele>
      </trkpt>
      <trkpt lat="44.17785" lon="5.25463">
        <ele>1562</ele>
      </trkpt>
      <trkpt lat="44.17784" lon="5.25428">
        <ele>1560</ele>
      </trkpt>
      <trkpt lat="44.177822500000005" lon="5.2540575">
        <ele>1560</ele>
      </trkpt>
      <trkpt lat="44.177805000000006" lon="5.253835">
        <ele>1559</ele>
      </trkpt>
      <trkpt lat="44.17778750000001" lon="5.253612499999999">
        <ele>1558</ele>
      </trkpt>
      <trkpt lat="44.17777" lon="5.25339">
        <ele>1557</ele>
      </trkpt>
      <trkpt lat="44.1777525" lon="5.2531675">
        <ele>1556</ele>
      </trkpt>
      <trkpt lat="44.177735" lon="5.252945">
        <ele>1556</ele>
      </trkpt>
      <trkpt lat="44.1777175" lon="5.252722500000001">
        <ele>1554</ele>
      </trkpt>
      <trkpt lat="44.1777" lon="5.2525">
        <ele>1553</ele>
      </trkpt>
      <trkpt lat="44.17768" lon="5.252135000000001">
        <ele>1552</ele>
      </trkpt>
      <trkpt lat="44.17766" lon="5.2517700000000005">
        <ele>1550</ele>
      </trkpt>
      <trkpt lat="44.17764" lon="5.251405">
        <ele>1550</ele>
      </trkpt>
      <trkpt lat="44.17762" lon="5.25104">
        <ele>1548</ele>
      </trkpt>
      <trkpt lat="44.17758499999999" lon="5.250719999999999">
        <ele>1547</ele>
      </trkpt>
      <trkpt lat="44.17755" lon="5.2504">
        <ele>1546</ele>
      </trkpt>
      <trkpt lat="44.17752" lon="5.25021">
        <ele>1545</ele>
      </trkpt>
      <trkpt lat="44.17749" lon="5.25002">
        <ele>1543</ele>
      </trkpt>
      <trkpt lat="44.177459999999996" lon="5.24983">
        <ele>1542</ele>
      </trkpt>
      <trkpt lat="44.17743" lon="5.24964">
        <ele>1542</ele>
      </trkpt>
      <trkpt lat="44.177375" lon="5.24939">
        <ele>1541</ele>
      </trkpt>
      <trkpt lat="44.17732" lon="5.249140000000001">
        <ele>1539</ele>
      </trkpt>
      <trkpt lat="44.177265000000006" lon="5.24889">
        <ele>1538</ele>
      </trkpt>
      <trkpt lat="44.17721" lon="5.24864">
        <ele>1537</ele>
      </trkpt>
      <trkpt lat="44.1771275" lon="5.2483175">
        <ele>1535</ele>
      </trkpt>
      <trkpt lat="44.177045" lon="5.2479949999999995">
        <ele>1533</ele>
      </trkpt>
      <trkpt lat="44.1769625" lon="5.2476725">
        <ele>1531</ele>
      </trkpt>
      <trkpt lat="44.17688" lon="5.24735">
        <ele>1529</ele>
      </trkpt>
      <trkpt lat="44.17681" lon="5.24716">
        <ele>1527</ele>
      </trkpt>
      <trkpt lat="44.17672" lon="5.2470099999999995">
        <ele>1526</ele>
      </trkpt>
      <trkpt lat="44.17663" lon="5.24686">
        <ele>1525</ele>
      </trkpt>
      <trkpt lat="44.17663" lon="5.24677">
        <ele>1525</ele>
      </trkpt>
      <trkpt lat="44.17667" lon="5.24669">
        <ele>1525</ele>
      </trkpt>
      <trkpt lat="44.17662" lon="5.24658">
        <ele>1524</ele>
      </trkpt>
      <trkpt lat="44.17663" lon="5.2464">
        <ele>1519</ele>
      </trkpt>
      <trkpt lat="44.17656" lon="5.24616">
        <ele>1518</ele>
      </trkpt>
      <trkpt lat="44.17649" lon="5.24592">
        <ele>1517</ele>
      </trkpt>
      <trkpt lat="44.17642" lon="5.245585">
        <ele>1513</ele>
      </trkpt>
      <trkpt lat="44.17635" lon="5.24525">
        <ele>1511</ele>
      </trkpt>
      <trkpt lat="44.17627" lon="5.244995">
        <ele>1509</ele>
      </trkpt>
      <trkpt lat="44.17619" lon="5.24474">
        <ele>1507</ele>
      </trkpt>
      <trkpt lat="44.176109999999994" lon="5.244485">
        <ele>1505</ele>
      </trkpt>
      <trkpt lat="44.17603" lon="5.24423">
        <ele>1501</ele>
      </trkpt>
      <trkpt lat="44.175945" lon="5.244025000000001">
        <ele>1500</ele>
      </trkpt>
      <trkpt lat="44.17586" lon="5.24382">
        <ele>1498</ele>
      </trkpt>
      <trkpt lat="44.175740000000005" lon="5.243585">
        <ele>1496</ele>
      </trkpt>
      <trkpt lat="44.17562" lon="5.24335">
        <ele>1494</ele>
      </trkpt>
      <trkpt lat="44.1756" lon="5.24336">
        <ele>1494</ele>
      </trkpt>
      <trkpt lat="44.17558" lon="5.24332">
        <ele>1493</ele>
      </trkpt>
      <trkpt lat="44.17545" lon="5.243169999999999">
        <ele>1492</ele>
      </trkpt>
      <trkpt lat="44.17532" lon="5.24302">
        <ele>1491</ele>
      </trkpt>
      <trkpt lat="44.175185" lon="5.242839999999999">
        <ele>1488</ele>
      </trkpt>
      <trkpt lat="44.17505" lon="5.24266">
        <ele>1485</ele>
      </trkpt>
      <trkpt lat="44.174895" lon="5.242495">
        <ele>1483</ele>
      </trkpt>
      <trkpt lat="44.17474" lon="5.24233">
        <ele>1481</ele>
      </trkpt>
      <trkpt lat="44.17456" lon="5.24206">
        <ele>1479</ele>
      </trkpt>
      <trkpt lat="44.17455" lon="5.24181">
        <ele>1477</ele>
      </trkpt>
      <trkpt lat="44.17456" lon="5.24166">
        <ele>1476</ele>
      </trkpt>
      <trkpt lat="44.174595" lon="5.24146">
        <ele>1474</ele>
      </trkpt>
      <trkpt lat="44.17463" lon="5.24126">
        <ele>1473</ele>
      </trkpt>
      <trkpt lat="44.17466" lon="5.24102">
        <ele>1470</ele>
      </trkpt>
      <trkpt lat="44.17469" lon="5.24078">
        <ele>1470</ele>
      </trkpt>
      <trkpt lat="44.17469" lon="5.24048">
        <ele>1469</ele>
      </trkpt>
      <trkpt lat="44.17469" lon="5.24018">
        <ele>1466</ele>
      </trkpt>
      <trkpt lat="44.17465" lon="5.239825">
        <ele>1464</ele>
      </trkpt>
      <trkpt lat="44.17461" lon="5.23947">
        <ele>1458</ele>
      </trkpt>
      <trkpt lat="44.174565" lon="5.239255">
        <ele>1457</ele>
      </trkpt>
      <trkpt lat="44.17452" lon="5.23904">
        <ele>1454</ele>
      </trkpt>
      <trkpt lat="44.174415" lon="5.238770000000001">
        <ele>1452</ele>
      </trkpt>
      <trkpt lat="44.174310000000006" lon="5.2385">
        <ele>1449</ele>
      </trkpt>
      <trkpt lat="44.174205" lon="5.23823">
        <ele>1447</ele>
      </trkpt>
      <trkpt lat="44.1741" lon="5.23796">
        <ele>1445</ele>
      </trkpt>
      <trkpt lat="44.17401" lon="5.23771">
        <ele>1442</ele>
      </trkpt>
      <trkpt lat="44.17392" lon="5.23746">
        <ele>1442</ele>
      </trkpt>
      <trkpt lat="44.1738675" lon="5.237237499999999">
        <ele>1439</ele>
      </trkpt>
      <trkpt lat="44.173815000000005" lon="5.2370149999999995">
        <ele>1436</ele>
      </trkpt>
      <trkpt lat="44.1737625" lon="5.2367925">
        <ele>1434</ele>
      </trkpt>
      <trkpt lat="44.17371" lon="5.23657">
        <ele>1431</ele>
      </trkpt>
      <trkpt lat="44.17367" lon="5.2363825">
        <ele>1430</ele>
      </trkpt>
      <trkpt lat="44.17363" lon="5.236195">
        <ele>1428</ele>
      </trkpt>
      <trkpt lat="44.173590000000004" lon="5.2360075">
        <ele>1426</ele>
      </trkpt>
      <trkpt lat="44.17355" lon="5.23582">
        <ele>1425</ele>
      </trkpt>
      <trkpt lat="44.17350999999999" lon="5.2356325">
        <ele>1424</ele>
      </trkpt>
      <trkpt lat="44.173469999999995" lon="5.235445">
        <ele>1422</ele>
      </trkpt>
      <trkpt lat="44.173429999999996" lon="5.2352575">
        <ele>1421</ele>
      </trkpt>
      <trkpt lat="44.17339" lon="5.23507">
        <ele>1419</ele>
      </trkpt>
      <trkpt lat="44.173320000000004" lon="5.23479">
        <ele>1418</ele>
      </trkpt>
      <trkpt lat="44.17325" lon="5.23451">
        <ele>1414</ele>
      </trkpt>
      <trkpt lat="44.173190000000005" lon="5.2343150000000005">
        <ele>1414</ele>
      </trkpt>
      <trkpt lat="44.17313" lon="5.23412">
        <ele>1411</ele>
      </trkpt>
      <trkpt lat="44.173065" lon="5.233835">
        <ele>1411</ele>
      </trkpt>
      <trkpt lat="44.173" lon="5.23355">
        <ele>1411</ele>
      </trkpt>
      <trkpt lat="44.17282" lon="5.233345">
        <ele>1410</ele>
      </trkpt>
      <trkpt lat="44.17264" lon="5.23314">
        <ele>1408</ele>
      </trkpt>
      <trkpt lat="44.17257" lon="5.2329725">
        <ele>1408</ele>
      </trkpt>
      <trkpt lat="44.1725" lon="5.232805">
        <ele>1408</ele>
      </trkpt>
      <trkpt lat="44.17243" lon="5.2326375">
        <ele>1408</ele>
      </trkpt>
      <trkpt lat="44.17236" lon="5.23247">
        <ele>1407</ele>
      </trkpt>
      <trkpt lat="44.1722675" lon="5.232285">
        <ele>1406</ele>
      </trkpt>
      <trkpt lat="44.172174999999996" lon="5.2321">
        <ele>1404</ele>
      </trkpt>
      <trkpt lat="44.1720825" lon="5.231915">
        <ele>1403</ele>
      </trkpt>
      <trkpt lat="44.17199" lon="5.23173">
        <ele>1403</ele>
      </trkpt>
      <trkpt lat="44.17191" lon="5.23155">
        <ele>1400</ele>
      </trkpt>
      <trkpt lat="44.17183" lon="5.23137">
        <ele>1399</ele>
      </trkpt>
      <trkpt lat="44.17175" lon="5.23119">
        <ele>1398</ele>
      </trkpt>
      <trkpt lat="44.17167" lon="5.23101">
        <ele>1397</ele>
      </trkpt>
      <trkpt lat="44.171544999999995" lon="5.2306925">
        <ele>1393</ele>
      </trkpt>
      <trkpt lat="44.17142" lon="5.230375">
        <ele>1392</ele>
      </trkpt>
      <trkpt lat="44.171295" lon="5.2300575">
        <ele>1389</ele>
      </trkpt>
      <trkpt lat="44.17117" lon="5.22974">
        <ele>1388</ele>
      </trkpt>
      <trkpt lat="44.1711025" lon="5.22953">
        <ele>1385</ele>
      </trkpt>
      <trkpt lat="44.171035" lon="5.2293199999999995">
        <ele>1384</ele>
      </trkpt>
      <trkpt lat="44.1709675" lon="5.22911">
        <ele>1382</ele>
      </trkpt>
      <trkpt lat="44.1709" lon="5.2289">
        <ele>1381</ele>
      </trkpt>
      <trkpt lat="44.1708025" lon="5.22856">
        <ele>1377</ele>
      </trkpt>
      <trkpt lat="44.170705" lon="5.22822">
        <ele>1374</ele>
      </trkpt>
      <trkpt lat="44.1706075" lon="5.227880000000001">
        <ele>1372</ele>
      </trkpt>
      <trkpt lat="44.17051" lon="5.22754">
        <ele>1369</ele>
      </trkpt>
      <trkpt lat="44.170425" lon="5.227335">
        <ele>1367</ele>
      </trkpt>
      <trkpt lat="44.17034" lon="5.22713">
        <ele>1365</ele>
      </trkpt>
      <trkpt lat="44.170205" lon="5.226884999999999">
        <ele>1364</ele>
      </trkpt>
      <trkpt lat="44.17007" lon="5.22664">
        <ele>1361</ele>
      </trkpt>
      <trkpt lat="44.16998" lon="5.2264025">
        <ele>1358</ele>
      </trkpt>
      <trkpt lat="44.16989" lon="5.226165">
        <ele>1355</ele>
      </trkpt>
      <trkpt lat="44.1698" lon="5.2259275">
        <ele>1353</ele>
      </trkpt>
      <trkpt lat="44.16971" lon="5.22569">
        <ele>1351</ele>
      </trkpt>
      <trkpt lat="44.169595" lon="5.22546">
        <ele>1348</ele>
      </trkpt>
      <trkpt lat="44.16948" lon="5.22523">
        <ele>1346</ele>
      </trkpt>
      <trkpt lat="44.169385000000005" lon="5.2250274999999995">
        <ele>1345</ele>
      </trkpt>
      <trkpt lat="44.169290000000004" lon="5.224825">
        <ele>1343</ele>
      </trkpt>
      <trkpt lat="44.169195" lon="5.224622500000001">
        <ele>1342</ele>
      </trkpt>
      <trkpt lat="44.1691" lon="5.22442">
        <ele>1340</ele>
      </trkpt>
      <trkpt lat="44.1690075" lon="5.2242125">
        <ele>1338</ele>
      </trkpt>
      <trkpt lat="44.168915" lon="5.224005">
        <ele>1337</ele>
      </trkpt>
      <trkpt lat="44.1688225" lon="5.2237975">
        <ele>1334</ele>
      </trkpt>
      <trkpt lat="44.16873" lon="5.22359">
        <ele>1331</ele>
      </trkpt>
      <trkpt lat="44.16851" lon="5.22344">
        <ele>1329</ele>
      </trkpt>
      <trkpt lat="44.16849" lon="5.22341">
        <ele>1329</ele>
      </trkpt>
      <trkpt lat="44.16841" lon="5.22335">
        <ele>1329</ele>
      </trkpt>
      <trkpt lat="44.16843" lon="5.22321">
        <ele>1326</ele>
      </trkpt>
      <trkpt lat="44.16853" lon="5.22291">
        <ele>1318</ele>
      </trkpt>
      <trkpt lat="44.16852" lon="5.22273">
        <ele>1314</ele>
      </trkpt>
      <trkpt lat="44.16854" lon="5.22253">
        <ele>1310</ele>
      </trkpt>
      <trkpt lat="44.16854" lon="5.22241">
        <ele>1308</ele>
      </trkpt>
      <trkpt lat="44.16851" lon="5.22223">
        <ele>1306</ele>
      </trkpt>
      <trkpt lat="44.16846" lon="5.22203">
        <ele>1303</ele>
      </trkpt>
      <trkpt lat="44.16843" lon="5.22176">
        <ele>1298</ele>
      </trkpt>
      <trkpt lat="44.1684" lon="5.22149">
        <ele>1294</ele>
      </trkpt>
      <trkpt lat="44.16834" lon="5.22136">
        <ele>1293</ele>
      </trkpt>
      <trkpt lat="44.16826" lon="5.22126">
        <ele>1291</ele>
      </trkpt>
      <trkpt lat="44.16825" lon="5.22118">
        <ele>1289</ele>
      </trkpt>
      <trkpt lat="44.16827" lon="5.22111">
        <ele>1288</ele>
      </trkpt>
      <trkpt lat="44.16837" lon="5.221">
        <ele>1285</ele>
      </trkpt>
      <trkpt lat="44.1684" lon="5.22085">
        <ele>1281</ele>
      </trkpt>
      <trkpt lat="44.168425" lon="5.2206150000000004">
        <ele>1277</ele>
      </trkpt>
      <trkpt lat="44.16845" lon="5.22038">
        <ele>1271</ele>
      </trkpt>
      <trkpt lat="44.16855" lon="5.22011">
        <ele>1265</ele>
      </trkpt>
      <trkpt lat="44.168555" lon="5.21979">
        <ele>1258</ele>
      </trkpt>
      <trkpt lat="44.16856" lon="5.21947">
        <ele>1252</ele>
      </trkpt>
      <trkpt lat="44.16859" lon="5.21919">
        <ele>1248</ele>
      </trkpt>
      <trkpt lat="44.16861" lon="5.21912">
        <ele>1247</ele>
      </trkpt>
      <trkpt lat="44.1688" lon="5.21924">
        <ele>1242</ele>
      </trkpt>
      <trkpt lat="44.16901" lon="5.21946">
        <ele>1236</ele>
      </trkpt>
      <trkpt lat="44.16923" lon="5.2196">
        <ele>1231</ele>
      </trkpt>
      <trkpt lat="44.16945" lon="5.21974">
        <ele>1226</ele>
      </trkpt>
      <trkpt lat="44.16952" lon="5.21978">
        <ele>1223</ele>
      </trkpt>
      <trkpt lat="44.16957" lon="5.21978">
        <ele>1222</ele>
      </trkpt>
      <trkpt lat="44.16966" lon="5.21972">
        <ele>1220</ele>
      </trkpt>
      <trkpt lat="44.1697" lon="5.21972">
        <ele>1219</ele>
      </trkpt>
      <trkpt lat="44.16978" lon="5.2198">
        <ele>1217</ele>
      </trkpt>
      <trkpt lat="44.16994" lon="5.2199">
        <ele>1213</ele>
      </trkpt>
      <trkpt lat="44.170095" lon="5.21998">
        <ele>1209</ele>
      </trkpt>
      <trkpt lat="44.17025" lon="5.22006">
        <ele>1205</ele>
      </trkpt>
      <trkpt lat="44.17038" lon="5.2203">
        <ele>1202</ele>
      </trkpt>
      <trkpt lat="44.170482500000006" lon="5.2204274999999996">
        <ele>1201</ele>
      </trkpt>
      <trkpt lat="44.170585" lon="5.220555">
        <ele>1199</ele>
      </trkpt>
      <trkpt lat="44.1706875" lon="5.220682500000001">
        <ele>1197</ele>
      </trkpt>
      <trkpt lat="44.17079" lon="5.22081">
        <ele>1193</ele>
      </trkpt>
      <trkpt lat="44.171" lon="5.221">
        <ele>1190</ele>
      </trkpt>
      <trkpt lat="44.171" lon="5.22101">
        <ele>1190</ele>
      </trkpt>
      <trkpt lat="44.17112" lon="5.22097">
        <ele>1186</ele>
      </trkpt>
      <trkpt lat="44.17113" lon="5.22066">
        <ele>1179</ele>
      </trkpt>
      <trkpt lat="44.17116" lon="5.22033">
        <ele>1171</ele>
      </trkpt>
      <trkpt lat="44.17132" lon="5.22018">
        <ele>1161</ele>
      </trkpt>
      <trkpt lat="44.17134" lon="5.22001">
        <ele>1157</ele>
      </trkpt>
      <trkpt lat="44.17128" lon="5.21991">
        <ele>1155</ele>
      </trkpt>
      <trkpt lat="44.17127" lon="5.21984">
        <ele>1154</ele>
      </trkpt>
      <trkpt lat="44.17129" lon="5.21975">
        <ele>1152</ele>
      </trkpt>
      <trkpt lat="44.171504999999996" lon="5.2199100000000005">
        <ele>1149</ele>
      </trkpt>
      <trkpt lat="44.17172" lon="5.22007">
        <ele>1146</ele>
      </trkpt>
      <trkpt lat="44.17193" lon="5.220245">
        <ele>1143</ele>
      </trkpt>
      <trkpt lat="44.17214" lon="5.22042">
        <ele>1142</ele>
      </trkpt>
      <trkpt lat="44.17228" lon="5.220454999999999">
        <ele>1141</ele>
      </trkpt>
      <trkpt lat="44.17242" lon="5.22049">
        <ele>1140</ele>
      </trkpt>
      <trkpt lat="44.172585" lon="5.220504999999999">
        <ele>1138</ele>
      </trkpt>
      <trkpt lat="44.17275" lon="5.22052">
        <ele>1136</ele>
      </trkpt>
      <trkpt lat="44.17284" lon="5.22045">
        <ele>1135</ele>
      </trkpt>
      <trkpt lat="44.17294" lon="5.22031">
        <ele>1132</ele>
      </trkpt>
      <trkpt lat="44.173" lon="5.2202">
        <ele>1132</ele>
      </trkpt>
      <trkpt lat="44.17302" lon="5.22007">
        <ele>1130</ele>
      </trkpt>
      <trkpt lat="44.17301500000001" lon="5.2198649999999995">
        <ele>1129</ele>
      </trkpt>
      <trkpt lat="44.173010000000005" lon="5.219659999999999">
        <ele>1126</ele>
      </trkpt>
      <trkpt lat="44.173005" lon="5.219455">
        <ele>1125</ele>
      </trkpt>
      <trkpt lat="44.173" lon="5.21925">
        <ele>1123</ele>
      </trkpt>
      <trkpt lat="44.17302" lon="5.21914">
        <ele>1122</ele>
      </trkpt>
      <trkpt lat="44.17306" lon="5.21903">
        <ele>1122</ele>
      </trkpt>
      <trkpt lat="44.17306" lon="5.2189">
        <ele>1120</ele>
      </trkpt>
      <trkpt lat="44.17305" lon="5.21875">
        <ele>1118</ele>
      </trkpt>
      <trkpt lat="44.1730175" lon="5.2185625">
        <ele>1115</ele>
      </trkpt>
      <trkpt lat="44.172985" lon="5.218375">
        <ele>1113</ele>
      </trkpt>
      <trkpt lat="44.172952499999994" lon="5.2181875">
        <ele>1110</ele>
      </trkpt>
      <trkpt lat="44.17292" lon="5.218">
        <ele>1107</ele>
      </trkpt>
      <trkpt lat="44.17291" lon="5.2178">
        <ele>1104</ele>
      </trkpt>
      <trkpt lat="44.1729" lon="5.2176">
        <ele>1100</ele>
      </trkpt>
      <trkpt lat="44.17295" lon="5.2174">
        <ele>1098</ele>
      </trkpt>
      <trkpt lat="44.17298" lon="5.21737">
        <ele>1098</ele>
      </trkpt>
      <trkpt lat="44.17304" lon="5.21734">
        <ele>1098</ele>
      </trkpt>
      <trkpt lat="44.17309" lon="5.21727">
        <ele>1098</ele>
      </trkpt>
      <trkpt lat="44.17317" lon="5.21724">
        <ele>1098</ele>
      </trkpt>
      <trkpt lat="44.1732" lon="5.2172">
        <ele>1098</ele>
      </trkpt>
      <trkpt lat="44.17322" lon="5.21714">
        <ele>1098</ele>
      </trkpt>
      <trkpt lat="44.17327" lon="5.21706">
        <ele>1097</ele>
      </trkpt>
      <trkpt lat="44.17331" lon="5.21693">
        <ele>1096</ele>
      </trkpt>
      <trkpt lat="44.17334" lon="5.2167">
        <ele>1093</ele>
      </trkpt>
      <trkpt lat="44.17325" lon="5.21638">
        <ele>1088</ele>
      </trkpt>
      <trkpt lat="44.17316" lon="5.21616">
        <ele>1085</ele>
      </trkpt>
      <trkpt lat="44.173100000000005" lon="5.215965000000001">
        <ele>1081</ele>
      </trkpt>
      <trkpt lat="44.17304" lon="5.21577">
        <ele>1080</ele>
      </trkpt>
      <trkpt lat="44.17298" lon="5.21548">
        <ele>1078</ele>
      </trkpt>
      <trkpt lat="44.1729" lon="5.21525">
        <ele>1074</ele>
      </trkpt>
      <trkpt lat="44.17288" lon="5.21503">
        <ele>1073</ele>
      </trkpt>
      <trkpt lat="44.17281" lon="5.214835">
        <ele>1071</ele>
      </trkpt>
      <trkpt lat="44.17274" lon="5.21464">
        <ele>1068</ele>
      </trkpt>
      <trkpt lat="44.17264" lon="5.214425">
        <ele>1065</ele>
      </trkpt>
      <trkpt lat="44.17254" lon="5.21421">
        <ele>1060</ele>
      </trkpt>
      <trkpt lat="44.17243" lon="5.21392">
        <ele>1057</ele>
      </trkpt>
      <trkpt lat="44.17237" lon="5.21373">
        <ele>1054</ele>
      </trkpt>
      <trkpt lat="44.17234" lon="5.21347">
        <ele>1053</ele>
      </trkpt>
      <trkpt lat="44.17229" lon="5.21322">
        <ele>1052</ele>
      </trkpt>
      <trkpt lat="44.1723" lon="5.213">
        <ele>1052</ele>
      </trkpt>
      <trkpt lat="44.17232" lon="5.2129">
        <ele>1052</ele>
      </trkpt>
      <trkpt lat="44.17231" lon="5.21287">
        <ele>1052</ele>
      </trkpt>
      <trkpt lat="44.17231" lon="5.21281">
        <ele>1052</ele>
      </trkpt>
      <trkpt lat="44.17233" lon="5.21271">
        <ele>1052</ele>
      </trkpt>
      <trkpt lat="44.1723" lon="5.21254">
        <ele>1052</ele>
      </trkpt>
      <trkpt lat="44.17229" lon="5.21239">
        <ele>1050</ele>
      </trkpt>
      <trkpt lat="44.17225" lon="5.21222">
        <ele>1049</ele>
      </trkpt>
      <trkpt lat="44.17227" lon="5.21209">
        <ele>1049</ele>
      </trkpt>
      <trkpt lat="44.17222" lon="5.21186">
        <ele>1046</ele>
      </trkpt>
      <trkpt lat="44.17223" lon="5.211665">
        <ele>1045</ele>
      </trkpt>
      <trkpt lat="44.17224" lon="5.21147">
        <ele>1044</ele>
      </trkpt>
      <trkpt lat="44.17223" lon="5.21135">
        <ele>1043</ele>
      </trkpt>
      <trkpt lat="44.17221" lon="5.21127">
        <ele>1043</ele>
      </trkpt>
      <trkpt lat="44.17223" lon="5.21114">
        <ele>1043</ele>
      </trkpt>
      <trkpt lat="44.17221" lon="5.21106">
        <ele>1043</ele>
      </trkpt>
      <trkpt lat="44.17221" lon="5.21098">
        <ele>1043</ele>
      </trkpt>
      <trkpt lat="44.17223" lon="5.2109">
        <ele>1043</ele>
      </trkpt>
      <trkpt lat="44.17223" lon="5.21084">
        <ele>1043</ele>
      </trkpt>
      <trkpt lat="44.17217" lon="5.21062">
        <ele>1041</ele>
      </trkpt>
      <trkpt lat="44.17211" lon="5.21028">
        <ele>1038</ele>
      </trkpt>
      <trkpt lat="44.17203" lon="5.20995">
        <ele>1037</ele>
      </trkpt>
      <trkpt lat="44.17201" lon="5.20969">
        <ele>1037</ele>
      </trkpt>
      <trkpt lat="44.17202" lon="5.2095">
        <ele>1036</ele>
      </trkpt>
      <trkpt lat="44.17203" lon="5.20931">
        <ele>1036</ele>
      </trkpt>
      <trkpt lat="44.17202" lon="5.20927">
        <ele>1036</ele>
      </trkpt>
      <trkpt lat="44.17201" lon="5.20906">
        <ele>1035</ele>
      </trkpt>
      <trkpt lat="44.17202" lon="5.20889">
        <ele>1035</ele>
      </trkpt>
      <trkpt lat="44.172" lon="5.20875">
        <ele>1034</ele>
      </trkpt>
      <trkpt lat="44.17208" lon="5.20852">
        <ele>1034</ele>
      </trkpt>
      <trkpt lat="44.17209" lon="5.20842">
        <ele>1034</ele>
      </trkpt>
      <trkpt lat="44.17204" lon="5.20811">
        <ele>1034</ele>
      </trkpt>
      <trkpt lat="44.17204" lon="5.20801">
        <ele>1033</ele>
      </trkpt>
      <trkpt lat="44.17202" lon="5.20786">
        <ele>1032</ele>
      </trkpt>
      <trkpt lat="44.17202" lon="5.20769">
        <ele>1031</ele>
      </trkpt>
      <trkpt lat="44.17196" lon="5.2075">
        <ele>1030</ele>
      </trkpt>
      <trkpt lat="44.17191" lon="5.20718">
        <ele>1028</ele>
      </trkpt>
      <trkpt lat="44.17193" lon="5.20704">
        <ele>1026</ele>
      </trkpt>
      <trkpt lat="44.17191" lon="5.20698">
        <ele>1026</ele>
      </trkpt>
      <trkpt lat="44.17188" lon="5.20695">
        <ele>1026</ele>
      </trkpt>
      <trkpt lat="44.17187" lon="5.20687">
        <ele>1025</ele>
      </trkpt>
      <trkpt lat="44.17184" lon="5.20681">
        <ele>1025</ele>
      </trkpt>
      <trkpt lat="44.17182" lon="5.20662">
        <ele>1024</ele>
      </trkpt>
      <trkpt lat="44.17178" lon="5.20651">
        <ele>1023</ele>
      </trkpt>
      <trkpt lat="44.17177" lon="5.2064">
        <ele>1022</ele>
      </trkpt>
      <trkpt lat="44.17171" lon="5.20619">
        <ele>1021</ele>
      </trkpt>
      <trkpt lat="44.17165" lon="5.20608">
        <ele>1020</ele>
      </trkpt>
      <trkpt lat="44.17158" lon="5.20582">
        <ele>1017</ele>
      </trkpt>
      <trkpt lat="44.17152" lon="5.20568">
        <ele>1016</ele>
      </trkpt>
      <trkpt lat="44.17147" lon="5.20563">
        <ele>1015</ele>
      </trkpt>
      <trkpt lat="44.17141" lon="5.20537">
        <ele>1013</ele>
      </trkpt>
      <trkpt lat="44.17135" lon="5.20526">
        <ele>1012</ele>
      </trkpt>
      <trkpt lat="44.17131" lon="5.20516">
        <ele>1011</ele>
      </trkpt>
      <trkpt lat="44.1713" lon="5.20497">
        <ele>1009</ele>
      </trkpt>
      <trkpt lat="44.17122" lon="5.2047">
        <ele>1007</ele>
      </trkpt>
      <trkpt lat="44.17121" lon="5.20452">
        <ele>1006</ele>
      </trkpt>
      <trkpt lat="44.17116" lon="5.20439">
        <ele>1005</ele>
      </trkpt>
      <trkpt lat="44.17112" lon="5.20432">
        <ele>1003</ele>
      </trkpt>
      <trkpt lat="44.17111" lon="5.20426">
        <ele>1002</ele>
      </trkpt>
      <trkpt lat="44.17101" lon="5.2041">
        <ele>999</ele>
      </trkpt>
      <trkpt lat="44.17102" lon="5.20399">
        <ele>997</ele>
      </trkpt>
      <trkpt lat="44.17099" lon="5.20389">
        <ele>996</ele>
      </trkpt>
      <trkpt lat="44.17099" lon="5.20383">
        <ele>995</ele>
      </trkpt>
      <trkpt lat="44.17101" lon="5.20374">
        <ele>992</ele>
      </trkpt>
      <trkpt lat="44.17099" lon="5.20367">
        <ele>992</ele>
      </trkpt>
      <trkpt lat="44.17096" lon="5.20362">
        <ele>991</ele>
      </trkpt>
      <trkpt lat="44.17093" lon="5.20362">
        <ele>991</ele>
      </trkpt>
      <trkpt lat="44.17091" lon="5.20355">
        <ele>990</ele>
      </trkpt>
      <trkpt lat="44.17092" lon="5.20336">
        <ele>987</ele>
      </trkpt>
      <trkpt lat="44.17091" lon="5.20319">
        <ele>984</ele>
      </trkpt>
      <trkpt lat="44.17094" lon="5.20298">
        <ele>982</ele>
      </trkpt>
      <trkpt lat="44.17093" lon="5.20297">
        <ele>981</ele>
      </trkpt>
      <trkpt lat="44.17097" lon="5.20281">
        <ele>979</ele>
      </trkpt>
      <trkpt lat="44.17099" lon="5.20268">
        <ele>979</ele>
      </trkpt>
      <trkpt lat="44.171" lon="5.20251">
        <ele>978</ele>
      </trkpt>
      <trkpt lat="44.17101" lon="5.20251">
        <ele>975</ele>
      </trkpt>
      <trkpt lat="44.17106" lon="5.20246">
        <ele>974</ele>
      </trkpt>
      <trkpt lat="44.17107" lon="5.20235">
        <ele>974</ele>
      </trkpt>
      <trkpt lat="44.17105" lon="5.20217">
        <ele>973</ele>
      </trkpt>
      <trkpt lat="44.17106" lon="5.20214">
        <ele>973</ele>
      </trkpt>
      <trkpt lat="44.17105" lon="5.20199">
        <ele>973</ele>
      </trkpt>
      <trkpt lat="44.17102" lon="5.20193">
        <ele>973</ele>
      </trkpt>
      <trkpt lat="44.17104" lon="5.20183">
        <ele>973</ele>
      </trkpt>
      <trkpt lat="44.17102" lon="5.20178">
        <ele>972</ele>
      </trkpt>
      <trkpt lat="44.17097" lon="5.20172">
        <ele>972</ele>
      </trkpt>
      <trkpt lat="44.17091" lon="5.20144">
        <ele>972</ele>
      </trkpt>
      <trkpt lat="44.17097" lon="5.20143">
        <ele>970</ele>
      </trkpt>
      <trkpt lat="44.17093" lon="5.20124">
        <ele>967</ele>
      </trkpt>
      <trkpt lat="44.17088" lon="5.20108">
        <ele>967</ele>
      </trkpt>
      <trkpt lat="44.17076" lon="5.20077">
        <ele>967</ele>
      </trkpt>
      <trkpt lat="44.17075" lon="5.20065">
        <ele>965</ele>
      </trkpt>
      <trkpt lat="44.170795" lon="5.200465">
        <ele>962</ele>
      </trkpt>
      <trkpt lat="44.17084" lon="5.20028">
        <ele>960</ele>
      </trkpt>
      <trkpt lat="44.17074" lon="5.20005">
        <ele>958</ele>
      </trkpt>
      <trkpt lat="44.17071" lon="5.199714999999999">
        <ele>956</ele>
      </trkpt>
      <trkpt lat="44.17068" lon="5.19938">
        <ele>955</ele>
      </trkpt>
      <trkpt lat="44.17072" lon="5.19932">
        <ele>949</ele>
      </trkpt>
      <trkpt lat="44.17074" lon="5.19923">
        <ele>948</ele>
      </trkpt>
      <trkpt lat="44.17073" lon="5.19912">
        <ele>947</ele>
      </trkpt>
      <trkpt lat="44.17066" lon="5.19905">
        <ele>946</ele>
      </trkpt>
      <trkpt lat="44.17064" lon="5.19899">
        <ele>946</ele>
      </trkpt>
      <trkpt lat="44.17067" lon="5.19883">
        <ele>943</ele>
      </trkpt>
      <trkpt lat="44.17062" lon="5.19876">
        <ele>941</ele>
      </trkpt>
      <trkpt lat="44.17051" lon="5.19866">
        <ele>941</ele>
      </trkpt>
      <trkpt lat="44.170435" lon="5.198455">
        <ele>940</ele>
      </trkpt>
      <trkpt lat="44.17036" lon="5.19825">
        <ele>940</ele>
      </trkpt>
      <trkpt lat="44.17034" lon="5.19799">
        <ele>937</ele>
      </trkpt>
      <trkpt lat="44.17031" lon="5.19784">
        <ele>937</ele>
      </trkpt>
      <trkpt lat="44.17024" lon="5.197665000000001">
        <ele>935</ele>
      </trkpt>
      <trkpt lat="44.17017" lon="5.19749">
        <ele>935</ele>
      </trkpt>
      <trkpt lat="44.17014" lon="5.19735">
        <ele>934</ele>
      </trkpt>
      <trkpt lat="44.17011" lon="5.19726">
        <ele>932</ele>
      </trkpt>
      <trkpt lat="44.17002" lon="5.19709">
        <ele>932</ele>
      </trkpt>
      <trkpt lat="44.1699" lon="5.19691">
        <ele>931</ele>
      </trkpt>
      <trkpt lat="44.16981" lon="5.19667">
        <ele>930</ele>
      </trkpt>
      <trkpt lat="44.16982" lon="5.19653">
        <ele>929</ele>
      </trkpt>
      <trkpt lat="44.16981" lon="5.19645">
        <ele>929</ele>
      </trkpt>
      <trkpt lat="44.16977" lon="5.19632">
        <ele>928</ele>
      </trkpt>
      <trkpt lat="44.16963" lon="5.19607">
        <ele>928</ele>
      </trkpt>
      <trkpt lat="44.16968" lon="5.19588">
        <ele>928</ele>
      </trkpt>
      <trkpt lat="44.1696825" lon="5.1956825">
        <ele>927</ele>
      </trkpt>
      <trkpt lat="44.169685" lon="5.195485">
        <ele>927</ele>
      </trkpt>
      <trkpt lat="44.1696875" lon="5.1952875">
        <ele>927</ele>
      </trkpt>
      <trkpt lat="44.16969" lon="5.19509">
        <ele>927</ele>
      </trkpt>
      <trkpt lat="44.16967" lon="5.19494">
        <ele>926</ele>
      </trkpt>
      <trkpt lat="44.16968" lon="5.19473">
        <ele>926</ele>
      </trkpt>
      <trkpt lat="44.1697" lon="5.19462">
        <ele>925</ele>
      </trkpt>
      <trkpt lat="44.16971" lon="5.19447">
        <ele>925</ele>
      </trkpt>
      <trkpt lat="44.169685" lon="5.194255">
        <ele>923</ele>
      </trkpt>
      <trkpt lat="44.16966" lon="5.19404">
        <ele>923</ele>
      </trkpt>
      <trkpt lat="44.16965" lon="5.19386">
        <ele>921</ele>
      </trkpt>
      <trkpt lat="44.16965" lon="5.193655">
        <ele>919</ele>
      </trkpt>
      <trkpt lat="44.16965" lon="5.19345">
        <ele>917</ele>
      </trkpt>
      <trkpt lat="44.1696" lon="5.19314">
        <ele>915</ele>
      </trkpt>
      <trkpt lat="44.1695" lon="5.1928">
        <ele>914</ele>
      </trkpt>
      <trkpt lat="44.16946" lon="5.19259">
        <ele>911</ele>
      </trkpt>
      <trkpt lat="44.16942" lon="5.19238">
        <ele>909</ele>
      </trkpt>
      <trkpt lat="44.16943" lon="5.19223">
        <ele>906</ele>
      </trkpt>
      <trkpt lat="44.16938" lon="5.19204">
        <ele>903</ele>
      </trkpt>
      <trkpt lat="44.16938" lon="5.19188">
        <ele>900</ele>
      </trkpt>
      <trkpt lat="44.16935" lon="5.19164">
        <ele>896</ele>
      </trkpt>
      <trkpt lat="44.16936" lon="5.19161">
        <ele>896</ele>
      </trkpt>
      <trkpt lat="44.16942" lon="5.19152">
        <ele>894</ele>
      </trkpt>
      <trkpt lat="44.16945" lon="5.19124">
        <ele>890</ele>
      </trkpt>
      <trkpt lat="44.16944" lon="5.19111">
        <ele>888</ele>
      </trkpt>
      <trkpt lat="44.1694" lon="5.19101">
        <ele>888</ele>
      </trkpt>
      <trkpt lat="44.16941" lon="5.19079">
        <ele>887</ele>
      </trkpt>
      <trkpt lat="44.16941" lon="5.1908">
        <ele>887</ele>
      </trkpt>
      <trkpt lat="44.16948" lon="5.1907">
        <ele>885</ele>
      </trkpt>
      <trkpt lat="44.16953" lon="5.19065">
        <ele>884</ele>
      </trkpt>
      <trkpt lat="44.16957" lon="5.1904699999999995">
        <ele>883</ele>
      </trkpt>
      <trkpt lat="44.16961" lon="5.19029">
        <ele>881</ele>
      </trkpt>
      <trkpt lat="44.16964" lon="5.19009">
        <ele>879</ele>
      </trkpt>
      <trkpt lat="44.16967" lon="5.18989">
        <ele>878</ele>
      </trkpt>
      <trkpt lat="44.16969" lon="5.18987">
        <ele>876</ele>
      </trkpt>
      <trkpt lat="44.16971" lon="5.18987">
        <ele>876</ele>
      </trkpt>
      <trkpt lat="44.1698" lon="5.19006">
        <ele>873</ele>
      </trkpt>
      <trkpt lat="44.16982" lon="5.19007">
        <ele>872</ele>
      </trkpt>
      <trkpt lat="44.16984" lon="5.19006">
        <ele>872</ele>
      </trkpt>
      <trkpt lat="44.16994" lon="5.18979">
        <ele>865</ele>
      </trkpt>
      <trkpt lat="44.16994" lon="5.18962">
        <ele>863</ele>
      </trkpt>
      <trkpt lat="44.1699" lon="5.18949">
        <ele>862</ele>
      </trkpt>
      <trkpt lat="44.16988" lon="5.18934">
        <ele>862</ele>
      </trkpt>
      <trkpt lat="44.169895" lon="5.18908">
        <ele>858</ele>
      </trkpt>
      <trkpt lat="44.16991" lon="5.18882">
        <ele>854</ele>
      </trkpt>
      <trkpt lat="44.16986" lon="5.18864">
        <ele>852</ele>
      </trkpt>
      <trkpt lat="44.16983" lon="5.18841">
        <ele>848</ele>
      </trkpt>
      <trkpt lat="44.16983" lon="5.18817">
        <ele>845</ele>
      </trkpt>
      <trkpt lat="44.169844999999995" lon="5.187945">
        <ele>842</ele>
      </trkpt>
      <trkpt lat="44.16986" lon="5.18772">
        <ele>838</ele>
      </trkpt>
      <trkpt lat="44.16983" lon="5.18738">
        <ele>836</ele>
      </trkpt>
      <trkpt lat="44.169835" lon="5.187155000000001">
        <ele>833</ele>
      </trkpt>
      <trkpt lat="44.16984" lon="5.18693">
        <ele>830</ele>
      </trkpt>
      <trkpt lat="44.169835" lon="5.18657">
        <ele>823</ele>
      </trkpt>
      <trkpt lat="44.16983" lon="5.18621">
        <ele>818</ele>
      </trkpt>
      <trkpt lat="44.16984" lon="5.18606">
        <ele>818</ele>
      </trkpt>
      <trkpt lat="44.16994" lon="5.18576">
        <ele>811</ele>
      </trkpt>
      <trkpt lat="44.16997" lon="5.18553">
        <ele>809</ele>
      </trkpt>
      <trkpt lat="44.16998" lon="5.18527">
        <ele>804</ele>
      </trkpt>
      <trkpt lat="44.16994" lon="5.18506">
        <ele>802</ele>
      </trkpt>
      <trkpt lat="44.169905" lon="5.184705">
        <ele>797</ele>
      </trkpt>
      <trkpt lat="44.16987" lon="5.18435">
        <ele>794</ele>
      </trkpt>
      <trkpt lat="44.16986" lon="5.18416">
        <ele>791</ele>
      </trkpt>
      <trkpt lat="44.16985" lon="5.18397">
        <ele>788</ele>
      </trkpt>
      <trkpt lat="44.16983999999999" lon="5.1837800000000005">
        <ele>787</ele>
      </trkpt>
      <trkpt lat="44.16983" lon="5.18359">
        <ele>785</ele>
      </trkpt>
      <trkpt lat="44.169835" lon="5.1834">
        <ele>781</ele>
      </trkpt>
      <trkpt lat="44.16984" lon="5.18321">
        <ele>777</ele>
      </trkpt>
      <trkpt lat="44.169865" lon="5.1830099999999995">
        <ele>772</ele>
      </trkpt>
      <trkpt lat="44.16989" lon="5.18281">
        <ele>767</ele>
      </trkpt>
      <trkpt lat="44.1699" lon="5.18246">
        <ele>762</ele>
      </trkpt>
      <trkpt lat="44.169895" lon="5.18218">
        <ele>757</ele>
      </trkpt>
      <trkpt lat="44.16989" lon="5.1819">
        <ele>753</ele>
      </trkpt>
      <trkpt lat="44.169905" lon="5.18169">
        <ele>749</ele>
      </trkpt>
      <trkpt lat="44.16992" lon="5.18148">
        <ele>747</ele>
      </trkpt>
      <trkpt lat="44.169955" lon="5.18127">
        <ele>744</ele>
      </trkpt>
      <trkpt lat="44.16999" lon="5.18106">
        <ele>741</ele>
      </trkpt>
      <trkpt lat="44.170024999999995" lon="5.18085">
        <ele>737</ele>
      </trkpt>
      <trkpt lat="44.17006" lon="5.18064">
        <ele>735</ele>
      </trkpt>
      <trkpt lat="44.17005" lon="5.1805">
        <ele>733</ele>
      </trkpt>
      <trkpt lat="44.17007" lon="5.18041">
        <ele>733</ele>
      </trkpt>
      <trkpt lat="44.17002" lon="5.18026">
        <ele>733</ele>
      </trkpt>
      <trkpt lat="44.169995" lon="5.179947499999999">
        <ele>733</ele>
      </trkpt>
      <trkpt lat="44.16997" lon="5.179634999999999">
        <ele>735</ele>
      </trkpt>
      <trkpt lat="44.169945" lon="5.1793225">
        <ele>735</ele>
      </trkpt>
      <trkpt lat="44.16992" lon="5.17901">
        <ele>736</ele>
      </trkpt>
      <trkpt lat="44.1698875" lon="5.1787575">
        <ele>736</ele>
      </trkpt>
      <trkpt lat="44.169855" lon="5.1785049999999995">
        <ele>736</ele>
      </trkpt>
      <trkpt lat="44.169822499999995" lon="5.178252499999999">
        <ele>736</ele>
      </trkpt>
      <trkpt lat="44.16979" lon="5.178">
        <ele>737</ele>
      </trkpt>
      <trkpt lat="44.16974" lon="5.17772">
        <ele>738</ele>
      </trkpt>
      <trkpt lat="44.16972" lon="5.1775">
        <ele>739</ele>
      </trkpt>
      <trkpt lat="44.16968" lon="5.1773">
        <ele>740</ele>
      </trkpt>
      <trkpt lat="44.16959" lon="5.17704">
        <ele>741</ele>
      </trkpt>
      <trkpt lat="44.16945" lon="5.17672">
        <ele>743</ele>
      </trkpt>
      <trkpt lat="44.169380000000004" lon="5.176495">
        <ele>743</ele>
      </trkpt>
      <trkpt lat="44.16931" lon="5.17627">
        <ele>744</ele>
      </trkpt>
      <trkpt lat="44.16925" lon="5.17612">
        <ele>745</ele>
      </trkpt>
      <trkpt lat="44.169145" lon="5.17592">
        <ele>746</ele>
      </trkpt>
      <trkpt lat="44.16904" lon="5.17572">
        <ele>746</ele>
      </trkpt>
      <trkpt lat="44.168957500000005" lon="5.17551">
        <ele>747</ele>
      </trkpt>
      <trkpt lat="44.168875" lon="5.1753">
        <ele>748</ele>
      </trkpt>
      <trkpt lat="44.168792499999995" lon="5.17509">
        <ele>749</ele>
      </trkpt>
      <trkpt lat="44.16871" lon="5.17488">
        <ele>750</ele>
      </trkpt>
      <trkpt lat="44.16865" lon="5.17477">
        <ele>750</ele>
      </trkpt>
      <trkpt lat="44.16851" lon="5.17456">
        <ele>750</ele>
      </trkpt>
      <trkpt lat="44.168409999999994" lon="5.17434">
        <ele>750</ele>
      </trkpt>
      <trkpt lat="44.16831" lon="5.17412">
        <ele>750</ele>
      </trkpt>
      <trkpt lat="44.16821" lon="5.1739">
        <ele>750</ele>
      </trkpt>
      <trkpt lat="44.16811" lon="5.17368">
        <ele>750</ele>
      </trkpt>
      <trkpt lat="44.16802" lon="5.17358">
        <ele>750</ele>
      </trkpt>
      <trkpt lat="44.16793" lon="5.1735">
        <ele>750</ele>
      </trkpt>
      <trkpt lat="44.16788" lon="5.17341">
        <ele>750</ele>
      </trkpt>
      <trkpt lat="44.167835" lon="5.17317">
        <ele>751</ele>
      </trkpt>
      <trkpt lat="44.16779" lon="5.17293">
        <ele>751</ele>
      </trkpt>
      <trkpt lat="44.1677275" lon="5.172722500000001">
        <ele>752</ele>
      </trkpt>
      <trkpt lat="44.167665" lon="5.172515000000001">
        <ele>752</ele>
      </trkpt>
      <trkpt lat="44.1676025" lon="5.1723075000000005">
        <ele>753</ele>
      </trkpt>
      <trkpt lat="44.16754" lon="5.1721">
        <ele>753</ele>
      </trkpt>
      <trkpt lat="44.16754" lon="5.17211">
        <ele>753</ele>
      </trkpt>
      <trkpt lat="44.16751" lon="5.17203">
        <ele>754</ele>
      </trkpt>
      <trkpt lat="44.16745" lon="5.17176">
        <ele>755</ele>
      </trkpt>
      <trkpt lat="44.167415000000005" lon="5.171555">
        <ele>756</ele>
      </trkpt>
      <trkpt lat="44.16738" lon="5.17135">
        <ele>757</ele>
      </trkpt>
      <trkpt lat="44.16741" lon="5.17114">
        <ele>758</ele>
      </trkpt>
      <trkpt lat="44.16747" lon="5.17101">
        <ele>759</ele>
      </trkpt>
      <trkpt lat="44.16752" lon="5.17097">
        <ele>759</ele>
      </trkpt>
      <trkpt lat="44.16751" lon="5.17077">
        <ele>762</ele>
      </trkpt>
      <trkpt lat="44.16752" lon="5.17061">
        <ele>764</ele>
      </trkpt>
      <trkpt lat="44.16756" lon="5.17036">
        <ele>766</ele>
      </trkpt>
      <trkpt lat="44.16758" lon="5.17016">
        <ele>768</ele>
      </trkpt>
      <trkpt lat="44.16762" lon="5.16999">
        <ele>769</ele>
      </trkpt>
      <trkpt lat="44.16763" lon="5.16988">
        <ele>770</ele>
      </trkpt>
      <trkpt lat="44.16766" lon="5.16973">
        <ele>770</ele>
      </trkpt>
      <trkpt lat="44.16767" lon="5.16944">
        <ele>772</ele>
      </trkpt>
      <trkpt lat="44.16768" lon="5.16937">
        <ele>773</ele>
      </trkpt>
      <trkpt lat="44.16775" lon="5.16924">
        <ele>774</ele>
      </trkpt>
      <trkpt lat="44.16776" lon="5.16918">
        <ele>775</ele>
      </trkpt>
      <trkpt lat="44.167725000000004" lon="5.168995">
        <ele>776</ele>
      </trkpt>
      <trkpt lat="44.16769" lon="5.16881">
        <ele>777</ele>
      </trkpt>
      <trkpt lat="44.16768" lon="5.16865">
        <ele>779</ele>
      </trkpt>
      <trkpt lat="44.16768" lon="5.16835">
        <ele>782</ele>
      </trkpt>
      <trkpt lat="44.16766749999999" lon="5.1681575">
        <ele>784</ele>
      </trkpt>
      <trkpt lat="44.167654999999996" lon="5.167965000000001">
        <ele>785</ele>
      </trkpt>
      <trkpt lat="44.1676425" lon="5.1677725">
        <ele>787</ele>
      </trkpt>
      <trkpt lat="44.16763" lon="5.16758">
        <ele>789</ele>
      </trkpt>
      <trkpt lat="44.16764" lon="5.16744">
        <ele>790</ele>
      </trkpt>
      <trkpt lat="44.16763" lon="5.16722">
        <ele>790</ele>
      </trkpt>
      <trkpt lat="44.16755" lon="5.16691">
        <ele>790</ele>
      </trkpt>
      <trkpt lat="44.16739" lon="5.16661">
        <ele>790</ele>
      </trkpt>
      <trkpt lat="44.1673" lon="5.166375">
        <ele>787</ele>
      </trkpt>
      <trkpt lat="44.16721" lon="5.16614">
        <ele>783</ele>
      </trkpt>
      <trkpt lat="44.167175" lon="5.165945000000001">
        <ele>781</ele>
      </trkpt>
      <trkpt lat="44.16714" lon="5.16575">
        <ele>781</ele>
      </trkpt>
      <trkpt lat="44.16703" lon="5.16552">
        <ele>779</ele>
      </trkpt>
      <trkpt lat="44.16695" lon="5.16541">
        <ele>775</ele>
      </trkpt>
      <trkpt lat="44.16692" lon="5.16534">
        <ele>773</ele>
      </trkpt>
      <trkpt lat="44.16683" lon="5.16524">
        <ele>770</ele>
      </trkpt>
      <trkpt lat="44.16677" lon="5.16514">
        <ele>769</ele>
      </trkpt>
      <trkpt lat="44.1667" lon="5.16495">
        <ele>765</ele>
      </trkpt>
      <trkpt lat="44.16669" lon="5.1649">
        <ele>764</ele>
      </trkpt>
      <trkpt lat="44.16666" lon="5.16485">
        <ele>763</ele>
      </trkpt>
      <trkpt lat="44.166669999999996" lon="5.16457">
        <ele>763</ele>
      </trkpt>
      <trkpt lat="44.16668" lon="5.16429">
        <ele>761</ele>
      </trkpt>
      <trkpt lat="44.16665" lon="5.16395">
        <ele>760</ele>
      </trkpt>
      <trkpt lat="44.16665" lon="5.16382">
        <ele>759</ele>
      </trkpt>
      <trkpt lat="44.16662" lon="5.16365">
        <ele>759</ele>
      </trkpt>
      <trkpt lat="44.16661" lon="5.16344">
        <ele>759</ele>
      </trkpt>
      <trkpt lat="44.16658" lon="5.1633">
        <ele>759</ele>
      </trkpt>
      <trkpt lat="44.16652" lon="5.16318">
        <ele>759</ele>
      </trkpt>
      <trkpt lat="44.1665" lon="5.1631">
        <ele>758</ele>
      </trkpt>
      <trkpt lat="44.16648" lon="5.16289">
        <ele>757</ele>
      </trkpt>
      <trkpt lat="44.16645" lon="5.16282">
        <ele>757</ele>
      </trkpt>
      <trkpt lat="44.16641" lon="5.16277">
        <ele>756</ele>
      </trkpt>
      <trkpt lat="44.16639" lon="5.16269">
        <ele>756</ele>
      </trkpt>
      <trkpt lat="44.1664" lon="5.16248">
        <ele>755</ele>
      </trkpt>
      <trkpt lat="44.16637" lon="5.1624">
        <ele>754</ele>
      </trkpt>
      <trkpt lat="44.16633" lon="5.16235">
        <ele>754</ele>
      </trkpt>
      <trkpt lat="44.16624" lon="5.16231">
        <ele>754</ele>
      </trkpt>
      <trkpt lat="44.16617" lon="5.162">
        <ele>753</ele>
      </trkpt>
      <trkpt lat="44.16613" lon="5.16191">
        <ele>752</ele>
      </trkpt>
      <trkpt lat="44.16601" lon="5.16171">
        <ele>750</ele>
      </trkpt>
      <trkpt lat="44.16596" lon="5.16165">
        <ele>749</ele>
      </trkpt>
      <trkpt lat="44.16579" lon="5.16151">
        <ele>745</ele>
      </trkpt>
      <trkpt lat="44.16569" lon="5.16138">
        <ele>743</ele>
      </trkpt>
      <trkpt lat="44.16563" lon="5.16126">
        <ele>741</ele>
      </trkpt>
      <trkpt lat="44.16558" lon="5.16112">
        <ele>740</ele>
      </trkpt>
      <trkpt lat="44.16554" lon="5.16095">
        <ele>738</ele>
      </trkpt>
      <trkpt lat="44.16546" lon="5.16084">
        <ele>736</ele>
      </trkpt>
      <trkpt lat="44.16528" lon="5.16065">
        <ele>730</ele>
      </trkpt>
      <trkpt lat="44.165130000000005" lon="5.16052">
        <ele>727</ele>
      </trkpt>
      <trkpt lat="44.16498" lon="5.16039">
        <ele>723</ele>
      </trkpt>
      <trkpt lat="44.16486" lon="5.1602">
        <ele>719</ele>
      </trkpt>
      <trkpt lat="44.16473" lon="5.16009">
        <ele>716</ele>
      </trkpt>
      <trkpt lat="44.16469" lon="5.16001">
        <ele>715</ele>
      </trkpt>
      <trkpt lat="44.16466" lon="5.15984">
        <ele>714</ele>
      </trkpt>
      <trkpt lat="44.1646" lon="5.15974">
        <ele>713</ele>
      </trkpt>
      <trkpt lat="44.16456" lon="5.15961">
        <ele>711</ele>
      </trkpt>
      <trkpt lat="44.16449" lon="5.15951">
        <ele>710</ele>
      </trkpt>
      <trkpt lat="44.16434" lon="5.15939">
        <ele>708</ele>
      </trkpt>
      <trkpt lat="44.16424" lon="5.15918">
        <ele>706</ele>
      </trkpt>
      <trkpt lat="44.16418" lon="5.15917">
        <ele>706</ele>
      </trkpt>
      <trkpt lat="44.16398" lon="5.15909">
        <ele>705</ele>
      </trkpt>
      <trkpt lat="44.16387" lon="5.15917">
        <ele>705</ele>
      </trkpt>
      <trkpt lat="44.16382" lon="5.15898">
        <ele>704</ele>
      </trkpt>
      <trkpt lat="44.16377" lon="5.15879">
        <ele>704</ele>
      </trkpt>
      <trkpt lat="44.16372" lon="5.1586">
        <ele>703</ele>
      </trkpt>
      <trkpt lat="44.16367" lon="5.15841">
        <ele>703</ele>
      </trkpt>
      <trkpt lat="44.16359625" lon="5.158165">
        <ele>703</ele>
      </trkpt>
      <trkpt lat="44.1635225" lon="5.15792">
        <ele>703</ele>
      </trkpt>
      <trkpt lat="44.16344875" lon="5.157674999999999">
        <ele>704</ele>
      </trkpt>
      <trkpt lat="44.163375" lon="5.15743">
        <ele>704</ele>
      </trkpt>
      <trkpt lat="44.16330125" lon="5.157185">
        <ele>706</ele>
      </trkpt>
      <trkpt lat="44.163227500000005" lon="5.1569400000000005">
        <ele>708</ele>
      </trkpt>
      <trkpt lat="44.163153750000006" lon="5.156695000000001">
        <ele>708</ele>
      </trkpt>
      <trkpt lat="44.16308" lon="5.15645">
        <ele>708</ele>
      </trkpt>
      <trkpt lat="44.162975" lon="5.156155">
        <ele>708</ele>
      </trkpt>
      <trkpt lat="44.16287" lon="5.15586">
        <ele>705</ele>
      </trkpt>
      <trkpt lat="44.16287" lon="5.15572">
        <ele>702</ele>
      </trkpt>
      <trkpt lat="44.16284" lon="5.15562">
        <ele>701</ele>
      </trkpt>
      <trkpt lat="44.16276" lon="5.15547">
        <ele>699</ele>
      </trkpt>
      <trkpt lat="44.162645" lon="5.15514">
        <ele>694</ele>
      </trkpt>
      <trkpt lat="44.16253" lon="5.15481">
        <ele>688</ele>
      </trkpt>
      <trkpt lat="44.16246749999999" lon="5.154612500000001">
        <ele>686</ele>
      </trkpt>
      <trkpt lat="44.16240499999999" lon="5.154415">
        <ele>683</ele>
      </trkpt>
      <trkpt lat="44.162342499999994" lon="5.1542175">
        <ele>680</ele>
      </trkpt>
      <trkpt lat="44.162279999999996" lon="5.15402">
        <ele>679</ele>
      </trkpt>
      <trkpt lat="44.1622175" lon="5.1538225">
        <ele>676</ele>
      </trkpt>
      <trkpt lat="44.162155" lon="5.153625">
        <ele>676</ele>
      </trkpt>
      <trkpt lat="44.1620925" lon="5.153427499999999">
        <ele>674</ele>
      </trkpt>
      <trkpt lat="44.16203" lon="5.15323">
        <ele>673</ele>
      </trkpt>
      <trkpt lat="44.162" lon="5.1531">
        <ele>670</ele>
      </trkpt>
      <trkpt lat="44.16207" lon="5.15283">
        <ele>665</ele>
      </trkpt>
      <trkpt lat="44.1621" lon="5.15281">
        <ele>664</ele>
      </trkpt>
      <trkpt lat="44.16211" lon="5.15278">
        <ele>664</ele>
      </trkpt>
      <trkpt lat="44.1621" lon="5.15273">
        <ele>663</ele>
      </trkpt>
      <trkpt lat="44.16212" lon="5.15264">
        <ele>661</ele>
      </trkpt>
      <trkpt lat="44.16225" lon="5.15239">
        <ele>653</ele>
      </trkpt>
      <trkpt lat="44.16231" lon="5.15221">
        <ele>651</ele>
      </trkpt>
      <trkpt lat="44.16235" lon="5.15214">
        <ele>650</ele>
      </trkpt>
      <trkpt lat="44.16243" lon="5.15188">
        <ele>649</ele>
      </trkpt>
      <trkpt lat="44.16246" lon="5.15171">
        <ele>648</ele>
      </trkpt>
      <trkpt lat="44.162485000000004" lon="5.151465">
        <ele>648</ele>
      </trkpt>
      <trkpt lat="44.16251" lon="5.15122">
        <ele>646</ele>
      </trkpt>
      <trkpt lat="44.16251" lon="5.15102">
        <ele>642</ele>
      </trkpt>
      <trkpt lat="44.1625" lon="5.15092">
        <ele>641</ele>
      </trkpt>
      <trkpt lat="44.16246" lon="5.15084">
        <ele>639</ele>
      </trkpt>
      <trkpt lat="44.16237" lon="5.15051">
        <ele>631</ele>
      </trkpt>
      <trkpt lat="44.16232" lon="5.15045">
        <ele>629</ele>
      </trkpt>
      <trkpt lat="44.16229" lon="5.15038">
        <ele>626</ele>
      </trkpt>
      <trkpt lat="44.16227" lon="5.15027">
        <ele>624</ele>
      </trkpt>
      <trkpt lat="44.16227" lon="5.15008">
        <ele>621</ele>
      </trkpt>
      <trkpt lat="44.16229" lon="5.14998">
        <ele>620</ele>
      </trkpt>
      <trkpt lat="44.16231" lon="5.149755000000001">
        <ele>617</ele>
      </trkpt>
      <trkpt lat="44.16233" lon="5.14953">
        <ele>615</ele>
      </trkpt>
      <trkpt lat="44.16234" lon="5.149335000000001">
        <ele>614</ele>
      </trkpt>
      <trkpt lat="44.16235" lon="5.14914">
        <ele>612</ele>
      </trkpt>
      <trkpt lat="44.16237" lon="5.14902">
        <ele>610</ele>
      </trkpt>
      <trkpt lat="44.16243" lon="5.14883">
        <ele>609</ele>
      </trkpt>
      <trkpt lat="44.16249" lon="5.14864">
        <ele>607</ele>
      </trkpt>
      <trkpt lat="44.16251" lon="5.14853">
        <ele>605</ele>
      </trkpt>
      <trkpt lat="44.16249" lon="5.148285">
        <ele>601</ele>
      </trkpt>
      <trkpt lat="44.16247" lon="5.14804">
        <ele>598</ele>
      </trkpt>
      <trkpt lat="44.16248" lon="5.14783">
        <ele>595</ele>
      </trkpt>
      <trkpt lat="44.16246" lon="5.14777">
        <ele>594</ele>
      </trkpt>
      <trkpt lat="44.16244" lon="5.14749">
        <ele>591</ele>
      </trkpt>
      <trkpt lat="44.16249" lon="5.147295">
        <ele>588</ele>
      </trkpt>
      <trkpt lat="44.16254" lon="5.1471">
        <ele>585</ele>
      </trkpt>
      <trkpt lat="44.16263" lon="5.146915">
        <ele>582</ele>
      </trkpt>
      <trkpt lat="44.16272" lon="5.14673">
        <ele>581</ele>
      </trkpt>
      <trkpt lat="44.16278" lon="5.14664">
        <ele>580</ele>
      </trkpt>
      <trkpt lat="44.16286" lon="5.14638">
        <ele>580</ele>
      </trkpt>
      <trkpt lat="44.16275" lon="5.14615">
        <ele>576</ele>
      </trkpt>
      <trkpt lat="44.16268" lon="5.14594">
        <ele>574</ele>
      </trkpt>
      <trkpt lat="44.16266" lon="5.14592">
        <ele>574</ele>
      </trkpt>
      <trkpt lat="44.16255" lon="5.14593">
        <ele>571</ele>
      </trkpt>
      <trkpt lat="44.1625" lon="5.14586">
        <ele>569</ele>
      </trkpt>
      <trkpt lat="44.16245" lon="5.14575">
        <ele>568</ele>
      </trkpt>
      <trkpt lat="44.16241" lon="5.14571">
        <ele>567</ele>
      </trkpt>
      <trkpt lat="44.16234" lon="5.14569">
        <ele>566</ele>
      </trkpt>
      <trkpt lat="44.1623" lon="5.14564">
        <ele>564</ele>
      </trkpt>
      <trkpt lat="44.16222" lon="5.14547">
        <ele>563</ele>
      </trkpt>
      <trkpt lat="44.16226" lon="5.14542">
        <ele>561</ele>
      </trkpt>
      <trkpt lat="44.16235" lon="5.14548">
        <ele>558</ele>
      </trkpt>
      <trkpt lat="44.16239" lon="5.14548">
        <ele>556</ele>
      </trkpt>
      <trkpt lat="44.1624" lon="5.14544">
        <ele>555</ele>
      </trkpt>
      <trkpt lat="44.16236" lon="5.14535">
        <ele>555</ele>
      </trkpt>
      <trkpt lat="44.16235" lon="5.1453">
        <ele>553</ele>
      </trkpt>
      <trkpt lat="44.16237" lon="5.14526">
        <ele>551</ele>
      </trkpt>
      <trkpt lat="44.16252" lon="5.1453">
        <ele>543</ele>
      </trkpt>
      <trkpt lat="44.16257" lon="5.14527">
        <ele>540</ele>
      </trkpt>
      <trkpt lat="44.16268" lon="5.14506">
        <ele>534</ele>
      </trkpt>
      <trkpt lat="44.16272" lon="5.14501">
        <ele>534</ele>
      </trkpt>
      <trkpt lat="44.16275" lon="5.14492">
        <ele>532</ele>
      </trkpt>
      <trkpt lat="44.16281" lon="5.14485">
        <ele>529</ele>
      </trkpt>
      <trkpt lat="44.16288" lon="5.14472">
        <ele>527</ele>
      </trkpt>
      <trkpt lat="44.16305" lon="5.14454">
        <ele>522</ele>
      </trkpt>
      <trkpt lat="44.16322" lon="5.14436">
        <ele>522</ele>
      </trkpt>
      <trkpt lat="44.16331" lon="5.14424">
        <ele>522</ele>
      </trkpt>
      <trkpt lat="44.16335" lon="5.14421">
        <ele>522</ele>
      </trkpt>
      <trkpt lat="44.16338" lon="5.14414">
        <ele>521</ele>
      </trkpt>
      <trkpt lat="44.16339" lon="5.14407">
        <ele>520</ele>
      </trkpt>
      <trkpt lat="44.16338" lon="5.14399">
        <ele>518</ele>
      </trkpt>
      <trkpt lat="44.16328" lon="5.14371">
        <ele>513</ele>
      </trkpt>
      <trkpt lat="44.16325" lon="5.143504999999999">
        <ele>509</ele>
      </trkpt>
      <trkpt lat="44.163219999999995" lon="5.1433">
        <ele>506</ele>
      </trkpt>
      <trkpt lat="44.16319" lon="5.143095000000001">
        <ele>502</ele>
      </trkpt>
      <trkpt lat="44.16316" lon="5.14289">
        <ele>498</ele>
      </trkpt>
      <trkpt lat="44.16313" lon="5.14262">
        <ele>492</ele>
      </trkpt>
      <trkpt lat="44.16313" lon="5.142385">
        <ele>488</ele>
      </trkpt>
      <trkpt lat="44.16313" lon="5.14215">
        <ele>483</ele>
      </trkpt>
      <trkpt lat="44.16316" lon="5.14199">
        <ele>480</ele>
      </trkpt>
      <trkpt lat="44.16323" lon="5.14182">
        <ele>475</ele>
      </trkpt>
      <trkpt lat="44.16324" lon="5.14163">
        <ele>468</ele>
      </trkpt>
      <trkpt lat="44.16322" lon="5.14144">
        <ele>465</ele>
      </trkpt>
      <trkpt lat="44.16314" lon="5.1413">
        <ele>459</ele>
      </trkpt>
      <trkpt lat="44.16316" lon="5.14128">
        <ele>458</ele>
      </trkpt>
      <trkpt lat="44.16317" lon="5.14119">
        <ele>458</ele>
      </trkpt>
      <trkpt lat="44.16323" lon="5.14113">
        <ele>457</ele>
      </trkpt>
      <trkpt lat="44.16345" lon="5.14099">
        <ele>451</ele>
      </trkpt>
      <trkpt lat="44.16349" lon="5.14099">
        <ele>451</ele>
      </trkpt>
      <trkpt lat="44.16336" lon="5.1409">
        <ele>450</ele>
      </trkpt>
      <trkpt lat="44.1633" lon="5.14087">
        <ele>450</ele>
      </trkpt>
      <trkpt lat="44.16321" lon="5.14086">
        <ele>449</ele>
      </trkpt>
      <trkpt lat="44.163065" lon="5.140815">
        <ele>449</ele>
      </trkpt>
      <trkpt lat="44.16292" lon="5.14077">
        <ele>449</ele>
      </trkpt>
      <trkpt lat="44.162765" lon="5.1407375">
        <ele>450</ele>
      </trkpt>
      <trkpt lat="44.16261" lon="5.1407050000000005">
        <ele>451</ele>
      </trkpt>
      <trkpt lat="44.162455" lon="5.140672500000001">
        <ele>452</ele>
      </trkpt>
      <trkpt lat="44.1623" lon="5.14064">
        <ele>452</ele>
      </trkpt>
      <trkpt lat="44.16222" lon="5.14067">
        <ele>453</ele>
      </trkpt>
      <trkpt lat="44.16208" lon="5.14081">
        <ele>454</ele>
      </trkpt>
      <trkpt lat="44.16204" lon="5.14089">
        <ele>455</ele>
      </trkpt>
      <trkpt lat="44.16199" lon="5.14093">
        <ele>455</ele>
      </trkpt>
      <trkpt lat="44.1619" lon="5.14096">
        <ele>455</ele>
      </trkpt>
      <trkpt lat="44.1617" lon="5.14097">
        <ele>455</ele>
      </trkpt>
      <trkpt lat="44.16166" lon="5.14082">
        <ele>454</ele>
      </trkpt>
      <trkpt lat="44.16161" lon="5.14075">
        <ele>454</ele>
      </trkpt>
      <trkpt lat="44.16149" lon="5.140615">
        <ele>454</ele>
      </trkpt>
      <trkpt lat="44.16137" lon="5.14048">
        <ele>454</ele>
      </trkpt>
      <trkpt lat="44.16129" lon="5.14033">
        <ele>454</ele>
      </trkpt>
      <trkpt lat="44.16112" lon="5.14017">
        <ele>455</ele>
      </trkpt>
      <trkpt lat="44.16107" lon="5.14009">
        <ele>456</ele>
      </trkpt>
      <trkpt lat="44.160945" lon="5.140015">
        <ele>457</ele>
      </trkpt>
      <trkpt lat="44.16082" lon="5.13994">
        <ele>459</ele>
      </trkpt>
      <trkpt lat="44.16072" lon="5.13984">
        <ele>461</ele>
      </trkpt>
      <trkpt lat="44.16067" lon="5.13973">
        <ele>462</ele>
      </trkpt>
      <trkpt lat="44.16066" lon="5.13961">
        <ele>463</ele>
      </trkpt>
      <trkpt lat="44.16062" lon="5.13948">
        <ele>465</ele>
      </trkpt>
      <trkpt lat="44.16048" lon="5.13925">
        <ele>466</ele>
      </trkpt>
      <trkpt lat="44.16039" lon="5.13896">
        <ele>467</ele>
      </trkpt>
      <trkpt lat="44.16037" lon="5.13874">
        <ele>467</ele>
      </trkpt>
      <trkpt lat="44.16049" lon="5.13852">
        <ele>467</ele>
      </trkpt>
      <trkpt lat="44.16058" lon="5.13843">
        <ele>467</ele>
      </trkpt>
      <trkpt lat="44.160715" lon="5.138375">
        <ele>468</ele>
      </trkpt>
      <trkpt lat="44.16085" lon="5.13832">
        <ele>469</ele>
      </trkpt>
      <trkpt lat="44.160970000000006" lon="5.138145">
        <ele>470</ele>
      </trkpt>
      <trkpt lat="44.16109" lon="5.13797">
        <ele>472</ele>
      </trkpt>
      <trkpt lat="44.16132" lon="5.13784">
        <ele>473</ele>
      </trkpt>
      <trkpt lat="44.161435" lon="5.137734999999999">
        <ele>474</ele>
      </trkpt>
      <trkpt lat="44.16155" lon="5.13763">
        <ele>474</ele>
      </trkpt>
      <trkpt lat="44.16166" lon="5.13758">
        <ele>474</ele>
      </trkpt>
      <trkpt lat="44.16189" lon="5.13754">
        <ele>474</ele>
      </trkpt>
      <trkpt lat="44.16195" lon="5.1375">
        <ele>474</ele>
      </trkpt>
      <trkpt lat="44.16201" lon="5.13742">
        <ele>474</ele>
      </trkpt>
      <trkpt lat="44.16207" lon="5.13722">
        <ele>474</ele>
      </trkpt>
      <trkpt lat="44.16218" lon="5.13695">
        <ele>474</ele>
      </trkpt>
      <trkpt lat="44.16222" lon="5.1369">
        <ele>473</ele>
      </trkpt>
      <trkpt lat="44.16229" lon="5.13693">
        <ele>472</ele>
      </trkpt>
      <trkpt lat="44.16249" lon="5.13718">
        <ele>467</ele>
      </trkpt>
      <trkpt lat="44.16258" lon="5.13719">
        <ele>466</ele>
      </trkpt>
      <trkpt lat="44.16267" lon="5.13716">
        <ele>466</ele>
      </trkpt>
      <trkpt lat="44.1628425" lon="5.13706">
        <ele>466</ele>
      </trkpt>
      <trkpt lat="44.163015" lon="5.13696">
        <ele>466</ele>
      </trkpt>
      <trkpt lat="44.1631875" lon="5.13686">
        <ele>466</ele>
      </trkpt>
      <trkpt lat="44.16336" lon="5.13676">
        <ele>468</ele>
      </trkpt>
      <trkpt lat="44.16349" lon="5.13673">
        <ele>469</ele>
      </trkpt>
      <trkpt lat="44.16374" lon="5.13672">
        <ele>471</ele>
      </trkpt>
      <trkpt lat="44.16379" lon="5.13665">
        <ele>472</ele>
      </trkpt>
      <trkpt lat="44.1638" lon="5.13655">
        <ele>472</ele>
      </trkpt>
      <trkpt lat="44.16373" lon="5.13628">
        <ele>475</ele>
      </trkpt>
      <trkpt lat="44.163624999999996" lon="5.1361550000000005">
        <ele>477</ele>
      </trkpt>
      <trkpt lat="44.16352" lon="5.13603">
        <ele>482</ele>
      </trkpt>
      <trkpt lat="44.16341" lon="5.13581">
        <ele>485</ele>
      </trkpt>
      <trkpt lat="44.16341" lon="5.13558">
        <ele>486</ele>
      </trkpt>
      <trkpt lat="44.16334" lon="5.1353">
        <ele>486</ele>
      </trkpt>
      <trkpt lat="44.16327" lon="5.13502">
        <ele>486</ele>
      </trkpt>
      <trkpt lat="44.163199999999996" lon="5.13474">
        <ele>486</ele>
      </trkpt>
      <trkpt lat="44.163129999999995" lon="5.13446">
        <ele>486</ele>
      </trkpt>
      <trkpt lat="44.163059999999994" lon="5.13418">
        <ele>486</ele>
      </trkpt>
      <trkpt lat="44.16298999999999" lon="5.1339">
        <ele>485</ele>
      </trkpt>
      <trkpt lat="44.16292" lon="5.13362">
        <ele>485</ele>
      </trkpt>
      <trkpt lat="44.16285" lon="5.13334">
        <ele>485</ele>
      </trkpt>
      <trkpt lat="44.16286" lon="5.13316">
        <ele>485</ele>
      </trkpt>
      <trkpt lat="44.16284" lon="5.13315">
        <ele>485</ele>
      </trkpt>
      <trkpt lat="44.16286" lon="5.13316">
        <ele>485</ele>
      </trkpt>
      <trkpt lat="44.16287" lon="5.13307">
        <ele>484</ele>
      </trkpt>
      <trkpt lat="44.16283" lon="5.133">
        <ele>483</ele>
      </trkpt>
      <trkpt lat="44.16272" lon="5.13297">
        <ele>481</ele>
      </trkpt>
      <trkpt lat="44.162594999999996" lon="5.13286">
        <ele>478</ele>
      </trkpt>
      <trkpt lat="44.16247" lon="5.13275">
        <ele>476</ele>
      </trkpt>
      <trkpt lat="44.16236" lon="5.1326149999999995">
        <ele>474</ele>
      </trkpt>
      <trkpt lat="44.16225" lon="5.13248">
        <ele>473</ele>
      </trkpt>
      <trkpt lat="44.16211" lon="5.13233">
        <ele>472</ele>
      </trkpt>
      <trkpt lat="44.16213" lon="5.13208">
        <ele>471</ele>
      </trkpt>
      <trkpt lat="44.16216" lon="5.13198">
        <ele>471</ele>
      </trkpt>
      <trkpt lat="44.16222" lon="5.13192">
        <ele>470</ele>
      </trkpt>
      <trkpt lat="44.16238" lon="5.13201">
        <ele>469</ele>
      </trkpt>
      <trkpt lat="44.16256" lon="5.13206">
        <ele>466</ele>
      </trkpt>
      <trkpt lat="44.162729999999996" lon="5.1321650000000005">
        <ele>463</ele>
      </trkpt>
      <trkpt lat="44.1629" lon="5.13227">
        <ele>459</ele>
      </trkpt>
      <trkpt lat="44.163115000000005" lon="5.132325">
        <ele>455</ele>
      </trkpt>
      <trkpt lat="44.16333" lon="5.13238">
        <ele>452</ele>
      </trkpt>
      <trkpt lat="44.16352" lon="5.13239">
        <ele>447</ele>
      </trkpt>
      <trkpt lat="44.163745" lon="5.13236">
        <ele>439</ele>
      </trkpt>
      <trkpt lat="44.16397" lon="5.13233">
        <ele>431</ele>
      </trkpt>
      <trkpt lat="44.163865" lon="5.132149999999999">
        <ele>431</ele>
      </trkpt>
      <trkpt lat="44.16376" lon="5.13197">
        <ele>431</ele>
      </trkpt>
      <trkpt lat="44.1636475" lon="5.13186375">
        <ele>431</ele>
      </trkpt>
      <trkpt lat="44.163535" lon="5.1317575">
        <ele>431</ele>
      </trkpt>
      <trkpt lat="44.1634225" lon="5.13165125">
        <ele>431</ele>
      </trkpt>
      <trkpt lat="44.16331" lon="5.131545">
        <ele>431</ele>
      </trkpt>
      <trkpt lat="44.1631975" lon="5.13143875">
        <ele>431</ele>
      </trkpt>
      <trkpt lat="44.163085" lon="5.1313325">
        <ele>430</ele>
      </trkpt>
      <trkpt lat="44.1629725" lon="5.13122625">
        <ele>430</ele>
      </trkpt>
      <trkpt lat="44.16286" lon="5.13112">
        <ele>428</ele>
      </trkpt>
      <trkpt lat="44.162729999999996" lon="5.13083">
        <ele>424</ele>
      </trkpt>
      <trkpt lat="44.1626" lon="5.13054">
        <ele>420</ele>
      </trkpt>
      <trkpt lat="44.1624125" lon="5.1302875">
        <ele>419</ele>
      </trkpt>
      <trkpt lat="44.162225" lon="5.1300349999999995">
        <ele>416</ele>
      </trkpt>
      <trkpt lat="44.1620375" lon="5.129782499999999">
        <ele>414</ele>
      </trkpt>
      <trkpt lat="44.16185" lon="5.12953">
        <ele>414</ele>
      </trkpt>
      <trkpt lat="44.161765" lon="5.12933125">
        <ele>413</ele>
      </trkpt>
      <trkpt lat="44.161680000000004" lon="5.1291325">
        <ele>412</ele>
      </trkpt>
      <trkpt lat="44.161595000000005" lon="5.12893375">
        <ele>410</ele>
      </trkpt>
      <trkpt lat="44.16151" lon="5.128735">
        <ele>410</ele>
      </trkpt>
      <trkpt lat="44.161424999999994" lon="5.12853625">
        <ele>409</ele>
      </trkpt>
      <trkpt lat="44.161339999999996" lon="5.1283375">
        <ele>409</ele>
      </trkpt>
      <trkpt lat="44.161255" lon="5.12813875">
        <ele>409</ele>
      </trkpt>
      <trkpt lat="44.16117" lon="5.12794">
        <ele>409</ele>
      </trkpt>
      <trkpt lat="44.16108" lon="5.12778">
        <ele>409</ele>
      </trkpt>
      <trkpt lat="44.16099" lon="5.12762">
        <ele>409</ele>
      </trkpt>
      <trkpt lat="44.16095" lon="5.12737">
        <ele>409</ele>
      </trkpt>
      <trkpt lat="44.16084" lon="5.127190000000001">
        <ele>409</ele>
      </trkpt>
      <trkpt lat="44.16073" lon="5.12701">
        <ele>409</ele>
      </trkpt>
      <trkpt lat="44.16063" lon="5.1268">
        <ele>409</ele>
      </trkpt>
      <trkpt lat="44.16061" lon="5.1268">
        <ele>408</ele>
      </trkpt>
      <trkpt lat="44.16063" lon="5.12677">
        <ele>408</ele>
      </trkpt>
      <trkpt lat="44.16063" lon="5.12674">
        <ele>408</ele>
      </trkpt>
      <trkpt lat="44.16058" lon="5.12651">
        <ele>406</ele>
      </trkpt>
      <trkpt lat="44.16055" lon="5.12645">
        <ele>406</ele>
      </trkpt>
      <trkpt lat="44.16046" lon="5.12638">
        <ele>405</ele>
      </trkpt>
      <trkpt lat="44.16054" lon="5.12621">
        <ele>404</ele>
      </trkpt>
      <trkpt lat="44.16052" lon="5.12595">
        <ele>402</ele>
      </trkpt>
      <trkpt lat="44.16046" lon="5.125735">
        <ele>400</ele>
      </trkpt>
      <trkpt lat="44.1604" lon="5.12552">
        <ele>400</ele>
      </trkpt>
      <trkpt lat="44.16032" lon="5.125360000000001">
        <ele>399</ele>
      </trkpt>
      <trkpt lat="44.16024" lon="5.1252">
        <ele>399</ele>
      </trkpt>
      <trkpt lat="44.160335" lon="5.12495">
        <ele>399</ele>
      </trkpt>
      <trkpt lat="44.16043" lon="5.1247">
        <ele>398</ele>
      </trkpt>
      <trkpt lat="44.16042" lon="5.12465">
        <ele>397</ele>
      </trkpt>
      <trkpt lat="44.160579999999996" lon="5.1245449999999995">
        <ele>397</ele>
      </trkpt>
      <trkpt lat="44.16074" lon="5.12444">
        <ele>396</ele>
      </trkpt>
      <trkpt lat="44.160849999999996" lon="5.124325">
        <ele>395</ele>
      </trkpt>
      <trkpt lat="44.16096" lon="5.12421">
        <ele>395</ele>
      </trkpt>
      <trkpt lat="44.1610725" lon="5.1240775">
        <ele>393</ele>
      </trkpt>
      <trkpt lat="44.161185" lon="5.123945">
        <ele>391</ele>
      </trkpt>
      <trkpt lat="44.1612975" lon="5.1238125">
        <ele>389</ele>
      </trkpt>
      <trkpt lat="44.16141" lon="5.12368">
        <ele>388</ele>
      </trkpt>
      <trkpt lat="44.16150999999999" lon="5.12354">
        <ele>387</ele>
      </trkpt>
      <trkpt lat="44.161609999999996" lon="5.1234">
        <ele>385</ele>
      </trkpt>
      <trkpt lat="44.16171" lon="5.12326">
        <ele>384</ele>
      </trkpt>
      <trkpt lat="44.16181" lon="5.12312">
        <ele>383</ele>
      </trkpt>
      <trkpt lat="44.16188" lon="5.122955">
        <ele>382</ele>
      </trkpt>
      <trkpt lat="44.16195" lon="5.12279">
        <ele>381</ele>
      </trkpt>
      <trkpt lat="44.16203" lon="5.12265">
        <ele>380</ele>
      </trkpt>
      <trkpt lat="44.162125" lon="5.12251625">
        <ele>378</ele>
      </trkpt>
      <trkpt lat="44.162220000000005" lon="5.1223825000000005">
        <ele>377</ele>
      </trkpt>
      <trkpt lat="44.16231500000001" lon="5.122248750000001">
        <ele>375</ele>
      </trkpt>
      <trkpt lat="44.16241" lon="5.122115">
        <ele>374</ele>
      </trkpt>
      <trkpt lat="44.162504999999996" lon="5.121981249999999">
        <ele>373</ele>
      </trkpt>
      <trkpt lat="44.1626" lon="5.121847499999999">
        <ele>372</ele>
      </trkpt>
      <trkpt lat="44.162695" lon="5.12171375">
        <ele>371</ele>
      </trkpt>
      <trkpt lat="44.16279" lon="5.12158">
        <ele>371</ele>
      </trkpt>
      <trkpt lat="44.162915" lon="5.121449999999999">
        <ele>370</ele>
      </trkpt>
      <trkpt lat="44.16304" lon="5.12132">
        <ele>369</ele>
      </trkpt>
      <trkpt lat="44.163175" lon="5.12121">
        <ele>368</ele>
      </trkpt>
      <trkpt lat="44.16331" lon="5.1211">
        <ele>367</ele>
      </trkpt>
      <trkpt lat="44.163455" lon="5.1209925">
        <ele>366</ele>
      </trkpt>
      <trkpt lat="44.1636" lon="5.1208849999999995">
        <ele>364</ele>
      </trkpt>
      <trkpt lat="44.163745000000006" lon="5.120777499999999">
        <ele>364</ele>
      </trkpt>
      <trkpt lat="44.16389" lon="5.12067">
        <ele>362</ele>
      </trkpt>
      <trkpt lat="44.1640175" lon="5.120587499999999">
        <ele>361</ele>
      </trkpt>
      <trkpt lat="44.164145000000005" lon="5.120505">
        <ele>360</ele>
      </trkpt>
      <trkpt lat="44.1642725" lon="5.1204225">
        <ele>359</ele>
      </trkpt>
      <trkpt lat="44.1644" lon="5.12034">
        <ele>358</ele>
      </trkpt>
      <trkpt lat="44.16451" lon="5.1203">
        <ele>357</ele>
      </trkpt>
      <trkpt lat="44.16465875" lon="5.12026625">
        <ele>355</ele>
      </trkpt>
      <trkpt lat="44.164807499999995" lon="5.1202325">
        <ele>354</ele>
      </trkpt>
      <trkpt lat="44.164956249999996" lon="5.12019875">
        <ele>353</ele>
      </trkpt>
      <trkpt lat="44.165105" lon="5.120165">
        <ele>352</ele>
      </trkpt>
      <trkpt lat="44.16525375" lon="5.12013125">
        <ele>351</ele>
      </trkpt>
      <trkpt lat="44.1654025" lon="5.1200975">
        <ele>351</ele>
      </trkpt>
      <trkpt lat="44.16555125" lon="5.12006375">
        <ele>350</ele>
      </trkpt>
      <trkpt lat="44.1657" lon="5.12003">
        <ele>348</ele>
      </trkpt>
      <trkpt lat="44.165865" lon="5.119975">
        <ele>347</ele>
      </trkpt>
      <trkpt lat="44.16603" lon="5.11992">
        <ele>346</ele>
      </trkpt>
      <trkpt lat="44.166285" lon="5.119885">
        <ele>345</ele>
      </trkpt>
      <trkpt lat="44.16654" lon="5.11985">
        <ele>344</ele>
      </trkpt>
      <trkpt lat="44.1667" lon="5.119832499999999">
        <ele>343</ele>
      </trkpt>
      <trkpt lat="44.16686" lon="5.119815">
        <ele>342</ele>
      </trkpt>
      <trkpt lat="44.16702" lon="5.119797500000001">
        <ele>341</ele>
      </trkpt>
      <trkpt lat="44.16718" lon="5.11978">
        <ele>340</ele>
      </trkpt>
      <trkpt lat="44.167365000000004" lon="5.1197550000000005">
        <ele>339</ele>
      </trkpt>
      <trkpt lat="44.167550000000006" lon="5.119730000000001">
        <ele>338</ele>
      </trkpt>
      <trkpt lat="44.16773500000001" lon="5.119705">
        <ele>338</ele>
      </trkpt>
      <trkpt lat="44.16792" lon="5.11968">
        <ele>337</ele>
      </trkpt>
      <trkpt lat="44.16805" lon="5.11965">
        <ele>336</ele>
      </trkpt>
      <trkpt lat="44.168260000000004" lon="5.1195325">
        <ele>336</ele>
      </trkpt>
      <trkpt lat="44.16847" lon="5.119415">
        <ele>335</ele>
      </trkpt>
      <trkpt lat="44.168679999999995" lon="5.1192975">
        <ele>335</ele>
      </trkpt>
      <trkpt lat="44.16889" lon="5.11918">
        <ele>335</ele>
      </trkpt>
      <trkpt lat="44.16914" lon="5.11905">
        <ele>335</ele>
      </trkpt>
      <trkpt lat="44.16914" lon="5.1189">
        <ele>335</ele>
      </trkpt>
      <trkpt lat="44.169084999999995" lon="5.1186925">
        <ele>335</ele>
      </trkpt>
      <trkpt lat="44.16903" lon="5.118485">
        <ele>336</ele>
      </trkpt>
      <trkpt lat="44.168975" lon="5.1182775">
        <ele>337</ele>
      </trkpt>
      <trkpt lat="44.16892" lon="5.11807">
        <ele>338</ele>
      </trkpt>
      <trkpt lat="44.16888" lon="5.118">
        <ele>339</ele>
      </trkpt>
      <trkpt lat="44.16869" lon="5.11779">
        <ele>341</ele>
      </trkpt>
      <trkpt lat="44.168605" lon="5.11763">
        <ele>343</ele>
      </trkpt>
      <trkpt lat="44.16852" lon="5.11747">
        <ele>344</ele>
      </trkpt>
      <trkpt lat="44.16845" lon="5.11738">
        <ele>345</ele>
      </trkpt>
      <trkpt lat="44.16836" lon="5.11714">
        <ele>346</ele>
      </trkpt>
      <trkpt lat="44.16827" lon="5.116804999999999">
        <ele>349</ele>
      </trkpt>
      <trkpt lat="44.16818" lon="5.11647">
        <ele>352</ele>
      </trkpt>
      <trkpt lat="44.16817" lon="5.11627">
        <ele>354</ele>
      </trkpt>
      <trkpt lat="44.16823" lon="5.11607">
        <ele>356</ele>
      </trkpt>
      <trkpt lat="44.16824" lon="5.11598">
        <ele>357</ele>
      </trkpt>
      <trkpt lat="44.16821" lon="5.1158">
        <ele>359</ele>
      </trkpt>
      <trkpt lat="44.168165" lon="5.115615">
        <ele>360</ele>
      </trkpt>
      <trkpt lat="44.16812" lon="5.11543">
        <ele>362</ele>
      </trkpt>
      <trkpt lat="44.16811" lon="5.11533">
        <ele>363</ele>
      </trkpt>
      <trkpt lat="44.16813" lon="5.11513">
        <ele>365</ele>
      </trkpt>
      <trkpt lat="44.16817" lon="5.11504">
        <ele>366</ele>
      </trkpt>
      <trkpt lat="44.16822" lon="5.11497">
        <ele>366</ele>
      </trkpt>
      <trkpt lat="44.16829" lon="5.11489">
        <ele>367</ele>
      </trkpt>
      <trkpt lat="44.16839" lon="5.11483">
        <ele>367</ele>
      </trkpt>
      <trkpt lat="44.16844" lon="5.11477">
        <ele>368</ele>
      </trkpt>
      <trkpt lat="44.16845" lon="5.11473">
        <ele>369</ele>
      </trkpt>
      <trkpt lat="44.16844" lon="5.11467">
        <ele>369</ele>
      </trkpt>
      <trkpt lat="44.1684" lon="5.11464">
        <ele>370</ele>
      </trkpt>
      <trkpt lat="44.16836" lon="5.11463">
        <ele>370</ele>
      </trkpt>
      <trkpt lat="44.1682" lon="5.11463">
        <ele>372</ele>
      </trkpt>
      <trkpt lat="44.16804" lon="5.11463">
        <ele>374</ele>
      </trkpt>
      <trkpt lat="44.16799" lon="5.11457">
        <ele>375</ele>
      </trkpt>
      <trkpt lat="44.16798" lon="5.11452">
        <ele>376</ele>
      </trkpt>
      <trkpt lat="44.16801" lon="5.1144">
        <ele>377</ele>
      </trkpt>
      <trkpt lat="44.16806" lon="5.11436">
        <ele>378</ele>
      </trkpt>
      <trkpt lat="44.16814" lon="5.11434">
        <ele>379</ele>
      </trkpt>
      <trkpt lat="44.16826" lon="5.11435">
        <ele>380</ele>
      </trkpt>
      <trkpt lat="44.16831" lon="5.11434">
        <ele>380</ele>
      </trkpt>
      <trkpt lat="44.16834" lon="5.1143">
        <ele>381</ele>
      </trkpt>
      <trkpt lat="44.16833" lon="5.11421">
        <ele>382</ele>
      </trkpt>
      <trkpt lat="44.16827" lon="5.11418">
        <ele>382</ele>
      </trkpt>
      <trkpt lat="44.16819" lon="5.11416">
        <ele>383</ele>
      </trkpt>
      <trkpt lat="44.168055" lon="5.114065">
        <ele>385</ele>
      </trkpt>
      <trkpt lat="44.16792" lon="5.11397">
        <ele>386</ele>
      </trkpt>
      <trkpt lat="44.16781" lon="5.11393">
        <ele>387</ele>
      </trkpt>
      <trkpt lat="44.16764" lon="5.11392">
        <ele>390</ele>
      </trkpt>
      <trkpt lat="44.16756" lon="5.1139">
        <ele>391</ele>
      </trkpt>
      <trkpt lat="44.16736" lon="5.11375">
        <ele>394</ele>
      </trkpt>
      <trkpt lat="44.16741" lon="5.11368">
        <ele>394</ele>
      </trkpt>
      <trkpt lat="44.16737" lon="5.11364">
        <ele>394</ele>
      </trkpt>
      <trkpt lat="44.167355" lon="5.113405">
        <ele>395</ele>
      </trkpt>
      <trkpt lat="44.16734" lon="5.11317">
        <ele>397</ele>
      </trkpt>
      <trkpt lat="44.16735" lon="5.11307">
        <ele>397</ele>
      </trkpt>
      <trkpt lat="44.16734" lon="5.11294">
        <ele>399</ele>
      </trkpt>
      <trkpt lat="44.16747" lon="5.11282">
        <ele>401</ele>
      </trkpt>
      <trkpt lat="44.16759" lon="5.11273">
        <ele>401</ele>
      </trkpt>
      <trkpt lat="44.16769" lon="5.11259">
        <ele>405</ele>
      </trkpt>
      <trkpt lat="44.16787" lon="5.11242">
        <ele>406</ele>
      </trkpt>
      <trkpt lat="44.16796" lon="5.11228">
        <ele>407</ele>
      </trkpt>
      <trkpt lat="44.16804" lon="5.11219">
        <ele>408</ele>
      </trkpt>
      <trkpt lat="44.16806" lon="5.11207">
        <ele>409</ele>
      </trkpt>
      <trkpt lat="44.16811" lon="5.11194">
        <ele>409</ele>
      </trkpt>
      <trkpt lat="44.16824" lon="5.11167">
        <ele>412</ele>
      </trkpt>
      <trkpt lat="44.16825" lon="5.11159">
        <ele>413</ele>
      </trkpt>
      <trkpt lat="44.16807" lon="5.11149">
        <ele>416</ele>
      </trkpt>
      <trkpt lat="44.16799" lon="5.11148">
        <ele>418</ele>
      </trkpt>
      <trkpt lat="44.1679" lon="5.11151">
        <ele>419</ele>
      </trkpt>
      <trkpt lat="44.1677" lon="5.11162">
        <ele>422</ele>
      </trkpt>
      <trkpt lat="44.16754" lon="5.11169">
        <ele>424</ele>
      </trkpt>
      <trkpt lat="44.16736" lon="5.1117">
        <ele>428</ele>
      </trkpt>
      <trkpt lat="44.1672" lon="5.11169">
        <ele>432</ele>
      </trkpt>
      <trkpt lat="44.16705" lon="5.111645">
        <ele>433</ele>
      </trkpt>
      <trkpt lat="44.1669" lon="5.1116">
        <ele>434</ele>
      </trkpt>
      <trkpt lat="44.16666" lon="5.11162">
        <ele>439</ele>
      </trkpt>
      <trkpt lat="44.16655" lon="5.11164">
        <ele>441</ele>
      </trkpt>
      <trkpt lat="44.16646" lon="5.11161">
        <ele>443</ele>
      </trkpt>
      <trkpt lat="44.16627" lon="5.11152">
        <ele>444</ele>
      </trkpt>
      <trkpt lat="44.1662" lon="5.11146">
        <ele>445</ele>
      </trkpt>
      <trkpt lat="44.16615" lon="5.11149">
        <ele>447</ele>
      </trkpt>
      <trkpt lat="44.16611" lon="5.11148">
        <ele>449</ele>
      </trkpt>
      <trkpt lat="44.16602" lon="5.11129">
        <ele>451</ele>
      </trkpt>
      <trkpt lat="44.16601" lon="5.11124">
        <ele>452</ele>
      </trkpt>
      <trkpt lat="44.16602" lon="5.11116">
        <ele>454</ele>
      </trkpt>
      <trkpt lat="44.1661" lon="5.110975">
        <ele>455</ele>
      </trkpt>
      <trkpt lat="44.16618" lon="5.11079">
        <ele>456</ele>
      </trkpt>
      <trkpt lat="44.1662" lon="5.11066">
        <ele>458</ele>
      </trkpt>
      <trkpt lat="44.16625" lon="5.11057">
        <ele>459</ele>
      </trkpt>
      <trkpt lat="44.16637" lon="5.1102799999999995">
        <ele>462</ele>
      </trkpt>
      <trkpt lat="44.16649" lon="5.10999">
        <ele>466</ele>
      </trkpt>
      <trkpt lat="44.16642" lon="5.10976">
        <ele>470</ele>
      </trkpt>
      <trkpt lat="44.16641" lon="5.10969">
        <ele>470</ele>
      </trkpt>
      <trkpt lat="44.16642" lon="5.10961">
        <ele>470</ele>
      </trkpt>
      <trkpt lat="44.16642" lon="5.10942">
        <ele>470</ele>
      </trkpt>
      <trkpt lat="44.16638" lon="5.10923">
        <ele>468</ele>
      </trkpt>
      <trkpt lat="44.166375" lon="5.1089975">
        <ele>467</ele>
      </trkpt>
      <trkpt lat="44.16637" lon="5.108765">
        <ele>466</ele>
      </trkpt>
      <trkpt lat="44.166365" lon="5.1085325">
        <ele>464</ele>
      </trkpt>
      <trkpt lat="44.16636" lon="5.1083">
        <ele>461</ele>
      </trkpt>
      <trkpt lat="44.1664" lon="5.10802">
        <ele>459</ele>
      </trkpt>
      <trkpt lat="44.16641" lon="5.10779">
        <ele>459</ele>
      </trkpt>
      <trkpt lat="44.1665" lon="5.1075">
        <ele>459</ele>
      </trkpt>
      <trkpt lat="44.16651" lon="5.10719">
        <ele>459</ele>
      </trkpt>
      <trkpt lat="44.16653" lon="5.10706">
        <ele>459</ele>
      </trkpt>
      <trkpt lat="44.16651" lon="5.10693">
        <ele>459</ele>
      </trkpt>
      <trkpt lat="44.1665" lon="5.10677">
        <ele>459</ele>
      </trkpt>
      <trkpt lat="44.16652" lon="5.10641">
        <ele>459</ele>
      </trkpt>
      <trkpt lat="44.16649" lon="5.10629">
        <ele>458</ele>
      </trkpt>
      <trkpt lat="44.16649" lon="5.1062">
        <ele>458</ele>
      </trkpt>
      <trkpt lat="44.16642" lon="5.10591">
        <ele>458</ele>
      </trkpt>
      <trkpt lat="44.16642" lon="5.10571">
        <ele>458</ele>
      </trkpt>
      <trkpt lat="44.16635" lon="5.1053999999999995">
        <ele>456</ele>
      </trkpt>
      <trkpt lat="44.16628" lon="5.10509">
        <ele>455</ele>
      </trkpt>
      <trkpt lat="44.16624" lon="5.104815">
        <ele>454</ele>
      </trkpt>
      <trkpt lat="44.1662" lon="5.10454">
        <ele>454</ele>
      </trkpt>
      <trkpt lat="44.166205000000005" lon="5.104235">
        <ele>452</ele>
      </trkpt>
      <trkpt lat="44.16621" lon="5.10393">
        <ele>451</ele>
      </trkpt>
      <trkpt lat="44.1662" lon="5.10369">
        <ele>451</ele>
      </trkpt>
      <trkpt lat="44.16623" lon="5.10354">
        <ele>451</ele>
      </trkpt>
      <trkpt lat="44.16623" lon="5.1033349999999995">
        <ele>450</ele>
      </trkpt>
      <trkpt lat="44.16623" lon="5.10313">
        <ele>449</ele>
      </trkpt>
      <trkpt lat="44.16623" lon="5.102925">
        <ele>448</ele>
      </trkpt>
      <trkpt lat="44.16623" lon="5.10272">
        <ele>446</ele>
      </trkpt>
      <trkpt lat="44.16619" lon="5.10239">
        <ele>444</ele>
      </trkpt>
      <trkpt lat="44.16619" lon="5.10216">
        <ele>443</ele>
      </trkpt>
      <trkpt lat="44.16614" lon="5.10182">
        <ele>443</ele>
      </trkpt>
      <trkpt lat="44.16617" lon="5.10176">
        <ele>443</ele>
      </trkpt>
      <trkpt lat="44.16617" lon="5.10168">
        <ele>443</ele>
      </trkpt>
      <trkpt lat="44.16626" lon="5.10137">
        <ele>443</ele>
      </trkpt>
      <trkpt lat="44.16635" lon="5.10106">
        <ele>445</ele>
      </trkpt>
      <trkpt lat="44.16645" lon="5.10089">
        <ele>447</ele>
      </trkpt>
      <trkpt lat="44.16652" lon="5.10063">
        <ele>450</ele>
      </trkpt>
      <trkpt lat="44.16661" lon="5.10035">
        <ele>452</ele>
      </trkpt>
      <trkpt lat="44.16671" lon="5.10018">
        <ele>454</ele>
      </trkpt>
      <trkpt lat="44.16676" lon="5.10014">
        <ele>456</ele>
      </trkpt>
      <trkpt lat="44.16696" lon="5.10004">
        <ele>458</ele>
      </trkpt>
      <trkpt lat="44.16708" lon="5.09992">
        <ele>460</ele>
      </trkpt>
      <trkpt lat="44.16721" lon="5.09969">
        <ele>460</ele>
      </trkpt>
      <trkpt lat="44.16725" lon="5.09957">
        <ele>460</ele>
      </trkpt>
      <trkpt lat="44.1673" lon="5.09946">
        <ele>460</ele>
      </trkpt>
      <trkpt lat="44.16732" lon="5.09934">
        <ele>460</ele>
      </trkpt>
      <trkpt lat="44.167435" lon="5.09917">
        <ele>460</ele>
      </trkpt>
      <trkpt lat="44.16755" lon="5.099">
        <ele>460</ele>
      </trkpt>
      <trkpt lat="44.16769" lon="5.0988299999999995">
        <ele>460</ele>
      </trkpt>
      <trkpt lat="44.16783" lon="5.09866">
        <ele>460</ele>
      </trkpt>
      <trkpt lat="44.1679" lon="5.09865">
        <ele>460</ele>
      </trkpt>
      <trkpt lat="44.16795" lon="5.09859">
        <ele>460</ele>
      </trkpt>
      <trkpt lat="44.16817" lon="5.09851">
        <ele>460</ele>
      </trkpt>
      <trkpt lat="44.16821" lon="5.09843">
        <ele>460</ele>
      </trkpt>
      <trkpt lat="44.16835" lon="5.09839">
        <ele>460</ele>
      </trkpt>
      <trkpt lat="44.16842" lon="5.098215">
        <ele>455</ele>
      </trkpt>
      <trkpt lat="44.16849" lon="5.09804">
        <ele>451</ele>
      </trkpt>
      <trkpt lat="44.16858" lon="5.0978650000000005">
        <ele>447</ele>
      </trkpt>
      <trkpt lat="44.16867" lon="5.09769">
        <ele>445</ele>
      </trkpt>
      <trkpt lat="44.16886" lon="5.09754">
        <ele>444</ele>
      </trkpt>
      <trkpt lat="44.169" lon="5.09737">
        <ele>443</ele>
      </trkpt>
      <trkpt lat="44.169165" lon="5.097144999999999">
        <ele>442</ele>
      </trkpt>
      <trkpt lat="44.16933" lon="5.09692">
        <ele>440</ele>
      </trkpt>
      <trkpt lat="44.169489999999996" lon="5.096755">
        <ele>440</ele>
      </trkpt>
      <trkpt lat="44.16965" lon="5.09659">
        <ele>440</ele>
      </trkpt>
      <trkpt lat="44.16982" lon="5.096425">
        <ele>439</ele>
      </trkpt>
      <trkpt lat="44.16999" lon="5.09626">
        <ele>439</ele>
      </trkpt>
      <trkpt lat="44.170195" lon="5.09609">
        <ele>438</ele>
      </trkpt>
      <trkpt lat="44.1704" lon="5.09592">
        <ele>436</ele>
      </trkpt>
      <trkpt lat="44.17051" lon="5.09585">
        <ele>436</ele>
      </trkpt>
      <trkpt lat="44.17056" lon="5.0958">
        <ele>436</ele>
      </trkpt>
      <trkpt lat="44.17062" lon="5.09576">
        <ele>436</ele>
      </trkpt>
      <trkpt lat="44.17076" lon="5.09569">
        <ele>438</ele>
      </trkpt>
      <trkpt lat="44.17085" lon="5.09562">
        <ele>439</ele>
      </trkpt>
      <trkpt lat="44.17109" lon="5.0956150000000004">
        <ele>443</ele>
      </trkpt>
      <trkpt lat="44.17133" lon="5.09561">
        <ele>446</ele>
      </trkpt>
      <trkpt lat="44.17151" lon="5.09552">
        <ele>447</ele>
      </trkpt>
      <trkpt lat="44.17163" lon="5.09544">
        <ele>448</ele>
      </trkpt>
      <trkpt lat="44.17179" lon="5.09542">
        <ele>449</ele>
      </trkpt>
      <trkpt lat="44.17187" lon="5.09544">
        <ele>449</ele>
      </trkpt>
      <trkpt lat="44.17208" lon="5.09542">
        <ele>450</ele>
      </trkpt>
      <trkpt lat="44.1723" lon="5.095385">
        <ele>450</ele>
      </trkpt>
      <trkpt lat="44.17252" lon="5.09535">
        <ele>450</ele>
      </trkpt>
      <trkpt lat="44.17271" lon="5.0953">
        <ele>450</ele>
      </trkpt>
      <trkpt lat="44.17286" lon="5.09524">
        <ele>450</ele>
      </trkpt>
      <trkpt lat="44.17298" lon="5.09517">
        <ele>450</ele>
      </trkpt>
      <trkpt lat="44.17307" lon="5.09506">
        <ele>452</ele>
      </trkpt>
      <trkpt lat="44.17323" lon="5.09495">
        <ele>452</ele>
      </trkpt>
      <trkpt lat="44.17339" lon="5.09481">
        <ele>453</ele>
      </trkpt>
      <trkpt lat="44.1735" lon="5.09478">
        <ele>454</ele>
      </trkpt>
      <trkpt lat="44.17364" lon="5.094775">
        <ele>455</ele>
      </trkpt>
      <trkpt lat="44.17378" lon="5.09477">
        <ele>455</ele>
      </trkpt>
      <trkpt lat="44.17388" lon="5.09469">
        <ele>455</ele>
      </trkpt>
      <trkpt lat="44.1741" lon="5.09462">
        <ele>455</ele>
      </trkpt>
      <trkpt lat="44.17418" lon="5.09457">
        <ele>455</ele>
      </trkpt>
      <trkpt lat="44.17442" lon="5.09448">
        <ele>455</ele>
      </trkpt>
      <trkpt lat="44.17462" lon="5.094385">
        <ele>455</ele>
      </trkpt>
      <trkpt lat="44.17482" lon="5.09429">
        <ele>455</ele>
      </trkpt>
      <trkpt lat="44.17504" lon="5.09413">
        <ele>458</ele>
      </trkpt>
      <trkpt lat="44.17513" lon="5.093985">
        <ele>459</ele>
      </trkpt>
      <trkpt lat="44.17522" lon="5.09384">
        <ele>459</ele>
      </trkpt>
      <trkpt lat="44.17527" lon="5.09378">
        <ele>459</ele>
      </trkpt>
      <trkpt lat="44.1753" lon="5.09378">
        <ele>459</ele>
      </trkpt>
      <trkpt lat="44.17537" lon="5.09382">
        <ele>459</ele>
      </trkpt>
      <trkpt lat="44.17554" lon="5.09404">
        <ele>459</ele>
      </trkpt>
      <trkpt lat="44.17578" lon="5.09421">
        <ele>459</ele>
      </trkpt>
      <trkpt lat="44.17588" lon="5.09431">
        <ele>458</ele>
      </trkpt>
      <trkpt lat="44.17599" lon="5.09436">
        <ele>458</ele>
      </trkpt>
      <trkpt lat="44.17614" lon="5.09437">
        <ele>458</ele>
      </trkpt>
      <trkpt lat="44.17632" lon="5.09435">
        <ele>458</ele>
      </trkpt>
      <trkpt lat="44.1765" lon="5.09433">
        <ele>458</ele>
      </trkpt>
      <trkpt lat="44.17676" lon="5.09427">
        <ele>458</ele>
      </trkpt>
      <trkpt lat="44.17686" lon="5.09427">
        <ele>458</ele>
      </trkpt>
      <trkpt lat="44.17699" lon="5.09429">
        <ele>458</ele>
      </trkpt>
      <trkpt lat="44.17706" lon="5.09428">
        <ele>458</ele>
      </trkpt>
      <trkpt lat="44.177189999999996" lon="5.094375">
        <ele>460</ele>
      </trkpt>
      <trkpt lat="44.17732" lon="5.09447">
        <ele>461</ele>
      </trkpt>
      <trkpt lat="44.17748" lon="5.094625000000001">
        <ele>464</ele>
      </trkpt>
      <trkpt lat="44.17764" lon="5.09478">
        <ele>465</ele>
      </trkpt>
      <trkpt lat="44.1778" lon="5.0949349999999995">
        <ele>467</ele>
      </trkpt>
      <trkpt lat="44.17796" lon="5.09509">
        <ele>469</ele>
      </trkpt>
      <trkpt lat="44.178" lon="5.09514">
        <ele>469</ele>
      </trkpt>
      <trkpt lat="44.17804" lon="5.09521">
        <ele>470</ele>
      </trkpt>
      <trkpt lat="44.17808" lon="5.09537">
        <ele>470</ele>
      </trkpt>
      <trkpt lat="44.17818" lon="5.09547">
        <ele>470</ele>
      </trkpt>
      <trkpt lat="44.17821" lon="5.09552">
        <ele>470</ele>
      </trkpt>
      <trkpt lat="44.17828" lon="5.09582">
        <ele>470</ele>
      </trkpt>
      <trkpt lat="44.1783" lon="5.09597">
        <ele>469</ele>
      </trkpt>
      <trkpt lat="44.17834" lon="5.09605">
        <ele>469</ele>
      </trkpt>
      <trkpt lat="44.17843" lon="5.09612">
        <ele>469</ele>
      </trkpt>
      <trkpt lat="44.17853" lon="5.09616">
        <ele>469</ele>
      </trkpt>
      <trkpt lat="44.17871" lon="5.09629">
        <ele>469</ele>
      </trkpt>
      <trkpt lat="44.178865" lon="5.09637">
        <ele>469</ele>
      </trkpt>
      <trkpt lat="44.17902" lon="5.09645">
        <ele>470</ele>
      </trkpt>
      <trkpt lat="44.179165" lon="5.096545">
        <ele>470</ele>
      </trkpt>
      <trkpt lat="44.17931" lon="5.09664">
        <ele>470</ele>
      </trkpt>
      <trkpt lat="44.17925" lon="5.09687">
        <ele>470</ele>
      </trkpt>
      <trkpt lat="44.17921" lon="5.09712">
        <ele>469</ele>
      </trkpt>
      <trkpt lat="44.17916" lon="5.09734">
        <ele>469</ele>
      </trkpt>
      <trkpt lat="44.17912" lon="5.09744">
        <ele>468</ele>
      </trkpt>
      <trkpt lat="44.17914" lon="5.09753">
        <ele>467</ele>
      </trkpt>
      <trkpt lat="44.17914" lon="5.0976">
        <ele>467</ele>
      </trkpt>
      <trkpt lat="44.17906" lon="5.09781">
        <ele>463</ele>
      </trkpt>
      <trkpt lat="44.17909" lon="5.09786">
        <ele>462</ele>
      </trkpt>
      <trkpt lat="44.17922" lon="5.0979">
        <ele>459</ele>
      </trkpt>
      <trkpt lat="44.17925" lon="5.09794">
        <ele>459</ele>
      </trkpt>
      <trkpt lat="44.17924" lon="5.09799">
        <ele>457</ele>
      </trkpt>
      <trkpt lat="44.1792" lon="5.09802">
        <ele>456</ele>
      </trkpt>
      <trkpt lat="44.17914" lon="5.09803">
        <ele>456</ele>
      </trkpt>
      <trkpt lat="44.17903" lon="5.09813">
        <ele>453</ele>
      </trkpt>
      <trkpt lat="44.17893" lon="5.09828">
        <ele>450</ele>
      </trkpt>
      <trkpt lat="44.17875" lon="5.09848">
        <ele>445</ele>
      </trkpt>
      <trkpt lat="44.17863" lon="5.09856">
        <ele>443</ele>
      </trkpt>
      <trkpt lat="44.17849" lon="5.0987">
        <ele>440</ele>
      </trkpt>
      <trkpt lat="44.17834" lon="5.099">
        <ele>434</ele>
      </trkpt>
      <trkpt lat="44.17829" lon="5.09914">
        <ele>432</ele>
      </trkpt>
      <trkpt lat="44.178185" lon="5.09935">
        <ele>428</ele>
      </trkpt>
      <trkpt lat="44.17808" lon="5.09956">
        <ele>424</ele>
      </trkpt>
      <trkpt lat="44.177975" lon="5.099740000000001">
        <ele>421</ele>
      </trkpt>
      <trkpt lat="44.17787" lon="5.09992">
        <ele>418</ele>
      </trkpt>
      <trkpt lat="44.17791" lon="5.09997">
        <ele>417</ele>
      </trkpt>
      <trkpt lat="44.17792" lon="5.09994">
        <ele>417</ele>
      </trkpt>
      <trkpt lat="44.17793" lon="5.09996">
        <ele>416</ele>
      </trkpt>
      <trkpt lat="44.17804" lon="5.09988">
        <ele>416</ele>
      </trkpt>
      <trkpt lat="44.17824" lon="5.09986">
        <ele>413</ele>
      </trkpt>
      <trkpt lat="44.17828" lon="5.09983">
        <ele>413</ele>
      </trkpt>
      <trkpt lat="44.17828" lon="5.09982">
        <ele>413</ele>
      </trkpt>
      <trkpt lat="44.17832" lon="5.0998">
        <ele>413</ele>
      </trkpt>
      <trkpt lat="44.1784" lon="5.09968">
        <ele>413</ele>
      </trkpt>
      <trkpt lat="44.1785" lon="5.09962">
        <ele>414</ele>
      </trkpt>
      <trkpt lat="44.17852" lon="5.09958">
        <ele>415</ele>
      </trkpt>
      <trkpt lat="44.17853" lon="5.09952">
        <ele>416</ele>
      </trkpt>
      <trkpt lat="44.17865" lon="5.09944">
        <ele>420</ele>
      </trkpt>
      <trkpt lat="44.17868" lon="5.09939">
        <ele>421</ele>
      </trkpt>
      <trkpt lat="44.17877" lon="5.09935">
        <ele>425</ele>
      </trkpt>
      <trkpt lat="44.17885" lon="5.09936">
        <ele>426</ele>
      </trkpt>
      <trkpt lat="44.17898" lon="5.09926">
        <ele>427</ele>
      </trkpt>
      <trkpt lat="44.17907" lon="5.09926">
        <ele>427</ele>
      </trkpt>
      <trkpt lat="44.17914" lon="5.09931">
        <ele>427</ele>
      </trkpt>
      <trkpt lat="44.17921" lon="5.09933">
        <ele>428</ele>
      </trkpt>
      <trkpt lat="44.17929" lon="5.09933">
        <ele>428</ele>
      </trkpt>
      <trkpt lat="44.17953" lon="5.09936">
        <ele>427</ele>
      </trkpt>
      <trkpt lat="44.17958" lon="5.09942">
        <ele>427</ele>
      </trkpt>
      <trkpt lat="44.17961" lon="5.0995">
        <ele>427</ele>
      </trkpt>
      <trkpt lat="44.17965" lon="5.09954">
        <ele>428</ele>
      </trkpt>
      <trkpt lat="44.17988" lon="5.09962">
        <ele>428</ele>
      </trkpt>
      <trkpt lat="44.17998" lon="5.09969">
        <ele>428</ele>
      </trkpt>
      <trkpt lat="44.18017" lon="5.09975">
        <ele>428</ele>
      </trkpt>
      <trkpt lat="44.18022" lon="5.0998">
        <ele>428</ele>
      </trkpt>
      <trkpt lat="44.18025" lon="5.09981">
        <ele>429</ele>
      </trkpt>
      <trkpt lat="44.1803" lon="5.0998">
        <ele>429</ele>
      </trkpt>
      <trkpt lat="44.18036" lon="5.09981">
        <ele>430</ele>
      </trkpt>
      <trkpt lat="44.18037" lon="5.0998">
        <ele>431</ele>
      </trkpt>
      <trkpt lat="44.18039" lon="5.0998">
        <ele>431</ele>
      </trkpt>
      <trkpt lat="44.18046" lon="5.09981">
        <ele>431</ele>
      </trkpt>
      <trkpt lat="44.18047" lon="5.09982">
        <ele>431</ele>
      </trkpt>
      <trkpt lat="44.18069" lon="5.09982">
        <ele>432</ele>
      </trkpt>
      <trkpt lat="44.18079" lon="5.09977">
        <ele>432</ele>
      </trkpt>
      <trkpt lat="44.18087" lon="5.09977">
        <ele>432</ele>
      </trkpt>
      <trkpt lat="44.18093" lon="5.09972">
        <ele>432</ele>
      </trkpt>
      <trkpt lat="44.18097" lon="5.09974">
        <ele>431</ele>
      </trkpt>
      <trkpt lat="44.18099" lon="5.09977">
        <ele>430</ele>
      </trkpt>
      <trkpt lat="44.1811" lon="5.09979">
        <ele>427</ele>
      </trkpt>
      <trkpt lat="44.18115" lon="5.09982">
        <ele>426</ele>
      </trkpt>
      <trkpt lat="44.18117" lon="5.09981">
        <ele>426</ele>
      </trkpt>
      <trkpt lat="44.18127" lon="5.09981">
        <ele>423</ele>
      </trkpt>
      <trkpt lat="44.18138" lon="5.09978">
        <ele>421</ele>
      </trkpt>
      <trkpt lat="44.18147" lon="5.09972">
        <ele>421</ele>
      </trkpt>
      <trkpt lat="44.18149" lon="5.09961">
        <ele>421</ele>
      </trkpt>
      <trkpt lat="44.18151" lon="5.09959">
        <ele>421</ele>
      </trkpt>
      <trkpt lat="44.18151" lon="5.09953">
        <ele>422</ele>
      </trkpt>
      <trkpt lat="44.18153" lon="5.09953">
        <ele>422</ele>
      </trkpt>
      <trkpt lat="44.18167" lon="5.09964">
        <ele>422</ele>
      </trkpt>
      <trkpt lat="44.18173" lon="5.09971">
        <ele>422</ele>
      </trkpt>
      <trkpt lat="44.1819" lon="5.09974">
        <ele>422</ele>
      </trkpt>
      <trkpt lat="44.18198" lon="5.09981">
        <ele>422</ele>
      </trkpt>
      <trkpt lat="44.18205" lon="5.09983">
        <ele>422</ele>
      </trkpt>
      <trkpt lat="44.18212" lon="5.09983">
        <ele>422</ele>
      </trkpt>
      <trkpt lat="44.18217" lon="5.09986">
        <ele>421</ele>
      </trkpt>
      <trkpt lat="44.182230000000004" lon="5.100035">
        <ele>421</ele>
      </trkpt>
      <trkpt lat="44.18229" lon="5.10021">
        <ele>421</ele>
      </trkpt>
      <trkpt lat="44.18232" lon="5.10049">
        <ele>418</ele>
      </trkpt>
      <trkpt lat="44.18226" lon="5.1008">
        <ele>411</ele>
      </trkpt>
      <trkpt lat="44.18233" lon="5.10093">
        <ele>410</ele>
      </trkpt>
      <trkpt lat="44.18234" lon="5.10091">
        <ele>408</ele>
      </trkpt>
      <trkpt lat="44.18249" lon="5.101065">
        <ele>405</ele>
      </trkpt>
      <trkpt lat="44.18264" lon="5.10122">
        <ele>402</ele>
      </trkpt>
      <trkpt lat="44.18277" lon="5.10137">
        <ele>400</ele>
      </trkpt>
      <trkpt lat="44.18287" lon="5.10154">
        <ele>397</ele>
      </trkpt>
      <trkpt lat="44.18293" lon="5.10172">
        <ele>393</ele>
      </trkpt>
      <trkpt lat="44.18297" lon="5.10201">
        <ele>388</ele>
      </trkpt>
      <trkpt lat="44.18301" lon="5.1023">
        <ele>382</ele>
      </trkpt>
      <trkpt lat="44.18304" lon="5.10243">
        <ele>381</ele>
      </trkpt>
      <trkpt lat="44.18309" lon="5.10258">
        <ele>379</ele>
      </trkpt>
      <trkpt lat="44.18316" lon="5.10267">
        <ele>378</ele>
      </trkpt>
      <trkpt lat="44.18323" lon="5.10273">
        <ele>376</ele>
      </trkpt>
      <trkpt lat="44.18326" lon="5.10278">
        <ele>375</ele>
      </trkpt>
      <trkpt lat="44.18325" lon="5.10287">
        <ele>373</ele>
      </trkpt>
      <trkpt lat="44.18319" lon="5.10293">
        <ele>372</ele>
      </trkpt>
      <trkpt lat="44.18316" lon="5.10299">
        <ele>370</ele>
      </trkpt>
      <trkpt lat="44.18314" lon="5.10304">
        <ele>370</ele>
      </trkpt>
      <trkpt lat="44.18314" lon="5.10309">
        <ele>369</ele>
      </trkpt>
      <trkpt lat="44.183197500000006" lon="5.1033075">
        <ele>366</ele>
      </trkpt>
      <trkpt lat="44.183255" lon="5.103524999999999">
        <ele>363</ele>
      </trkpt>
      <trkpt lat="44.1833125" lon="5.103742499999999">
        <ele>361</ele>
      </trkpt>
      <trkpt lat="44.18337" lon="5.10396">
        <ele>357</ele>
      </trkpt>
      <trkpt lat="44.18348" lon="5.10427">
        <ele>353</ele>
      </trkpt>
      <trkpt lat="44.18355" lon="5.10449">
        <ele>351</ele>
      </trkpt>
      <trkpt lat="44.18362" lon="5.10471">
        <ele>350</ele>
      </trkpt>
      <trkpt lat="44.18375" lon="5.10494">
        <ele>346</ele>
      </trkpt>
      <trkpt lat="44.18377" lon="5.10516">
        <ele>343</ele>
      </trkpt>
      <trkpt lat="44.18379" lon="5.10521">
        <ele>342</ele>
      </trkpt>
      <trkpt lat="44.18383" lon="5.10523">
        <ele>341</ele>
      </trkpt>
      <trkpt lat="44.183955" lon="5.1051400000000005">
        <ele>339</ele>
      </trkpt>
      <trkpt lat="44.18408" lon="5.10505">
        <ele>336</ele>
      </trkpt>
      <trkpt lat="44.18418" lon="5.10508">
        <ele>335</ele>
      </trkpt>
      <trkpt lat="44.1844" lon="5.10522">
        <ele>333</ele>
      </trkpt>
      <trkpt lat="44.18452" lon="5.10534">
        <ele>332</ele>
      </trkpt>
      <trkpt lat="44.18458" lon="5.10544">
        <ele>331</ele>
      </trkpt>
      <trkpt lat="44.18462" lon="5.10562">
        <ele>330</ele>
      </trkpt>
      <trkpt lat="44.18461" lon="5.10576">
        <ele>329</ele>
      </trkpt>
      <trkpt lat="44.18463" lon="5.106055">
        <ele>327</ele>
      </trkpt>
      <trkpt lat="44.18465" lon="5.10635">
        <ele>325</ele>
      </trkpt>
      <trkpt lat="44.18469" lon="5.106665">
        <ele>322</ele>
      </trkpt>
      <trkpt lat="44.18473" lon="5.10698">
        <ele>320</ele>
      </trkpt>
      <trkpt lat="44.184785000000005" lon="5.107215">
        <ele>318</ele>
      </trkpt>
      <trkpt lat="44.18484" lon="5.10745">
        <ele>315</ele>
      </trkpt>
      <trkpt lat="44.184852500000005" lon="5.10765">
        <ele>313</ele>
      </trkpt>
      <trkpt lat="44.184865" lon="5.10785">
        <ele>311</ele>
      </trkpt>
      <trkpt lat="44.1848775" lon="5.10805">
        <ele>311</ele>
      </trkpt>
      <trkpt lat="44.18489" lon="5.10825">
        <ele>309</ele>
      </trkpt>
      <trkpt lat="44.18489" lon="5.10851">
        <ele>309</ele>
      </trkpt>
      <trkpt lat="44.18485" lon="5.10856">
        <ele>308</ele>
      </trkpt>
      <trkpt lat="44.1846975" lon="5.10865">
        <ele>308</ele>
      </trkpt>
      <trkpt lat="44.184545" lon="5.10874">
        <ele>308</ele>
      </trkpt>
      <trkpt lat="44.1843925" lon="5.10883">
        <ele>308</ele>
      </trkpt>
      <trkpt lat="44.18424" lon="5.10892">
        <ele>309</ele>
      </trkpt>
      <trkpt lat="44.18415" lon="5.10899">
        <ele>309</ele>
      </trkpt>
      <trkpt lat="44.18412" lon="5.10905">
        <ele>309</ele>
      </trkpt>
      <trkpt lat="44.18411" lon="5.10912">
        <ele>309</ele>
      </trkpt>
      <trkpt lat="44.184115" lon="5.1093375000000005">
        <ele>308</ele>
      </trkpt>
      <trkpt lat="44.18412" lon="5.109555">
        <ele>307</ele>
      </trkpt>
      <trkpt lat="44.184125" lon="5.1097725">
        <ele>306</ele>
      </trkpt>
      <trkpt lat="44.18413" lon="5.10999">
        <ele>305</ele>
      </trkpt>
      <trkpt lat="44.18413" lon="5.110189999999999">
        <ele>305</ele>
      </trkpt>
      <trkpt lat="44.18413" lon="5.11039">
        <ele>305</ele>
      </trkpt>
      <trkpt lat="44.18413" lon="5.11059">
        <ele>304</ele>
      </trkpt>
      <trkpt lat="44.18413" lon="5.11079">
        <ele>303</ele>
      </trkpt>
      <trkpt lat="44.18415" lon="5.11107">
        <ele>303</ele>
      </trkpt>
      <trkpt lat="44.18419" lon="5.11126">
        <ele>303</ele>
      </trkpt>
      <trkpt lat="44.18425" lon="5.11144">
        <ele>303</ele>
      </trkpt>
      <trkpt lat="44.18432" lon="5.1116225">
        <ele>303</ele>
      </trkpt>
      <trkpt lat="44.18439" lon="5.111805">
        <ele>303</ele>
      </trkpt>
      <trkpt lat="44.18446" lon="5.1119875">
        <ele>303</ele>
      </trkpt>
      <trkpt lat="44.18453" lon="5.11217">
        <ele>303</ele>
      </trkpt>
      <trkpt lat="44.1846" lon="5.11246">
        <ele>303</ele>
      </trkpt>
      <trkpt lat="44.18463" lon="5.11272">
        <ele>303</ele>
      </trkpt>
      <trkpt lat="44.18462" lon="5.11285">
        <ele>303</ele>
      </trkpt>
      <trkpt lat="44.18456" lon="5.11311">
        <ele>302</ele>
      </trkpt>
      <trkpt lat="44.18456" lon="5.11324">
        <ele>301</ele>
      </trkpt>
      <trkpt lat="44.1846" lon="5.11346">
        <ele>299</ele>
      </trkpt>
      <trkpt lat="44.18464" lon="5.11368">
        <ele>298</ele>
      </trkpt>
      <trkpt lat="44.18465" lon="5.11385">
        <ele>297</ele>
      </trkpt>
      <trkpt lat="44.18464" lon="5.11399">
        <ele>296</ele>
      </trkpt>
      <trkpt lat="44.184585" lon="5.114215">
        <ele>294</ele>
      </trkpt>
      <trkpt lat="44.18453" lon="5.11444">
        <ele>293</ele>
      </trkpt>
      <trkpt lat="44.184445" lon="5.114615000000001">
        <ele>292</ele>
      </trkpt>
      <trkpt lat="44.18436" lon="5.11479">
        <ele>292</ele>
      </trkpt>
      <trkpt lat="44.1843" lon="5.11498">
        <ele>291</ele>
      </trkpt>
      <trkpt lat="44.18424" lon="5.11517">
        <ele>290</ele>
      </trkpt>
      <trkpt lat="44.18418" lon="5.11536">
        <ele>290</ele>
      </trkpt>
      <trkpt lat="44.18412" lon="5.11555">
        <ele>289</ele>
      </trkpt>
      <trkpt lat="44.18406" lon="5.11554">
        <ele>289</ele>
      </trkpt>
      <trkpt lat="44.18395" lon="5.11555">
        <ele>289</ele>
      </trkpt>
      <trkpt lat="44.184" lon="5.11575">
        <ele>289</ele>
      </trkpt>
      <trkpt lat="44.18405" lon="5.11595">
        <ele>288</ele>
      </trkpt>
      <trkpt lat="44.1841" lon="5.116149999999999">
        <ele>288</ele>
      </trkpt>
      <trkpt lat="44.18415" lon="5.11635">
        <ele>288</ele>
      </trkpt>
      <trkpt lat="44.18418" lon="5.11651">
        <ele>287</ele>
      </trkpt>
      <trkpt lat="44.18421" lon="5.11674">
        <ele>287</ele>
      </trkpt>
      <trkpt lat="44.18423" lon="5.117005000000001">
        <ele>287</ele>
      </trkpt>
      <trkpt lat="44.18425" lon="5.11727">
        <ele>287</ele>
      </trkpt>
      <trkpt lat="44.18425" lon="5.11751">
        <ele>286</ele>
      </trkpt>
      <trkpt lat="44.18423" lon="5.1177375000000005">
        <ele>286</ele>
      </trkpt>
      <trkpt lat="44.18420999999999" lon="5.117965">
        <ele>285</ele>
      </trkpt>
      <trkpt lat="44.184189999999994" lon="5.1181925">
        <ele>285</ele>
      </trkpt>
      <trkpt lat="44.184169999999995" lon="5.11842">
        <ele>285</ele>
      </trkpt>
      <trkpt lat="44.184149999999995" lon="5.1186475">
        <ele>285</ele>
      </trkpt>
      <trkpt lat="44.184129999999996" lon="5.118875">
        <ele>285</ele>
      </trkpt>
      <trkpt lat="44.18411" lon="5.1191025">
        <ele>285</ele>
      </trkpt>
      <trkpt lat="44.18409" lon="5.11933">
        <ele>286</ele>
      </trkpt>
      <trkpt lat="44.18406" lon="5.1195">
        <ele>286</ele>
      </trkpt>
      <trkpt lat="44.18398" lon="5.11974">
        <ele>286</ele>
      </trkpt>
      <trkpt lat="44.18385" lon="5.11997">
        <ele>287</ele>
      </trkpt>
      <trkpt lat="44.18373" lon="5.12014">
        <ele>287</ele>
      </trkpt>
      <trkpt lat="44.18362" lon="5.12026">
        <ele>288</ele>
      </trkpt>
      <trkpt lat="44.1834" lon="5.12041">
        <ele>289</ele>
      </trkpt>
      <trkpt lat="44.1832275" lon="5.120505">
        <ele>289</ele>
      </trkpt>
      <trkpt lat="44.183054999999996" lon="5.1206">
        <ele>289</ele>
      </trkpt>
      <trkpt lat="44.1828825" lon="5.1206949999999996">
        <ele>290</ele>
      </trkpt>
      <trkpt lat="44.18271" lon="5.12079">
        <ele>290</ele>
      </trkpt>
      <trkpt lat="44.18263" lon="5.12089">
        <ele>290</ele>
      </trkpt>
      <trkpt lat="44.18259" lon="5.12098">
        <ele>290</ele>
      </trkpt>
      <trkpt lat="44.18257" lon="5.12106">
        <ele>290</ele>
      </trkpt>
      <trkpt lat="44.18258" lon="5.12141">
        <ele>291</ele>
      </trkpt>
      <trkpt lat="44.18259" lon="5.12176">
        <ele>292</ele>
      </trkpt>
      <trkpt lat="44.18259" lon="5.12205">
        <ele>292</ele>
      </trkpt>
      <trkpt lat="44.18257" lon="5.12226">
        <ele>293</ele>
      </trkpt>
      <trkpt lat="44.18258" lon="5.12236">
        <ele>293</ele>
      </trkpt>
      <trkpt lat="44.18255" lon="5.12239">
        <ele>293</ele>
      </trkpt>
      <trkpt lat="44.18251" lon="5.12253">
        <ele>294</ele>
      </trkpt>
      <trkpt lat="44.18242" lon="5.12275">
        <ele>295</ele>
      </trkpt>
      <trkpt lat="44.1824" lon="5.12285">
        <ele>296</ele>
      </trkpt>
      <trkpt lat="44.18238" lon="5.12319">
        <ele>299</ele>
      </trkpt>
      <trkpt lat="44.18239" lon="5.12331">
        <ele>301</ele>
      </trkpt>
      <trkpt lat="44.18246" lon="5.123555">
        <ele>302</ele>
      </trkpt>
      <trkpt lat="44.18253" lon="5.1238">
        <ele>302</ele>
      </trkpt>
      <trkpt lat="44.18255" lon="5.1239">
        <ele>303</ele>
      </trkpt>
      <trkpt lat="44.18253" lon="5.12407">
        <ele>303</ele>
      </trkpt>
      <trkpt lat="44.182455000000004" lon="5.124335">
        <ele>304</ele>
      </trkpt>
      <trkpt lat="44.18238" lon="5.1246">
        <ele>304</ele>
      </trkpt>
      <trkpt lat="44.18232" lon="5.12473">
        <ele>304</ele>
      </trkpt>
      <trkpt lat="44.1821525" lon="5.12496">
        <ele>304</ele>
      </trkpt>
      <trkpt lat="44.181985" lon="5.12519">
        <ele>304</ele>
      </trkpt>
      <trkpt lat="44.181817499999994" lon="5.12542">
        <ele>303</ele>
      </trkpt>
      <trkpt lat="44.18165" lon="5.12565">
        <ele>303</ele>
      </trkpt>
      <trkpt lat="44.181535" lon="5.125780000000001">
        <ele>303</ele>
      </trkpt>
      <trkpt lat="44.18142" lon="5.12591">
        <ele>303</ele>
      </trkpt>
      <trkpt lat="44.18125" lon="5.12605">
        <ele>304</ele>
      </trkpt>
      <trkpt lat="44.18106" lon="5.12617">
        <ele>304</ele>
      </trkpt>
      <trkpt lat="44.18092" lon="5.126215">
        <ele>304</ele>
      </trkpt>
      <trkpt lat="44.18078" lon="5.12626">
        <ele>304</ele>
      </trkpt>
      <trkpt lat="44.18058" lon="5.12634">
        <ele>304</ele>
      </trkpt>
      <trkpt lat="44.18044999999999" lon="5.12641">
        <ele>304</ele>
      </trkpt>
      <trkpt lat="44.180319999999995" lon="5.12648">
        <ele>304</ele>
      </trkpt>
      <trkpt lat="44.180189999999996" lon="5.12655">
        <ele>304</ele>
      </trkpt>
      <trkpt lat="44.18006" lon="5.12662">
        <ele>304</ele>
      </trkpt>
      <trkpt lat="44.18" lon="5.12666">
        <ele>304</ele>
      </trkpt>
      <trkpt lat="44.17996" lon="5.12671">
        <ele>304</ele>
      </trkpt>
      <trkpt lat="44.17994" lon="5.12677">
        <ele>305</ele>
      </trkpt>
      <trkpt lat="44.17994" lon="5.12682">
        <ele>304</ele>
      </trkpt>
      <trkpt lat="44.17996" lon="5.12682">
        <ele>304</ele>
      </trkpt>
      <trkpt lat="44.17997" lon="5.12691">
        <ele>304</ele>
      </trkpt>
      <trkpt lat="44.18002" lon="5.12701">
        <ele>305</ele>
      </trkpt>
      <trkpt lat="44.180170000000004" lon="5.127235000000001">
        <ele>305</ele>
      </trkpt>
      <trkpt lat="44.18032" lon="5.12746">
        <ele>305</ele>
      </trkpt>
      <trkpt lat="44.18027" lon="5.12761">
        <ele>305</ele>
      </trkpt>
      <trkpt lat="44.18017" lon="5.12765">
        <ele>306</ele>
      </trkpt>
      <trkpt lat="44.17994" lon="5.12777">
        <ele>306</ele>
      </trkpt>
      <trkpt lat="44.18003" lon="5.1280850000000004">
        <ele>307</ele>
      </trkpt>
      <trkpt lat="44.18012" lon="5.1284">
        <ele>307</ele>
      </trkpt>
      <trkpt lat="44.18012" lon="5.12853">
        <ele>308</ele>
      </trkpt>
      <trkpt lat="44.18008" lon="5.12857">
        <ele>308</ele>
      </trkpt>
      <trkpt lat="44.179845" lon="5.128629999999999">
        <ele>308</ele>
      </trkpt>
      <trkpt lat="44.17961" lon="5.12869">
        <ele>308</ele>
      </trkpt>
      <trkpt lat="44.179384999999996" lon="5.12878">
        <ele>308</ele>
      </trkpt>
      <trkpt lat="44.17916" lon="5.12887">
        <ele>309</ele>
      </trkpt>
      <trkpt lat="44.179" lon="5.128925000000001">
        <ele>309</ele>
      </trkpt>
      <trkpt lat="44.17884" lon="5.12898">
        <ele>309</ele>
      </trkpt>
      <trkpt lat="44.17867" lon="5.12906">
        <ele>309</ele>
      </trkpt>
      <trkpt lat="44.17854" lon="5.12907">
        <ele>310</ele>
      </trkpt>
      <trkpt lat="44.17844" lon="5.12903">
        <ele>310</ele>
      </trkpt>
      <trkpt lat="44.17843" lon="5.12898">
        <ele>310</ele>
      </trkpt>
      <trkpt lat="44.17844" lon="5.12891">
        <ele>310</ele>
      </trkpt>
      <trkpt lat="44.178695000000005" lon="5.12881">
        <ele>310</ele>
      </trkpt>
      <trkpt lat="44.17895" lon="5.12871">
        <ele>310</ele>
      </trkpt>
    </trkseg>
  </trk>
</gpx>
