<?xml version="1.0" encoding="UTF-8"?>
<gpx xmlns="http://www.topografix.com/GPX/1/1" xmlns:xsi="http://www.w3.org/2001/XMLSchema-instance" version="1.1" creator="Trace de Trail" xsi:schemaLocation="http://www.topografix.com/GPX/1/1 http://www.topografix.com/GPX/1/1/gpx.xsd">
  <metadata>
    <name>Les Courses du Mont-Terrible 2026 - Trail de Calabri</name>
    <desc>Parcours créé sur Trace de Trail</desc>
    <link href="https://tracedetrail.fr/fr/trace/312904">
      <text>Cartographie du parcours</text>
    </link>
    <time>2025-11-23T10:29:27+00:00</time>
  </metadata>
  <trk>
    <name>Les Courses du Mont-Terrible 2026 - Trail de Calabri sur TraceDeTrail.fr</name>
    <src>Trace de Trail</src>
    <trkseg>
      <trkpt lat="47.40261" lon="7.08214">
        <ele>462</ele>
        <time>2025-11-23T10:29:27+00:00</time>
      </trkpt>
      <trkpt lat="47.40274" lon="7.08218">
        <ele>462</ele>
        <time>2025-11-23T10:29:30+00:00</time>
      </trkpt>
      <trkpt lat="47.40289" lon="7.08211">
        <ele>462</ele>
        <time>2025-11-23T10:29:33+00:00</time>
      </trkpt>
      <trkpt lat="47.40305" lon="7.08203">
        <ele>462</ele>
        <time>2025-11-23T10:29:36+00:00</time>
      </trkpt>
      <trkpt lat="47.40309" lon="7.08196">
        <ele>462</ele>
        <time>2025-11-23T10:29:39+00:00</time>
      </trkpt>
      <trkpt lat="47.40314" lon="7.08186">
        <ele>461</ele>
        <time>2025-11-23T10:29:42+00:00</time>
      </trkpt>
      <trkpt lat="47.40309" lon="7.08172">
        <ele>462</ele>
        <time>2025-11-23T10:29:45+00:00</time>
      </trkpt>
      <trkpt lat="47.40306" lon="7.08158">
        <ele>461</ele>
        <time>2025-11-23T10:29:48+00:00</time>
      </trkpt>
      <trkpt lat="47.40297" lon="7.08147">
        <ele>460</ele>
        <time>2025-11-23T10:29:51+00:00</time>
      </trkpt>
      <trkpt lat="47.4028" lon="7.08136">
        <ele>460</ele>
        <time>2025-11-23T10:29:54+00:00</time>
      </trkpt>
      <trkpt lat="47.4027" lon="7.08128">
        <ele>460</ele>
        <time>2025-11-23T10:29:57+00:00</time>
      </trkpt>
      <trkpt lat="47.40254" lon="7.08116">
        <ele>460</ele>
        <time>2025-11-23T10:30:00+00:00</time>
      </trkpt>
      <trkpt lat="47.40241" lon="7.08109">
        <ele>460</ele>
        <time>2025-11-23T10:30:03+00:00</time>
      </trkpt>
      <trkpt lat="47.40227" lon="7.08102">
        <ele>459</ele>
        <time>2025-11-23T10:30:06+00:00</time>
      </trkpt>
      <trkpt lat="47.40203" lon="7.08087">
        <ele>459</ele>
        <time>2025-11-23T10:30:09+00:00</time>
      </trkpt>
      <trkpt lat="47.40206" lon="7.08081">
        <ele>459</ele>
        <time>2025-11-23T10:30:12+00:00</time>
      </trkpt>
      <trkpt lat="47.4021" lon="7.08077">
        <ele>458</ele>
        <time>2025-11-23T10:30:15+00:00</time>
      </trkpt>
      <trkpt lat="47.40219" lon="7.0807">
        <ele>458</ele>
        <time>2025-11-23T10:30:18+00:00</time>
      </trkpt>
      <trkpt lat="47.4023" lon="7.08072">
        <ele>458</ele>
        <time>2025-11-23T10:30:21+00:00</time>
      </trkpt>
      <trkpt lat="47.40245" lon="7.0807">
        <ele>457</ele>
        <time>2025-11-23T10:30:24+00:00</time>
      </trkpt>
      <trkpt lat="47.40261" lon="7.08059">
        <ele>451</ele>
        <time>2025-11-23T10:30:27+00:00</time>
      </trkpt>
      <trkpt lat="47.40262" lon="7.0805">
        <ele>451</ele>
        <time>2025-11-23T10:30:30+00:00</time>
      </trkpt>
      <trkpt lat="47.40256" lon="7.08045">
        <ele>450</ele>
        <time>2025-11-23T10:30:33+00:00</time>
      </trkpt>
      <trkpt lat="47.40239" lon="7.08043">
        <ele>451</ele>
        <time>2025-11-23T10:30:36+00:00</time>
      </trkpt>
      <trkpt lat="47.40225" lon="7.08039">
        <ele>451</ele>
        <time>2025-11-23T10:30:39+00:00</time>
      </trkpt>
      <trkpt lat="47.40223" lon="7.08032">
        <ele>451</ele>
        <time>2025-11-23T10:30:42+00:00</time>
      </trkpt>
      <trkpt lat="47.40211" lon="7.08029">
        <ele>451</ele>
        <time>2025-11-23T10:30:45+00:00</time>
      </trkpt>
      <trkpt lat="47.40212" lon="7.08014">
        <ele>451</ele>
        <time>2025-11-23T10:30:48+00:00</time>
      </trkpt>
      <trkpt lat="47.40198" lon="7.07997">
        <ele>452</ele>
        <time>2025-11-23T10:30:51+00:00</time>
      </trkpt>
      <trkpt lat="47.40188" lon="7.07982">
        <ele>453</ele>
        <time>2025-11-23T10:30:54+00:00</time>
      </trkpt>
      <trkpt lat="47.40178" lon="7.07967">
        <ele>453</ele>
        <time>2025-11-23T10:30:57+00:00</time>
      </trkpt>
      <trkpt lat="47.40163" lon="7.07935">
        <ele>453</ele>
        <time>2025-11-23T10:31:00+00:00</time>
      </trkpt>
      <trkpt lat="47.40144" lon="7.07891">
        <ele>453</ele>
        <time>2025-11-23T10:31:03+00:00</time>
      </trkpt>
      <trkpt lat="47.40131" lon="7.07864">
        <ele>452</ele>
        <time>2025-11-23T10:31:06+00:00</time>
      </trkpt>
      <trkpt lat="47.40123" lon="7.07848">
        <ele>450</ele>
        <time>2025-11-23T10:31:09+00:00</time>
      </trkpt>
      <trkpt lat="47.4011" lon="7.07826">
        <ele>451</ele>
        <time>2025-11-23T10:31:12+00:00</time>
      </trkpt>
      <trkpt lat="47.40093" lon="7.078">
        <ele>450</ele>
        <time>2025-11-23T10:31:15+00:00</time>
      </trkpt>
      <trkpt lat="47.40089" lon="7.07788">
        <ele>448</ele>
        <time>2025-11-23T10:31:18+00:00</time>
      </trkpt>
      <trkpt lat="47.40072" lon="7.07789">
        <ele>450</ele>
        <time>2025-11-23T10:31:21+00:00</time>
      </trkpt>
      <trkpt lat="47.40047" lon="7.07777">
        <ele>450</ele>
        <time>2025-11-23T10:31:24+00:00</time>
      </trkpt>
      <trkpt lat="47.40015" lon="7.07749">
        <ele>451</ele>
        <time>2025-11-23T10:31:27+00:00</time>
      </trkpt>
      <trkpt lat="47.39977" lon="7.07727">
        <ele>454</ele>
        <time>2025-11-23T10:31:30+00:00</time>
      </trkpt>
      <trkpt lat="47.3997" lon="7.07722">
        <ele>457</ele>
        <time>2025-11-23T10:31:33+00:00</time>
      </trkpt>
      <trkpt lat="47.39963" lon="7.0772">
        <ele>454</ele>
        <time>2025-11-23T10:31:36+00:00</time>
      </trkpt>
      <trkpt lat="47.39939" lon="7.07706">
        <ele>455</ele>
        <time>2025-11-23T10:31:39+00:00</time>
      </trkpt>
      <trkpt lat="47.39929" lon="7.07697">
        <ele>457</ele>
        <time>2025-11-23T10:31:42+00:00</time>
      </trkpt>
      <trkpt lat="47.39921" lon="7.07692">
        <ele>455</ele>
        <time>2025-11-23T10:31:45+00:00</time>
      </trkpt>
      <trkpt lat="47.3991" lon="7.07683">
        <ele>458</ele>
        <time>2025-11-23T10:31:48+00:00</time>
      </trkpt>
      <trkpt lat="47.39892" lon="7.07671">
        <ele>456</ele>
        <time>2025-11-23T10:31:51+00:00</time>
      </trkpt>
      <trkpt lat="47.39881" lon="7.07662">
        <ele>455</ele>
        <time>2025-11-23T10:31:54+00:00</time>
      </trkpt>
      <trkpt lat="47.3987" lon="7.07657">
        <ele>456</ele>
        <time>2025-11-23T10:31:57+00:00</time>
      </trkpt>
      <trkpt lat="47.3985" lon="7.07651">
        <ele>457</ele>
        <time>2025-11-23T10:32:00+00:00</time>
      </trkpt>
      <trkpt lat="47.39833" lon="7.07645">
        <ele>457</ele>
        <time>2025-11-23T10:32:03+00:00</time>
      </trkpt>
      <trkpt lat="47.39817" lon="7.07641">
        <ele>457</ele>
        <time>2025-11-23T10:32:06+00:00</time>
      </trkpt>
      <trkpt lat="47.39799" lon="7.07637">
        <ele>457</ele>
        <time>2025-11-23T10:32:09+00:00</time>
      </trkpt>
      <trkpt lat="47.39782" lon="7.07631">
        <ele>458</ele>
        <time>2025-11-23T10:32:12+00:00</time>
      </trkpt>
      <trkpt lat="47.39765" lon="7.07618">
        <ele>457</ele>
        <time>2025-11-23T10:32:15+00:00</time>
      </trkpt>
      <trkpt lat="47.39752" lon="7.07606">
        <ele>457</ele>
        <time>2025-11-23T10:32:18+00:00</time>
      </trkpt>
      <trkpt lat="47.39741" lon="7.07597">
        <ele>458</ele>
        <time>2025-11-23T10:32:21+00:00</time>
      </trkpt>
      <trkpt lat="47.39715" lon="7.0758">
        <ele>459</ele>
        <time>2025-11-23T10:32:24+00:00</time>
      </trkpt>
      <trkpt lat="47.3969" lon="7.07571">
        <ele>460</ele>
        <time>2025-11-23T10:32:27+00:00</time>
      </trkpt>
      <trkpt lat="47.39656" lon="7.07557">
        <ele>461</ele>
        <time>2025-11-23T10:32:30+00:00</time>
      </trkpt>
      <trkpt lat="47.39633" lon="7.07544">
        <ele>462</ele>
        <time>2025-11-23T10:32:33+00:00</time>
      </trkpt>
      <trkpt lat="47.39622" lon="7.07537">
        <ele>465</ele>
        <time>2025-11-23T10:32:36+00:00</time>
      </trkpt>
      <trkpt lat="47.39598" lon="7.07523">
        <ele>464</ele>
        <time>2025-11-23T10:32:39+00:00</time>
      </trkpt>
      <trkpt lat="47.3959" lon="7.0752">
        <ele>463</ele>
        <time>2025-11-23T10:32:42+00:00</time>
      </trkpt>
      <trkpt lat="47.3956" lon="7.07501">
        <ele>464</ele>
        <time>2025-11-23T10:32:45+00:00</time>
      </trkpt>
      <trkpt lat="47.39553" lon="7.07496">
        <ele>464</ele>
        <time>2025-11-23T10:32:48+00:00</time>
      </trkpt>
      <trkpt lat="47.39539" lon="7.07489">
        <ele>464</ele>
        <time>2025-11-23T10:32:51+00:00</time>
      </trkpt>
      <trkpt lat="47.39522" lon="7.07474">
        <ele>464</ele>
        <time>2025-11-23T10:32:54+00:00</time>
      </trkpt>
      <trkpt lat="47.39518" lon="7.07469">
        <ele>466</ele>
        <time>2025-11-23T10:32:57+00:00</time>
      </trkpt>
      <trkpt lat="47.39503" lon="7.0744">
        <ele>465</ele>
        <time>2025-11-23T10:33:00+00:00</time>
      </trkpt>
      <trkpt lat="47.39478" lon="7.07413">
        <ele>465</ele>
        <time>2025-11-23T10:33:03+00:00</time>
      </trkpt>
      <trkpt lat="47.39468" lon="7.07399">
        <ele>467</ele>
        <time>2025-11-23T10:33:06+00:00</time>
      </trkpt>
      <trkpt lat="47.39457" lon="7.07379">
        <ele>466</ele>
        <time>2025-11-23T10:33:09+00:00</time>
      </trkpt>
      <trkpt lat="47.39433" lon="7.07344">
        <ele>469</ele>
        <time>2025-11-23T10:33:12+00:00</time>
      </trkpt>
      <trkpt lat="47.39414" lon="7.07305">
        <ele>470</ele>
        <time>2025-11-23T10:33:15+00:00</time>
      </trkpt>
      <trkpt lat="47.39395" lon="7.07261">
        <ele>471</ele>
        <time>2025-11-23T10:33:18+00:00</time>
      </trkpt>
      <trkpt lat="47.39383" lon="7.07237">
        <ele>472</ele>
        <time>2025-11-23T10:33:21+00:00</time>
      </trkpt>
      <trkpt lat="47.39373" lon="7.07214">
        <ele>473</ele>
        <time>2025-11-23T10:33:24+00:00</time>
      </trkpt>
      <trkpt lat="47.39373" lon="7.07214">
        <ele>473</ele>
        <time>2025-11-23T10:33:27+00:00</time>
      </trkpt>
      <trkpt lat="47.39347" lon="7.07211">
        <ele>474</ele>
        <time>2025-11-23T10:33:30+00:00</time>
      </trkpt>
      <trkpt lat="47.39323" lon="7.07195">
        <ele>475</ele>
        <time>2025-11-23T10:33:33+00:00</time>
      </trkpt>
      <trkpt lat="47.39304" lon="7.0718">
        <ele>476</ele>
        <time>2025-11-23T10:33:36+00:00</time>
      </trkpt>
      <trkpt lat="47.39286" lon="7.07167">
        <ele>476</ele>
        <time>2025-11-23T10:33:39+00:00</time>
      </trkpt>
      <trkpt lat="47.39279" lon="7.07163">
        <ele>476</ele>
        <time>2025-11-23T10:33:42+00:00</time>
      </trkpt>
      <trkpt lat="47.39265" lon="7.07154">
        <ele>476</ele>
        <time>2025-11-23T10:33:45+00:00</time>
      </trkpt>
      <trkpt lat="47.39238" lon="7.07144">
        <ele>478</ele>
        <time>2025-11-23T10:33:48+00:00</time>
      </trkpt>
      <trkpt lat="47.39215" lon="7.07137">
        <ele>479</ele>
        <time>2025-11-23T10:33:51+00:00</time>
      </trkpt>
      <trkpt lat="47.39204" lon="7.07132">
        <ele>480</ele>
        <time>2025-11-23T10:33:54+00:00</time>
      </trkpt>
      <trkpt lat="47.39197" lon="7.07128">
        <ele>482</ele>
        <time>2025-11-23T10:33:57+00:00</time>
      </trkpt>
      <trkpt lat="47.39192" lon="7.07122">
        <ele>482</ele>
        <time>2025-11-23T10:34:00+00:00</time>
      </trkpt>
      <trkpt lat="47.39177" lon="7.0711">
        <ele>484</ele>
        <time>2025-11-23T10:34:03+00:00</time>
      </trkpt>
      <trkpt lat="47.39162" lon="7.07103">
        <ele>485</ele>
        <time>2025-11-23T10:34:06+00:00</time>
      </trkpt>
      <trkpt lat="47.39152" lon="7.07099">
        <ele>486</ele>
        <time>2025-11-23T10:34:09+00:00</time>
      </trkpt>
      <trkpt lat="47.39136" lon="7.07093">
        <ele>488</ele>
        <time>2025-11-23T10:34:12+00:00</time>
      </trkpt>
      <trkpt lat="47.39124" lon="7.07091">
        <ele>489</ele>
        <time>2025-11-23T10:34:15+00:00</time>
      </trkpt>
      <trkpt lat="47.39098" lon="7.07091">
        <ele>493</ele>
        <time>2025-11-23T10:34:18+00:00</time>
      </trkpt>
      <trkpt lat="47.39089" lon="7.07093">
        <ele>495</ele>
        <time>2025-11-23T10:34:21+00:00</time>
      </trkpt>
      <trkpt lat="47.39078" lon="7.07097">
        <ele>496</ele>
        <time>2025-11-23T10:34:24+00:00</time>
      </trkpt>
      <trkpt lat="47.3907" lon="7.07103">
        <ele>496</ele>
        <time>2025-11-23T10:34:27+00:00</time>
      </trkpt>
      <trkpt lat="47.39053" lon="7.07123">
        <ele>499</ele>
        <time>2025-11-23T10:34:30+00:00</time>
      </trkpt>
      <trkpt lat="47.39031" lon="7.07149">
        <ele>500</ele>
        <time>2025-11-23T10:34:33+00:00</time>
      </trkpt>
      <trkpt lat="47.39022" lon="7.07156">
        <ele>500</ele>
        <time>2025-11-23T10:34:36+00:00</time>
      </trkpt>
      <trkpt lat="47.38995" lon="7.07176">
        <ele>502</ele>
        <time>2025-11-23T10:34:39+00:00</time>
      </trkpt>
      <trkpt lat="47.38985" lon="7.07182">
        <ele>502</ele>
        <time>2025-11-23T10:34:42+00:00</time>
      </trkpt>
      <trkpt lat="47.38961" lon="7.07195">
        <ele>503</ele>
        <time>2025-11-23T10:34:45+00:00</time>
      </trkpt>
      <trkpt lat="47.38955" lon="7.07199">
        <ele>504</ele>
        <time>2025-11-23T10:34:48+00:00</time>
      </trkpt>
      <trkpt lat="47.38939" lon="7.07203">
        <ele>506</ele>
        <time>2025-11-23T10:34:51+00:00</time>
      </trkpt>
      <trkpt lat="47.38913" lon="7.07212">
        <ele>507</ele>
        <time>2025-11-23T10:34:54+00:00</time>
      </trkpt>
      <trkpt lat="47.38896" lon="7.07211">
        <ele>509</ele>
        <time>2025-11-23T10:34:57+00:00</time>
      </trkpt>
      <trkpt lat="47.38889" lon="7.07206">
        <ele>510</ele>
        <time>2025-11-23T10:35:00+00:00</time>
      </trkpt>
      <trkpt lat="47.38882" lon="7.072">
        <ele>510</ele>
        <time>2025-11-23T10:35:03+00:00</time>
      </trkpt>
      <trkpt lat="47.38875" lon="7.07191">
        <ele>511</ele>
        <time>2025-11-23T10:35:06+00:00</time>
      </trkpt>
      <trkpt lat="47.38859" lon="7.07171">
        <ele>516</ele>
        <time>2025-11-23T10:35:09+00:00</time>
      </trkpt>
      <trkpt lat="47.38846" lon="7.07154">
        <ele>521</ele>
        <time>2025-11-23T10:35:12+00:00</time>
      </trkpt>
      <trkpt lat="47.38831" lon="7.0713">
        <ele>521</ele>
        <time>2025-11-23T10:35:15+00:00</time>
      </trkpt>
      <trkpt lat="47.38821" lon="7.07111">
        <ele>523</ele>
        <time>2025-11-23T10:35:18+00:00</time>
      </trkpt>
      <trkpt lat="47.38805" lon="7.07089">
        <ele>525</ele>
        <time>2025-11-23T10:35:21+00:00</time>
      </trkpt>
      <trkpt lat="47.38786" lon="7.07066">
        <ele>526</ele>
        <time>2025-11-23T10:35:24+00:00</time>
      </trkpt>
      <trkpt lat="47.38779" lon="7.07056">
        <ele>529</ele>
        <time>2025-11-23T10:35:27+00:00</time>
      </trkpt>
      <trkpt lat="47.38779" lon="7.07056">
        <ele>529</ele>
        <time>2025-11-23T10:35:30+00:00</time>
      </trkpt>
      <trkpt lat="47.38779" lon="7.07056">
        <ele>529</ele>
        <time>2025-11-23T10:35:33+00:00</time>
      </trkpt>
      <trkpt lat="47.38779" lon="7.07056">
        <ele>529</ele>
        <time>2025-11-23T10:35:36+00:00</time>
      </trkpt>
      <trkpt lat="47.38773" lon="7.07076">
        <ele>534</ele>
        <time>2025-11-23T10:35:39+00:00</time>
      </trkpt>
      <trkpt lat="47.38769" lon="7.07082">
        <ele>538</ele>
        <time>2025-11-23T10:35:42+00:00</time>
      </trkpt>
      <trkpt lat="47.38765" lon="7.07082">
        <ele>538</ele>
        <time>2025-11-23T10:35:45+00:00</time>
      </trkpt>
      <trkpt lat="47.38761" lon="7.07082">
        <ele>538</ele>
        <time>2025-11-23T10:35:48+00:00</time>
      </trkpt>
      <trkpt lat="47.38759" lon="7.07084">
        <ele>541</ele>
        <time>2025-11-23T10:35:51+00:00</time>
      </trkpt>
      <trkpt lat="47.38755" lon="7.07093">
        <ele>541</ele>
        <time>2025-11-23T10:35:54+00:00</time>
      </trkpt>
      <trkpt lat="47.38746" lon="7.07105">
        <ele>544</ele>
        <time>2025-11-23T10:35:57+00:00</time>
      </trkpt>
      <trkpt lat="47.38744" lon="7.07108">
        <ele>544</ele>
        <time>2025-11-23T10:36:00+00:00</time>
      </trkpt>
      <trkpt lat="47.38742" lon="7.07114">
        <ele>543</ele>
        <time>2025-11-23T10:36:03+00:00</time>
      </trkpt>
      <trkpt lat="47.38735" lon="7.07127">
        <ele>546</ele>
        <time>2025-11-23T10:36:06+00:00</time>
      </trkpt>
      <trkpt lat="47.38719" lon="7.07146">
        <ele>548</ele>
        <time>2025-11-23T10:36:09+00:00</time>
      </trkpt>
      <trkpt lat="47.38713" lon="7.07155">
        <ele>548</ele>
        <time>2025-11-23T10:36:12+00:00</time>
      </trkpt>
      <trkpt lat="47.38705" lon="7.07163">
        <ele>550</ele>
        <time>2025-11-23T10:36:15+00:00</time>
      </trkpt>
      <trkpt lat="47.38701" lon="7.07168">
        <ele>550</ele>
        <time>2025-11-23T10:36:18+00:00</time>
      </trkpt>
      <trkpt lat="47.38697" lon="7.07171">
        <ele>552</ele>
        <time>2025-11-23T10:36:21+00:00</time>
      </trkpt>
      <trkpt lat="47.38694" lon="7.07174">
        <ele>552</ele>
        <time>2025-11-23T10:36:24+00:00</time>
      </trkpt>
      <trkpt lat="47.38689" lon="7.07183">
        <ele>553</ele>
        <time>2025-11-23T10:36:27+00:00</time>
      </trkpt>
      <trkpt lat="47.38674" lon="7.07194">
        <ele>551</ele>
        <time>2025-11-23T10:36:30+00:00</time>
      </trkpt>
      <trkpt lat="47.38656" lon="7.07214">
        <ele>552</ele>
        <time>2025-11-23T10:36:33+00:00</time>
      </trkpt>
      <trkpt lat="47.38655" lon="7.07217">
        <ele>552</ele>
        <time>2025-11-23T10:36:36+00:00</time>
      </trkpt>
      <trkpt lat="47.3865" lon="7.07219">
        <ele>552</ele>
        <time>2025-11-23T10:36:39+00:00</time>
      </trkpt>
      <trkpt lat="47.38642" lon="7.0722">
        <ele>552</ele>
        <time>2025-11-23T10:36:42+00:00</time>
      </trkpt>
      <trkpt lat="47.38631" lon="7.07218">
        <ele>553</ele>
        <time>2025-11-23T10:36:45+00:00</time>
      </trkpt>
      <trkpt lat="47.38618" lon="7.07212">
        <ele>557</ele>
        <time>2025-11-23T10:36:48+00:00</time>
      </trkpt>
      <trkpt lat="47.38595" lon="7.07217">
        <ele>559</ele>
        <time>2025-11-23T10:36:51+00:00</time>
      </trkpt>
      <trkpt lat="47.38591" lon="7.07217">
        <ele>559</ele>
        <time>2025-11-23T10:36:54+00:00</time>
      </trkpt>
      <trkpt lat="47.38586" lon="7.0722">
        <ele>561</ele>
        <time>2025-11-23T10:36:57+00:00</time>
      </trkpt>
      <trkpt lat="47.38582" lon="7.0722">
        <ele>562</ele>
        <time>2025-11-23T10:37:00+00:00</time>
      </trkpt>
      <trkpt lat="47.38581" lon="7.07222">
        <ele>561</ele>
        <time>2025-11-23T10:37:03+00:00</time>
      </trkpt>
      <trkpt lat="47.38576" lon="7.07224">
        <ele>564</ele>
        <time>2025-11-23T10:37:06+00:00</time>
      </trkpt>
      <trkpt lat="47.38571" lon="7.07231">
        <ele>563</ele>
        <time>2025-11-23T10:37:09+00:00</time>
      </trkpt>
      <trkpt lat="47.3857" lon="7.07237">
        <ele>566</ele>
        <time>2025-11-23T10:37:12+00:00</time>
      </trkpt>
      <trkpt lat="47.3857" lon="7.07242">
        <ele>566</ele>
        <time>2025-11-23T10:37:15+00:00</time>
      </trkpt>
      <trkpt lat="47.38566" lon="7.07249">
        <ele>566</ele>
        <time>2025-11-23T10:37:18+00:00</time>
      </trkpt>
      <trkpt lat="47.38562" lon="7.07264">
        <ele>567</ele>
        <time>2025-11-23T10:37:21+00:00</time>
      </trkpt>
      <trkpt lat="47.38556" lon="7.07275">
        <ele>568</ele>
        <time>2025-11-23T10:37:24+00:00</time>
      </trkpt>
      <trkpt lat="47.38548" lon="7.07284">
        <ele>571</ele>
        <time>2025-11-23T10:37:27+00:00</time>
      </trkpt>
      <trkpt lat="47.38539" lon="7.07308">
        <ele>574</ele>
        <time>2025-11-23T10:37:30+00:00</time>
      </trkpt>
      <trkpt lat="47.38537" lon="7.07311">
        <ele>575</ele>
        <time>2025-11-23T10:37:33+00:00</time>
      </trkpt>
      <trkpt lat="47.38529" lon="7.07314">
        <ele>576</ele>
        <time>2025-11-23T10:37:36+00:00</time>
      </trkpt>
      <trkpt lat="47.38519" lon="7.07313">
        <ele>578</ele>
        <time>2025-11-23T10:37:39+00:00</time>
      </trkpt>
      <trkpt lat="47.38508" lon="7.07314">
        <ele>579</ele>
        <time>2025-11-23T10:37:42+00:00</time>
      </trkpt>
      <trkpt lat="47.385" lon="7.07314">
        <ele>580</ele>
        <time>2025-11-23T10:37:45+00:00</time>
      </trkpt>
      <trkpt lat="47.38493" lon="7.07316">
        <ele>580</ele>
        <time>2025-11-23T10:37:48+00:00</time>
      </trkpt>
      <trkpt lat="47.38484" lon="7.07317">
        <ele>581</ele>
        <time>2025-11-23T10:37:51+00:00</time>
      </trkpt>
      <trkpt lat="47.38478" lon="7.07317">
        <ele>582</ele>
        <time>2025-11-23T10:37:54+00:00</time>
      </trkpt>
      <trkpt lat="47.38469" lon="7.07313">
        <ele>584</ele>
        <time>2025-11-23T10:37:57+00:00</time>
      </trkpt>
      <trkpt lat="47.38464" lon="7.07313">
        <ele>584</ele>
        <time>2025-11-23T10:38:00+00:00</time>
      </trkpt>
      <trkpt lat="47.38457" lon="7.07312">
        <ele>586</ele>
        <time>2025-11-23T10:38:03+00:00</time>
      </trkpt>
      <trkpt lat="47.38452" lon="7.07311">
        <ele>586</ele>
        <time>2025-11-23T10:38:06+00:00</time>
      </trkpt>
      <trkpt lat="47.38448" lon="7.07309">
        <ele>587</ele>
        <time>2025-11-23T10:38:09+00:00</time>
      </trkpt>
      <trkpt lat="47.38441" lon="7.07307">
        <ele>587</ele>
        <time>2025-11-23T10:38:12+00:00</time>
      </trkpt>
      <trkpt lat="47.38438" lon="7.07307">
        <ele>589</ele>
        <time>2025-11-23T10:38:15+00:00</time>
      </trkpt>
      <trkpt lat="47.38433" lon="7.07305">
        <ele>589</ele>
        <time>2025-11-23T10:38:18+00:00</time>
      </trkpt>
      <trkpt lat="47.3843" lon="7.073">
        <ele>590</ele>
        <time>2025-11-23T10:38:21+00:00</time>
      </trkpt>
      <trkpt lat="47.38428" lon="7.07295">
        <ele>591</ele>
        <time>2025-11-23T10:38:24+00:00</time>
      </trkpt>
      <trkpt lat="47.38427" lon="7.07292">
        <ele>591</ele>
        <time>2025-11-23T10:38:27+00:00</time>
      </trkpt>
      <trkpt lat="47.38426" lon="7.07285">
        <ele>592</ele>
        <time>2025-11-23T10:38:30+00:00</time>
      </trkpt>
      <trkpt lat="47.38431" lon="7.0726">
        <ele>591</ele>
        <time>2025-11-23T10:38:33+00:00</time>
      </trkpt>
      <trkpt lat="47.38425" lon="7.07253">
        <ele>595</ele>
        <time>2025-11-23T10:38:36+00:00</time>
      </trkpt>
      <trkpt lat="47.38423" lon="7.07222">
        <ele>596</ele>
        <time>2025-11-23T10:38:39+00:00</time>
      </trkpt>
      <trkpt lat="47.38423" lon="7.07222">
        <ele>596</ele>
        <time>2025-11-23T10:38:42+00:00</time>
      </trkpt>
      <trkpt lat="47.38419" lon="7.07211">
        <ele>599</ele>
        <time>2025-11-23T10:38:45+00:00</time>
      </trkpt>
      <trkpt lat="47.38417" lon="7.07196">
        <ele>600</ele>
        <time>2025-11-23T10:38:48+00:00</time>
      </trkpt>
      <trkpt lat="47.38417" lon="7.07196">
        <ele>600</ele>
        <time>2025-11-23T10:38:51+00:00</time>
      </trkpt>
      <trkpt lat="47.3841" lon="7.0717">
        <ele>603</ele>
        <time>2025-11-23T10:38:54+00:00</time>
      </trkpt>
      <trkpt lat="47.38399" lon="7.07127">
        <ele>606</ele>
        <time>2025-11-23T10:38:57+00:00</time>
      </trkpt>
      <trkpt lat="47.38392" lon="7.07089">
        <ele>606</ele>
        <time>2025-11-23T10:39:00+00:00</time>
      </trkpt>
      <trkpt lat="47.38381" lon="7.07034">
        <ele>613</ele>
        <time>2025-11-23T10:39:03+00:00</time>
      </trkpt>
      <trkpt lat="47.38381" lon="7.07012">
        <ele>614</ele>
        <time>2025-11-23T10:39:06+00:00</time>
      </trkpt>
      <trkpt lat="47.38378" lon="7.06989">
        <ele>619</ele>
        <time>2025-11-23T10:39:09+00:00</time>
      </trkpt>
      <trkpt lat="47.38376" lon="7.06966">
        <ele>622</ele>
        <time>2025-11-23T10:39:12+00:00</time>
      </trkpt>
      <trkpt lat="47.38371" lon="7.06925">
        <ele>624</ele>
        <time>2025-11-23T10:39:15+00:00</time>
      </trkpt>
      <trkpt lat="47.38359" lon="7.06884">
        <ele>623</ele>
        <time>2025-11-23T10:39:18+00:00</time>
      </trkpt>
      <trkpt lat="47.38367" lon="7.06868">
        <ele>624</ele>
        <time>2025-11-23T10:39:21+00:00</time>
      </trkpt>
      <trkpt lat="47.38373" lon="7.06849">
        <ele>622</ele>
        <time>2025-11-23T10:39:24+00:00</time>
      </trkpt>
      <trkpt lat="47.38381" lon="7.06825">
        <ele>617</ele>
        <time>2025-11-23T10:39:27+00:00</time>
      </trkpt>
      <trkpt lat="47.38385" lon="7.06805">
        <ele>615</ele>
        <time>2025-11-23T10:39:30+00:00</time>
      </trkpt>
      <trkpt lat="47.38387" lon="7.06794">
        <ele>614</ele>
        <time>2025-11-23T10:39:33+00:00</time>
      </trkpt>
      <trkpt lat="47.38391" lon="7.06774">
        <ele>609</ele>
        <time>2025-11-23T10:39:36+00:00</time>
      </trkpt>
      <trkpt lat="47.38396" lon="7.06756">
        <ele>607</ele>
        <time>2025-11-23T10:39:39+00:00</time>
      </trkpt>
      <trkpt lat="47.38402" lon="7.0674">
        <ele>604</ele>
        <time>2025-11-23T10:39:42+00:00</time>
      </trkpt>
      <trkpt lat="47.38411" lon="7.06723">
        <ele>600</ele>
        <time>2025-11-23T10:39:45+00:00</time>
      </trkpt>
      <trkpt lat="47.38415" lon="7.06715">
        <ele>599</ele>
        <time>2025-11-23T10:39:48+00:00</time>
      </trkpt>
      <trkpt lat="47.38419" lon="7.0671">
        <ele>598</ele>
        <time>2025-11-23T10:39:51+00:00</time>
      </trkpt>
      <trkpt lat="47.38421" lon="7.06704">
        <ele>596</ele>
        <time>2025-11-23T10:39:54+00:00</time>
      </trkpt>
      <trkpt lat="47.38422" lon="7.06698">
        <ele>595</ele>
        <time>2025-11-23T10:39:57+00:00</time>
      </trkpt>
      <trkpt lat="47.38429" lon="7.0669">
        <ele>595</ele>
        <time>2025-11-23T10:40:00+00:00</time>
      </trkpt>
      <trkpt lat="47.38431" lon="7.06685">
        <ele>592</ele>
        <time>2025-11-23T10:40:03+00:00</time>
      </trkpt>
      <trkpt lat="47.38436" lon="7.06672">
        <ele>591</ele>
        <time>2025-11-23T10:40:06+00:00</time>
      </trkpt>
      <trkpt lat="47.38439" lon="7.06669">
        <ele>589</ele>
        <time>2025-11-23T10:40:09+00:00</time>
      </trkpt>
      <trkpt lat="47.38443" lon="7.06667">
        <ele>585</ele>
        <time>2025-11-23T10:40:12+00:00</time>
      </trkpt>
      <trkpt lat="47.38447" lon="7.06662">
        <ele>585</ele>
        <time>2025-11-23T10:40:15+00:00</time>
      </trkpt>
      <trkpt lat="47.38449" lon="7.06661">
        <ele>585</ele>
        <time>2025-11-23T10:40:18+00:00</time>
      </trkpt>
      <trkpt lat="47.38469" lon="7.06655">
        <ele>574</ele>
        <time>2025-11-23T10:40:21+00:00</time>
      </trkpt>
      <trkpt lat="47.38473" lon="7.06653">
        <ele>572</ele>
        <time>2025-11-23T10:40:24+00:00</time>
      </trkpt>
      <trkpt lat="47.38473" lon="7.06654">
        <ele>572</ele>
        <time>2025-11-23T10:40:27+00:00</time>
      </trkpt>
      <trkpt lat="47.38474" lon="7.06654">
        <ele>572</ele>
        <time>2025-11-23T10:40:30+00:00</time>
      </trkpt>
      <trkpt lat="47.38478" lon="7.06647">
        <ele>569</ele>
        <time>2025-11-23T10:40:33+00:00</time>
      </trkpt>
      <trkpt lat="47.38478" lon="7.06623">
        <ele>571</ele>
        <time>2025-11-23T10:40:36+00:00</time>
      </trkpt>
      <trkpt lat="47.38483" lon="7.06593">
        <ele>571</ele>
        <time>2025-11-23T10:40:39+00:00</time>
      </trkpt>
      <trkpt lat="47.38499" lon="7.06561">
        <ele>572</ele>
        <time>2025-11-23T10:40:42+00:00</time>
      </trkpt>
      <trkpt lat="47.38513" lon="7.06536">
        <ele>571</ele>
        <time>2025-11-23T10:40:45+00:00</time>
      </trkpt>
      <trkpt lat="47.38524" lon="7.06514">
        <ele>571</ele>
        <time>2025-11-23T10:40:48+00:00</time>
      </trkpt>
      <trkpt lat="47.38526" lon="7.0648">
        <ele>572</ele>
        <time>2025-11-23T10:40:51+00:00</time>
      </trkpt>
      <trkpt lat="47.38528" lon="7.06447">
        <ele>572</ele>
        <time>2025-11-23T10:40:54+00:00</time>
      </trkpt>
      <trkpt lat="47.38531" lon="7.06412">
        <ele>571</ele>
        <time>2025-11-23T10:40:57+00:00</time>
      </trkpt>
      <trkpt lat="47.38534" lon="7.06376">
        <ele>571</ele>
        <time>2025-11-23T10:41:00+00:00</time>
      </trkpt>
      <trkpt lat="47.38535" lon="7.06316">
        <ele>569</ele>
        <time>2025-11-23T10:41:03+00:00</time>
      </trkpt>
      <trkpt lat="47.38536" lon="7.06278">
        <ele>567</ele>
        <time>2025-11-23T10:41:06+00:00</time>
      </trkpt>
      <trkpt lat="47.38534" lon="7.06238">
        <ele>567</ele>
        <time>2025-11-23T10:41:09+00:00</time>
      </trkpt>
      <trkpt lat="47.38532" lon="7.0618">
        <ele>567</ele>
        <time>2025-11-23T10:41:12+00:00</time>
      </trkpt>
      <trkpt lat="47.38525" lon="7.0616">
        <ele>573</ele>
        <time>2025-11-23T10:41:15+00:00</time>
      </trkpt>
      <trkpt lat="47.38528" lon="7.06118">
        <ele>569</ele>
        <time>2025-11-23T10:41:18+00:00</time>
      </trkpt>
      <trkpt lat="47.38525" lon="7.06074">
        <ele>568</ele>
        <time>2025-11-23T10:41:21+00:00</time>
      </trkpt>
      <trkpt lat="47.3851" lon="7.06048">
        <ele>568</ele>
        <time>2025-11-23T10:41:24+00:00</time>
      </trkpt>
      <trkpt lat="47.38501" lon="7.06028">
        <ele>570</ele>
        <time>2025-11-23T10:41:27+00:00</time>
      </trkpt>
      <trkpt lat="47.38492" lon="7.06012">
        <ele>575</ele>
        <time>2025-11-23T10:41:30+00:00</time>
      </trkpt>
      <trkpt lat="47.38481" lon="7.05999">
        <ele>580</ele>
        <time>2025-11-23T10:41:33+00:00</time>
      </trkpt>
      <trkpt lat="47.38464" lon="7.05979">
        <ele>577</ele>
        <time>2025-11-23T10:41:36+00:00</time>
      </trkpt>
      <trkpt lat="47.38462" lon="7.05984">
        <ele>582</ele>
        <time>2025-11-23T10:41:39+00:00</time>
      </trkpt>
      <trkpt lat="47.3846" lon="7.05966">
        <ele>578</ele>
        <time>2025-11-23T10:41:42+00:00</time>
      </trkpt>
      <trkpt lat="47.38454" lon="7.05964">
        <ele>580</ele>
        <time>2025-11-23T10:41:45+00:00</time>
      </trkpt>
      <trkpt lat="47.38449" lon="7.05959">
        <ele>583</ele>
        <time>2025-11-23T10:41:48+00:00</time>
      </trkpt>
      <trkpt lat="47.38443" lon="7.05951">
        <ele>583</ele>
        <time>2025-11-23T10:41:51+00:00</time>
      </trkpt>
      <trkpt lat="47.3844" lon="7.05941">
        <ele>586</ele>
        <time>2025-11-23T10:41:54+00:00</time>
      </trkpt>
      <trkpt lat="47.38434" lon="7.05932">
        <ele>579</ele>
        <time>2025-11-23T10:41:57+00:00</time>
      </trkpt>
      <trkpt lat="47.38429" lon="7.05921">
        <ele>595</ele>
        <time>2025-11-23T10:42:00+00:00</time>
      </trkpt>
      <trkpt lat="47.38417" lon="7.05908">
        <ele>593</ele>
        <time>2025-11-23T10:42:03+00:00</time>
      </trkpt>
      <trkpt lat="47.38408" lon="7.05893">
        <ele>600</ele>
        <time>2025-11-23T10:42:06+00:00</time>
      </trkpt>
      <trkpt lat="47.38399" lon="7.05875">
        <ele>600</ele>
        <time>2025-11-23T10:42:09+00:00</time>
      </trkpt>
      <trkpt lat="47.38397" lon="7.0585">
        <ele>599</ele>
        <time>2025-11-23T10:42:12+00:00</time>
      </trkpt>
      <trkpt lat="47.38392" lon="7.05824">
        <ele>601</ele>
        <time>2025-11-23T10:42:15+00:00</time>
      </trkpt>
      <trkpt lat="47.38388" lon="7.05812">
        <ele>607</ele>
        <time>2025-11-23T10:42:18+00:00</time>
      </trkpt>
      <trkpt lat="47.38378" lon="7.05793">
        <ele>605</ele>
        <time>2025-11-23T10:42:21+00:00</time>
      </trkpt>
      <trkpt lat="47.38366" lon="7.05783">
        <ele>611</ele>
        <time>2025-11-23T10:42:24+00:00</time>
      </trkpt>
      <trkpt lat="47.38359" lon="7.05777">
        <ele>610</ele>
        <time>2025-11-23T10:42:27+00:00</time>
      </trkpt>
      <trkpt lat="47.38345" lon="7.0577">
        <ele>613</ele>
        <time>2025-11-23T10:42:30+00:00</time>
      </trkpt>
      <trkpt lat="47.38336" lon="7.05764">
        <ele>616</ele>
        <time>2025-11-23T10:42:33+00:00</time>
      </trkpt>
      <trkpt lat="47.38333" lon="7.05756">
        <ele>617</ele>
        <time>2025-11-23T10:42:36+00:00</time>
      </trkpt>
      <trkpt lat="47.38328" lon="7.05758">
        <ele>619</ele>
        <time>2025-11-23T10:42:39+00:00</time>
      </trkpt>
      <trkpt lat="47.38324" lon="7.05731">
        <ele>620</ele>
        <time>2025-11-23T10:42:42+00:00</time>
      </trkpt>
      <trkpt lat="47.38328" lon="7.05686">
        <ele>622</ele>
        <time>2025-11-23T10:42:45+00:00</time>
      </trkpt>
      <trkpt lat="47.3833" lon="7.05661">
        <ele>624</ele>
        <time>2025-11-23T10:42:48+00:00</time>
      </trkpt>
      <trkpt lat="47.38323" lon="7.05646">
        <ele>623</ele>
        <time>2025-11-23T10:42:51+00:00</time>
      </trkpt>
      <trkpt lat="47.38302" lon="7.05618">
        <ele>624</ele>
        <time>2025-11-23T10:42:54+00:00</time>
      </trkpt>
      <trkpt lat="47.3829" lon="7.05621">
        <ele>626</ele>
        <time>2025-11-23T10:42:57+00:00</time>
      </trkpt>
      <trkpt lat="47.38287" lon="7.05625">
        <ele>626</ele>
        <time>2025-11-23T10:43:00+00:00</time>
      </trkpt>
      <trkpt lat="47.38277" lon="7.05637">
        <ele>627</ele>
        <time>2025-11-23T10:43:03+00:00</time>
      </trkpt>
      <trkpt lat="47.38274" lon="7.05639">
        <ele>627</ele>
        <time>2025-11-23T10:43:06+00:00</time>
      </trkpt>
      <trkpt lat="47.38268" lon="7.05642">
        <ele>632</ele>
        <time>2025-11-23T10:43:09+00:00</time>
      </trkpt>
      <trkpt lat="47.38263" lon="7.05639">
        <ele>628</ele>
        <time>2025-11-23T10:43:12+00:00</time>
      </trkpt>
      <trkpt lat="47.38248" lon="7.05636">
        <ele>630</ele>
        <time>2025-11-23T10:43:15+00:00</time>
      </trkpt>
      <trkpt lat="47.38244" lon="7.05636">
        <ele>636</ele>
        <time>2025-11-23T10:43:18+00:00</time>
      </trkpt>
      <trkpt lat="47.38243" lon="7.05635">
        <ele>636</ele>
        <time>2025-11-23T10:43:21+00:00</time>
      </trkpt>
      <trkpt lat="47.38242" lon="7.05632">
        <ele>636</ele>
        <time>2025-11-23T10:43:24+00:00</time>
      </trkpt>
      <trkpt lat="47.38252" lon="7.05622">
        <ele>631</ele>
        <time>2025-11-23T10:43:27+00:00</time>
      </trkpt>
      <trkpt lat="47.38277" lon="7.05596">
        <ele>626</ele>
        <time>2025-11-23T10:43:30+00:00</time>
      </trkpt>
      <trkpt lat="47.38303" lon="7.0557">
        <ele>622</ele>
        <time>2025-11-23T10:43:33+00:00</time>
      </trkpt>
      <trkpt lat="47.38322" lon="7.05563">
        <ele>622</ele>
        <time>2025-11-23T10:43:36+00:00</time>
      </trkpt>
      <trkpt lat="47.38322" lon="7.05549">
        <ele>622</ele>
        <time>2025-11-23T10:43:39+00:00</time>
      </trkpt>
      <trkpt lat="47.38321" lon="7.05531">
        <ele>631</ele>
        <time>2025-11-23T10:43:42+00:00</time>
      </trkpt>
      <trkpt lat="47.38326" lon="7.05491">
        <ele>631</ele>
        <time>2025-11-23T10:43:45+00:00</time>
      </trkpt>
      <trkpt lat="47.38331" lon="7.05473">
        <ele>635</ele>
        <time>2025-11-23T10:43:48+00:00</time>
      </trkpt>
      <trkpt lat="47.38344" lon="7.05444">
        <ele>628</ele>
        <time>2025-11-23T10:43:51+00:00</time>
      </trkpt>
      <trkpt lat="47.38356" lon="7.05417">
        <ele>630</ele>
        <time>2025-11-23T10:43:54+00:00</time>
      </trkpt>
      <trkpt lat="47.38369" lon="7.054">
        <ele>628</ele>
        <time>2025-11-23T10:43:57+00:00</time>
      </trkpt>
      <trkpt lat="47.3838" lon="7.05389">
        <ele>628</ele>
        <time>2025-11-23T10:44:00+00:00</time>
      </trkpt>
      <trkpt lat="47.38394" lon="7.05375">
        <ele>632</ele>
        <time>2025-11-23T10:44:03+00:00</time>
      </trkpt>
      <trkpt lat="47.38413" lon="7.05358">
        <ele>627</ele>
        <time>2025-11-23T10:44:06+00:00</time>
      </trkpt>
      <trkpt lat="47.38408" lon="7.05344">
        <ele>625</ele>
        <time>2025-11-23T10:44:09+00:00</time>
      </trkpt>
      <trkpt lat="47.38407" lon="7.05343">
        <ele>625</ele>
        <time>2025-11-23T10:44:12+00:00</time>
      </trkpt>
      <trkpt lat="47.38401" lon="7.05339">
        <ele>625</ele>
        <time>2025-11-23T10:44:15+00:00</time>
      </trkpt>
      <trkpt lat="47.38381" lon="7.05336">
        <ele>624</ele>
        <time>2025-11-23T10:44:18+00:00</time>
      </trkpt>
      <trkpt lat="47.38376" lon="7.05333">
        <ele>623</ele>
        <time>2025-11-23T10:44:21+00:00</time>
      </trkpt>
      <trkpt lat="47.38371" lon="7.05325">
        <ele>621</ele>
        <time>2025-11-23T10:44:24+00:00</time>
      </trkpt>
      <trkpt lat="47.38369" lon="7.05319">
        <ele>616</ele>
        <time>2025-11-23T10:44:27+00:00</time>
      </trkpt>
      <trkpt lat="47.38366" lon="7.05308">
        <ele>614</ele>
        <time>2025-11-23T10:44:30+00:00</time>
      </trkpt>
      <trkpt lat="47.38365" lon="7.05304">
        <ele>614</ele>
        <time>2025-11-23T10:44:33+00:00</time>
      </trkpt>
      <trkpt lat="47.38364" lon="7.0529">
        <ele>612</ele>
        <time>2025-11-23T10:44:36+00:00</time>
      </trkpt>
      <trkpt lat="47.38363" lon="7.05285">
        <ele>610</ele>
        <time>2025-11-23T10:44:39+00:00</time>
      </trkpt>
      <trkpt lat="47.38362" lon="7.05279">
        <ele>609</ele>
        <time>2025-11-23T10:44:42+00:00</time>
      </trkpt>
      <trkpt lat="47.38362" lon="7.05274">
        <ele>609</ele>
        <time>2025-11-23T10:44:45+00:00</time>
      </trkpt>
      <trkpt lat="47.3836" lon="7.05269">
        <ele>603</ele>
        <time>2025-11-23T10:44:48+00:00</time>
      </trkpt>
      <trkpt lat="47.38358" lon="7.05262">
        <ele>603</ele>
        <time>2025-11-23T10:44:51+00:00</time>
      </trkpt>
      <trkpt lat="47.38357" lon="7.05257">
        <ele>600</ele>
        <time>2025-11-23T10:44:54+00:00</time>
      </trkpt>
      <trkpt lat="47.38356" lon="7.0525">
        <ele>598</ele>
        <time>2025-11-23T10:44:57+00:00</time>
      </trkpt>
      <trkpt lat="47.38356" lon="7.05236">
        <ele>596</ele>
        <time>2025-11-23T10:45:00+00:00</time>
      </trkpt>
      <trkpt lat="47.38354" lon="7.05213">
        <ele>591</ele>
        <time>2025-11-23T10:45:03+00:00</time>
      </trkpt>
      <trkpt lat="47.38355" lon="7.05203">
        <ele>589</ele>
        <time>2025-11-23T10:45:06+00:00</time>
      </trkpt>
      <trkpt lat="47.38354" lon="7.05197">
        <ele>587</ele>
        <time>2025-11-23T10:45:09+00:00</time>
      </trkpt>
      <trkpt lat="47.38356" lon="7.05192">
        <ele>587</ele>
        <time>2025-11-23T10:45:12+00:00</time>
      </trkpt>
      <trkpt lat="47.38357" lon="7.05189">
        <ele>585</ele>
        <time>2025-11-23T10:45:15+00:00</time>
      </trkpt>
      <trkpt lat="47.38359" lon="7.05184">
        <ele>585</ele>
        <time>2025-11-23T10:45:18+00:00</time>
      </trkpt>
      <trkpt lat="47.38361" lon="7.05178">
        <ele>585</ele>
        <time>2025-11-23T10:45:21+00:00</time>
      </trkpt>
      <trkpt lat="47.38361" lon="7.05172">
        <ele>585</ele>
        <time>2025-11-23T10:45:24+00:00</time>
      </trkpt>
      <trkpt lat="47.38361" lon="7.05167">
        <ele>583</ele>
        <time>2025-11-23T10:45:27+00:00</time>
      </trkpt>
      <trkpt lat="47.3836" lon="7.05162">
        <ele>580</ele>
        <time>2025-11-23T10:45:30+00:00</time>
      </trkpt>
      <trkpt lat="47.3836" lon="7.05158">
        <ele>580</ele>
        <time>2025-11-23T10:45:33+00:00</time>
      </trkpt>
      <trkpt lat="47.3836" lon="7.05153">
        <ele>577</ele>
        <time>2025-11-23T10:45:36+00:00</time>
      </trkpt>
      <trkpt lat="47.3836" lon="7.05147">
        <ele>576</ele>
        <time>2025-11-23T10:45:39+00:00</time>
      </trkpt>
      <trkpt lat="47.38359" lon="7.05139">
        <ele>573</ele>
        <time>2025-11-23T10:45:42+00:00</time>
      </trkpt>
      <trkpt lat="47.38356" lon="7.0513">
        <ele>570</ele>
        <time>2025-11-23T10:45:45+00:00</time>
      </trkpt>
      <trkpt lat="47.38354" lon="7.05119">
        <ele>567</ele>
        <time>2025-11-23T10:45:48+00:00</time>
      </trkpt>
      <trkpt lat="47.38349" lon="7.05106">
        <ele>562</ele>
        <time>2025-11-23T10:45:51+00:00</time>
      </trkpt>
      <trkpt lat="47.38349" lon="7.05104">
        <ele>562</ele>
        <time>2025-11-23T10:45:54+00:00</time>
      </trkpt>
      <trkpt lat="47.38347" lon="7.05101">
        <ele>562</ele>
        <time>2025-11-23T10:45:57+00:00</time>
      </trkpt>
      <trkpt lat="47.38347" lon="7.05098">
        <ele>560</ele>
        <time>2025-11-23T10:46:00+00:00</time>
      </trkpt>
      <trkpt lat="47.38344" lon="7.05091">
        <ele>565</ele>
        <time>2025-11-23T10:46:03+00:00</time>
      </trkpt>
      <trkpt lat="47.38336" lon="7.05102">
        <ele>564</ele>
        <time>2025-11-23T10:46:06+00:00</time>
      </trkpt>
      <trkpt lat="47.38321" lon="7.05115">
        <ele>564</ele>
        <time>2025-11-23T10:46:09+00:00</time>
      </trkpt>
      <trkpt lat="47.38317" lon="7.05117">
        <ele>563</ele>
        <time>2025-11-23T10:46:12+00:00</time>
      </trkpt>
      <trkpt lat="47.38303" lon="7.05139">
        <ele>564</ele>
        <time>2025-11-23T10:46:15+00:00</time>
      </trkpt>
      <trkpt lat="47.38295" lon="7.05151">
        <ele>566</ele>
        <time>2025-11-23T10:46:18+00:00</time>
      </trkpt>
      <trkpt lat="47.3829" lon="7.0517">
        <ele>567</ele>
        <time>2025-11-23T10:46:21+00:00</time>
      </trkpt>
      <trkpt lat="47.3829" lon="7.05176">
        <ele>571</ele>
        <time>2025-11-23T10:46:24+00:00</time>
      </trkpt>
      <trkpt lat="47.38286" lon="7.05193">
        <ele>570</ele>
        <time>2025-11-23T10:46:27+00:00</time>
      </trkpt>
      <trkpt lat="47.38283" lon="7.05203">
        <ele>570</ele>
        <time>2025-11-23T10:46:30+00:00</time>
      </trkpt>
      <trkpt lat="47.38277" lon="7.0522">
        <ele>574</ele>
        <time>2025-11-23T10:46:33+00:00</time>
      </trkpt>
      <trkpt lat="47.38272" lon="7.0523">
        <ele>574</ele>
        <time>2025-11-23T10:46:36+00:00</time>
      </trkpt>
      <trkpt lat="47.38268" lon="7.0524">
        <ele>577</ele>
        <time>2025-11-23T10:46:39+00:00</time>
      </trkpt>
      <trkpt lat="47.38264" lon="7.05246">
        <ele>578</ele>
        <time>2025-11-23T10:46:42+00:00</time>
      </trkpt>
      <trkpt lat="47.38261" lon="7.05251">
        <ele>578</ele>
        <time>2025-11-23T10:46:45+00:00</time>
      </trkpt>
      <trkpt lat="47.38258" lon="7.05261">
        <ele>579</ele>
        <time>2025-11-23T10:46:48+00:00</time>
      </trkpt>
      <trkpt lat="47.38257" lon="7.05267">
        <ele>579</ele>
        <time>2025-11-23T10:46:51+00:00</time>
      </trkpt>
      <trkpt lat="47.38254" lon="7.05277">
        <ele>578</ele>
        <time>2025-11-23T10:46:54+00:00</time>
      </trkpt>
      <trkpt lat="47.38253" lon="7.05282">
        <ele>578</ele>
        <time>2025-11-23T10:46:57+00:00</time>
      </trkpt>
      <trkpt lat="47.3825" lon="7.05294">
        <ele>580</ele>
        <time>2025-11-23T10:47:00+00:00</time>
      </trkpt>
      <trkpt lat="47.38247" lon="7.05299">
        <ele>580</ele>
        <time>2025-11-23T10:47:03+00:00</time>
      </trkpt>
      <trkpt lat="47.38246" lon="7.05306">
        <ele>580</ele>
        <time>2025-11-23T10:47:06+00:00</time>
      </trkpt>
      <trkpt lat="47.38237" lon="7.05332">
        <ele>582</ele>
        <time>2025-11-23T10:47:09+00:00</time>
      </trkpt>
      <trkpt lat="47.38234" lon="7.05346">
        <ele>582</ele>
        <time>2025-11-23T10:47:12+00:00</time>
      </trkpt>
      <trkpt lat="47.38229" lon="7.05354">
        <ele>584</ele>
        <time>2025-11-23T10:47:15+00:00</time>
      </trkpt>
      <trkpt lat="47.38226" lon="7.05358">
        <ele>584</ele>
        <time>2025-11-23T10:47:18+00:00</time>
      </trkpt>
      <trkpt lat="47.38222" lon="7.05361">
        <ele>584</ele>
        <time>2025-11-23T10:47:21+00:00</time>
      </trkpt>
      <trkpt lat="47.38214" lon="7.05371">
        <ele>586</ele>
        <time>2025-11-23T10:47:24+00:00</time>
      </trkpt>
      <trkpt lat="47.38211" lon="7.05379">
        <ele>586</ele>
        <time>2025-11-23T10:47:27+00:00</time>
      </trkpt>
      <trkpt lat="47.38209" lon="7.05389">
        <ele>589</ele>
        <time>2025-11-23T10:47:30+00:00</time>
      </trkpt>
      <trkpt lat="47.38208" lon="7.05392">
        <ele>590</ele>
        <time>2025-11-23T10:47:33+00:00</time>
      </trkpt>
      <trkpt lat="47.38199" lon="7.05401">
        <ele>592</ele>
        <time>2025-11-23T10:47:36+00:00</time>
      </trkpt>
      <trkpt lat="47.38191" lon="7.05414">
        <ele>592</ele>
        <time>2025-11-23T10:47:39+00:00</time>
      </trkpt>
      <trkpt lat="47.38189" lon="7.05418">
        <ele>593</ele>
        <time>2025-11-23T10:47:42+00:00</time>
      </trkpt>
      <trkpt lat="47.38187" lon="7.05425">
        <ele>594</ele>
        <time>2025-11-23T10:47:45+00:00</time>
      </trkpt>
      <trkpt lat="47.38183" lon="7.05435">
        <ele>595</ele>
        <time>2025-11-23T10:47:48+00:00</time>
      </trkpt>
      <trkpt lat="47.38182" lon="7.0544">
        <ele>598</ele>
        <time>2025-11-23T10:47:51+00:00</time>
      </trkpt>
      <trkpt lat="47.38176" lon="7.05448">
        <ele>598</ele>
        <time>2025-11-23T10:47:54+00:00</time>
      </trkpt>
      <trkpt lat="47.38167" lon="7.05458">
        <ele>598</ele>
        <time>2025-11-23T10:47:57+00:00</time>
      </trkpt>
      <trkpt lat="47.38161" lon="7.05466">
        <ele>600</ele>
        <time>2025-11-23T10:48:00+00:00</time>
      </trkpt>
      <trkpt lat="47.38156" lon="7.05471">
        <ele>601</ele>
        <time>2025-11-23T10:48:03+00:00</time>
      </trkpt>
      <trkpt lat="47.3815" lon="7.05475">
        <ele>601</ele>
        <time>2025-11-23T10:48:06+00:00</time>
      </trkpt>
      <trkpt lat="47.38137" lon="7.05479">
        <ele>601</ele>
        <time>2025-11-23T10:48:09+00:00</time>
      </trkpt>
      <trkpt lat="47.38126" lon="7.05481">
        <ele>603</ele>
        <time>2025-11-23T10:48:12+00:00</time>
      </trkpt>
      <trkpt lat="47.38095" lon="7.05473">
        <ele>604</ele>
        <time>2025-11-23T10:48:15+00:00</time>
      </trkpt>
      <trkpt lat="47.38073" lon="7.05464">
        <ele>610</ele>
        <time>2025-11-23T10:48:18+00:00</time>
      </trkpt>
      <trkpt lat="47.38064" lon="7.05467">
        <ele>613</ele>
        <time>2025-11-23T10:48:21+00:00</time>
      </trkpt>
      <trkpt lat="47.38055" lon="7.0547">
        <ele>618</ele>
        <time>2025-11-23T10:48:24+00:00</time>
      </trkpt>
      <trkpt lat="47.38046" lon="7.05476">
        <ele>620</ele>
        <time>2025-11-23T10:48:27+00:00</time>
      </trkpt>
      <trkpt lat="47.38045" lon="7.05474">
        <ele>620</ele>
        <time>2025-11-23T10:48:30+00:00</time>
      </trkpt>
      <trkpt lat="47.38037" lon="7.05471">
        <ele>622</ele>
        <time>2025-11-23T10:48:33+00:00</time>
      </trkpt>
      <trkpt lat="47.38034" lon="7.0547">
        <ele>622</ele>
        <time>2025-11-23T10:48:36+00:00</time>
      </trkpt>
      <trkpt lat="47.38033" lon="7.05471">
        <ele>622</ele>
        <time>2025-11-23T10:48:39+00:00</time>
      </trkpt>
      <trkpt lat="47.38027" lon="7.05468">
        <ele>621</ele>
        <time>2025-11-23T10:48:42+00:00</time>
      </trkpt>
      <trkpt lat="47.38017" lon="7.05471">
        <ele>628</ele>
        <time>2025-11-23T10:48:45+00:00</time>
      </trkpt>
      <trkpt lat="47.3801" lon="7.05471">
        <ele>632</ele>
        <time>2025-11-23T10:48:48+00:00</time>
      </trkpt>
      <trkpt lat="47.38007" lon="7.05472">
        <ele>632</ele>
        <time>2025-11-23T10:48:51+00:00</time>
      </trkpt>
      <trkpt lat="47.38002" lon="7.05472">
        <ele>632</ele>
        <time>2025-11-23T10:48:54+00:00</time>
      </trkpt>
      <trkpt lat="47.37998" lon="7.05465">
        <ele>632</ele>
        <time>2025-11-23T10:48:57+00:00</time>
      </trkpt>
      <trkpt lat="47.37997" lon="7.05463">
        <ele>632</ele>
        <time>2025-11-23T10:49:00+00:00</time>
      </trkpt>
      <trkpt lat="47.37994" lon="7.0546">
        <ele>633</ele>
        <time>2025-11-23T10:49:03+00:00</time>
      </trkpt>
      <trkpt lat="47.3799" lon="7.05462">
        <ele>632</ele>
        <time>2025-11-23T10:49:06+00:00</time>
      </trkpt>
      <trkpt lat="47.37986" lon="7.0546">
        <ele>636</ele>
        <time>2025-11-23T10:49:09+00:00</time>
      </trkpt>
      <trkpt lat="47.3798" lon="7.05454">
        <ele>638</ele>
        <time>2025-11-23T10:49:12+00:00</time>
      </trkpt>
      <trkpt lat="47.37974" lon="7.05455">
        <ele>638</ele>
        <time>2025-11-23T10:49:15+00:00</time>
      </trkpt>
      <trkpt lat="47.37965" lon="7.05449">
        <ele>639</ele>
        <time>2025-11-23T10:49:18+00:00</time>
      </trkpt>
      <trkpt lat="47.3796" lon="7.05449">
        <ele>639</ele>
        <time>2025-11-23T10:49:21+00:00</time>
      </trkpt>
      <trkpt lat="47.37959" lon="7.05451">
        <ele>644</ele>
        <time>2025-11-23T10:49:24+00:00</time>
      </trkpt>
      <trkpt lat="47.37959" lon="7.05451">
        <ele>644</ele>
        <time>2025-11-23T10:49:27+00:00</time>
      </trkpt>
      <trkpt lat="47.37956" lon="7.05451">
        <ele>644</ele>
        <time>2025-11-23T10:49:30+00:00</time>
      </trkpt>
      <trkpt lat="47.37955" lon="7.05453">
        <ele>644</ele>
        <time>2025-11-23T10:49:33+00:00</time>
      </trkpt>
      <trkpt lat="47.37951" lon="7.05452">
        <ele>644</ele>
        <time>2025-11-23T10:49:36+00:00</time>
      </trkpt>
      <trkpt lat="47.37949" lon="7.0545">
        <ele>648</ele>
        <time>2025-11-23T10:49:39+00:00</time>
      </trkpt>
      <trkpt lat="47.37947" lon="7.05449">
        <ele>646</ele>
        <time>2025-11-23T10:49:42+00:00</time>
      </trkpt>
      <trkpt lat="47.37946" lon="7.0545">
        <ele>648</ele>
        <time>2025-11-23T10:49:45+00:00</time>
      </trkpt>
      <trkpt lat="47.37943" lon="7.05451">
        <ele>648</ele>
        <time>2025-11-23T10:49:48+00:00</time>
      </trkpt>
      <trkpt lat="47.37942" lon="7.05446">
        <ele>646</ele>
        <time>2025-11-23T10:49:51+00:00</time>
      </trkpt>
      <trkpt lat="47.37938" lon="7.05446">
        <ele>651</ele>
        <time>2025-11-23T10:49:54+00:00</time>
      </trkpt>
      <trkpt lat="47.37938" lon="7.05443">
        <ele>651</ele>
        <time>2025-11-23T10:49:57+00:00</time>
      </trkpt>
      <trkpt lat="47.37938" lon="7.05441">
        <ele>651</ele>
        <time>2025-11-23T10:50:00+00:00</time>
      </trkpt>
      <trkpt lat="47.37935" lon="7.05438">
        <ele>649</ele>
        <time>2025-11-23T10:50:03+00:00</time>
      </trkpt>
      <trkpt lat="47.37928" lon="7.05431">
        <ele>653</ele>
        <time>2025-11-23T10:50:06+00:00</time>
      </trkpt>
      <trkpt lat="47.37924" lon="7.05426">
        <ele>652</ele>
        <time>2025-11-23T10:50:09+00:00</time>
      </trkpt>
      <trkpt lat="47.37924" lon="7.05423">
        <ele>652</ele>
        <time>2025-11-23T10:50:12+00:00</time>
      </trkpt>
      <trkpt lat="47.37921" lon="7.05423">
        <ele>652</ele>
        <time>2025-11-23T10:50:15+00:00</time>
      </trkpt>
      <trkpt lat="47.37918" lon="7.05425">
        <ele>654</ele>
        <time>2025-11-23T10:50:18+00:00</time>
      </trkpt>
      <trkpt lat="47.37916" lon="7.05422">
        <ele>654</ele>
        <time>2025-11-23T10:50:21+00:00</time>
      </trkpt>
      <trkpt lat="47.37917" lon="7.05425">
        <ele>654</ele>
        <time>2025-11-23T10:50:24+00:00</time>
      </trkpt>
      <trkpt lat="47.37913" lon="7.05424">
        <ele>654</ele>
        <time>2025-11-23T10:50:27+00:00</time>
      </trkpt>
      <trkpt lat="47.3791" lon="7.05426">
        <ele>654</ele>
        <time>2025-11-23T10:50:30+00:00</time>
      </trkpt>
      <trkpt lat="47.37909" lon="7.05426">
        <ele>656</ele>
        <time>2025-11-23T10:50:33+00:00</time>
      </trkpt>
      <trkpt lat="47.37907" lon="7.05425">
        <ele>656</ele>
        <time>2025-11-23T10:50:36+00:00</time>
      </trkpt>
      <trkpt lat="47.37906" lon="7.05422">
        <ele>656</ele>
        <time>2025-11-23T10:50:39+00:00</time>
      </trkpt>
      <trkpt lat="47.37904" lon="7.05422">
        <ele>656</ele>
        <time>2025-11-23T10:50:42+00:00</time>
      </trkpt>
      <trkpt lat="47.37904" lon="7.05422">
        <ele>656</ele>
        <time>2025-11-23T10:50:45+00:00</time>
      </trkpt>
      <trkpt lat="47.37897" lon="7.05425">
        <ele>658</ele>
        <time>2025-11-23T10:50:48+00:00</time>
      </trkpt>
      <trkpt lat="47.37895" lon="7.05424">
        <ele>658</ele>
        <time>2025-11-23T10:50:51+00:00</time>
      </trkpt>
      <trkpt lat="47.37896" lon="7.05416">
        <ele>658</ele>
        <time>2025-11-23T10:50:54+00:00</time>
      </trkpt>
      <trkpt lat="47.37896" lon="7.05412">
        <ele>658</ele>
        <time>2025-11-23T10:50:57+00:00</time>
      </trkpt>
      <trkpt lat="47.37894" lon="7.05414">
        <ele>658</ele>
        <time>2025-11-23T10:51:00+00:00</time>
      </trkpt>
      <trkpt lat="47.37889" lon="7.05416">
        <ele>660</ele>
        <time>2025-11-23T10:51:03+00:00</time>
      </trkpt>
      <trkpt lat="47.37887" lon="7.05416">
        <ele>660</ele>
        <time>2025-11-23T10:51:06+00:00</time>
      </trkpt>
      <trkpt lat="47.37887" lon="7.05415">
        <ele>660</ele>
        <time>2025-11-23T10:51:09+00:00</time>
      </trkpt>
      <trkpt lat="47.37886" lon="7.05414">
        <ele>660</ele>
        <time>2025-11-23T10:51:12+00:00</time>
      </trkpt>
      <trkpt lat="47.37883" lon="7.05412">
        <ele>660</ele>
        <time>2025-11-23T10:51:15+00:00</time>
      </trkpt>
      <trkpt lat="47.37879" lon="7.05413">
        <ele>661</ele>
        <time>2025-11-23T10:51:18+00:00</time>
      </trkpt>
      <trkpt lat="47.37876" lon="7.05412">
        <ele>661</ele>
        <time>2025-11-23T10:51:21+00:00</time>
      </trkpt>
      <trkpt lat="47.37871" lon="7.05419">
        <ele>661</ele>
        <time>2025-11-23T10:51:24+00:00</time>
      </trkpt>
      <trkpt lat="47.37869" lon="7.0542">
        <ele>663</ele>
        <time>2025-11-23T10:51:27+00:00</time>
      </trkpt>
      <trkpt lat="47.37867" lon="7.05423">
        <ele>661</ele>
        <time>2025-11-23T10:51:30+00:00</time>
      </trkpt>
      <trkpt lat="47.37864" lon="7.05422">
        <ele>661</ele>
        <time>2025-11-23T10:51:33+00:00</time>
      </trkpt>
      <trkpt lat="47.37859" lon="7.05423">
        <ele>662</ele>
        <time>2025-11-23T10:51:36+00:00</time>
      </trkpt>
      <trkpt lat="47.37853" lon="7.05414">
        <ele>660</ele>
        <time>2025-11-23T10:51:39+00:00</time>
      </trkpt>
      <trkpt lat="47.37852" lon="7.05413">
        <ele>664</ele>
        <time>2025-11-23T10:51:42+00:00</time>
      </trkpt>
      <trkpt lat="47.37849" lon="7.05407">
        <ele>665</ele>
        <time>2025-11-23T10:51:45+00:00</time>
      </trkpt>
      <trkpt lat="47.3785" lon="7.05405">
        <ele>665</ele>
        <time>2025-11-23T10:51:48+00:00</time>
      </trkpt>
      <trkpt lat="47.3785" lon="7.054">
        <ele>667</ele>
        <time>2025-11-23T10:51:51+00:00</time>
      </trkpt>
      <trkpt lat="47.37849" lon="7.05395">
        <ele>663</ele>
        <time>2025-11-23T10:51:54+00:00</time>
      </trkpt>
      <trkpt lat="47.37847" lon="7.0539">
        <ele>660</ele>
        <time>2025-11-23T10:51:57+00:00</time>
      </trkpt>
      <trkpt lat="47.37847" lon="7.05385">
        <ele>660</ele>
        <time>2025-11-23T10:52:00+00:00</time>
      </trkpt>
      <trkpt lat="47.37847" lon="7.05382">
        <ele>660</ele>
        <time>2025-11-23T10:52:03+00:00</time>
      </trkpt>
      <trkpt lat="47.37847" lon="7.05379">
        <ele>657</ele>
        <time>2025-11-23T10:52:06+00:00</time>
      </trkpt>
      <trkpt lat="47.37847" lon="7.05378">
        <ele>657</ele>
        <time>2025-11-23T10:52:09+00:00</time>
      </trkpt>
      <trkpt lat="47.37847" lon="7.05373">
        <ele>657</ele>
        <time>2025-11-23T10:52:12+00:00</time>
      </trkpt>
      <trkpt lat="47.37847" lon="7.05369">
        <ele>659</ele>
        <time>2025-11-23T10:52:15+00:00</time>
      </trkpt>
      <trkpt lat="47.37848" lon="7.05368">
        <ele>659</ele>
        <time>2025-11-23T10:52:18+00:00</time>
      </trkpt>
      <trkpt lat="47.37847" lon="7.05364">
        <ele>666</ele>
        <time>2025-11-23T10:52:21+00:00</time>
      </trkpt>
      <trkpt lat="47.37844" lon="7.05362">
        <ele>659</ele>
        <time>2025-11-23T10:52:24+00:00</time>
      </trkpt>
      <trkpt lat="47.37843" lon="7.05359">
        <ele>665</ele>
        <time>2025-11-23T10:52:27+00:00</time>
      </trkpt>
      <trkpt lat="47.37844" lon="7.05357">
        <ele>665</ele>
        <time>2025-11-23T10:52:30+00:00</time>
      </trkpt>
      <trkpt lat="47.37846" lon="7.05354">
        <ele>665</ele>
        <time>2025-11-23T10:52:33+00:00</time>
      </trkpt>
      <trkpt lat="47.3785" lon="7.05355">
        <ele>665</ele>
        <time>2025-11-23T10:52:36+00:00</time>
      </trkpt>
      <trkpt lat="47.37852" lon="7.05354">
        <ele>673</ele>
        <time>2025-11-23T10:52:39+00:00</time>
      </trkpt>
      <trkpt lat="47.37856" lon="7.05351">
        <ele>673</ele>
        <time>2025-11-23T10:52:42+00:00</time>
      </trkpt>
      <trkpt lat="47.37859" lon="7.0535">
        <ele>678</ele>
        <time>2025-11-23T10:52:45+00:00</time>
      </trkpt>
      <trkpt lat="47.37862" lon="7.05347">
        <ele>681</ele>
        <time>2025-11-23T10:52:48+00:00</time>
      </trkpt>
      <trkpt lat="47.37864" lon="7.05343">
        <ele>681</ele>
        <time>2025-11-23T10:52:51+00:00</time>
      </trkpt>
      <trkpt lat="47.37867" lon="7.0534">
        <ele>684</ele>
        <time>2025-11-23T10:52:54+00:00</time>
      </trkpt>
      <trkpt lat="47.37875" lon="7.05334">
        <ele>688</ele>
        <time>2025-11-23T10:52:57+00:00</time>
      </trkpt>
      <trkpt lat="47.37876" lon="7.05332">
        <ele>688</ele>
        <time>2025-11-23T10:53:00+00:00</time>
      </trkpt>
      <trkpt lat="47.37876" lon="7.0533">
        <ele>688</ele>
        <time>2025-11-23T10:53:03+00:00</time>
      </trkpt>
      <trkpt lat="47.37878" lon="7.0533">
        <ele>692</ele>
        <time>2025-11-23T10:53:06+00:00</time>
      </trkpt>
      <trkpt lat="47.37879" lon="7.05328">
        <ele>692</ele>
        <time>2025-11-23T10:53:09+00:00</time>
      </trkpt>
      <trkpt lat="47.3788" lon="7.05328">
        <ele>694</ele>
        <time>2025-11-23T10:53:12+00:00</time>
      </trkpt>
      <trkpt lat="47.37882" lon="7.05327">
        <ele>694</ele>
        <time>2025-11-23T10:53:15+00:00</time>
      </trkpt>
      <trkpt lat="47.37885" lon="7.05323">
        <ele>694</ele>
        <time>2025-11-23T10:53:18+00:00</time>
      </trkpt>
      <trkpt lat="47.37887" lon="7.05321">
        <ele>694</ele>
        <time>2025-11-23T10:53:21+00:00</time>
      </trkpt>
      <trkpt lat="47.37889" lon="7.05319">
        <ele>698</ele>
        <time>2025-11-23T10:53:24+00:00</time>
      </trkpt>
      <trkpt lat="47.37889" lon="7.05316">
        <ele>698</ele>
        <time>2025-11-23T10:53:27+00:00</time>
      </trkpt>
      <trkpt lat="47.3789" lon="7.05313">
        <ele>698</ele>
        <time>2025-11-23T10:53:30+00:00</time>
      </trkpt>
      <trkpt lat="47.37892" lon="7.05316">
        <ele>700</ele>
        <time>2025-11-23T10:53:33+00:00</time>
      </trkpt>
      <trkpt lat="47.37896" lon="7.05314">
        <ele>700</ele>
        <time>2025-11-23T10:53:36+00:00</time>
      </trkpt>
      <trkpt lat="47.37897" lon="7.05311">
        <ele>700</ele>
        <time>2025-11-23T10:53:39+00:00</time>
      </trkpt>
      <trkpt lat="47.37894" lon="7.05308">
        <ele>704</ele>
        <time>2025-11-23T10:53:42+00:00</time>
      </trkpt>
      <trkpt lat="47.3789" lon="7.05308">
        <ele>704</ele>
        <time>2025-11-23T10:53:45+00:00</time>
      </trkpt>
      <trkpt lat="47.37883" lon="7.05302">
        <ele>703</ele>
        <time>2025-11-23T10:53:48+00:00</time>
      </trkpt>
      <trkpt lat="47.37882" lon="7.05303">
        <ele>703</ele>
        <time>2025-11-23T10:53:51+00:00</time>
      </trkpt>
      <trkpt lat="47.37878" lon="7.05301">
        <ele>701</ele>
        <time>2025-11-23T10:53:54+00:00</time>
      </trkpt>
      <trkpt lat="47.37876" lon="7.05301">
        <ele>701</ele>
        <time>2025-11-23T10:53:57+00:00</time>
      </trkpt>
      <trkpt lat="47.37875" lon="7.05301">
        <ele>701</ele>
        <time>2025-11-23T10:54:00+00:00</time>
      </trkpt>
      <trkpt lat="47.37872" lon="7.05297">
        <ele>704</ele>
        <time>2025-11-23T10:54:03+00:00</time>
      </trkpt>
      <trkpt lat="47.37864" lon="7.05294">
        <ele>702</ele>
        <time>2025-11-23T10:54:06+00:00</time>
      </trkpt>
      <trkpt lat="47.37862" lon="7.05288">
        <ele>707</ele>
        <time>2025-11-23T10:54:09+00:00</time>
      </trkpt>
      <trkpt lat="47.37854" lon="7.05284">
        <ele>704</ele>
        <time>2025-11-23T10:54:12+00:00</time>
      </trkpt>
      <trkpt lat="47.37848" lon="7.0528">
        <ele>705</ele>
        <time>2025-11-23T10:54:15+00:00</time>
      </trkpt>
      <trkpt lat="47.37842" lon="7.05269">
        <ele>708</ele>
        <time>2025-11-23T10:54:18+00:00</time>
      </trkpt>
      <trkpt lat="47.3784" lon="7.05262">
        <ele>708</ele>
        <time>2025-11-23T10:54:21+00:00</time>
      </trkpt>
      <trkpt lat="47.37837" lon="7.05262">
        <ele>707</ele>
        <time>2025-11-23T10:54:24+00:00</time>
      </trkpt>
      <trkpt lat="47.37831" lon="7.05261">
        <ele>707</ele>
        <time>2025-11-23T10:54:27+00:00</time>
      </trkpt>
      <trkpt lat="47.37829" lon="7.05256">
        <ele>706</ele>
        <time>2025-11-23T10:54:30+00:00</time>
      </trkpt>
      <trkpt lat="47.37829" lon="7.05255">
        <ele>706</ele>
        <time>2025-11-23T10:54:33+00:00</time>
      </trkpt>
      <trkpt lat="47.37826" lon="7.05252">
        <ele>706</ele>
        <time>2025-11-23T10:54:36+00:00</time>
      </trkpt>
      <trkpt lat="47.37825" lon="7.05249">
        <ele>708</ele>
        <time>2025-11-23T10:54:39+00:00</time>
      </trkpt>
      <trkpt lat="47.37818" lon="7.05238">
        <ele>707</ele>
        <time>2025-11-23T10:54:42+00:00</time>
      </trkpt>
      <trkpt lat="47.37812" lon="7.05226">
        <ele>710</ele>
        <time>2025-11-23T10:54:45+00:00</time>
      </trkpt>
      <trkpt lat="47.37811" lon="7.05221">
        <ele>710</ele>
        <time>2025-11-23T10:54:48+00:00</time>
      </trkpt>
      <trkpt lat="47.37811" lon="7.0521">
        <ele>713</ele>
        <time>2025-11-23T10:54:51+00:00</time>
      </trkpt>
      <trkpt lat="47.37812" lon="7.05205">
        <ele>714</ele>
        <time>2025-11-23T10:54:54+00:00</time>
      </trkpt>
      <trkpt lat="47.37811" lon="7.05205">
        <ele>714</ele>
        <time>2025-11-23T10:54:57+00:00</time>
      </trkpt>
      <trkpt lat="47.37811" lon="7.05201">
        <ele>714</ele>
        <time>2025-11-23T10:55:00+00:00</time>
      </trkpt>
      <trkpt lat="47.37807" lon="7.05198">
        <ele>714</ele>
        <time>2025-11-23T10:55:03+00:00</time>
      </trkpt>
      <trkpt lat="47.37803" lon="7.05181">
        <ele>715</ele>
        <time>2025-11-23T10:55:06+00:00</time>
      </trkpt>
      <trkpt lat="47.37801" lon="7.05162">
        <ele>713</ele>
        <time>2025-11-23T10:55:09+00:00</time>
      </trkpt>
      <trkpt lat="47.37799" lon="7.05159">
        <ele>716</ele>
        <time>2025-11-23T10:55:12+00:00</time>
      </trkpt>
      <trkpt lat="47.37796" lon="7.05158">
        <ele>716</ele>
        <time>2025-11-23T10:55:15+00:00</time>
      </trkpt>
      <trkpt lat="47.37796" lon="7.05155">
        <ele>716</ele>
        <time>2025-11-23T10:55:18+00:00</time>
      </trkpt>
      <trkpt lat="47.37794" lon="7.05152">
        <ele>716</ele>
        <time>2025-11-23T10:55:21+00:00</time>
      </trkpt>
      <trkpt lat="47.3779" lon="7.05145">
        <ele>717</ele>
        <time>2025-11-23T10:55:24+00:00</time>
      </trkpt>
      <trkpt lat="47.3779" lon="7.05132">
        <ele>713</ele>
        <time>2025-11-23T10:55:27+00:00</time>
      </trkpt>
      <trkpt lat="47.3779" lon="7.05131">
        <ele>719</ele>
        <time>2025-11-23T10:55:30+00:00</time>
      </trkpt>
      <trkpt lat="47.37789" lon="7.05127">
        <ele>715</ele>
        <time>2025-11-23T10:55:33+00:00</time>
      </trkpt>
      <trkpt lat="47.3779" lon="7.05118">
        <ele>722</ele>
        <time>2025-11-23T10:55:36+00:00</time>
      </trkpt>
      <trkpt lat="47.37791" lon="7.05117">
        <ele>722</ele>
        <time>2025-11-23T10:55:39+00:00</time>
      </trkpt>
      <trkpt lat="47.37792" lon="7.05115">
        <ele>722</ele>
        <time>2025-11-23T10:55:42+00:00</time>
      </trkpt>
      <trkpt lat="47.37792" lon="7.05111">
        <ele>722</ele>
        <time>2025-11-23T10:55:45+00:00</time>
      </trkpt>
      <trkpt lat="47.37795" lon="7.05106">
        <ele>724</ele>
        <time>2025-11-23T10:55:48+00:00</time>
      </trkpt>
      <trkpt lat="47.37796" lon="7.05099">
        <ele>725</ele>
        <time>2025-11-23T10:55:51+00:00</time>
      </trkpt>
      <trkpt lat="47.37802" lon="7.05086">
        <ele>730</ele>
        <time>2025-11-23T10:55:54+00:00</time>
      </trkpt>
      <trkpt lat="47.37802" lon="7.05084">
        <ele>730</ele>
        <time>2025-11-23T10:55:57+00:00</time>
      </trkpt>
      <trkpt lat="47.37802" lon="7.05082">
        <ele>730</ele>
        <time>2025-11-23T10:56:00+00:00</time>
      </trkpt>
      <trkpt lat="47.37801" lon="7.0508">
        <ele>730</ele>
        <time>2025-11-23T10:56:03+00:00</time>
      </trkpt>
      <trkpt lat="47.37801" lon="7.05077">
        <ele>732</ele>
        <time>2025-11-23T10:56:06+00:00</time>
      </trkpt>
      <trkpt lat="47.37801" lon="7.05073">
        <ele>732</ele>
        <time>2025-11-23T10:56:09+00:00</time>
      </trkpt>
      <trkpt lat="47.37803" lon="7.05067">
        <ele>734</ele>
        <time>2025-11-23T10:56:12+00:00</time>
      </trkpt>
      <trkpt lat="47.37804" lon="7.05064">
        <ele>734</ele>
        <time>2025-11-23T10:56:15+00:00</time>
      </trkpt>
      <trkpt lat="47.37805" lon="7.05063">
        <ele>734</ele>
        <time>2025-11-23T10:56:18+00:00</time>
      </trkpt>
      <trkpt lat="47.37805" lon="7.05052">
        <ele>735</ele>
        <time>2025-11-23T10:56:21+00:00</time>
      </trkpt>
      <trkpt lat="47.37807" lon="7.05047">
        <ele>736</ele>
        <time>2025-11-23T10:56:24+00:00</time>
      </trkpt>
      <trkpt lat="47.37806" lon="7.05045">
        <ele>736</ele>
        <time>2025-11-23T10:56:27+00:00</time>
      </trkpt>
      <trkpt lat="47.37807" lon="7.05034">
        <ele>737</ele>
        <time>2025-11-23T10:56:30+00:00</time>
      </trkpt>
      <trkpt lat="47.37804" lon="7.0503">
        <ele>737</ele>
        <time>2025-11-23T10:56:33+00:00</time>
      </trkpt>
      <trkpt lat="47.37804" lon="7.05028">
        <ele>738</ele>
        <time>2025-11-23T10:56:36+00:00</time>
      </trkpt>
      <trkpt lat="47.37802" lon="7.05019">
        <ele>740</ele>
        <time>2025-11-23T10:56:39+00:00</time>
      </trkpt>
      <trkpt lat="47.37802" lon="7.05013">
        <ele>740</ele>
        <time>2025-11-23T10:56:42+00:00</time>
      </trkpt>
      <trkpt lat="47.37801" lon="7.05008">
        <ele>741</ele>
        <time>2025-11-23T10:56:45+00:00</time>
      </trkpt>
      <trkpt lat="47.37801" lon="7.05005">
        <ele>741</ele>
        <time>2025-11-23T10:56:48+00:00</time>
      </trkpt>
      <trkpt lat="47.37803" lon="7.05001">
        <ele>741</ele>
        <time>2025-11-23T10:56:51+00:00</time>
      </trkpt>
      <trkpt lat="47.37802" lon="7.04999">
        <ele>743</ele>
        <time>2025-11-23T10:56:54+00:00</time>
      </trkpt>
      <trkpt lat="47.37803" lon="7.04995">
        <ele>743</ele>
        <time>2025-11-23T10:56:57+00:00</time>
      </trkpt>
      <trkpt lat="47.37804" lon="7.04994">
        <ele>743</ele>
        <time>2025-11-23T10:57:00+00:00</time>
      </trkpt>
      <trkpt lat="47.37805" lon="7.0499">
        <ele>743</ele>
        <time>2025-11-23T10:57:03+00:00</time>
      </trkpt>
      <trkpt lat="47.37805" lon="7.04987">
        <ele>745</ele>
        <time>2025-11-23T10:57:06+00:00</time>
      </trkpt>
      <trkpt lat="47.37807" lon="7.04983">
        <ele>745</ele>
        <time>2025-11-23T10:57:09+00:00</time>
      </trkpt>
      <trkpt lat="47.37808" lon="7.04979">
        <ele>747</ele>
        <time>2025-11-23T10:57:12+00:00</time>
      </trkpt>
      <trkpt lat="47.37808" lon="7.04974">
        <ele>747</ele>
        <time>2025-11-23T10:57:15+00:00</time>
      </trkpt>
      <trkpt lat="47.37809" lon="7.04969">
        <ele>748</ele>
        <time>2025-11-23T10:57:18+00:00</time>
      </trkpt>
      <trkpt lat="47.3781" lon="7.04967">
        <ele>752</ele>
        <time>2025-11-23T10:57:21+00:00</time>
      </trkpt>
      <trkpt lat="47.37812" lon="7.04966">
        <ele>752</ele>
        <time>2025-11-23T10:57:24+00:00</time>
      </trkpt>
      <trkpt lat="47.37813" lon="7.04965">
        <ele>752</ele>
        <time>2025-11-23T10:57:27+00:00</time>
      </trkpt>
      <trkpt lat="47.37815" lon="7.04961">
        <ele>752</ele>
        <time>2025-11-23T10:57:30+00:00</time>
      </trkpt>
      <trkpt lat="47.37817" lon="7.04959">
        <ele>752</ele>
        <time>2025-11-23T10:57:33+00:00</time>
      </trkpt>
      <trkpt lat="47.37818" lon="7.04957">
        <ele>752</ele>
        <time>2025-11-23T10:57:36+00:00</time>
      </trkpt>
      <trkpt lat="47.37822" lon="7.04952">
        <ele>755</ele>
        <time>2025-11-23T10:57:39+00:00</time>
      </trkpt>
      <trkpt lat="47.37824" lon="7.04948">
        <ele>757</ele>
        <time>2025-11-23T10:57:42+00:00</time>
      </trkpt>
      <trkpt lat="47.37824" lon="7.04944">
        <ele>757</ele>
        <time>2025-11-23T10:57:45+00:00</time>
      </trkpt>
      <trkpt lat="47.37825" lon="7.04941">
        <ele>757</ele>
        <time>2025-11-23T10:57:48+00:00</time>
      </trkpt>
      <trkpt lat="47.37825" lon="7.04937">
        <ele>759</ele>
        <time>2025-11-23T10:57:51+00:00</time>
      </trkpt>
      <trkpt lat="47.37828" lon="7.0493">
        <ele>760</ele>
        <time>2025-11-23T10:57:54+00:00</time>
      </trkpt>
      <trkpt lat="47.37829" lon="7.04925">
        <ele>760</ele>
        <time>2025-11-23T10:57:57+00:00</time>
      </trkpt>
      <trkpt lat="47.37829" lon="7.04924">
        <ele>760</ele>
        <time>2025-11-23T10:58:00+00:00</time>
      </trkpt>
      <trkpt lat="47.37831" lon="7.04919">
        <ele>765</ele>
        <time>2025-11-23T10:58:03+00:00</time>
      </trkpt>
      <trkpt lat="47.37833" lon="7.04917">
        <ele>765</ele>
        <time>2025-11-23T10:58:06+00:00</time>
      </trkpt>
      <trkpt lat="47.37834" lon="7.04904">
        <ele>767</ele>
        <time>2025-11-23T10:58:09+00:00</time>
      </trkpt>
      <trkpt lat="47.37835" lon="7.04894">
        <ele>768</ele>
        <time>2025-11-23T10:58:12+00:00</time>
      </trkpt>
      <trkpt lat="47.37835" lon="7.04887">
        <ele>768</ele>
        <time>2025-11-23T10:58:15+00:00</time>
      </trkpt>
      <trkpt lat="47.37833" lon="7.04873">
        <ele>768</ele>
        <time>2025-11-23T10:58:18+00:00</time>
      </trkpt>
      <trkpt lat="47.37831" lon="7.04862">
        <ele>768</ele>
        <time>2025-11-23T10:58:21+00:00</time>
      </trkpt>
      <trkpt lat="47.37828" lon="7.04857">
        <ele>770</ele>
        <time>2025-11-23T10:58:24+00:00</time>
      </trkpt>
      <trkpt lat="47.37824" lon="7.04842">
        <ele>770</ele>
        <time>2025-11-23T10:58:27+00:00</time>
      </trkpt>
      <trkpt lat="47.37824" lon="7.04836">
        <ele>769</ele>
        <time>2025-11-23T10:58:30+00:00</time>
      </trkpt>
      <trkpt lat="47.37826" lon="7.04831">
        <ele>769</ele>
        <time>2025-11-23T10:58:33+00:00</time>
      </trkpt>
      <trkpt lat="47.37826" lon="7.04824">
        <ele>770</ele>
        <time>2025-11-23T10:58:36+00:00</time>
      </trkpt>
      <trkpt lat="47.37827" lon="7.04821">
        <ele>770</ele>
        <time>2025-11-23T10:58:39+00:00</time>
      </trkpt>
      <trkpt lat="47.37828" lon="7.04808">
        <ele>766</ele>
        <time>2025-11-23T10:58:42+00:00</time>
      </trkpt>
      <trkpt lat="47.37827" lon="7.04804">
        <ele>771</ele>
        <time>2025-11-23T10:58:45+00:00</time>
      </trkpt>
      <trkpt lat="47.37827" lon="7.04805">
        <ele>771</ele>
        <time>2025-11-23T10:58:48+00:00</time>
      </trkpt>
      <trkpt lat="47.37826" lon="7.04803">
        <ele>771</ele>
        <time>2025-11-23T10:58:51+00:00</time>
      </trkpt>
      <trkpt lat="47.37826" lon="7.04794">
        <ele>772</ele>
        <time>2025-11-23T10:58:54+00:00</time>
      </trkpt>
      <trkpt lat="47.37827" lon="7.04785">
        <ele>767</ele>
        <time>2025-11-23T10:58:57+00:00</time>
      </trkpt>
      <trkpt lat="47.37826" lon="7.04783">
        <ele>767</ele>
        <time>2025-11-23T10:59:00+00:00</time>
      </trkpt>
      <trkpt lat="47.37827" lon="7.04776">
        <ele>765</ele>
        <time>2025-11-23T10:59:03+00:00</time>
      </trkpt>
      <trkpt lat="47.37827" lon="7.04773">
        <ele>763</ele>
        <time>2025-11-23T10:59:06+00:00</time>
      </trkpt>
      <trkpt lat="47.37827" lon="7.0477">
        <ele>763</ele>
        <time>2025-11-23T10:59:09+00:00</time>
      </trkpt>
      <trkpt lat="47.37829" lon="7.04768">
        <ele>763</ele>
        <time>2025-11-23T10:59:12+00:00</time>
      </trkpt>
      <trkpt lat="47.37831" lon="7.04764">
        <ele>768</ele>
        <time>2025-11-23T10:59:15+00:00</time>
      </trkpt>
      <trkpt lat="47.3783" lon="7.04761">
        <ele>763</ele>
        <time>2025-11-23T10:59:18+00:00</time>
      </trkpt>
      <trkpt lat="47.3783" lon="7.04748">
        <ele>765</ele>
        <time>2025-11-23T10:59:21+00:00</time>
      </trkpt>
      <trkpt lat="47.37831" lon="7.04739">
        <ele>773</ele>
        <time>2025-11-23T10:59:24+00:00</time>
      </trkpt>
      <trkpt lat="47.37832" lon="7.04734">
        <ele>773</ele>
        <time>2025-11-23T10:59:27+00:00</time>
      </trkpt>
      <trkpt lat="47.37836" lon="7.04728">
        <ele>773</ele>
        <time>2025-11-23T10:59:30+00:00</time>
      </trkpt>
      <trkpt lat="47.37835" lon="7.04723">
        <ele>773</ele>
        <time>2025-11-23T10:59:33+00:00</time>
      </trkpt>
      <trkpt lat="47.37836" lon="7.04716">
        <ele>773</ele>
        <time>2025-11-23T10:59:36+00:00</time>
      </trkpt>
      <trkpt lat="47.37838" lon="7.04713">
        <ele>773</ele>
        <time>2025-11-23T10:59:39+00:00</time>
      </trkpt>
      <trkpt lat="47.37842" lon="7.04709">
        <ele>777</ele>
        <time>2025-11-23T10:59:42+00:00</time>
      </trkpt>
      <trkpt lat="47.37844" lon="7.04711">
        <ele>778</ele>
        <time>2025-11-23T10:59:45+00:00</time>
      </trkpt>
      <trkpt lat="47.37845" lon="7.0471">
        <ele>778</ele>
        <time>2025-11-23T10:59:48+00:00</time>
      </trkpt>
      <trkpt lat="47.37847" lon="7.04711">
        <ele>778</ele>
        <time>2025-11-23T10:59:51+00:00</time>
      </trkpt>
      <trkpt lat="47.37851" lon="7.04725">
        <ele>783</ele>
        <time>2025-11-23T10:59:54+00:00</time>
      </trkpt>
      <trkpt lat="47.37852" lon="7.04726">
        <ele>783</ele>
        <time>2025-11-23T10:59:57+00:00</time>
      </trkpt>
      <trkpt lat="47.37854" lon="7.04727">
        <ele>783</ele>
        <time>2025-11-23T11:00:00+00:00</time>
      </trkpt>
      <trkpt lat="47.37857" lon="7.04726">
        <ele>783</ele>
        <time>2025-11-23T11:00:03+00:00</time>
      </trkpt>
      <trkpt lat="47.37862" lon="7.04728">
        <ele>784</ele>
        <time>2025-11-23T11:00:06+00:00</time>
      </trkpt>
      <trkpt lat="47.37867" lon="7.04729">
        <ele>784</ele>
        <time>2025-11-23T11:00:09+00:00</time>
      </trkpt>
      <trkpt lat="47.37871" lon="7.04731">
        <ele>783</ele>
        <time>2025-11-23T11:00:12+00:00</time>
      </trkpt>
      <trkpt lat="47.37872" lon="7.04734">
        <ele>785</ele>
        <time>2025-11-23T11:00:15+00:00</time>
      </trkpt>
      <trkpt lat="47.37873" lon="7.04742">
        <ele>784</ele>
        <time>2025-11-23T11:00:18+00:00</time>
      </trkpt>
      <trkpt lat="47.37873" lon="7.04751">
        <ele>783</ele>
        <time>2025-11-23T11:00:21+00:00</time>
      </trkpt>
      <trkpt lat="47.37874" lon="7.04758">
        <ele>783</ele>
        <time>2025-11-23T11:00:24+00:00</time>
      </trkpt>
      <trkpt lat="47.37874" lon="7.04762">
        <ele>782</ele>
        <time>2025-11-23T11:00:27+00:00</time>
      </trkpt>
      <trkpt lat="47.37875" lon="7.0477">
        <ele>781</ele>
        <time>2025-11-23T11:00:30+00:00</time>
      </trkpt>
      <trkpt lat="47.37876" lon="7.04774">
        <ele>781</ele>
        <time>2025-11-23T11:00:33+00:00</time>
      </trkpt>
      <trkpt lat="47.37877" lon="7.04783">
        <ele>781</ele>
        <time>2025-11-23T11:00:36+00:00</time>
      </trkpt>
      <trkpt lat="47.37878" lon="7.0479">
        <ele>781</ele>
        <time>2025-11-23T11:00:39+00:00</time>
      </trkpt>
      <trkpt lat="47.37881" lon="7.04796">
        <ele>780</ele>
        <time>2025-11-23T11:00:42+00:00</time>
      </trkpt>
      <trkpt lat="47.3788" lon="7.04801">
        <ele>779</ele>
        <time>2025-11-23T11:00:45+00:00</time>
      </trkpt>
      <trkpt lat="47.37881" lon="7.04812">
        <ele>778</ele>
        <time>2025-11-23T11:00:48+00:00</time>
      </trkpt>
      <trkpt lat="47.37882" lon="7.04813">
        <ele>778</ele>
        <time>2025-11-23T11:00:51+00:00</time>
      </trkpt>
      <trkpt lat="47.37883" lon="7.0482">
        <ele>778</ele>
        <time>2025-11-23T11:00:54+00:00</time>
      </trkpt>
      <trkpt lat="47.37886" lon="7.04825">
        <ele>777</ele>
        <time>2025-11-23T11:00:57+00:00</time>
      </trkpt>
      <trkpt lat="47.37884" lon="7.04832">
        <ele>777</ele>
        <time>2025-11-23T11:01:00+00:00</time>
      </trkpt>
      <trkpt lat="47.37881" lon="7.04841">
        <ele>777</ele>
        <time>2025-11-23T11:01:03+00:00</time>
      </trkpt>
      <trkpt lat="47.3788" lon="7.04844">
        <ele>777</ele>
        <time>2025-11-23T11:01:06+00:00</time>
      </trkpt>
      <trkpt lat="47.37883" lon="7.04862">
        <ele>777</ele>
        <time>2025-11-23T11:01:09+00:00</time>
      </trkpt>
      <trkpt lat="47.3788" lon="7.0487">
        <ele>776</ele>
        <time>2025-11-23T11:01:12+00:00</time>
      </trkpt>
      <trkpt lat="47.37879" lon="7.04872">
        <ele>776</ele>
        <time>2025-11-23T11:01:15+00:00</time>
      </trkpt>
      <trkpt lat="47.37876" lon="7.04879">
        <ele>776</ele>
        <time>2025-11-23T11:01:18+00:00</time>
      </trkpt>
      <trkpt lat="47.37877" lon="7.04888">
        <ele>775</ele>
        <time>2025-11-23T11:01:21+00:00</time>
      </trkpt>
      <trkpt lat="47.37878" lon="7.04896">
        <ele>775</ele>
        <time>2025-11-23T11:01:24+00:00</time>
      </trkpt>
      <trkpt lat="47.37878" lon="7.04895">
        <ele>775</ele>
        <time>2025-11-23T11:01:27+00:00</time>
      </trkpt>
      <trkpt lat="47.37879" lon="7.04895">
        <ele>775</ele>
        <time>2025-11-23T11:01:30+00:00</time>
      </trkpt>
      <trkpt lat="47.37879" lon="7.04905">
        <ele>774</ele>
        <time>2025-11-23T11:01:33+00:00</time>
      </trkpt>
      <trkpt lat="47.37881" lon="7.04914">
        <ele>773</ele>
        <time>2025-11-23T11:01:36+00:00</time>
      </trkpt>
      <trkpt lat="47.37878" lon="7.04926">
        <ele>772</ele>
        <time>2025-11-23T11:01:39+00:00</time>
      </trkpt>
      <trkpt lat="47.37878" lon="7.04934">
        <ele>770</ele>
        <time>2025-11-23T11:01:42+00:00</time>
      </trkpt>
      <trkpt lat="47.3788" lon="7.04939">
        <ele>770</ele>
        <time>2025-11-23T11:01:45+00:00</time>
      </trkpt>
      <trkpt lat="47.37881" lon="7.04944">
        <ele>770</ele>
        <time>2025-11-23T11:01:48+00:00</time>
      </trkpt>
      <trkpt lat="47.37881" lon="7.04948">
        <ele>770</ele>
        <time>2025-11-23T11:01:51+00:00</time>
      </trkpt>
      <trkpt lat="47.37882" lon="7.04955">
        <ele>769</ele>
        <time>2025-11-23T11:01:54+00:00</time>
      </trkpt>
      <trkpt lat="47.37885" lon="7.04964">
        <ele>768</ele>
        <time>2025-11-23T11:01:57+00:00</time>
      </trkpt>
      <trkpt lat="47.37888" lon="7.04969">
        <ele>768</ele>
        <time>2025-11-23T11:02:00+00:00</time>
      </trkpt>
      <trkpt lat="47.3789" lon="7.04986">
        <ele>765</ele>
        <time>2025-11-23T11:02:03+00:00</time>
      </trkpt>
      <trkpt lat="47.37891" lon="7.04997">
        <ele>763</ele>
        <time>2025-11-23T11:02:06+00:00</time>
      </trkpt>
      <trkpt lat="47.37892" lon="7.05007">
        <ele>762</ele>
        <time>2025-11-23T11:02:09+00:00</time>
      </trkpt>
      <trkpt lat="47.37891" lon="7.05009">
        <ele>762</ele>
        <time>2025-11-23T11:02:12+00:00</time>
      </trkpt>
      <trkpt lat="47.37892" lon="7.05013">
        <ele>761</ele>
        <time>2025-11-23T11:02:15+00:00</time>
      </trkpt>
      <trkpt lat="47.37895" lon="7.05017">
        <ele>761</ele>
        <time>2025-11-23T11:02:18+00:00</time>
      </trkpt>
      <trkpt lat="47.37896" lon="7.05032">
        <ele>760</ele>
        <time>2025-11-23T11:02:21+00:00</time>
      </trkpt>
      <trkpt lat="47.379" lon="7.05046">
        <ele>760</ele>
        <time>2025-11-23T11:02:24+00:00</time>
      </trkpt>
      <trkpt lat="47.37904" lon="7.05056">
        <ele>757</ele>
        <time>2025-11-23T11:02:27+00:00</time>
      </trkpt>
      <trkpt lat="47.37905" lon="7.05067">
        <ele>757</ele>
        <time>2025-11-23T11:02:30+00:00</time>
      </trkpt>
      <trkpt lat="47.37913" lon="7.05071">
        <ele>756</ele>
        <time>2025-11-23T11:02:33+00:00</time>
      </trkpt>
      <trkpt lat="47.37922" lon="7.05088">
        <ele>754</ele>
        <time>2025-11-23T11:02:36+00:00</time>
      </trkpt>
      <trkpt lat="47.37926" lon="7.05098">
        <ele>754</ele>
        <time>2025-11-23T11:02:39+00:00</time>
      </trkpt>
      <trkpt lat="47.37927" lon="7.051">
        <ele>754</ele>
        <time>2025-11-23T11:02:42+00:00</time>
      </trkpt>
      <trkpt lat="47.37928" lon="7.05102">
        <ele>753</ele>
        <time>2025-11-23T11:02:45+00:00</time>
      </trkpt>
      <trkpt lat="47.37927" lon="7.05106">
        <ele>753</ele>
        <time>2025-11-23T11:02:48+00:00</time>
      </trkpt>
      <trkpt lat="47.37927" lon="7.05113">
        <ele>751</ele>
        <time>2025-11-23T11:02:51+00:00</time>
      </trkpt>
      <trkpt lat="47.37929" lon="7.05117">
        <ele>751</ele>
        <time>2025-11-23T11:02:54+00:00</time>
      </trkpt>
      <trkpt lat="47.37931" lon="7.05131">
        <ele>747</ele>
        <time>2025-11-23T11:02:57+00:00</time>
      </trkpt>
      <trkpt lat="47.37931" lon="7.05137">
        <ele>747</ele>
        <time>2025-11-23T11:03:00+00:00</time>
      </trkpt>
      <trkpt lat="47.37927" lon="7.05144">
        <ele>746</ele>
        <time>2025-11-23T11:03:03+00:00</time>
      </trkpt>
      <trkpt lat="47.37922" lon="7.05155">
        <ele>745</ele>
        <time>2025-11-23T11:03:06+00:00</time>
      </trkpt>
      <trkpt lat="47.37921" lon="7.05173">
        <ele>743</ele>
        <time>2025-11-23T11:03:09+00:00</time>
      </trkpt>
      <trkpt lat="47.37921" lon="7.05178">
        <ele>743</ele>
        <time>2025-11-23T11:03:12+00:00</time>
      </trkpt>
      <trkpt lat="47.37929" lon="7.05189">
        <ele>741</ele>
        <time>2025-11-23T11:03:15+00:00</time>
      </trkpt>
      <trkpt lat="47.37931" lon="7.05191">
        <ele>738</ele>
        <time>2025-11-23T11:03:18+00:00</time>
      </trkpt>
      <trkpt lat="47.37938" lon="7.0519">
        <ele>738</ele>
        <time>2025-11-23T11:03:21+00:00</time>
      </trkpt>
      <trkpt lat="47.37944" lon="7.05195">
        <ele>736</ele>
        <time>2025-11-23T11:03:24+00:00</time>
      </trkpt>
      <trkpt lat="47.37953" lon="7.05183">
        <ele>737</ele>
        <time>2025-11-23T11:03:27+00:00</time>
      </trkpt>
      <trkpt lat="47.37965" lon="7.05174">
        <ele>737</ele>
        <time>2025-11-23T11:03:30+00:00</time>
      </trkpt>
      <trkpt lat="47.3798" lon="7.05162">
        <ele>737</ele>
        <time>2025-11-23T11:03:33+00:00</time>
      </trkpt>
      <trkpt lat="47.37994" lon="7.0515">
        <ele>735</ele>
        <time>2025-11-23T11:03:36+00:00</time>
      </trkpt>
      <trkpt lat="47.38012" lon="7.05132">
        <ele>737</ele>
        <time>2025-11-23T11:03:39+00:00</time>
      </trkpt>
      <trkpt lat="47.38032" lon="7.05115">
        <ele>737</ele>
        <time>2025-11-23T11:03:42+00:00</time>
      </trkpt>
      <trkpt lat="47.38052" lon="7.05092">
        <ele>738</ele>
        <time>2025-11-23T11:03:45+00:00</time>
      </trkpt>
      <trkpt lat="47.38068" lon="7.0507">
        <ele>739</ele>
        <time>2025-11-23T11:03:48+00:00</time>
      </trkpt>
      <trkpt lat="47.38078" lon="7.05055">
        <ele>738</ele>
        <time>2025-11-23T11:03:51+00:00</time>
      </trkpt>
      <trkpt lat="47.38078" lon="7.05046">
        <ele>739</ele>
        <time>2025-11-23T11:03:54+00:00</time>
      </trkpt>
      <trkpt lat="47.38078" lon="7.05035">
        <ele>739</ele>
        <time>2025-11-23T11:03:57+00:00</time>
      </trkpt>
      <trkpt lat="47.38078" lon="7.05017">
        <ele>741</ele>
        <time>2025-11-23T11:04:00+00:00</time>
      </trkpt>
      <trkpt lat="47.38077" lon="7.05015">
        <ele>741</ele>
        <time>2025-11-23T11:04:03+00:00</time>
      </trkpt>
      <trkpt lat="47.38078" lon="7.04988">
        <ele>740</ele>
        <time>2025-11-23T11:04:06+00:00</time>
      </trkpt>
      <trkpt lat="47.3808" lon="7.04959">
        <ele>740</ele>
        <time>2025-11-23T11:04:09+00:00</time>
      </trkpt>
      <trkpt lat="47.3808" lon="7.04913">
        <ele>741</ele>
        <time>2025-11-23T11:04:12+00:00</time>
      </trkpt>
      <trkpt lat="47.38081" lon="7.04874">
        <ele>741</ele>
        <time>2025-11-23T11:04:15+00:00</time>
      </trkpt>
      <trkpt lat="47.38079" lon="7.0486">
        <ele>743</ele>
        <time>2025-11-23T11:04:18+00:00</time>
      </trkpt>
      <trkpt lat="47.38077" lon="7.04843">
        <ele>740</ele>
        <time>2025-11-23T11:04:21+00:00</time>
      </trkpt>
      <trkpt lat="47.38077" lon="7.04819">
        <ele>740</ele>
        <time>2025-11-23T11:04:24+00:00</time>
      </trkpt>
      <trkpt lat="47.38078" lon="7.04801">
        <ele>740</ele>
        <time>2025-11-23T11:04:27+00:00</time>
      </trkpt>
      <trkpt lat="47.38079" lon="7.04757">
        <ele>728</ele>
        <time>2025-11-23T11:04:30+00:00</time>
      </trkpt>
      <trkpt lat="47.3808" lon="7.0473">
        <ele>727</ele>
        <time>2025-11-23T11:04:33+00:00</time>
      </trkpt>
      <trkpt lat="47.38081" lon="7.04707">
        <ele>724</ele>
        <time>2025-11-23T11:04:36+00:00</time>
      </trkpt>
      <trkpt lat="47.38083" lon="7.04699">
        <ele>727</ele>
        <time>2025-11-23T11:04:39+00:00</time>
      </trkpt>
      <trkpt lat="47.38081" lon="7.04676">
        <ele>732</ele>
        <time>2025-11-23T11:04:42+00:00</time>
      </trkpt>
      <trkpt lat="47.3808" lon="7.04653">
        <ele>734</ele>
        <time>2025-11-23T11:04:45+00:00</time>
      </trkpt>
      <trkpt lat="47.3808" lon="7.04628">
        <ele>736</ele>
        <time>2025-11-23T11:04:48+00:00</time>
      </trkpt>
      <trkpt lat="47.38079" lon="7.04586">
        <ele>735</ele>
        <time>2025-11-23T11:04:51+00:00</time>
      </trkpt>
      <trkpt lat="47.38077" lon="7.04557">
        <ele>735</ele>
        <time>2025-11-23T11:04:54+00:00</time>
      </trkpt>
      <trkpt lat="47.38075" lon="7.04535">
        <ele>731</ele>
        <time>2025-11-23T11:04:57+00:00</time>
      </trkpt>
      <trkpt lat="47.38075" lon="7.0451">
        <ele>724</ele>
        <time>2025-11-23T11:05:00+00:00</time>
      </trkpt>
      <trkpt lat="47.38073" lon="7.04479">
        <ele>721</ele>
        <time>2025-11-23T11:05:03+00:00</time>
      </trkpt>
      <trkpt lat="47.38074" lon="7.04471">
        <ele>721</ele>
        <time>2025-11-23T11:05:06+00:00</time>
      </trkpt>
      <trkpt lat="47.38071" lon="7.04415">
        <ele>720</ele>
        <time>2025-11-23T11:05:09+00:00</time>
      </trkpt>
      <trkpt lat="47.38068" lon="7.04355">
        <ele>721</ele>
        <time>2025-11-23T11:05:12+00:00</time>
      </trkpt>
      <trkpt lat="47.38066" lon="7.04298">
        <ele>722</ele>
        <time>2025-11-23T11:05:15+00:00</time>
      </trkpt>
      <trkpt lat="47.38062" lon="7.04239">
        <ele>730</ele>
        <time>2025-11-23T11:05:18+00:00</time>
      </trkpt>
      <trkpt lat="47.38063" lon="7.04224">
        <ele>730</ele>
        <time>2025-11-23T11:05:21+00:00</time>
      </trkpt>
      <trkpt lat="47.38061" lon="7.04195">
        <ele>729</ele>
        <time>2025-11-23T11:05:24+00:00</time>
      </trkpt>
      <trkpt lat="47.38064" lon="7.04178">
        <ele>730</ele>
        <time>2025-11-23T11:05:27+00:00</time>
      </trkpt>
      <trkpt lat="47.38065" lon="7.04148">
        <ele>729</ele>
        <time>2025-11-23T11:05:30+00:00</time>
      </trkpt>
      <trkpt lat="47.38067" lon="7.04112">
        <ele>728</ele>
        <time>2025-11-23T11:05:33+00:00</time>
      </trkpt>
      <trkpt lat="47.38072" lon="7.04082">
        <ele>728</ele>
        <time>2025-11-23T11:05:36+00:00</time>
      </trkpt>
      <trkpt lat="47.38072" lon="7.04055">
        <ele>728</ele>
        <time>2025-11-23T11:05:39+00:00</time>
      </trkpt>
      <trkpt lat="47.38074" lon="7.04033">
        <ele>727</ele>
        <time>2025-11-23T11:05:42+00:00</time>
      </trkpt>
      <trkpt lat="47.38075" lon="7.04023">
        <ele>728</ele>
        <time>2025-11-23T11:05:45+00:00</time>
      </trkpt>
      <trkpt lat="47.38077" lon="7.0401">
        <ele>729</ele>
        <time>2025-11-23T11:05:48+00:00</time>
      </trkpt>
      <trkpt lat="47.38076" lon="7.03982">
        <ele>726</ele>
        <time>2025-11-23T11:05:51+00:00</time>
      </trkpt>
      <trkpt lat="47.38078" lon="7.03951">
        <ele>727</ele>
        <time>2025-11-23T11:05:54+00:00</time>
      </trkpt>
      <trkpt lat="47.38078" lon="7.0393">
        <ele>729</ele>
        <time>2025-11-23T11:05:57+00:00</time>
      </trkpt>
      <trkpt lat="47.38075" lon="7.03884">
        <ele>726</ele>
        <time>2025-11-23T11:06:00+00:00</time>
      </trkpt>
      <trkpt lat="47.38071" lon="7.03859">
        <ele>725</ele>
        <time>2025-11-23T11:06:03+00:00</time>
      </trkpt>
      <trkpt lat="47.3807" lon="7.03843">
        <ele>726</ele>
        <time>2025-11-23T11:06:06+00:00</time>
      </trkpt>
      <trkpt lat="47.38068" lon="7.03828">
        <ele>726</ele>
        <time>2025-11-23T11:06:09+00:00</time>
      </trkpt>
      <trkpt lat="47.38066" lon="7.03798">
        <ele>724</ele>
        <time>2025-11-23T11:06:12+00:00</time>
      </trkpt>
      <trkpt lat="47.38064" lon="7.03783">
        <ele>723</ele>
        <time>2025-11-23T11:06:15+00:00</time>
      </trkpt>
      <trkpt lat="47.38063" lon="7.03771">
        <ele>722</ele>
        <time>2025-11-23T11:06:18+00:00</time>
      </trkpt>
      <trkpt lat="47.38063" lon="7.03742">
        <ele>718</ele>
        <time>2025-11-23T11:06:21+00:00</time>
      </trkpt>
      <trkpt lat="47.38061" lon="7.03735">
        <ele>717</ele>
        <time>2025-11-23T11:06:24+00:00</time>
      </trkpt>
      <trkpt lat="47.38062" lon="7.0373">
        <ele>716</ele>
        <time>2025-11-23T11:06:27+00:00</time>
      </trkpt>
      <trkpt lat="47.38062" lon="7.03729">
        <ele>716</ele>
        <time>2025-11-23T11:06:30+00:00</time>
      </trkpt>
      <trkpt lat="47.38061" lon="7.03726">
        <ele>716</ele>
        <time>2025-11-23T11:06:33+00:00</time>
      </trkpt>
      <trkpt lat="47.38063" lon="7.0372">
        <ele>716</ele>
        <time>2025-11-23T11:06:36+00:00</time>
      </trkpt>
      <trkpt lat="47.38064" lon="7.03712">
        <ele>716</ele>
        <time>2025-11-23T11:06:39+00:00</time>
      </trkpt>
      <trkpt lat="47.38065" lon="7.037">
        <ele>714</ele>
        <time>2025-11-23T11:06:42+00:00</time>
      </trkpt>
      <trkpt lat="47.38066" lon="7.0367">
        <ele>713</ele>
        <time>2025-11-23T11:06:45+00:00</time>
      </trkpt>
      <trkpt lat="47.38067" lon="7.03663">
        <ele>711</ele>
        <time>2025-11-23T11:06:48+00:00</time>
      </trkpt>
      <trkpt lat="47.38066" lon="7.03656">
        <ele>710</ele>
        <time>2025-11-23T11:06:51+00:00</time>
      </trkpt>
      <trkpt lat="47.38063" lon="7.03645">
        <ele>708</ele>
        <time>2025-11-23T11:06:54+00:00</time>
      </trkpt>
      <trkpt lat="47.38058" lon="7.03637">
        <ele>708</ele>
        <time>2025-11-23T11:06:57+00:00</time>
      </trkpt>
      <trkpt lat="47.3805" lon="7.03623">
        <ele>705</ele>
        <time>2025-11-23T11:07:00+00:00</time>
      </trkpt>
      <trkpt lat="47.38048" lon="7.03622">
        <ele>705</ele>
        <time>2025-11-23T11:07:03+00:00</time>
      </trkpt>
      <trkpt lat="47.3804" lon="7.03613">
        <ele>703</ele>
        <time>2025-11-23T11:07:06+00:00</time>
      </trkpt>
      <trkpt lat="47.38033" lon="7.03608">
        <ele>701</ele>
        <time>2025-11-23T11:07:09+00:00</time>
      </trkpt>
      <trkpt lat="47.38032" lon="7.03602">
        <ele>701</ele>
        <time>2025-11-23T11:07:12+00:00</time>
      </trkpt>
      <trkpt lat="47.38028" lon="7.03597">
        <ele>700</ele>
        <time>2025-11-23T11:07:15+00:00</time>
      </trkpt>
      <trkpt lat="47.38018" lon="7.03587">
        <ele>701</ele>
        <time>2025-11-23T11:07:18+00:00</time>
      </trkpt>
      <trkpt lat="47.38015" lon="7.03584">
        <ele>699</ele>
        <time>2025-11-23T11:07:21+00:00</time>
      </trkpt>
      <trkpt lat="47.38011" lon="7.0358">
        <ele>699</ele>
        <time>2025-11-23T11:07:24+00:00</time>
      </trkpt>
      <trkpt lat="47.38003" lon="7.03571">
        <ele>700</ele>
        <time>2025-11-23T11:07:27+00:00</time>
      </trkpt>
      <trkpt lat="47.37997" lon="7.03566">
        <ele>698</ele>
        <time>2025-11-23T11:07:30+00:00</time>
      </trkpt>
      <trkpt lat="47.37989" lon="7.03556">
        <ele>697</ele>
        <time>2025-11-23T11:07:33+00:00</time>
      </trkpt>
      <trkpt lat="47.3798" lon="7.03549">
        <ele>695</ele>
        <time>2025-11-23T11:07:36+00:00</time>
      </trkpt>
      <trkpt lat="47.37973" lon="7.03539">
        <ele>693</ele>
        <time>2025-11-23T11:07:39+00:00</time>
      </trkpt>
      <trkpt lat="47.37967" lon="7.03532">
        <ele>694</ele>
        <time>2025-11-23T11:07:42+00:00</time>
      </trkpt>
      <trkpt lat="47.37956" lon="7.03517">
        <ele>689</ele>
        <time>2025-11-23T11:07:45+00:00</time>
      </trkpt>
      <trkpt lat="47.37941" lon="7.03501">
        <ele>687</ele>
        <time>2025-11-23T11:07:48+00:00</time>
      </trkpt>
      <trkpt lat="47.37933" lon="7.0349">
        <ele>685</ele>
        <time>2025-11-23T11:07:51+00:00</time>
      </trkpt>
      <trkpt lat="47.37927" lon="7.03483">
        <ele>682</ele>
        <time>2025-11-23T11:07:54+00:00</time>
      </trkpt>
      <trkpt lat="47.37921" lon="7.03474">
        <ele>681</ele>
        <time>2025-11-23T11:07:57+00:00</time>
      </trkpt>
      <trkpt lat="47.37908" lon="7.03475">
        <ele>682</ele>
        <time>2025-11-23T11:08:00+00:00</time>
      </trkpt>
      <trkpt lat="47.37902" lon="7.03485">
        <ele>677</ele>
        <time>2025-11-23T11:08:03+00:00</time>
      </trkpt>
      <trkpt lat="47.37894" lon="7.03503">
        <ele>679</ele>
        <time>2025-11-23T11:08:06+00:00</time>
      </trkpt>
      <trkpt lat="47.37886" lon="7.03561">
        <ele>677</ele>
        <time>2025-11-23T11:08:09+00:00</time>
      </trkpt>
      <trkpt lat="47.37878" lon="7.03603">
        <ele>674</ele>
        <time>2025-11-23T11:08:12+00:00</time>
      </trkpt>
      <trkpt lat="47.37874" lon="7.03631">
        <ele>671</ele>
        <time>2025-11-23T11:08:15+00:00</time>
      </trkpt>
      <trkpt lat="47.37865" lon="7.03667">
        <ele>662</ele>
        <time>2025-11-23T11:08:18+00:00</time>
      </trkpt>
      <trkpt lat="47.37856" lon="7.03713">
        <ele>662</ele>
        <time>2025-11-23T11:08:21+00:00</time>
      </trkpt>
      <trkpt lat="47.37853" lon="7.03722">
        <ele>655</ele>
        <time>2025-11-23T11:08:24+00:00</time>
      </trkpt>
      <trkpt lat="47.37847" lon="7.03729">
        <ele>662</ele>
        <time>2025-11-23T11:08:27+00:00</time>
      </trkpt>
      <trkpt lat="47.37842" lon="7.03729">
        <ele>662</ele>
        <time>2025-11-23T11:08:30+00:00</time>
      </trkpt>
      <trkpt lat="47.3784" lon="7.03667">
        <ele>661</ele>
        <time>2025-11-23T11:08:33+00:00</time>
      </trkpt>
      <trkpt lat="47.37836" lon="7.03615">
        <ele>660</ele>
        <time>2025-11-23T11:08:36+00:00</time>
      </trkpt>
      <trkpt lat="47.37833" lon="7.03574">
        <ele>653</ele>
        <time>2025-11-23T11:08:39+00:00</time>
      </trkpt>
      <trkpt lat="47.3783" lon="7.03525">
        <ele>653</ele>
        <time>2025-11-23T11:08:42+00:00</time>
      </trkpt>
      <trkpt lat="47.37828" lon="7.03479">
        <ele>653</ele>
        <time>2025-11-23T11:08:45+00:00</time>
      </trkpt>
      <trkpt lat="47.37828" lon="7.03444">
        <ele>653</ele>
        <time>2025-11-23T11:08:48+00:00</time>
      </trkpt>
      <trkpt lat="47.37829" lon="7.03421">
        <ele>652</ele>
        <time>2025-11-23T11:08:51+00:00</time>
      </trkpt>
      <trkpt lat="47.37827" lon="7.03391">
        <ele>650</ele>
        <time>2025-11-23T11:08:54+00:00</time>
      </trkpt>
      <trkpt lat="47.3783" lon="7.03366">
        <ele>648</ele>
        <time>2025-11-23T11:08:57+00:00</time>
      </trkpt>
      <trkpt lat="47.3783" lon="7.0335">
        <ele>634</ele>
        <time>2025-11-23T11:09:00+00:00</time>
      </trkpt>
      <trkpt lat="47.37832" lon="7.03329">
        <ele>629</ele>
        <time>2025-11-23T11:09:03+00:00</time>
      </trkpt>
      <trkpt lat="47.37836" lon="7.03292">
        <ele>626</ele>
        <time>2025-11-23T11:09:06+00:00</time>
      </trkpt>
      <trkpt lat="47.37847" lon="7.03255">
        <ele>611</ele>
        <time>2025-11-23T11:09:09+00:00</time>
      </trkpt>
      <trkpt lat="47.37862" lon="7.03231">
        <ele>606</ele>
        <time>2025-11-23T11:09:12+00:00</time>
      </trkpt>
      <trkpt lat="47.37874" lon="7.03224">
        <ele>605</ele>
        <time>2025-11-23T11:09:15+00:00</time>
      </trkpt>
      <trkpt lat="47.3787" lon="7.03208">
        <ele>606</ele>
        <time>2025-11-23T11:09:18+00:00</time>
      </trkpt>
      <trkpt lat="47.37872" lon="7.03193">
        <ele>609</ele>
        <time>2025-11-23T11:09:21+00:00</time>
      </trkpt>
      <trkpt lat="47.37882" lon="7.03177">
        <ele>603</ele>
        <time>2025-11-23T11:09:24+00:00</time>
      </trkpt>
      <trkpt lat="47.37918" lon="7.03155">
        <ele>600</ele>
        <time>2025-11-23T11:09:27+00:00</time>
      </trkpt>
      <trkpt lat="47.37926" lon="7.03143">
        <ele>599</ele>
        <time>2025-11-23T11:09:30+00:00</time>
      </trkpt>
      <trkpt lat="47.37929" lon="7.03123">
        <ele>600</ele>
        <time>2025-11-23T11:09:33+00:00</time>
      </trkpt>
      <trkpt lat="47.37925" lon="7.03078">
        <ele>597</ele>
        <time>2025-11-23T11:09:36+00:00</time>
      </trkpt>
      <trkpt lat="47.3793" lon="7.03063">
        <ele>594</ele>
        <time>2025-11-23T11:09:39+00:00</time>
      </trkpt>
      <trkpt lat="47.37941" lon="7.03054">
        <ele>595</ele>
        <time>2025-11-23T11:09:42+00:00</time>
      </trkpt>
      <trkpt lat="47.37956" lon="7.03041">
        <ele>593</ele>
        <time>2025-11-23T11:09:45+00:00</time>
      </trkpt>
      <trkpt lat="47.37974" lon="7.03024">
        <ele>594</ele>
        <time>2025-11-23T11:09:48+00:00</time>
      </trkpt>
      <trkpt lat="47.37985" lon="7.03005">
        <ele>593</ele>
        <time>2025-11-23T11:09:51+00:00</time>
      </trkpt>
      <trkpt lat="47.37996" lon="7.02988">
        <ele>597</ele>
        <time>2025-11-23T11:09:54+00:00</time>
      </trkpt>
      <trkpt lat="47.38006" lon="7.02972">
        <ele>588</ele>
        <time>2025-11-23T11:09:57+00:00</time>
      </trkpt>
      <trkpt lat="47.3799" lon="7.02967">
        <ele>601</ele>
        <time>2025-11-23T11:10:00+00:00</time>
      </trkpt>
      <trkpt lat="47.37978" lon="7.0296">
        <ele>608</ele>
        <time>2025-11-23T11:10:03+00:00</time>
      </trkpt>
      <trkpt lat="47.37958" lon="7.02948">
        <ele>616</ele>
        <time>2025-11-23T11:10:06+00:00</time>
      </trkpt>
      <trkpt lat="47.37948" lon="7.02936">
        <ele>622</ele>
        <time>2025-11-23T11:10:09+00:00</time>
      </trkpt>
      <trkpt lat="47.37945" lon="7.0293">
        <ele>622</ele>
        <time>2025-11-23T11:10:12+00:00</time>
      </trkpt>
      <trkpt lat="47.37939" lon="7.02922">
        <ele>620</ele>
        <time>2025-11-23T11:10:15+00:00</time>
      </trkpt>
      <trkpt lat="47.37932" lon="7.02898">
        <ele>621</ele>
        <time>2025-11-23T11:10:18+00:00</time>
      </trkpt>
      <trkpt lat="47.37929" lon="7.02881">
        <ele>620</ele>
        <time>2025-11-23T11:10:21+00:00</time>
      </trkpt>
      <trkpt lat="47.37925" lon="7.02855">
        <ele>620</ele>
        <time>2025-11-23T11:10:24+00:00</time>
      </trkpt>
      <trkpt lat="47.37922" lon="7.0282">
        <ele>624</ele>
        <time>2025-11-23T11:10:27+00:00</time>
      </trkpt>
      <trkpt lat="47.37925" lon="7.02792">
        <ele>626</ele>
        <time>2025-11-23T11:10:30+00:00</time>
      </trkpt>
      <trkpt lat="47.3793" lon="7.02766">
        <ele>626</ele>
        <time>2025-11-23T11:10:33+00:00</time>
      </trkpt>
      <trkpt lat="47.37933" lon="7.02733">
        <ele>626</ele>
        <time>2025-11-23T11:10:36+00:00</time>
      </trkpt>
      <trkpt lat="47.3794" lon="7.02705">
        <ele>626</ele>
        <time>2025-11-23T11:10:39+00:00</time>
      </trkpt>
      <trkpt lat="47.37935" lon="7.02667">
        <ele>626</ele>
        <time>2025-11-23T11:10:42+00:00</time>
      </trkpt>
      <trkpt lat="47.37935" lon="7.02625">
        <ele>626</ele>
        <time>2025-11-23T11:10:45+00:00</time>
      </trkpt>
      <trkpt lat="47.37948" lon="7.02584">
        <ele>629</ele>
        <time>2025-11-23T11:10:48+00:00</time>
      </trkpt>
      <trkpt lat="47.3796" lon="7.02554">
        <ele>629</ele>
        <time>2025-11-23T11:10:51+00:00</time>
      </trkpt>
      <trkpt lat="47.3797" lon="7.02538">
        <ele>631</ele>
        <time>2025-11-23T11:10:54+00:00</time>
      </trkpt>
      <trkpt lat="47.37981" lon="7.0253">
        <ele>627</ele>
        <time>2025-11-23T11:10:57+00:00</time>
      </trkpt>
      <trkpt lat="47.37991" lon="7.02512">
        <ele>625</ele>
        <time>2025-11-23T11:11:00+00:00</time>
      </trkpt>
      <trkpt lat="47.37995" lon="7.02508">
        <ele>626</ele>
        <time>2025-11-23T11:11:03+00:00</time>
      </trkpt>
      <trkpt lat="47.38003" lon="7.02482">
        <ele>626</ele>
        <time>2025-11-23T11:11:06+00:00</time>
      </trkpt>
      <trkpt lat="47.38011" lon="7.02475">
        <ele>622</ele>
        <time>2025-11-23T11:11:09+00:00</time>
      </trkpt>
      <trkpt lat="47.38037" lon="7.02467">
        <ele>626</ele>
        <time>2025-11-23T11:11:12+00:00</time>
      </trkpt>
      <trkpt lat="47.38074" lon="7.02468">
        <ele>610</ele>
        <time>2025-11-23T11:11:15+00:00</time>
      </trkpt>
      <trkpt lat="47.38118" lon="7.02477">
        <ele>608</ele>
        <time>2025-11-23T11:11:18+00:00</time>
      </trkpt>
      <trkpt lat="47.38151" lon="7.02484">
        <ele>606</ele>
        <time>2025-11-23T11:11:21+00:00</time>
      </trkpt>
      <trkpt lat="47.38172" lon="7.02503">
        <ele>602</ele>
        <time>2025-11-23T11:11:24+00:00</time>
      </trkpt>
      <trkpt lat="47.38205" lon="7.02533">
        <ele>602</ele>
        <time>2025-11-23T11:11:27+00:00</time>
      </trkpt>
      <trkpt lat="47.38233" lon="7.02552">
        <ele>603</ele>
        <time>2025-11-23T11:11:30+00:00</time>
      </trkpt>
      <trkpt lat="47.38263" lon="7.02567">
        <ele>597</ele>
        <time>2025-11-23T11:11:33+00:00</time>
      </trkpt>
      <trkpt lat="47.38276" lon="7.02581">
        <ele>595</ele>
        <time>2025-11-23T11:11:36+00:00</time>
      </trkpt>
      <trkpt lat="47.38283" lon="7.02598">
        <ele>592</ele>
        <time>2025-11-23T11:11:39+00:00</time>
      </trkpt>
      <trkpt lat="47.38285" lon="7.026">
        <ele>592</ele>
        <time>2025-11-23T11:11:42+00:00</time>
      </trkpt>
      <trkpt lat="47.38294" lon="7.02626">
        <ele>593</ele>
        <time>2025-11-23T11:11:45+00:00</time>
      </trkpt>
      <trkpt lat="47.38299" lon="7.02611">
        <ele>583</ele>
        <time>2025-11-23T11:11:48+00:00</time>
      </trkpt>
      <trkpt lat="47.38314" lon="7.02605">
        <ele>591</ele>
        <time>2025-11-23T11:11:51+00:00</time>
      </trkpt>
      <trkpt lat="47.38329" lon="7.02612">
        <ele>589</ele>
        <time>2025-11-23T11:11:54+00:00</time>
      </trkpt>
      <trkpt lat="47.38349" lon="7.02618">
        <ele>593</ele>
        <time>2025-11-23T11:11:57+00:00</time>
      </trkpt>
      <trkpt lat="47.38363" lon="7.02634">
        <ele>597</ele>
        <time>2025-11-23T11:12:00+00:00</time>
      </trkpt>
      <trkpt lat="47.38388" lon="7.0264">
        <ele>593</ele>
        <time>2025-11-23T11:12:03+00:00</time>
      </trkpt>
      <trkpt lat="47.3842" lon="7.02654">
        <ele>593</ele>
        <time>2025-11-23T11:12:06+00:00</time>
      </trkpt>
      <trkpt lat="47.38438" lon="7.02666">
        <ele>595</ele>
        <time>2025-11-23T11:12:09+00:00</time>
      </trkpt>
      <trkpt lat="47.38468" lon="7.02671">
        <ele>595</ele>
        <time>2025-11-23T11:12:12+00:00</time>
      </trkpt>
      <trkpt lat="47.38492" lon="7.02672">
        <ele>595</ele>
        <time>2025-11-23T11:12:15+00:00</time>
      </trkpt>
      <trkpt lat="47.38504" lon="7.0267">
        <ele>597</ele>
        <time>2025-11-23T11:12:18+00:00</time>
      </trkpt>
      <trkpt lat="47.38508" lon="7.02639">
        <ele>608</ele>
        <time>2025-11-23T11:12:21+00:00</time>
      </trkpt>
      <trkpt lat="47.38513" lon="7.02612">
        <ele>609</ele>
        <time>2025-11-23T11:12:24+00:00</time>
      </trkpt>
      <trkpt lat="47.38519" lon="7.02578">
        <ele>609</ele>
        <time>2025-11-23T11:12:27+00:00</time>
      </trkpt>
      <trkpt lat="47.38514" lon="7.02557">
        <ele>612</ele>
        <time>2025-11-23T11:12:30+00:00</time>
      </trkpt>
      <trkpt lat="47.38506" lon="7.02541">
        <ele>610</ele>
        <time>2025-11-23T11:12:33+00:00</time>
      </trkpt>
      <trkpt lat="47.38499" lon="7.02532">
        <ele>609</ele>
        <time>2025-11-23T11:12:36+00:00</time>
      </trkpt>
      <trkpt lat="47.38497" lon="7.02524">
        <ele>609</ele>
        <time>2025-11-23T11:12:39+00:00</time>
      </trkpt>
      <trkpt lat="47.38489" lon="7.02507">
        <ele>614</ele>
        <time>2025-11-23T11:12:42+00:00</time>
      </trkpt>
      <trkpt lat="47.38476" lon="7.02477">
        <ele>627</ele>
        <time>2025-11-23T11:12:45+00:00</time>
      </trkpt>
      <trkpt lat="47.38463" lon="7.02456">
        <ele>633</ele>
        <time>2025-11-23T11:12:48+00:00</time>
      </trkpt>
      <trkpt lat="47.38458" lon="7.02444">
        <ele>635</ele>
        <time>2025-11-23T11:12:51+00:00</time>
      </trkpt>
      <trkpt lat="47.38454" lon="7.02419">
        <ele>632</ele>
        <time>2025-11-23T11:12:54+00:00</time>
      </trkpt>
      <trkpt lat="47.38447" lon="7.02389">
        <ele>631</ele>
        <time>2025-11-23T11:12:57+00:00</time>
      </trkpt>
      <trkpt lat="47.38439" lon="7.02353">
        <ele>630</ele>
        <time>2025-11-23T11:13:00+00:00</time>
      </trkpt>
      <trkpt lat="47.38427" lon="7.02342">
        <ele>629</ele>
        <time>2025-11-23T11:13:03+00:00</time>
      </trkpt>
      <trkpt lat="47.3843" lon="7.02315">
        <ele>629</ele>
        <time>2025-11-23T11:13:06+00:00</time>
      </trkpt>
      <trkpt lat="47.38422" lon="7.0229">
        <ele>629</ele>
        <time>2025-11-23T11:13:09+00:00</time>
      </trkpt>
      <trkpt lat="47.38401" lon="7.02259">
        <ele>630</ele>
        <time>2025-11-23T11:13:12+00:00</time>
      </trkpt>
      <trkpt lat="47.38387" lon="7.02233">
        <ele>633</ele>
        <time>2025-11-23T11:13:15+00:00</time>
      </trkpt>
      <trkpt lat="47.38362" lon="7.02188">
        <ele>633</ele>
        <time>2025-11-23T11:13:18+00:00</time>
      </trkpt>
      <trkpt lat="47.38341" lon="7.02153">
        <ele>635</ele>
        <time>2025-11-23T11:13:21+00:00</time>
      </trkpt>
      <trkpt lat="47.38323" lon="7.02117">
        <ele>638</ele>
        <time>2025-11-23T11:13:24+00:00</time>
      </trkpt>
      <trkpt lat="47.38305" lon="7.02085">
        <ele>642</ele>
        <time>2025-11-23T11:13:27+00:00</time>
      </trkpt>
      <trkpt lat="47.38295" lon="7.02062">
        <ele>645</ele>
        <time>2025-11-23T11:13:30+00:00</time>
      </trkpt>
      <trkpt lat="47.38285" lon="7.02049">
        <ele>646</ele>
        <time>2025-11-23T11:13:33+00:00</time>
      </trkpt>
      <trkpt lat="47.38273" lon="7.02048">
        <ele>648</ele>
        <time>2025-11-23T11:13:36+00:00</time>
      </trkpt>
      <trkpt lat="47.38247" lon="7.02064">
        <ele>650</ele>
        <time>2025-11-23T11:13:39+00:00</time>
      </trkpt>
      <trkpt lat="47.38246" lon="7.02077">
        <ele>649</ele>
        <time>2025-11-23T11:13:42+00:00</time>
      </trkpt>
      <trkpt lat="47.38231" lon="7.02097">
        <ele>653</ele>
        <time>2025-11-23T11:13:45+00:00</time>
      </trkpt>
      <trkpt lat="47.38216" lon="7.02113">
        <ele>657</ele>
        <time>2025-11-23T11:13:48+00:00</time>
      </trkpt>
      <trkpt lat="47.38205" lon="7.0212">
        <ele>658</ele>
        <time>2025-11-23T11:13:51+00:00</time>
      </trkpt>
      <trkpt lat="47.38193" lon="7.02127">
        <ele>659</ele>
        <time>2025-11-23T11:13:54+00:00</time>
      </trkpt>
      <trkpt lat="47.3819" lon="7.02128">
        <ele>659</ele>
        <time>2025-11-23T11:13:57+00:00</time>
      </trkpt>
      <trkpt lat="47.38186" lon="7.02127">
        <ele>661</ele>
        <time>2025-11-23T11:14:00+00:00</time>
      </trkpt>
      <trkpt lat="47.38163" lon="7.02129">
        <ele>665</ele>
        <time>2025-11-23T11:14:03+00:00</time>
      </trkpt>
      <trkpt lat="47.38139" lon="7.02128">
        <ele>666</ele>
        <time>2025-11-23T11:14:06+00:00</time>
      </trkpt>
      <trkpt lat="47.38128" lon="7.02099">
        <ele>666</ele>
        <time>2025-11-23T11:14:09+00:00</time>
      </trkpt>
      <trkpt lat="47.38119" lon="7.02067">
        <ele>666</ele>
        <time>2025-11-23T11:14:12+00:00</time>
      </trkpt>
      <trkpt lat="47.38101" lon="7.02035">
        <ele>669</ele>
        <time>2025-11-23T11:14:15+00:00</time>
      </trkpt>
      <trkpt lat="47.38078" lon="7.01993">
        <ele>670</ele>
        <time>2025-11-23T11:14:18+00:00</time>
      </trkpt>
      <trkpt lat="47.38047" lon="7.01957">
        <ele>669</ele>
        <time>2025-11-23T11:14:21+00:00</time>
      </trkpt>
      <trkpt lat="47.38025" lon="7.01934">
        <ele>668</ele>
        <time>2025-11-23T11:14:24+00:00</time>
      </trkpt>
      <trkpt lat="47.37992" lon="7.01907">
        <ele>666</ele>
        <time>2025-11-23T11:14:27+00:00</time>
      </trkpt>
      <trkpt lat="47.37958" lon="7.01876">
        <ele>665</ele>
        <time>2025-11-23T11:14:30+00:00</time>
      </trkpt>
      <trkpt lat="47.37934" lon="7.01852">
        <ele>668</ele>
        <time>2025-11-23T11:14:33+00:00</time>
      </trkpt>
      <trkpt lat="47.37908" lon="7.0183">
        <ele>671</ele>
        <time>2025-11-23T11:14:36+00:00</time>
      </trkpt>
      <trkpt lat="47.37889" lon="7.01814">
        <ele>669</ele>
        <time>2025-11-23T11:14:39+00:00</time>
      </trkpt>
      <trkpt lat="47.37883" lon="7.01807">
        <ele>675</ele>
        <time>2025-11-23T11:14:42+00:00</time>
      </trkpt>
      <trkpt lat="47.37881" lon="7.01802">
        <ele>675</ele>
        <time>2025-11-23T11:14:45+00:00</time>
      </trkpt>
      <trkpt lat="47.37867" lon="7.01787">
        <ele>669</ele>
        <time>2025-11-23T11:14:48+00:00</time>
      </trkpt>
      <trkpt lat="47.3786" lon="7.01775">
        <ele>663</ele>
        <time>2025-11-23T11:14:51+00:00</time>
      </trkpt>
      <trkpt lat="47.37849" lon="7.01766">
        <ele>669</ele>
        <time>2025-11-23T11:14:54+00:00</time>
      </trkpt>
      <trkpt lat="47.37841" lon="7.01756">
        <ele>667</ele>
        <time>2025-11-23T11:14:57+00:00</time>
      </trkpt>
      <trkpt lat="47.3783" lon="7.01737">
        <ele>671</ele>
        <time>2025-11-23T11:15:00+00:00</time>
      </trkpt>
      <trkpt lat="47.37808" lon="7.0172">
        <ele>681</ele>
        <time>2025-11-23T11:15:03+00:00</time>
      </trkpt>
      <trkpt lat="47.37796" lon="7.01713">
        <ele>680</ele>
        <time>2025-11-23T11:15:06+00:00</time>
      </trkpt>
      <trkpt lat="47.3778" lon="7.01706">
        <ele>681</ele>
        <time>2025-11-23T11:15:09+00:00</time>
      </trkpt>
      <trkpt lat="47.37761" lon="7.01695">
        <ele>682</ele>
        <time>2025-11-23T11:15:12+00:00</time>
      </trkpt>
      <trkpt lat="47.37747" lon="7.01683">
        <ele>691</ele>
        <time>2025-11-23T11:15:15+00:00</time>
      </trkpt>
      <trkpt lat="47.37743" lon="7.01669">
        <ele>687</ele>
        <time>2025-11-23T11:15:18+00:00</time>
      </trkpt>
      <trkpt lat="47.37744" lon="7.0166">
        <ele>687</ele>
        <time>2025-11-23T11:15:21+00:00</time>
      </trkpt>
      <trkpt lat="47.37749" lon="7.0165">
        <ele>687</ele>
        <time>2025-11-23T11:15:24+00:00</time>
      </trkpt>
      <trkpt lat="47.37761" lon="7.01633">
        <ele>689</ele>
        <time>2025-11-23T11:15:27+00:00</time>
      </trkpt>
      <trkpt lat="47.37772" lon="7.01624">
        <ele>694</ele>
        <time>2025-11-23T11:15:30+00:00</time>
      </trkpt>
      <trkpt lat="47.37796" lon="7.01604">
        <ele>697</ele>
        <time>2025-11-23T11:15:33+00:00</time>
      </trkpt>
      <trkpt lat="47.37806" lon="7.01599">
        <ele>697</ele>
        <time>2025-11-23T11:15:36+00:00</time>
      </trkpt>
      <trkpt lat="47.37806" lon="7.01599">
        <ele>697</ele>
        <time>2025-11-23T11:15:39+00:00</time>
      </trkpt>
      <trkpt lat="47.37796" lon="7.01604">
        <ele>697</ele>
        <time>2025-11-23T11:15:42+00:00</time>
      </trkpt>
      <trkpt lat="47.37815" lon="7.01577">
        <ele>700</ele>
        <time>2025-11-23T11:15:45+00:00</time>
      </trkpt>
      <trkpt lat="47.3782" lon="7.01553">
        <ele>703</ele>
        <time>2025-11-23T11:15:48+00:00</time>
      </trkpt>
      <trkpt lat="47.37825" lon="7.01539">
        <ele>707</ele>
        <time>2025-11-23T11:15:51+00:00</time>
      </trkpt>
      <trkpt lat="47.37826" lon="7.01511">
        <ele>710</ele>
        <time>2025-11-23T11:15:54+00:00</time>
      </trkpt>
      <trkpt lat="47.37837" lon="7.01491">
        <ele>714</ele>
        <time>2025-11-23T11:15:57+00:00</time>
      </trkpt>
      <trkpt lat="47.37846" lon="7.01483">
        <ele>708</ele>
        <time>2025-11-23T11:16:00+00:00</time>
      </trkpt>
      <trkpt lat="47.37856" lon="7.01422">
        <ele>706</ele>
        <time>2025-11-23T11:16:03+00:00</time>
      </trkpt>
      <trkpt lat="47.37864" lon="7.01361">
        <ele>696</ele>
        <time>2025-11-23T11:16:06+00:00</time>
      </trkpt>
      <trkpt lat="47.37862" lon="7.01323">
        <ele>695</ele>
        <time>2025-11-23T11:16:09+00:00</time>
      </trkpt>
      <trkpt lat="47.37859" lon="7.01272">
        <ele>695</ele>
        <time>2025-11-23T11:16:12+00:00</time>
      </trkpt>
      <trkpt lat="47.37852" lon="7.01221">
        <ele>690</ele>
        <time>2025-11-23T11:16:15+00:00</time>
      </trkpt>
      <trkpt lat="47.37848" lon="7.01184">
        <ele>689</ele>
        <time>2025-11-23T11:16:18+00:00</time>
      </trkpt>
      <trkpt lat="47.37855" lon="7.01139">
        <ele>687</ele>
        <time>2025-11-23T11:16:21+00:00</time>
      </trkpt>
      <trkpt lat="47.37853" lon="7.01103">
        <ele>683</ele>
        <time>2025-11-23T11:16:24+00:00</time>
      </trkpt>
      <trkpt lat="47.37853" lon="7.01103">
        <ele>683</ele>
        <time>2025-11-23T11:16:27+00:00</time>
      </trkpt>
      <trkpt lat="47.37853" lon="7.01103">
        <ele>683</ele>
        <time>2025-11-23T11:16:30+00:00</time>
      </trkpt>
      <trkpt lat="47.3785" lon="7.0109">
        <ele>681</ele>
        <time>2025-11-23T11:16:33+00:00</time>
      </trkpt>
      <trkpt lat="47.3784" lon="7.01048">
        <ele>681</ele>
        <time>2025-11-23T11:16:36+00:00</time>
      </trkpt>
      <trkpt lat="47.37831" lon="7.00994">
        <ele>679</ele>
        <time>2025-11-23T11:16:39+00:00</time>
      </trkpt>
      <trkpt lat="47.37828" lon="7.00957">
        <ele>677</ele>
        <time>2025-11-23T11:16:42+00:00</time>
      </trkpt>
      <trkpt lat="47.37832" lon="7.00941">
        <ele>671</ele>
        <time>2025-11-23T11:16:45+00:00</time>
      </trkpt>
      <trkpt lat="47.37849" lon="7.00923">
        <ele>670</ele>
        <time>2025-11-23T11:16:48+00:00</time>
      </trkpt>
      <trkpt lat="47.37871" lon="7.00899">
        <ele>670</ele>
        <time>2025-11-23T11:16:51+00:00</time>
      </trkpt>
      <trkpt lat="47.37871" lon="7.00899">
        <ele>670</ele>
        <time>2025-11-23T11:16:54+00:00</time>
      </trkpt>
      <trkpt lat="47.37876" lon="7.00891">
        <ele>670</ele>
        <time>2025-11-23T11:16:57+00:00</time>
      </trkpt>
      <trkpt lat="47.37879" lon="7.0088">
        <ele>672</ele>
        <time>2025-11-23T11:17:00+00:00</time>
      </trkpt>
      <trkpt lat="47.37882" lon="7.00864">
        <ele>670</ele>
        <time>2025-11-23T11:17:03+00:00</time>
      </trkpt>
      <trkpt lat="47.37882" lon="7.00846">
        <ele>669</ele>
        <time>2025-11-23T11:17:06+00:00</time>
      </trkpt>
      <trkpt lat="47.37883" lon="7.00838">
        <ele>668</ele>
        <time>2025-11-23T11:17:09+00:00</time>
      </trkpt>
      <trkpt lat="47.37886" lon="7.0083">
        <ele>671</ele>
        <time>2025-11-23T11:17:12+00:00</time>
      </trkpt>
      <trkpt lat="47.3789" lon="7.0081">
        <ele>663</ele>
        <time>2025-11-23T11:17:15+00:00</time>
      </trkpt>
      <trkpt lat="47.37895" lon="7.0078">
        <ele>673</ele>
        <time>2025-11-23T11:17:18+00:00</time>
      </trkpt>
      <trkpt lat="47.379" lon="7.00743">
        <ele>673</ele>
        <time>2025-11-23T11:17:21+00:00</time>
      </trkpt>
      <trkpt lat="47.37909" lon="7.00721">
        <ele>674</ele>
        <time>2025-11-23T11:17:24+00:00</time>
      </trkpt>
      <trkpt lat="47.37918" lon="7.00716">
        <ele>673</ele>
        <time>2025-11-23T11:17:27+00:00</time>
      </trkpt>
      <trkpt lat="47.37944" lon="7.00737">
        <ele>671</ele>
        <time>2025-11-23T11:17:30+00:00</time>
      </trkpt>
      <trkpt lat="47.37978" lon="7.00779">
        <ele>672</ele>
        <time>2025-11-23T11:17:33+00:00</time>
      </trkpt>
      <trkpt lat="47.38001" lon="7.00788">
        <ele>671</ele>
        <time>2025-11-23T11:17:36+00:00</time>
      </trkpt>
      <trkpt lat="47.38028" lon="7.00798">
        <ele>671</ele>
        <time>2025-11-23T11:17:39+00:00</time>
      </trkpt>
      <trkpt lat="47.38059" lon="7.00804">
        <ele>666</ele>
        <time>2025-11-23T11:17:42+00:00</time>
      </trkpt>
      <trkpt lat="47.38091" lon="7.00809">
        <ele>661</ele>
        <time>2025-11-23T11:17:45+00:00</time>
      </trkpt>
      <trkpt lat="47.3813" lon="7.00815">
        <ele>655</ele>
        <time>2025-11-23T11:17:48+00:00</time>
      </trkpt>
      <trkpt lat="47.38146" lon="7.00819">
        <ele>651</ele>
        <time>2025-11-23T11:17:51+00:00</time>
      </trkpt>
      <trkpt lat="47.38165" lon="7.00824">
        <ele>653</ele>
        <time>2025-11-23T11:17:54+00:00</time>
      </trkpt>
      <trkpt lat="47.38174" lon="7.00823">
        <ele>652</ele>
        <time>2025-11-23T11:17:57+00:00</time>
      </trkpt>
      <trkpt lat="47.38165" lon="7.00816">
        <ele>652</ele>
        <time>2025-11-23T11:18:00+00:00</time>
      </trkpt>
      <trkpt lat="47.38155" lon="7.00809">
        <ele>652</ele>
        <time>2025-11-23T11:18:03+00:00</time>
      </trkpt>
      <trkpt lat="47.3815" lon="7.00805">
        <ele>651</ele>
        <time>2025-11-23T11:18:06+00:00</time>
      </trkpt>
      <trkpt lat="47.38142" lon="7.00798">
        <ele>653</ele>
        <time>2025-11-23T11:18:09+00:00</time>
      </trkpt>
      <trkpt lat="47.38133" lon="7.00793">
        <ele>652</ele>
        <time>2025-11-23T11:18:12+00:00</time>
      </trkpt>
      <trkpt lat="47.38125" lon="7.00786">
        <ele>654</ele>
        <time>2025-11-23T11:18:15+00:00</time>
      </trkpt>
      <trkpt lat="47.38117" lon="7.00779">
        <ele>656</ele>
        <time>2025-11-23T11:18:18+00:00</time>
      </trkpt>
      <trkpt lat="47.38106" lon="7.00765">
        <ele>659</ele>
        <time>2025-11-23T11:18:21+00:00</time>
      </trkpt>
      <trkpt lat="47.381" lon="7.00758">
        <ele>660</ele>
        <time>2025-11-23T11:18:24+00:00</time>
      </trkpt>
      <trkpt lat="47.38097" lon="7.00751">
        <ele>663</ele>
        <time>2025-11-23T11:18:27+00:00</time>
      </trkpt>
      <trkpt lat="47.38094" lon="7.00745">
        <ele>663</ele>
        <time>2025-11-23T11:18:30+00:00</time>
      </trkpt>
      <trkpt lat="47.38092" lon="7.0074">
        <ele>663</ele>
        <time>2025-11-23T11:18:33+00:00</time>
      </trkpt>
      <trkpt lat="47.38085" lon="7.00731">
        <ele>665</ele>
        <time>2025-11-23T11:18:36+00:00</time>
      </trkpt>
      <trkpt lat="47.38081" lon="7.00724">
        <ele>664</ele>
        <time>2025-11-23T11:18:39+00:00</time>
      </trkpt>
      <trkpt lat="47.38077" lon="7.00714">
        <ele>666</ele>
        <time>2025-11-23T11:18:42+00:00</time>
      </trkpt>
      <trkpt lat="47.38069" lon="7.00701">
        <ele>669</ele>
        <time>2025-11-23T11:18:45+00:00</time>
      </trkpt>
      <trkpt lat="47.38061" lon="7.00691">
        <ele>667</ele>
        <time>2025-11-23T11:18:48+00:00</time>
      </trkpt>
      <trkpt lat="47.38051" lon="7.00683">
        <ele>671</ele>
        <time>2025-11-23T11:18:51+00:00</time>
      </trkpt>
      <trkpt lat="47.38043" lon="7.00686">
        <ele>674</ele>
        <time>2025-11-23T11:18:54+00:00</time>
      </trkpt>
      <trkpt lat="47.38038" lon="7.00674">
        <ele>675</ele>
        <time>2025-11-23T11:18:57+00:00</time>
      </trkpt>
      <trkpt lat="47.38016" lon="7.00658">
        <ele>680</ele>
        <time>2025-11-23T11:19:00+00:00</time>
      </trkpt>
      <trkpt lat="47.37993" lon="7.00646">
        <ele>685</ele>
        <time>2025-11-23T11:19:03+00:00</time>
      </trkpt>
      <trkpt lat="47.37975" lon="7.00638">
        <ele>686</ele>
        <time>2025-11-23T11:19:06+00:00</time>
      </trkpt>
      <trkpt lat="47.37961" lon="7.00631">
        <ele>685</ele>
        <time>2025-11-23T11:19:09+00:00</time>
      </trkpt>
      <trkpt lat="47.37941" lon="7.00622">
        <ele>687</ele>
        <time>2025-11-23T11:19:12+00:00</time>
      </trkpt>
      <trkpt lat="47.37919" lon="7.00608">
        <ele>689</ele>
        <time>2025-11-23T11:19:15+00:00</time>
      </trkpt>
      <trkpt lat="47.37909" lon="7.006">
        <ele>689</ele>
        <time>2025-11-23T11:19:18+00:00</time>
      </trkpt>
      <trkpt lat="47.37902" lon="7.00594">
        <ele>690</ele>
        <time>2025-11-23T11:19:21+00:00</time>
      </trkpt>
      <trkpt lat="47.3789" lon="7.00584">
        <ele>690</ele>
        <time>2025-11-23T11:19:24+00:00</time>
      </trkpt>
      <trkpt lat="47.37892" lon="7.0058">
        <ele>690</ele>
        <time>2025-11-23T11:19:27+00:00</time>
      </trkpt>
      <trkpt lat="47.37893" lon="7.00576">
        <ele>692</ele>
        <time>2025-11-23T11:19:30+00:00</time>
      </trkpt>
      <trkpt lat="47.37897" lon="7.00571">
        <ele>692</ele>
        <time>2025-11-23T11:19:33+00:00</time>
      </trkpt>
      <trkpt lat="47.37898" lon="7.00567">
        <ele>693</ele>
        <time>2025-11-23T11:19:36+00:00</time>
      </trkpt>
      <trkpt lat="47.37904" lon="7.00561">
        <ele>694</ele>
        <time>2025-11-23T11:19:39+00:00</time>
      </trkpt>
      <trkpt lat="47.37908" lon="7.00555">
        <ele>694</ele>
        <time>2025-11-23T11:19:42+00:00</time>
      </trkpt>
      <trkpt lat="47.37911" lon="7.00543">
        <ele>697</ele>
        <time>2025-11-23T11:19:45+00:00</time>
      </trkpt>
      <trkpt lat="47.3791" lon="7.00537">
        <ele>699</ele>
        <time>2025-11-23T11:19:48+00:00</time>
      </trkpt>
      <trkpt lat="47.37911" lon="7.00535">
        <ele>699</ele>
        <time>2025-11-23T11:19:51+00:00</time>
      </trkpt>
      <trkpt lat="47.37909" lon="7.00531">
        <ele>698</ele>
        <time>2025-11-23T11:19:54+00:00</time>
      </trkpt>
      <trkpt lat="47.3791" lon="7.00526">
        <ele>699</ele>
        <time>2025-11-23T11:19:57+00:00</time>
      </trkpt>
      <trkpt lat="47.37913" lon="7.0052">
        <ele>700</ele>
        <time>2025-11-23T11:20:00+00:00</time>
      </trkpt>
      <trkpt lat="47.37913" lon="7.0051">
        <ele>705</ele>
        <time>2025-11-23T11:20:03+00:00</time>
      </trkpt>
      <trkpt lat="47.37916" lon="7.005">
        <ele>707</ele>
        <time>2025-11-23T11:20:06+00:00</time>
      </trkpt>
      <trkpt lat="47.37916" lon="7.00498">
        <ele>707</ele>
        <time>2025-11-23T11:20:09+00:00</time>
      </trkpt>
      <trkpt lat="47.37914" lon="7.00497">
        <ele>707</ele>
        <time>2025-11-23T11:20:12+00:00</time>
      </trkpt>
      <trkpt lat="47.37913" lon="7.00495">
        <ele>707</ele>
        <time>2025-11-23T11:20:15+00:00</time>
      </trkpt>
      <trkpt lat="47.37914" lon="7.0047">
        <ele>709</ele>
        <time>2025-11-23T11:20:18+00:00</time>
      </trkpt>
      <trkpt lat="47.37913" lon="7.0046">
        <ele>711</ele>
        <time>2025-11-23T11:20:21+00:00</time>
      </trkpt>
      <trkpt lat="47.37914" lon="7.00438">
        <ele>713</ele>
        <time>2025-11-23T11:20:24+00:00</time>
      </trkpt>
      <trkpt lat="47.37913" lon="7.00436">
        <ele>713</ele>
        <time>2025-11-23T11:20:27+00:00</time>
      </trkpt>
      <trkpt lat="47.37912" lon="7.00422">
        <ele>714</ele>
        <time>2025-11-23T11:20:30+00:00</time>
      </trkpt>
      <trkpt lat="47.37913" lon="7.00398">
        <ele>713</ele>
        <time>2025-11-23T11:20:33+00:00</time>
      </trkpt>
      <trkpt lat="47.37913" lon="7.00389">
        <ele>713</ele>
        <time>2025-11-23T11:20:36+00:00</time>
      </trkpt>
      <trkpt lat="47.37902" lon="7.00377">
        <ele>715</ele>
        <time>2025-11-23T11:20:39+00:00</time>
      </trkpt>
      <trkpt lat="47.37899" lon="7.0037">
        <ele>716</ele>
        <time>2025-11-23T11:20:42+00:00</time>
      </trkpt>
      <trkpt lat="47.37898" lon="7.00364">
        <ele>717</ele>
        <time>2025-11-23T11:20:45+00:00</time>
      </trkpt>
      <trkpt lat="47.37893" lon="7.00354">
        <ele>717</ele>
        <time>2025-11-23T11:20:48+00:00</time>
      </trkpt>
      <trkpt lat="47.37886" lon="7.0035">
        <ele>718</ele>
        <time>2025-11-23T11:20:51+00:00</time>
      </trkpt>
      <trkpt lat="47.37878" lon="7.00347">
        <ele>720</ele>
        <time>2025-11-23T11:20:54+00:00</time>
      </trkpt>
      <trkpt lat="47.37873" lon="7.00344">
        <ele>720</ele>
        <time>2025-11-23T11:20:57+00:00</time>
      </trkpt>
      <trkpt lat="47.37871" lon="7.00344">
        <ele>720</ele>
        <time>2025-11-23T11:21:00+00:00</time>
      </trkpt>
      <trkpt lat="47.3786" lon="7.00338">
        <ele>720</ele>
        <time>2025-11-23T11:21:03+00:00</time>
      </trkpt>
      <trkpt lat="47.37856" lon="7.00334">
        <ele>721</ele>
        <time>2025-11-23T11:21:06+00:00</time>
      </trkpt>
      <trkpt lat="47.37854" lon="7.00326">
        <ele>721</ele>
        <time>2025-11-23T11:21:09+00:00</time>
      </trkpt>
      <trkpt lat="47.37851" lon="7.00313">
        <ele>721</ele>
        <time>2025-11-23T11:21:12+00:00</time>
      </trkpt>
      <trkpt lat="47.3785" lon="7.00301">
        <ele>723</ele>
        <time>2025-11-23T11:21:15+00:00</time>
      </trkpt>
      <trkpt lat="47.37845" lon="7.00278">
        <ele>722</ele>
        <time>2025-11-23T11:21:18+00:00</time>
      </trkpt>
      <trkpt lat="47.37846" lon="7.00273">
        <ele>722</ele>
        <time>2025-11-23T11:21:21+00:00</time>
      </trkpt>
      <trkpt lat="47.37845" lon="7.00265">
        <ele>721</ele>
        <time>2025-11-23T11:21:24+00:00</time>
      </trkpt>
      <trkpt lat="47.37844" lon="7.00258">
        <ele>719</ele>
        <time>2025-11-23T11:21:27+00:00</time>
      </trkpt>
      <trkpt lat="47.37824" lon="7.00259">
        <ele>728</ele>
        <time>2025-11-23T11:21:30+00:00</time>
      </trkpt>
      <trkpt lat="47.37811" lon="7.00278">
        <ele>731</ele>
        <time>2025-11-23T11:21:33+00:00</time>
      </trkpt>
      <trkpt lat="47.37792" lon="7.00279">
        <ele>736</ele>
        <time>2025-11-23T11:21:36+00:00</time>
      </trkpt>
      <trkpt lat="47.37787" lon="7.00256">
        <ele>740</ele>
        <time>2025-11-23T11:21:39+00:00</time>
      </trkpt>
      <trkpt lat="47.37775" lon="7.00239">
        <ele>744</ele>
        <time>2025-11-23T11:21:42+00:00</time>
      </trkpt>
      <trkpt lat="47.37762" lon="7.00219">
        <ele>746</ele>
        <time>2025-11-23T11:21:45+00:00</time>
      </trkpt>
      <trkpt lat="47.37741" lon="7.00181">
        <ele>749</ele>
        <time>2025-11-23T11:21:48+00:00</time>
      </trkpt>
      <trkpt lat="47.3771" lon="7.00153">
        <ele>752</ele>
        <time>2025-11-23T11:21:51+00:00</time>
      </trkpt>
      <trkpt lat="47.37705" lon="7.00146">
        <ele>753</ele>
        <time>2025-11-23T11:21:54+00:00</time>
      </trkpt>
      <trkpt lat="47.3768" lon="7.00105">
        <ele>755</ele>
        <time>2025-11-23T11:21:57+00:00</time>
      </trkpt>
      <trkpt lat="47.37651" lon="7.00065">
        <ele>757</ele>
        <time>2025-11-23T11:22:00+00:00</time>
      </trkpt>
      <trkpt lat="47.37617" lon="7.00031">
        <ele>763</ele>
        <time>2025-11-23T11:22:03+00:00</time>
      </trkpt>
      <trkpt lat="47.37601" lon="7.00009">
        <ele>766</ele>
        <time>2025-11-23T11:22:06+00:00</time>
      </trkpt>
      <trkpt lat="47.37578" lon="6.99976">
        <ele>771</ele>
        <time>2025-11-23T11:22:09+00:00</time>
      </trkpt>
      <trkpt lat="47.37551" lon="6.99944">
        <ele>771</ele>
        <time>2025-11-23T11:22:12+00:00</time>
      </trkpt>
      <trkpt lat="47.37525" lon="6.99922">
        <ele>770</ele>
        <time>2025-11-23T11:22:15+00:00</time>
      </trkpt>
      <trkpt lat="47.37502" lon="6.99907">
        <ele>770</ele>
        <time>2025-11-23T11:22:18+00:00</time>
      </trkpt>
      <trkpt lat="47.37474" lon="6.99889">
        <ele>774</ele>
        <time>2025-11-23T11:22:21+00:00</time>
      </trkpt>
      <trkpt lat="47.37474" lon="6.99889">
        <ele>774</ele>
        <time>2025-11-23T11:22:24+00:00</time>
      </trkpt>
      <trkpt lat="47.3743" lon="6.99888">
        <ele>795</ele>
        <time>2025-11-23T11:22:27+00:00</time>
      </trkpt>
      <trkpt lat="47.37397" lon="6.99875">
        <ele>801</ele>
        <time>2025-11-23T11:22:30+00:00</time>
      </trkpt>
      <trkpt lat="47.37377" lon="6.99851">
        <ele>808</ele>
        <time>2025-11-23T11:22:33+00:00</time>
      </trkpt>
      <trkpt lat="47.37357" lon="6.99834">
        <ele>813</ele>
        <time>2025-11-23T11:22:36+00:00</time>
      </trkpt>
      <trkpt lat="47.37334" lon="6.99815">
        <ele>817</ele>
        <time>2025-11-23T11:22:39+00:00</time>
      </trkpt>
      <trkpt lat="47.37317" lon="6.99803">
        <ele>822</ele>
        <time>2025-11-23T11:22:42+00:00</time>
      </trkpt>
      <trkpt lat="47.37287" lon="6.99798">
        <ele>830</ele>
        <time>2025-11-23T11:22:45+00:00</time>
      </trkpt>
      <trkpt lat="47.37256" lon="6.99785">
        <ele>834</ele>
        <time>2025-11-23T11:22:48+00:00</time>
      </trkpt>
      <trkpt lat="47.37234" lon="6.99795">
        <ele>839</ele>
        <time>2025-11-23T11:22:51+00:00</time>
      </trkpt>
      <trkpt lat="47.37211" lon="6.99807">
        <ele>842</ele>
        <time>2025-11-23T11:22:54+00:00</time>
      </trkpt>
      <trkpt lat="47.37211" lon="6.99807">
        <ele>842</ele>
        <time>2025-11-23T11:22:57+00:00</time>
      </trkpt>
      <trkpt lat="47.37185" lon="6.99857">
        <ele>843</ele>
        <time>2025-11-23T11:23:00+00:00</time>
      </trkpt>
      <trkpt lat="47.37157" lon="6.99908">
        <ele>852</ele>
        <time>2025-11-23T11:23:03+00:00</time>
      </trkpt>
      <trkpt lat="47.3713" lon="6.99939">
        <ele>854</ele>
        <time>2025-11-23T11:23:06+00:00</time>
      </trkpt>
      <trkpt lat="47.37113" lon="6.99984">
        <ele>864</ele>
        <time>2025-11-23T11:23:09+00:00</time>
      </trkpt>
      <trkpt lat="47.37106" lon="7.00039">
        <ele>872</ele>
        <time>2025-11-23T11:23:12+00:00</time>
      </trkpt>
      <trkpt lat="47.3709" lon="7.00088">
        <ele>878</ele>
        <time>2025-11-23T11:23:15+00:00</time>
      </trkpt>
      <trkpt lat="47.37074" lon="7.00121">
        <ele>883</ele>
        <time>2025-11-23T11:23:18+00:00</time>
      </trkpt>
      <trkpt lat="47.37048" lon="7.00171">
        <ele>894</ele>
        <time>2025-11-23T11:23:21+00:00</time>
      </trkpt>
      <trkpt lat="47.37029" lon="7.00192">
        <ele>897</ele>
        <time>2025-11-23T11:23:24+00:00</time>
      </trkpt>
      <trkpt lat="47.37011" lon="7.00213">
        <ele>901</ele>
        <time>2025-11-23T11:23:27+00:00</time>
      </trkpt>
      <trkpt lat="47.37005" lon="7.00224">
        <ele>903</ele>
        <time>2025-11-23T11:23:30+00:00</time>
      </trkpt>
      <trkpt lat="47.36989" lon="7.00248">
        <ele>910</ele>
        <time>2025-11-23T11:23:33+00:00</time>
      </trkpt>
      <trkpt lat="47.36962" lon="7.00291">
        <ele>914</ele>
        <time>2025-11-23T11:23:36+00:00</time>
      </trkpt>
      <trkpt lat="47.36935" lon="7.00301">
        <ele>919</ele>
        <time>2025-11-23T11:23:39+00:00</time>
      </trkpt>
      <trkpt lat="47.36909" lon="7.00312">
        <ele>919</ele>
        <time>2025-11-23T11:23:42+00:00</time>
      </trkpt>
      <trkpt lat="47.36888" lon="7.00313">
        <ele>910</ele>
        <time>2025-11-23T11:23:45+00:00</time>
      </trkpt>
      <trkpt lat="47.36887" lon="7.00313">
        <ele>910</ele>
        <time>2025-11-23T11:23:48+00:00</time>
      </trkpt>
      <trkpt lat="47.36886" lon="7.00321">
        <ele>910</ele>
        <time>2025-11-23T11:23:51+00:00</time>
      </trkpt>
      <trkpt lat="47.36888" lon="7.00324">
        <ele>910</ele>
        <time>2025-11-23T11:23:54+00:00</time>
      </trkpt>
      <trkpt lat="47.36891" lon="7.00341">
        <ele>909</ele>
        <time>2025-11-23T11:23:57+00:00</time>
      </trkpt>
      <trkpt lat="47.36896" lon="7.0036">
        <ele>909</ele>
        <time>2025-11-23T11:24:00+00:00</time>
      </trkpt>
      <trkpt lat="47.36899" lon="7.00377">
        <ele>909</ele>
        <time>2025-11-23T11:24:03+00:00</time>
      </trkpt>
      <trkpt lat="47.369" lon="7.00385">
        <ele>910</ele>
        <time>2025-11-23T11:24:06+00:00</time>
      </trkpt>
      <trkpt lat="47.36904" lon="7.00397">
        <ele>910</ele>
        <time>2025-11-23T11:24:09+00:00</time>
      </trkpt>
      <trkpt lat="47.36905" lon="7.00404">
        <ele>909</ele>
        <time>2025-11-23T11:24:12+00:00</time>
      </trkpt>
      <trkpt lat="47.36912" lon="7.00423">
        <ele>910</ele>
        <time>2025-11-23T11:24:15+00:00</time>
      </trkpt>
      <trkpt lat="47.36913" lon="7.00427">
        <ele>910</ele>
        <time>2025-11-23T11:24:18+00:00</time>
      </trkpt>
      <trkpt lat="47.36915" lon="7.00441">
        <ele>907</ele>
        <time>2025-11-23T11:24:21+00:00</time>
      </trkpt>
      <trkpt lat="47.36917" lon="7.00448">
        <ele>910</ele>
        <time>2025-11-23T11:24:24+00:00</time>
      </trkpt>
      <trkpt lat="47.36917" lon="7.00458">
        <ele>910</ele>
        <time>2025-11-23T11:24:27+00:00</time>
      </trkpt>
      <trkpt lat="47.36923" lon="7.00481">
        <ele>906</ele>
        <time>2025-11-23T11:24:30+00:00</time>
      </trkpt>
      <trkpt lat="47.36925" lon="7.00493">
        <ele>906</ele>
        <time>2025-11-23T11:24:33+00:00</time>
      </trkpt>
      <trkpt lat="47.36927" lon="7.00513">
        <ele>905</ele>
        <time>2025-11-23T11:24:36+00:00</time>
      </trkpt>
      <trkpt lat="47.36929" lon="7.00521">
        <ele>906</ele>
        <time>2025-11-23T11:24:39+00:00</time>
      </trkpt>
      <trkpt lat="47.36931" lon="7.00542">
        <ele>905</ele>
        <time>2025-11-23T11:24:42+00:00</time>
      </trkpt>
      <trkpt lat="47.36935" lon="7.00568">
        <ele>906</ele>
        <time>2025-11-23T11:24:45+00:00</time>
      </trkpt>
      <trkpt lat="47.36935" lon="7.00572">
        <ele>906</ele>
        <time>2025-11-23T11:24:48+00:00</time>
      </trkpt>
      <trkpt lat="47.36939" lon="7.00596">
        <ele>906</ele>
        <time>2025-11-23T11:24:51+00:00</time>
      </trkpt>
      <trkpt lat="47.36945" lon="7.00619">
        <ele>906</ele>
        <time>2025-11-23T11:24:54+00:00</time>
      </trkpt>
      <trkpt lat="47.36948" lon="7.00637">
        <ele>906</ele>
        <time>2025-11-23T11:24:57+00:00</time>
      </trkpt>
      <trkpt lat="47.36953" lon="7.00651">
        <ele>906</ele>
        <time>2025-11-23T11:25:00+00:00</time>
      </trkpt>
      <trkpt lat="47.36954" lon="7.00666">
        <ele>906</ele>
        <time>2025-11-23T11:25:03+00:00</time>
      </trkpt>
      <trkpt lat="47.36959" lon="7.00698">
        <ele>906</ele>
        <time>2025-11-23T11:25:06+00:00</time>
      </trkpt>
      <trkpt lat="47.36962" lon="7.00726">
        <ele>905</ele>
        <time>2025-11-23T11:25:09+00:00</time>
      </trkpt>
      <trkpt lat="47.36964" lon="7.0076">
        <ele>905</ele>
        <time>2025-11-23T11:25:12+00:00</time>
      </trkpt>
      <trkpt lat="47.36964" lon="7.00784">
        <ele>905</ele>
        <time>2025-11-23T11:25:15+00:00</time>
      </trkpt>
      <trkpt lat="47.36969" lon="7.00815">
        <ele>904</ele>
        <time>2025-11-23T11:25:18+00:00</time>
      </trkpt>
      <trkpt lat="47.36972" lon="7.00822">
        <ele>903</ele>
        <time>2025-11-23T11:25:21+00:00</time>
      </trkpt>
      <trkpt lat="47.36975" lon="7.00826">
        <ele>903</ele>
        <time>2025-11-23T11:25:24+00:00</time>
      </trkpt>
      <trkpt lat="47.36992" lon="7.00837">
        <ele>900</ele>
        <time>2025-11-23T11:25:27+00:00</time>
      </trkpt>
      <trkpt lat="47.37003" lon="7.00848">
        <ele>899</ele>
        <time>2025-11-23T11:25:30+00:00</time>
      </trkpt>
      <trkpt lat="47.37013" lon="7.00854">
        <ele>897</ele>
        <time>2025-11-23T11:25:33+00:00</time>
      </trkpt>
      <trkpt lat="47.37021" lon="7.00858">
        <ele>896</ele>
        <time>2025-11-23T11:25:36+00:00</time>
      </trkpt>
      <trkpt lat="47.3704" lon="7.00879">
        <ele>894</ele>
        <time>2025-11-23T11:25:39+00:00</time>
      </trkpt>
      <trkpt lat="47.37046" lon="7.00897">
        <ele>892</ele>
        <time>2025-11-23T11:25:42+00:00</time>
      </trkpt>
      <trkpt lat="47.37053" lon="7.00909">
        <ele>894</ele>
        <time>2025-11-23T11:25:45+00:00</time>
      </trkpt>
      <trkpt lat="47.37054" lon="7.00919">
        <ele>891</ele>
        <time>2025-11-23T11:25:48+00:00</time>
      </trkpt>
      <trkpt lat="47.37054" lon="7.00919">
        <ele>891</ele>
        <time>2025-11-23T11:25:51+00:00</time>
      </trkpt>
      <trkpt lat="47.37077" lon="7.00929">
        <ele>895</ele>
        <time>2025-11-23T11:25:54+00:00</time>
      </trkpt>
      <trkpt lat="47.37097" lon="7.00945">
        <ele>898</ele>
        <time>2025-11-23T11:25:57+00:00</time>
      </trkpt>
      <trkpt lat="47.37107" lon="7.00971">
        <ele>897</ele>
        <time>2025-11-23T11:26:00+00:00</time>
      </trkpt>
      <trkpt lat="47.37116" lon="7.01002">
        <ele>897</ele>
        <time>2025-11-23T11:26:03+00:00</time>
      </trkpt>
      <trkpt lat="47.37141" lon="7.01016">
        <ele>894</ele>
        <time>2025-11-23T11:26:06+00:00</time>
      </trkpt>
      <trkpt lat="47.37175" lon="7.01035">
        <ele>888</ele>
        <time>2025-11-23T11:26:09+00:00</time>
      </trkpt>
      <trkpt lat="47.372" lon="7.01052">
        <ele>882</ele>
        <time>2025-11-23T11:26:12+00:00</time>
      </trkpt>
      <trkpt lat="47.37239" lon="7.01079">
        <ele>878</ele>
        <time>2025-11-23T11:26:15+00:00</time>
      </trkpt>
      <trkpt lat="47.37262" lon="7.01114">
        <ele>874</ele>
        <time>2025-11-23T11:26:18+00:00</time>
      </trkpt>
      <trkpt lat="47.37278" lon="7.0114">
        <ele>871</ele>
        <time>2025-11-23T11:26:21+00:00</time>
      </trkpt>
      <trkpt lat="47.37292" lon="7.01147">
        <ele>868</ele>
        <time>2025-11-23T11:26:24+00:00</time>
      </trkpt>
      <trkpt lat="47.37302" lon="7.01158">
        <ele>867</ele>
        <time>2025-11-23T11:26:27+00:00</time>
      </trkpt>
      <trkpt lat="47.37307" lon="7.01171">
        <ele>867</ele>
        <time>2025-11-23T11:26:30+00:00</time>
      </trkpt>
      <trkpt lat="47.37308" lon="7.01177">
        <ele>867</ele>
        <time>2025-11-23T11:26:33+00:00</time>
      </trkpt>
      <trkpt lat="47.37306" lon="7.01182">
        <ele>866</ele>
        <time>2025-11-23T11:26:36+00:00</time>
      </trkpt>
      <trkpt lat="47.37305" lon="7.01184">
        <ele>866</ele>
        <time>2025-11-23T11:26:39+00:00</time>
      </trkpt>
      <trkpt lat="47.373" lon="7.01191">
        <ele>865</ele>
        <time>2025-11-23T11:26:42+00:00</time>
      </trkpt>
      <trkpt lat="47.37294" lon="7.01198">
        <ele>865</ele>
        <time>2025-11-23T11:26:45+00:00</time>
      </trkpt>
      <trkpt lat="47.37279" lon="7.01208">
        <ele>857</ele>
        <time>2025-11-23T11:26:48+00:00</time>
      </trkpt>
      <trkpt lat="47.37272" lon="7.01213">
        <ele>857</ele>
        <time>2025-11-23T11:26:51+00:00</time>
      </trkpt>
      <trkpt lat="47.37255" lon="7.01224">
        <ele>857</ele>
        <time>2025-11-23T11:26:54+00:00</time>
      </trkpt>
      <trkpt lat="47.37243" lon="7.0123">
        <ele>857</ele>
        <time>2025-11-23T11:26:57+00:00</time>
      </trkpt>
      <trkpt lat="47.37223" lon="7.01246">
        <ele>857</ele>
        <time>2025-11-23T11:27:00+00:00</time>
      </trkpt>
      <trkpt lat="47.37214" lon="7.01255">
        <ele>857</ele>
        <time>2025-11-23T11:27:03+00:00</time>
      </trkpt>
      <trkpt lat="47.37212" lon="7.01258">
        <ele>857</ele>
        <time>2025-11-23T11:27:06+00:00</time>
      </trkpt>
      <trkpt lat="47.37206" lon="7.01262">
        <ele>858</ele>
        <time>2025-11-23T11:27:09+00:00</time>
      </trkpt>
      <trkpt lat="47.372" lon="7.0127">
        <ele>857</ele>
        <time>2025-11-23T11:27:12+00:00</time>
      </trkpt>
      <trkpt lat="47.37194" lon="7.01275">
        <ele>862</ele>
        <time>2025-11-23T11:27:15+00:00</time>
      </trkpt>
      <trkpt lat="47.37184" lon="7.0128">
        <ele>860</ele>
        <time>2025-11-23T11:27:18+00:00</time>
      </trkpt>
      <trkpt lat="47.37176" lon="7.01282">
        <ele>861</ele>
        <time>2025-11-23T11:27:21+00:00</time>
      </trkpt>
      <trkpt lat="47.37176" lon="7.01285">
        <ele>861</ele>
        <time>2025-11-23T11:27:24+00:00</time>
      </trkpt>
      <trkpt lat="47.37174" lon="7.01288">
        <ele>861</ele>
        <time>2025-11-23T11:27:27+00:00</time>
      </trkpt>
      <trkpt lat="47.37169" lon="7.0129">
        <ele>859</ele>
        <time>2025-11-23T11:27:30+00:00</time>
      </trkpt>
      <trkpt lat="47.37169" lon="7.0129">
        <ele>862</ele>
        <time>2025-11-23T11:27:33+00:00</time>
      </trkpt>
      <trkpt lat="47.37154" lon="7.0131">
        <ele>859</ele>
        <time>2025-11-23T11:27:36+00:00</time>
      </trkpt>
      <trkpt lat="47.37144" lon="7.01315">
        <ele>859</ele>
        <time>2025-11-23T11:27:39+00:00</time>
      </trkpt>
      <trkpt lat="47.37152" lon="7.01342">
        <ele>866</ele>
        <time>2025-11-23T11:27:42+00:00</time>
      </trkpt>
      <trkpt lat="47.37163" lon="7.01375">
        <ele>866</ele>
        <time>2025-11-23T11:27:45+00:00</time>
      </trkpt>
      <trkpt lat="47.37177" lon="7.01417">
        <ele>865</ele>
        <time>2025-11-23T11:27:48+00:00</time>
      </trkpt>
      <trkpt lat="47.37213" lon="7.01454">
        <ele>860</ele>
        <time>2025-11-23T11:27:51+00:00</time>
      </trkpt>
      <trkpt lat="47.37231" lon="7.01479">
        <ele>854</ele>
        <time>2025-11-23T11:27:54+00:00</time>
      </trkpt>
      <trkpt lat="47.37255" lon="7.01513">
        <ele>844</ele>
        <time>2025-11-23T11:27:57+00:00</time>
      </trkpt>
      <trkpt lat="47.37273" lon="7.01533">
        <ele>842</ele>
        <time>2025-11-23T11:28:00+00:00</time>
      </trkpt>
      <trkpt lat="47.37292" lon="7.01554">
        <ele>840</ele>
        <time>2025-11-23T11:28:03+00:00</time>
      </trkpt>
      <trkpt lat="47.37304" lon="7.01586">
        <ele>840</ele>
        <time>2025-11-23T11:28:06+00:00</time>
      </trkpt>
      <trkpt lat="47.37311" lon="7.0163">
        <ele>838</ele>
        <time>2025-11-23T11:28:09+00:00</time>
      </trkpt>
      <trkpt lat="47.37311" lon="7.01657">
        <ele>838</ele>
        <time>2025-11-23T11:28:12+00:00</time>
      </trkpt>
      <trkpt lat="47.37315" lon="7.01691">
        <ele>837</ele>
        <time>2025-11-23T11:28:15+00:00</time>
      </trkpt>
      <trkpt lat="47.3732" lon="7.01725">
        <ele>837</ele>
        <time>2025-11-23T11:28:18+00:00</time>
      </trkpt>
      <trkpt lat="47.37335" lon="7.01764">
        <ele>830</ele>
        <time>2025-11-23T11:28:21+00:00</time>
      </trkpt>
      <trkpt lat="47.37344" lon="7.01789">
        <ele>827</ele>
        <time>2025-11-23T11:28:24+00:00</time>
      </trkpt>
      <trkpt lat="47.37349" lon="7.01823">
        <ele>824</ele>
        <time>2025-11-23T11:28:27+00:00</time>
      </trkpt>
      <trkpt lat="47.37348" lon="7.01858">
        <ele>805</ele>
        <time>2025-11-23T11:28:30+00:00</time>
      </trkpt>
      <trkpt lat="47.37364" lon="7.0188">
        <ele>795</ele>
        <time>2025-11-23T11:28:33+00:00</time>
      </trkpt>
      <trkpt lat="47.37394" lon="7.01886">
        <ele>790</ele>
        <time>2025-11-23T11:28:36+00:00</time>
      </trkpt>
      <trkpt lat="47.37453" lon="7.01899">
        <ele>778</ele>
        <time>2025-11-23T11:28:39+00:00</time>
      </trkpt>
      <trkpt lat="47.37453" lon="7.01899">
        <ele>778</ele>
        <time>2025-11-23T11:28:42+00:00</time>
      </trkpt>
      <trkpt lat="47.37476" lon="7.01927">
        <ele>778</ele>
        <time>2025-11-23T11:28:45+00:00</time>
      </trkpt>
      <trkpt lat="47.37494" lon="7.01974">
        <ele>779</ele>
        <time>2025-11-23T11:28:48+00:00</time>
      </trkpt>
      <trkpt lat="47.37513" lon="7.02014">
        <ele>779</ele>
        <time>2025-11-23T11:28:51+00:00</time>
      </trkpt>
      <trkpt lat="47.37528" lon="7.02064">
        <ele>774</ele>
        <time>2025-11-23T11:28:54+00:00</time>
      </trkpt>
      <trkpt lat="47.37521" lon="7.02116">
        <ele>770</ele>
        <time>2025-11-23T11:28:57+00:00</time>
      </trkpt>
      <trkpt lat="47.37521" lon="7.02175">
        <ele>755</ele>
        <time>2025-11-23T11:29:00+00:00</time>
      </trkpt>
      <trkpt lat="47.37535" lon="7.02223">
        <ele>750</ele>
        <time>2025-11-23T11:29:03+00:00</time>
      </trkpt>
      <trkpt lat="47.37538" lon="7.02271">
        <ele>741</ele>
        <time>2025-11-23T11:29:06+00:00</time>
      </trkpt>
      <trkpt lat="47.37547" lon="7.0231">
        <ele>741</ele>
        <time>2025-11-23T11:29:09+00:00</time>
      </trkpt>
      <trkpt lat="47.3755" lon="7.02338">
        <ele>741</ele>
        <time>2025-11-23T11:29:12+00:00</time>
      </trkpt>
      <trkpt lat="47.37572" lon="7.02384">
        <ele>742</ele>
        <time>2025-11-23T11:29:15+00:00</time>
      </trkpt>
      <trkpt lat="47.37598" lon="7.02414">
        <ele>742</ele>
        <time>2025-11-23T11:29:18+00:00</time>
      </trkpt>
      <trkpt lat="47.37608" lon="7.02433">
        <ele>742</ele>
        <time>2025-11-23T11:29:21+00:00</time>
      </trkpt>
      <trkpt lat="47.37613" lon="7.02439">
        <ele>742</ele>
        <time>2025-11-23T11:29:24+00:00</time>
      </trkpt>
      <trkpt lat="47.37623" lon="7.02439">
        <ele>741</ele>
        <time>2025-11-23T11:29:27+00:00</time>
      </trkpt>
      <trkpt lat="47.37623" lon="7.02439">
        <ele>741</ele>
        <time>2025-11-23T11:29:30+00:00</time>
      </trkpt>
      <trkpt lat="47.37623" lon="7.02439">
        <ele>741</ele>
        <time>2025-11-23T11:29:33+00:00</time>
      </trkpt>
      <trkpt lat="47.37622" lon="7.02447">
        <ele>741</ele>
        <time>2025-11-23T11:29:36+00:00</time>
      </trkpt>
      <trkpt lat="47.3762" lon="7.02451">
        <ele>742</ele>
        <time>2025-11-23T11:29:39+00:00</time>
      </trkpt>
      <trkpt lat="47.37618" lon="7.02456">
        <ele>742</ele>
        <time>2025-11-23T11:29:42+00:00</time>
      </trkpt>
      <trkpt lat="47.37621" lon="7.02458">
        <ele>742</ele>
        <time>2025-11-23T11:29:45+00:00</time>
      </trkpt>
      <trkpt lat="47.3762" lon="7.0246">
        <ele>741</ele>
        <time>2025-11-23T11:29:48+00:00</time>
      </trkpt>
      <trkpt lat="47.37617" lon="7.02461">
        <ele>741</ele>
        <time>2025-11-23T11:29:51+00:00</time>
      </trkpt>
      <trkpt lat="47.37613" lon="7.02465">
        <ele>741</ele>
        <time>2025-11-23T11:29:54+00:00</time>
      </trkpt>
      <trkpt lat="47.37608" lon="7.02467">
        <ele>740</ele>
        <time>2025-11-23T11:29:57+00:00</time>
      </trkpt>
      <trkpt lat="47.37598" lon="7.02472">
        <ele>740</ele>
        <time>2025-11-23T11:30:00+00:00</time>
      </trkpt>
      <trkpt lat="47.37596" lon="7.02481">
        <ele>739</ele>
        <time>2025-11-23T11:30:03+00:00</time>
      </trkpt>
      <trkpt lat="47.37601" lon="7.02488">
        <ele>739</ele>
        <time>2025-11-23T11:30:06+00:00</time>
      </trkpt>
      <trkpt lat="47.37608" lon="7.02495">
        <ele>739</ele>
        <time>2025-11-23T11:30:09+00:00</time>
      </trkpt>
      <trkpt lat="47.3761" lon="7.02509">
        <ele>738</ele>
        <time>2025-11-23T11:30:12+00:00</time>
      </trkpt>
      <trkpt lat="47.37618" lon="7.02526">
        <ele>738</ele>
        <time>2025-11-23T11:30:15+00:00</time>
      </trkpt>
      <trkpt lat="47.37607" lon="7.02533">
        <ele>738</ele>
        <time>2025-11-23T11:30:18+00:00</time>
      </trkpt>
      <trkpt lat="47.37602" lon="7.02543">
        <ele>737</ele>
        <time>2025-11-23T11:30:21+00:00</time>
      </trkpt>
      <trkpt lat="47.37593" lon="7.02547">
        <ele>735</ele>
        <time>2025-11-23T11:30:24+00:00</time>
      </trkpt>
      <trkpt lat="47.37587" lon="7.02554">
        <ele>733</ele>
        <time>2025-11-23T11:30:27+00:00</time>
      </trkpt>
      <trkpt lat="47.37583" lon="7.02558">
        <ele>733</ele>
        <time>2025-11-23T11:30:30+00:00</time>
      </trkpt>
      <trkpt lat="47.3758" lon="7.02568">
        <ele>732</ele>
        <time>2025-11-23T11:30:33+00:00</time>
      </trkpt>
      <trkpt lat="47.37575" lon="7.02595">
        <ele>726</ele>
        <time>2025-11-23T11:30:36+00:00</time>
      </trkpt>
      <trkpt lat="47.37572" lon="7.02608">
        <ele>725</ele>
        <time>2025-11-23T11:30:39+00:00</time>
      </trkpt>
      <trkpt lat="47.37563" lon="7.02621">
        <ele>720</ele>
        <time>2025-11-23T11:30:42+00:00</time>
      </trkpt>
      <trkpt lat="47.37553" lon="7.0263">
        <ele>717</ele>
        <time>2025-11-23T11:30:45+00:00</time>
      </trkpt>
      <trkpt lat="47.37546" lon="7.02641">
        <ele>714</ele>
        <time>2025-11-23T11:30:48+00:00</time>
      </trkpt>
      <trkpt lat="47.37539" lon="7.02656">
        <ele>713</ele>
        <time>2025-11-23T11:30:51+00:00</time>
      </trkpt>
      <trkpt lat="47.37537" lon="7.02669">
        <ele>712</ele>
        <time>2025-11-23T11:30:54+00:00</time>
      </trkpt>
      <trkpt lat="47.37532" lon="7.02672">
        <ele>711</ele>
        <time>2025-11-23T11:30:57+00:00</time>
      </trkpt>
      <trkpt lat="47.37534" lon="7.0268">
        <ele>711</ele>
        <time>2025-11-23T11:31:00+00:00</time>
      </trkpt>
      <trkpt lat="47.37529" lon="7.02684">
        <ele>711</ele>
        <time>2025-11-23T11:31:03+00:00</time>
      </trkpt>
      <trkpt lat="47.37523" lon="7.02695">
        <ele>712</ele>
        <time>2025-11-23T11:31:06+00:00</time>
      </trkpt>
      <trkpt lat="47.37519" lon="7.02705">
        <ele>712</ele>
        <time>2025-11-23T11:31:09+00:00</time>
      </trkpt>
      <trkpt lat="47.37516" lon="7.02711">
        <ele>712</ele>
        <time>2025-11-23T11:31:12+00:00</time>
      </trkpt>
      <trkpt lat="47.37512" lon="7.02718">
        <ele>712</ele>
        <time>2025-11-23T11:31:15+00:00</time>
      </trkpt>
      <trkpt lat="47.37501" lon="7.02729">
        <ele>712</ele>
        <time>2025-11-23T11:31:18+00:00</time>
      </trkpt>
      <trkpt lat="47.37489" lon="7.02739">
        <ele>714</ele>
        <time>2025-11-23T11:31:21+00:00</time>
      </trkpt>
      <trkpt lat="47.37483" lon="7.02743">
        <ele>714</ele>
        <time>2025-11-23T11:31:24+00:00</time>
      </trkpt>
      <trkpt lat="47.37478" lon="7.02747">
        <ele>714</ele>
        <time>2025-11-23T11:31:27+00:00</time>
      </trkpt>
      <trkpt lat="47.37474" lon="7.02751">
        <ele>715</ele>
        <time>2025-11-23T11:31:30+00:00</time>
      </trkpt>
      <trkpt lat="47.3747" lon="7.02754">
        <ele>714</ele>
        <time>2025-11-23T11:31:33+00:00</time>
      </trkpt>
      <trkpt lat="47.37466" lon="7.02757">
        <ele>713</ele>
        <time>2025-11-23T11:31:36+00:00</time>
      </trkpt>
      <trkpt lat="47.3746" lon="7.02758">
        <ele>713</ele>
        <time>2025-11-23T11:31:39+00:00</time>
      </trkpt>
      <trkpt lat="47.37456" lon="7.02758">
        <ele>711</ele>
        <time>2025-11-23T11:31:42+00:00</time>
      </trkpt>
      <trkpt lat="47.37456" lon="7.02758">
        <ele>711</ele>
        <time>2025-11-23T11:31:45+00:00</time>
      </trkpt>
      <trkpt lat="47.37456" lon="7.02758">
        <ele>711</ele>
        <time>2025-11-23T11:31:48+00:00</time>
      </trkpt>
      <trkpt lat="47.37457" lon="7.0277">
        <ele>714</ele>
        <time>2025-11-23T11:31:51+00:00</time>
      </trkpt>
      <trkpt lat="47.37453" lon="7.02774">
        <ele>714</ele>
        <time>2025-11-23T11:31:54+00:00</time>
      </trkpt>
      <trkpt lat="47.37448" lon="7.02779">
        <ele>712</ele>
        <time>2025-11-23T11:31:57+00:00</time>
      </trkpt>
      <trkpt lat="47.37433" lon="7.02796">
        <ele>716</ele>
        <time>2025-11-23T11:32:00+00:00</time>
      </trkpt>
      <trkpt lat="47.37416" lon="7.02818">
        <ele>721</ele>
        <time>2025-11-23T11:32:03+00:00</time>
      </trkpt>
      <trkpt lat="47.37408" lon="7.02833">
        <ele>727</ele>
        <time>2025-11-23T11:32:06+00:00</time>
      </trkpt>
      <trkpt lat="47.37401" lon="7.02855">
        <ele>731</ele>
        <time>2025-11-23T11:32:09+00:00</time>
      </trkpt>
      <trkpt lat="47.37394" lon="7.02877">
        <ele>734</ele>
        <time>2025-11-23T11:32:12+00:00</time>
      </trkpt>
      <trkpt lat="47.3739" lon="7.02904">
        <ele>736</ele>
        <time>2025-11-23T11:32:15+00:00</time>
      </trkpt>
      <trkpt lat="47.37389" lon="7.02911">
        <ele>736</ele>
        <time>2025-11-23T11:32:18+00:00</time>
      </trkpt>
      <trkpt lat="47.37384" lon="7.0294">
        <ele>737</ele>
        <time>2025-11-23T11:32:21+00:00</time>
      </trkpt>
      <trkpt lat="47.37378" lon="7.02978">
        <ele>737</ele>
        <time>2025-11-23T11:32:24+00:00</time>
      </trkpt>
      <trkpt lat="47.37373" lon="7.03012">
        <ele>738</ele>
        <time>2025-11-23T11:32:27+00:00</time>
      </trkpt>
      <trkpt lat="47.37374" lon="7.03038">
        <ele>740</ele>
        <time>2025-11-23T11:32:30+00:00</time>
      </trkpt>
      <trkpt lat="47.37381" lon="7.0307">
        <ele>741</ele>
        <time>2025-11-23T11:32:33+00:00</time>
      </trkpt>
      <trkpt lat="47.37392" lon="7.03096">
        <ele>741</ele>
        <time>2025-11-23T11:32:36+00:00</time>
      </trkpt>
      <trkpt lat="47.37411" lon="7.03129">
        <ele>742</ele>
        <time>2025-11-23T11:32:39+00:00</time>
      </trkpt>
      <trkpt lat="47.37429" lon="7.0316">
        <ele>744</ele>
        <time>2025-11-23T11:32:42+00:00</time>
      </trkpt>
      <trkpt lat="47.37445" lon="7.03182">
        <ele>749</ele>
        <time>2025-11-23T11:32:45+00:00</time>
      </trkpt>
      <trkpt lat="47.37464" lon="7.03189">
        <ele>749</ele>
        <time>2025-11-23T11:32:48+00:00</time>
      </trkpt>
      <trkpt lat="47.37488" lon="7.03179">
        <ele>749</ele>
        <time>2025-11-23T11:32:51+00:00</time>
      </trkpt>
      <trkpt lat="47.37502" lon="7.03156">
        <ele>744</ele>
        <time>2025-11-23T11:32:54+00:00</time>
      </trkpt>
      <trkpt lat="47.37516" lon="7.03134">
        <ele>737</ele>
        <time>2025-11-23T11:32:57+00:00</time>
      </trkpt>
      <trkpt lat="47.37531" lon="7.03109">
        <ele>736</ele>
        <time>2025-11-23T11:33:00+00:00</time>
      </trkpt>
      <trkpt lat="47.37548" lon="7.03083">
        <ele>733</ele>
        <time>2025-11-23T11:33:03+00:00</time>
      </trkpt>
      <trkpt lat="47.37559" lon="7.03068">
        <ele>731</ele>
        <time>2025-11-23T11:33:06+00:00</time>
      </trkpt>
      <trkpt lat="47.37583" lon="7.03046">
        <ele>734</ele>
        <time>2025-11-23T11:33:09+00:00</time>
      </trkpt>
      <trkpt lat="47.37562" lon="7.03085">
        <ele>735</ele>
        <time>2025-11-23T11:33:12+00:00</time>
      </trkpt>
      <trkpt lat="47.37552" lon="7.03104">
        <ele>738</ele>
        <time>2025-11-23T11:33:15+00:00</time>
      </trkpt>
      <trkpt lat="47.37552" lon="7.03104">
        <ele>738</ele>
        <time>2025-11-23T11:33:18+00:00</time>
      </trkpt>
      <trkpt lat="47.37552" lon="7.03104">
        <ele>738</ele>
        <time>2025-11-23T11:33:21+00:00</time>
      </trkpt>
      <trkpt lat="47.37542" lon="7.03125">
        <ele>740</ele>
        <time>2025-11-23T11:33:24+00:00</time>
      </trkpt>
      <trkpt lat="47.37531" lon="7.03149">
        <ele>742</ele>
        <time>2025-11-23T11:33:27+00:00</time>
      </trkpt>
      <trkpt lat="47.37516" lon="7.0319">
        <ele>754</ele>
        <time>2025-11-23T11:33:30+00:00</time>
      </trkpt>
      <trkpt lat="47.375" lon="7.03236">
        <ele>764</ele>
        <time>2025-11-23T11:33:33+00:00</time>
      </trkpt>
      <trkpt lat="47.37479" lon="7.03276">
        <ele>766</ele>
        <time>2025-11-23T11:33:36+00:00</time>
      </trkpt>
      <trkpt lat="47.37464" lon="7.03306">
        <ele>767</ele>
        <time>2025-11-23T11:33:39+00:00</time>
      </trkpt>
      <trkpt lat="47.3746" lon="7.03321">
        <ele>769</ele>
        <time>2025-11-23T11:33:42+00:00</time>
      </trkpt>
      <trkpt lat="47.37449" lon="7.03339">
        <ele>772</ele>
        <time>2025-11-23T11:33:45+00:00</time>
      </trkpt>
      <trkpt lat="47.37424" lon="7.03362">
        <ele>781</ele>
        <time>2025-11-23T11:33:48+00:00</time>
      </trkpt>
      <trkpt lat="47.37405" lon="7.03383">
        <ele>783</ele>
        <time>2025-11-23T11:33:51+00:00</time>
      </trkpt>
      <trkpt lat="47.37391" lon="7.03416">
        <ele>783</ele>
        <time>2025-11-23T11:33:54+00:00</time>
      </trkpt>
      <trkpt lat="47.37376" lon="7.03443">
        <ele>789</ele>
        <time>2025-11-23T11:33:57+00:00</time>
      </trkpt>
      <trkpt lat="47.37348" lon="7.03452">
        <ele>791</ele>
        <time>2025-11-23T11:34:00+00:00</time>
      </trkpt>
      <trkpt lat="47.37327" lon="7.03468">
        <ele>792</ele>
        <time>2025-11-23T11:34:03+00:00</time>
      </trkpt>
      <trkpt lat="47.37303" lon="7.03487">
        <ele>793</ele>
        <time>2025-11-23T11:34:06+00:00</time>
      </trkpt>
      <trkpt lat="47.37281" lon="7.03503">
        <ele>795</ele>
        <time>2025-11-23T11:34:09+00:00</time>
      </trkpt>
      <trkpt lat="47.37248" lon="7.0352">
        <ele>804</ele>
        <time>2025-11-23T11:34:12+00:00</time>
      </trkpt>
      <trkpt lat="47.37233" lon="7.03532">
        <ele>805</ele>
        <time>2025-11-23T11:34:15+00:00</time>
      </trkpt>
      <trkpt lat="47.37211" lon="7.03534">
        <ele>808</ele>
        <time>2025-11-23T11:34:18+00:00</time>
      </trkpt>
      <trkpt lat="47.37211" lon="7.03534">
        <ele>808</ele>
        <time>2025-11-23T11:34:21+00:00</time>
      </trkpt>
      <trkpt lat="47.37207" lon="7.03533">
        <ele>810</ele>
        <time>2025-11-23T11:34:24+00:00</time>
      </trkpt>
      <trkpt lat="47.37204" lon="7.03531">
        <ele>810</ele>
        <time>2025-11-23T11:34:27+00:00</time>
      </trkpt>
      <trkpt lat="47.37201" lon="7.03526">
        <ele>809</ele>
        <time>2025-11-23T11:34:30+00:00</time>
      </trkpt>
      <trkpt lat="47.37198" lon="7.03521">
        <ele>811</ele>
        <time>2025-11-23T11:34:33+00:00</time>
      </trkpt>
      <trkpt lat="47.37192" lon="7.03512">
        <ele>810</ele>
        <time>2025-11-23T11:34:36+00:00</time>
      </trkpt>
      <trkpt lat="47.37187" lon="7.03502">
        <ele>811</ele>
        <time>2025-11-23T11:34:39+00:00</time>
      </trkpt>
      <trkpt lat="47.37179" lon="7.03487">
        <ele>812</ele>
        <time>2025-11-23T11:34:42+00:00</time>
      </trkpt>
      <trkpt lat="47.37173" lon="7.03477">
        <ele>812</ele>
        <time>2025-11-23T11:34:45+00:00</time>
      </trkpt>
      <trkpt lat="47.37172" lon="7.03471">
        <ele>812</ele>
        <time>2025-11-23T11:34:48+00:00</time>
      </trkpt>
      <trkpt lat="47.37172" lon="7.03471">
        <ele>812</ele>
        <time>2025-11-23T11:34:51+00:00</time>
      </trkpt>
      <trkpt lat="47.37159" lon="7.03441">
        <ele>813</ele>
        <time>2025-11-23T11:34:54+00:00</time>
      </trkpt>
      <trkpt lat="47.37148" lon="7.03401">
        <ele>811</ele>
        <time>2025-11-23T11:34:57+00:00</time>
      </trkpt>
      <trkpt lat="47.37137" lon="7.03359">
        <ele>815</ele>
        <time>2025-11-23T11:35:00+00:00</time>
      </trkpt>
      <trkpt lat="47.37136" lon="7.03413">
        <ele>819</ele>
        <time>2025-11-23T11:35:03+00:00</time>
      </trkpt>
      <trkpt lat="47.37128" lon="7.03439">
        <ele>822</ele>
        <time>2025-11-23T11:35:06+00:00</time>
      </trkpt>
      <trkpt lat="47.37118" lon="7.03469">
        <ele>827</ele>
        <time>2025-11-23T11:35:09+00:00</time>
      </trkpt>
      <trkpt lat="47.37113" lon="7.03506">
        <ele>832</ele>
        <time>2025-11-23T11:35:12+00:00</time>
      </trkpt>
      <trkpt lat="47.3711" lon="7.03546">
        <ele>838</ele>
        <time>2025-11-23T11:35:15+00:00</time>
      </trkpt>
      <trkpt lat="47.37107" lon="7.03592">
        <ele>847</ele>
        <time>2025-11-23T11:35:18+00:00</time>
      </trkpt>
      <trkpt lat="47.37102" lon="7.03631">
        <ele>854</ele>
        <time>2025-11-23T11:35:21+00:00</time>
      </trkpt>
      <trkpt lat="47.37103" lon="7.03666">
        <ele>863</ele>
        <time>2025-11-23T11:35:24+00:00</time>
      </trkpt>
      <trkpt lat="47.37106" lon="7.03694">
        <ele>867</ele>
        <time>2025-11-23T11:35:27+00:00</time>
      </trkpt>
      <trkpt lat="47.3711" lon="7.03718">
        <ele>871</ele>
        <time>2025-11-23T11:35:30+00:00</time>
      </trkpt>
      <trkpt lat="47.37103" lon="7.03718">
        <ele>871</ele>
        <time>2025-11-23T11:35:33+00:00</time>
      </trkpt>
      <trkpt lat="47.37098" lon="7.03708">
        <ele>873</ele>
        <time>2025-11-23T11:35:36+00:00</time>
      </trkpt>
      <trkpt lat="47.3709" lon="7.03702">
        <ele>880</ele>
        <time>2025-11-23T11:35:39+00:00</time>
      </trkpt>
      <trkpt lat="47.37089" lon="7.03689">
        <ele>877</ele>
        <time>2025-11-23T11:35:42+00:00</time>
      </trkpt>
      <trkpt lat="47.37084" lon="7.03678">
        <ele>875</ele>
        <time>2025-11-23T11:35:45+00:00</time>
      </trkpt>
      <trkpt lat="47.37078" lon="7.03662">
        <ele>879</ele>
        <time>2025-11-23T11:35:48+00:00</time>
      </trkpt>
      <trkpt lat="47.3707" lon="7.03646">
        <ele>881</ele>
        <time>2025-11-23T11:35:51+00:00</time>
      </trkpt>
      <trkpt lat="47.37065" lon="7.03649">
        <ele>881</ele>
        <time>2025-11-23T11:35:54+00:00</time>
      </trkpt>
      <trkpt lat="47.37068" lon="7.0367">
        <ele>884</ele>
        <time>2025-11-23T11:35:57+00:00</time>
      </trkpt>
      <trkpt lat="47.37058" lon="7.03656">
        <ele>887</ele>
        <time>2025-11-23T11:36:00+00:00</time>
      </trkpt>
      <trkpt lat="47.37047" lon="7.03644">
        <ele>891</ele>
        <time>2025-11-23T11:36:03+00:00</time>
      </trkpt>
      <trkpt lat="47.37033" lon="7.03622">
        <ele>895</ele>
        <time>2025-11-23T11:36:06+00:00</time>
      </trkpt>
      <trkpt lat="47.37024" lon="7.03607">
        <ele>901</ele>
        <time>2025-11-23T11:36:09+00:00</time>
      </trkpt>
      <trkpt lat="47.37015" lon="7.03579">
        <ele>904</ele>
        <time>2025-11-23T11:36:12+00:00</time>
      </trkpt>
      <trkpt lat="47.37004" lon="7.03565">
        <ele>910</ele>
        <time>2025-11-23T11:36:15+00:00</time>
      </trkpt>
      <trkpt lat="47.37001" lon="7.03544">
        <ele>909</ele>
        <time>2025-11-23T11:36:18+00:00</time>
      </trkpt>
      <trkpt lat="47.36998" lon="7.03529">
        <ele>914</ele>
        <time>2025-11-23T11:36:21+00:00</time>
      </trkpt>
      <trkpt lat="47.36987" lon="7.03523">
        <ele>918</ele>
        <time>2025-11-23T11:36:24+00:00</time>
      </trkpt>
      <trkpt lat="47.36975" lon="7.03521">
        <ele>921</ele>
        <time>2025-11-23T11:36:27+00:00</time>
      </trkpt>
      <trkpt lat="47.36977" lon="7.0355">
        <ele>920</ele>
        <time>2025-11-23T11:36:30+00:00</time>
      </trkpt>
      <trkpt lat="47.36977" lon="7.03594">
        <ele>923</ele>
        <time>2025-11-23T11:36:33+00:00</time>
      </trkpt>
      <trkpt lat="47.36983" lon="7.03627">
        <ele>923</ele>
        <time>2025-11-23T11:36:36+00:00</time>
      </trkpt>
      <trkpt lat="47.36984" lon="7.03678">
        <ele>922</ele>
        <time>2025-11-23T11:36:39+00:00</time>
      </trkpt>
      <trkpt lat="47.36988" lon="7.03695">
        <ele>921</ele>
        <time>2025-11-23T11:36:42+00:00</time>
      </trkpt>
      <trkpt lat="47.36996" lon="7.0374">
        <ele>922</ele>
        <time>2025-11-23T11:36:45+00:00</time>
      </trkpt>
      <trkpt lat="47.37003" lon="7.03773">
        <ele>924</ele>
        <time>2025-11-23T11:36:48+00:00</time>
      </trkpt>
      <trkpt lat="47.37011" lon="7.03808">
        <ele>925</ele>
        <time>2025-11-23T11:36:51+00:00</time>
      </trkpt>
      <trkpt lat="47.37023" lon="7.03855">
        <ele>925</ele>
        <time>2025-11-23T11:36:54+00:00</time>
      </trkpt>
      <trkpt lat="47.37039" lon="7.0388">
        <ele>926</ele>
        <time>2025-11-23T11:36:57+00:00</time>
      </trkpt>
      <trkpt lat="47.37061" lon="7.03908">
        <ele>926</ele>
        <time>2025-11-23T11:37:00+00:00</time>
      </trkpt>
      <trkpt lat="47.37077" lon="7.0393">
        <ele>927</ele>
        <time>2025-11-23T11:37:03+00:00</time>
      </trkpt>
      <trkpt lat="47.37079" lon="7.03944">
        <ele>929</ele>
        <time>2025-11-23T11:37:06+00:00</time>
      </trkpt>
      <trkpt lat="47.37081" lon="7.03986">
        <ele>927</ele>
        <time>2025-11-23T11:37:09+00:00</time>
      </trkpt>
      <trkpt lat="47.3708" lon="7.04008">
        <ele>926</ele>
        <time>2025-11-23T11:37:12+00:00</time>
      </trkpt>
      <trkpt lat="47.37093" lon="7.04041">
        <ele>928</ele>
        <time>2025-11-23T11:37:15+00:00</time>
      </trkpt>
      <trkpt lat="47.37112" lon="7.04083">
        <ele>928</ele>
        <time>2025-11-23T11:37:18+00:00</time>
      </trkpt>
      <trkpt lat="47.37126" lon="7.04111">
        <ele>927</ele>
        <time>2025-11-23T11:37:21+00:00</time>
      </trkpt>
      <trkpt lat="47.37129" lon="7.04133">
        <ele>928</ele>
        <time>2025-11-23T11:37:24+00:00</time>
      </trkpt>
      <trkpt lat="47.37114" lon="7.0416">
        <ele>927</ele>
        <time>2025-11-23T11:37:27+00:00</time>
      </trkpt>
      <trkpt lat="47.371" lon="7.04179">
        <ele>927</ele>
        <time>2025-11-23T11:37:30+00:00</time>
      </trkpt>
      <trkpt lat="47.37088" lon="7.04199">
        <ele>925</ele>
        <time>2025-11-23T11:37:33+00:00</time>
      </trkpt>
      <trkpt lat="47.37086" lon="7.0422">
        <ele>925</ele>
        <time>2025-11-23T11:37:36+00:00</time>
      </trkpt>
      <trkpt lat="47.37083" lon="7.04241">
        <ele>924</ele>
        <time>2025-11-23T11:37:39+00:00</time>
      </trkpt>
      <trkpt lat="47.37088" lon="7.04283">
        <ele>920</ele>
        <time>2025-11-23T11:37:42+00:00</time>
      </trkpt>
      <trkpt lat="47.37089" lon="7.04303">
        <ele>919</ele>
        <time>2025-11-23T11:37:45+00:00</time>
      </trkpt>
      <trkpt lat="47.37084" lon="7.04333">
        <ele>916</ele>
        <time>2025-11-23T11:37:48+00:00</time>
      </trkpt>
      <trkpt lat="47.37077" lon="7.04375">
        <ele>913</ele>
        <time>2025-11-23T11:37:51+00:00</time>
      </trkpt>
      <trkpt lat="47.37071" lon="7.04402">
        <ele>911</ele>
        <time>2025-11-23T11:37:54+00:00</time>
      </trkpt>
      <trkpt lat="47.37067" lon="7.04438">
        <ele>908</ele>
        <time>2025-11-23T11:37:57+00:00</time>
      </trkpt>
      <trkpt lat="47.37071" lon="7.04485">
        <ele>907</ele>
        <time>2025-11-23T11:38:00+00:00</time>
      </trkpt>
      <trkpt lat="47.37082" lon="7.04541">
        <ele>907</ele>
        <time>2025-11-23T11:38:03+00:00</time>
      </trkpt>
      <trkpt lat="47.37085" lon="7.04577">
        <ele>905</ele>
        <time>2025-11-23T11:38:06+00:00</time>
      </trkpt>
      <trkpt lat="47.37087" lon="7.0462">
        <ele>905</ele>
        <time>2025-11-23T11:38:09+00:00</time>
      </trkpt>
      <trkpt lat="47.37091" lon="7.04657">
        <ele>903</ele>
        <time>2025-11-23T11:38:12+00:00</time>
      </trkpt>
      <trkpt lat="47.37095" lon="7.04703">
        <ele>900</ele>
        <time>2025-11-23T11:38:15+00:00</time>
      </trkpt>
      <trkpt lat="47.37095" lon="7.04723">
        <ele>898</ele>
        <time>2025-11-23T11:38:18+00:00</time>
      </trkpt>
      <trkpt lat="47.37088" lon="7.04755">
        <ele>897</ele>
        <time>2025-11-23T11:38:21+00:00</time>
      </trkpt>
      <trkpt lat="47.37081" lon="7.0479">
        <ele>895</ele>
        <time>2025-11-23T11:38:24+00:00</time>
      </trkpt>
      <trkpt lat="47.37076" lon="7.0483">
        <ele>893</ele>
        <time>2025-11-23T11:38:27+00:00</time>
      </trkpt>
      <trkpt lat="47.37061" lon="7.04861">
        <ele>891</ele>
        <time>2025-11-23T11:38:30+00:00</time>
      </trkpt>
      <trkpt lat="47.37042" lon="7.049">
        <ele>888</ele>
        <time>2025-11-23T11:38:33+00:00</time>
      </trkpt>
      <trkpt lat="47.37025" lon="7.04937">
        <ele>883</ele>
        <time>2025-11-23T11:38:36+00:00</time>
      </trkpt>
      <trkpt lat="47.37024" lon="7.04956">
        <ele>883</ele>
        <time>2025-11-23T11:38:39+00:00</time>
      </trkpt>
      <trkpt lat="47.37023" lon="7.04981">
        <ele>881</ele>
        <time>2025-11-23T11:38:42+00:00</time>
      </trkpt>
      <trkpt lat="47.37022" lon="7.05006">
        <ele>880</ele>
        <time>2025-11-23T11:38:45+00:00</time>
      </trkpt>
      <trkpt lat="47.3702" lon="7.05063">
        <ele>867</ele>
        <time>2025-11-23T11:38:48+00:00</time>
      </trkpt>
      <trkpt lat="47.3702" lon="7.05099">
        <ele>862</ele>
        <time>2025-11-23T11:38:51+00:00</time>
      </trkpt>
      <trkpt lat="47.3701" lon="7.05136">
        <ele>859</ele>
        <time>2025-11-23T11:38:54+00:00</time>
      </trkpt>
      <trkpt lat="47.3701" lon="7.05136">
        <ele>859</ele>
        <time>2025-11-23T11:38:57+00:00</time>
      </trkpt>
      <trkpt lat="47.37005" lon="7.05138">
        <ele>858</ele>
        <time>2025-11-23T11:39:00+00:00</time>
      </trkpt>
      <trkpt lat="47.36997" lon="7.05146">
        <ele>857</ele>
        <time>2025-11-23T11:39:03+00:00</time>
      </trkpt>
      <trkpt lat="47.36995" lon="7.05148">
        <ele>857</ele>
        <time>2025-11-23T11:39:06+00:00</time>
      </trkpt>
      <trkpt lat="47.36989" lon="7.05149">
        <ele>856</ele>
        <time>2025-11-23T11:39:09+00:00</time>
      </trkpt>
      <trkpt lat="47.36976" lon="7.05139">
        <ele>856</ele>
        <time>2025-11-23T11:39:12+00:00</time>
      </trkpt>
      <trkpt lat="47.36975" lon="7.05137">
        <ele>856</ele>
        <time>2025-11-23T11:39:15+00:00</time>
      </trkpt>
      <trkpt lat="47.36969" lon="7.05127">
        <ele>856</ele>
        <time>2025-11-23T11:39:18+00:00</time>
      </trkpt>
      <trkpt lat="47.3696" lon="7.05129">
        <ele>855</ele>
        <time>2025-11-23T11:39:21+00:00</time>
      </trkpt>
      <trkpt lat="47.36955" lon="7.05139">
        <ele>856</ele>
        <time>2025-11-23T11:39:24+00:00</time>
      </trkpt>
      <trkpt lat="47.36953" lon="7.0514">
        <ele>853</ele>
        <time>2025-11-23T11:39:27+00:00</time>
      </trkpt>
      <trkpt lat="47.36951" lon="7.05138">
        <ele>856</ele>
        <time>2025-11-23T11:39:30+00:00</time>
      </trkpt>
      <trkpt lat="47.36949" lon="7.05132">
        <ele>856</ele>
        <time>2025-11-23T11:39:33+00:00</time>
      </trkpt>
      <trkpt lat="47.36944" lon="7.05107">
        <ele>850</ele>
        <time>2025-11-23T11:39:36+00:00</time>
      </trkpt>
      <trkpt lat="47.36942" lon="7.051">
        <ele>849</ele>
        <time>2025-11-23T11:39:39+00:00</time>
      </trkpt>
      <trkpt lat="47.36939" lon="7.05082">
        <ele>848</ele>
        <time>2025-11-23T11:39:42+00:00</time>
      </trkpt>
      <trkpt lat="47.36938" lon="7.05062">
        <ele>844</ele>
        <time>2025-11-23T11:39:45+00:00</time>
      </trkpt>
      <trkpt lat="47.36938" lon="7.05056">
        <ele>846</ele>
        <time>2025-11-23T11:39:48+00:00</time>
      </trkpt>
      <trkpt lat="47.36936" lon="7.05046">
        <ele>848</ele>
        <time>2025-11-23T11:39:51+00:00</time>
      </trkpt>
      <trkpt lat="47.36935" lon="7.05036">
        <ele>848</ele>
        <time>2025-11-23T11:39:54+00:00</time>
      </trkpt>
      <trkpt lat="47.36936" lon="7.05033">
        <ele>848</ele>
        <time>2025-11-23T11:39:57+00:00</time>
      </trkpt>
      <trkpt lat="47.36935" lon="7.05029">
        <ele>848</ele>
        <time>2025-11-23T11:40:00+00:00</time>
      </trkpt>
      <trkpt lat="47.36934" lon="7.05024">
        <ele>848</ele>
        <time>2025-11-23T11:40:03+00:00</time>
      </trkpt>
      <trkpt lat="47.36933" lon="7.05023">
        <ele>848</ele>
        <time>2025-11-23T11:40:06+00:00</time>
      </trkpt>
      <trkpt lat="47.36931" lon="7.05019">
        <ele>844</ele>
        <time>2025-11-23T11:40:09+00:00</time>
      </trkpt>
      <trkpt lat="47.36925" lon="7.05012">
        <ele>845</ele>
        <time>2025-11-23T11:40:12+00:00</time>
      </trkpt>
      <trkpt lat="47.36922" lon="7.05006">
        <ele>845</ele>
        <time>2025-11-23T11:40:15+00:00</time>
      </trkpt>
      <trkpt lat="47.36922" lon="7.05002">
        <ele>845</ele>
        <time>2025-11-23T11:40:18+00:00</time>
      </trkpt>
      <trkpt lat="47.36919" lon="7.04997">
        <ele>840</ele>
        <time>2025-11-23T11:40:21+00:00</time>
      </trkpt>
      <trkpt lat="47.36915" lon="7.04993">
        <ele>840</ele>
        <time>2025-11-23T11:40:24+00:00</time>
      </trkpt>
      <trkpt lat="47.3691" lon="7.04984">
        <ele>835</ele>
        <time>2025-11-23T11:40:27+00:00</time>
      </trkpt>
      <trkpt lat="47.36903" lon="7.04973">
        <ele>835</ele>
        <time>2025-11-23T11:40:30+00:00</time>
      </trkpt>
      <trkpt lat="47.36899" lon="7.04965">
        <ele>830</ele>
        <time>2025-11-23T11:40:33+00:00</time>
      </trkpt>
      <trkpt lat="47.36894" lon="7.04959">
        <ele>829</ele>
        <time>2025-11-23T11:40:36+00:00</time>
      </trkpt>
      <trkpt lat="47.36889" lon="7.04945">
        <ele>817</ele>
        <time>2025-11-23T11:40:39+00:00</time>
      </trkpt>
      <trkpt lat="47.3688" lon="7.04942">
        <ele>809</ele>
        <time>2025-11-23T11:40:42+00:00</time>
      </trkpt>
      <trkpt lat="47.36873" lon="7.04942">
        <ele>809</ele>
        <time>2025-11-23T11:40:45+00:00</time>
      </trkpt>
      <trkpt lat="47.36865" lon="7.04974">
        <ele>806</ele>
        <time>2025-11-23T11:40:48+00:00</time>
      </trkpt>
      <trkpt lat="47.36849" lon="7.05012">
        <ele>799</ele>
        <time>2025-11-23T11:40:51+00:00</time>
      </trkpt>
      <trkpt lat="47.36839" lon="7.0504">
        <ele>794</ele>
        <time>2025-11-23T11:40:54+00:00</time>
      </trkpt>
      <trkpt lat="47.36827" lon="7.05075">
        <ele>789</ele>
        <time>2025-11-23T11:40:57+00:00</time>
      </trkpt>
      <trkpt lat="47.3682" lon="7.05101">
        <ele>783</ele>
        <time>2025-11-23T11:41:00+00:00</time>
      </trkpt>
      <trkpt lat="47.36817" lon="7.05107">
        <ele>783</ele>
        <time>2025-11-23T11:41:03+00:00</time>
      </trkpt>
      <trkpt lat="47.3681" lon="7.05123">
        <ele>780</ele>
        <time>2025-11-23T11:41:06+00:00</time>
      </trkpt>
      <trkpt lat="47.36801" lon="7.05138">
        <ele>781</ele>
        <time>2025-11-23T11:41:09+00:00</time>
      </trkpt>
      <trkpt lat="47.36796" lon="7.05161">
        <ele>778</ele>
        <time>2025-11-23T11:41:12+00:00</time>
      </trkpt>
      <trkpt lat="47.36795" lon="7.05163">
        <ele>778</ele>
        <time>2025-11-23T11:41:15+00:00</time>
      </trkpt>
      <trkpt lat="47.36791" lon="7.05171">
        <ele>781</ele>
        <time>2025-11-23T11:41:18+00:00</time>
      </trkpt>
      <trkpt lat="47.36788" lon="7.05182">
        <ele>776</ele>
        <time>2025-11-23T11:41:21+00:00</time>
      </trkpt>
      <trkpt lat="47.36785" lon="7.0519">
        <ele>776</ele>
        <time>2025-11-23T11:41:24+00:00</time>
      </trkpt>
      <trkpt lat="47.36772" lon="7.05215">
        <ele>776</ele>
        <time>2025-11-23T11:41:27+00:00</time>
      </trkpt>
      <trkpt lat="47.36763" lon="7.05235">
        <ele>773</ele>
        <time>2025-11-23T11:41:30+00:00</time>
      </trkpt>
      <trkpt lat="47.36756" lon="7.05254">
        <ele>770</ele>
        <time>2025-11-23T11:41:33+00:00</time>
      </trkpt>
      <trkpt lat="47.36738" lon="7.05287">
        <ele>762</ele>
        <time>2025-11-23T11:41:36+00:00</time>
      </trkpt>
      <trkpt lat="47.36731" lon="7.05302">
        <ele>763</ele>
        <time>2025-11-23T11:41:39+00:00</time>
      </trkpt>
      <trkpt lat="47.36728" lon="7.05313">
        <ele>759</ele>
        <time>2025-11-23T11:41:42+00:00</time>
      </trkpt>
      <trkpt lat="47.36723" lon="7.05326">
        <ele>759</ele>
        <time>2025-11-23T11:41:45+00:00</time>
      </trkpt>
      <trkpt lat="47.36719" lon="7.05334">
        <ele>755</ele>
        <time>2025-11-23T11:41:48+00:00</time>
      </trkpt>
      <trkpt lat="47.36715" lon="7.05343">
        <ele>756</ele>
        <time>2025-11-23T11:41:51+00:00</time>
      </trkpt>
      <trkpt lat="47.36708" lon="7.05369">
        <ele>755</ele>
        <time>2025-11-23T11:41:54+00:00</time>
      </trkpt>
      <trkpt lat="47.36705" lon="7.05387">
        <ele>757</ele>
        <time>2025-11-23T11:41:57+00:00</time>
      </trkpt>
      <trkpt lat="47.36704" lon="7.05391">
        <ele>757</ele>
        <time>2025-11-23T11:42:00+00:00</time>
      </trkpt>
      <trkpt lat="47.36698" lon="7.05409">
        <ele>753</ele>
        <time>2025-11-23T11:42:03+00:00</time>
      </trkpt>
      <trkpt lat="47.36695" lon="7.05401">
        <ele>753</ele>
        <time>2025-11-23T11:42:06+00:00</time>
      </trkpt>
      <trkpt lat="47.36694" lon="7.05392">
        <ele>753</ele>
        <time>2025-11-23T11:42:09+00:00</time>
      </trkpt>
      <trkpt lat="47.36688" lon="7.0537">
        <ele>748</ele>
        <time>2025-11-23T11:42:12+00:00</time>
      </trkpt>
      <trkpt lat="47.36681" lon="7.05343">
        <ele>741</ele>
        <time>2025-11-23T11:42:15+00:00</time>
      </trkpt>
      <trkpt lat="47.36675" lon="7.05325">
        <ele>734</ele>
        <time>2025-11-23T11:42:18+00:00</time>
      </trkpt>
      <trkpt lat="47.36672" lon="7.05318">
        <ele>733</ele>
        <time>2025-11-23T11:42:21+00:00</time>
      </trkpt>
      <trkpt lat="47.36671" lon="7.0531">
        <ele>733</ele>
        <time>2025-11-23T11:42:24+00:00</time>
      </trkpt>
      <trkpt lat="47.36667" lon="7.05286">
        <ele>728</ele>
        <time>2025-11-23T11:42:27+00:00</time>
      </trkpt>
      <trkpt lat="47.36656" lon="7.05241">
        <ele>723</ele>
        <time>2025-11-23T11:42:30+00:00</time>
      </trkpt>
      <trkpt lat="47.36652" lon="7.0523">
        <ele>725</ele>
        <time>2025-11-23T11:42:33+00:00</time>
      </trkpt>
      <trkpt lat="47.3665" lon="7.0522">
        <ele>725</ele>
        <time>2025-11-23T11:42:36+00:00</time>
      </trkpt>
      <trkpt lat="47.36644" lon="7.05208">
        <ele>721</ele>
        <time>2025-11-23T11:42:39+00:00</time>
      </trkpt>
      <trkpt lat="47.36639" lon="7.052">
        <ele>718</ele>
        <time>2025-11-23T11:42:42+00:00</time>
      </trkpt>
      <trkpt lat="47.36633" lon="7.05192">
        <ele>718</ele>
        <time>2025-11-23T11:42:45+00:00</time>
      </trkpt>
      <trkpt lat="47.36626" lon="7.05172">
        <ele>715</ele>
        <time>2025-11-23T11:42:48+00:00</time>
      </trkpt>
      <trkpt lat="47.3662" lon="7.05148">
        <ele>714</ele>
        <time>2025-11-23T11:42:51+00:00</time>
      </trkpt>
      <trkpt lat="47.36617" lon="7.05126">
        <ele>714</ele>
        <time>2025-11-23T11:42:54+00:00</time>
      </trkpt>
      <trkpt lat="47.36614" lon="7.0511">
        <ele>711</ele>
        <time>2025-11-23T11:42:57+00:00</time>
      </trkpt>
      <trkpt lat="47.36611" lon="7.05085">
        <ele>713</ele>
        <time>2025-11-23T11:43:00+00:00</time>
      </trkpt>
      <trkpt lat="47.36605" lon="7.05094">
        <ele>710</ele>
        <time>2025-11-23T11:43:03+00:00</time>
      </trkpt>
      <trkpt lat="47.36607" lon="7.05098">
        <ele>710</ele>
        <time>2025-11-23T11:43:06+00:00</time>
      </trkpt>
      <trkpt lat="47.36607" lon="7.05117">
        <ele>716</ele>
        <time>2025-11-23T11:43:09+00:00</time>
      </trkpt>
      <trkpt lat="47.36609" lon="7.05158">
        <ele>714</ele>
        <time>2025-11-23T11:43:12+00:00</time>
      </trkpt>
      <trkpt lat="47.36605" lon="7.05189">
        <ele>712</ele>
        <time>2025-11-23T11:43:15+00:00</time>
      </trkpt>
      <trkpt lat="47.36601" lon="7.05208">
        <ele>712</ele>
        <time>2025-11-23T11:43:18+00:00</time>
      </trkpt>
      <trkpt lat="47.36593" lon="7.05223">
        <ele>708</ele>
        <time>2025-11-23T11:43:21+00:00</time>
      </trkpt>
      <trkpt lat="47.36583" lon="7.05224">
        <ele>703</ele>
        <time>2025-11-23T11:43:24+00:00</time>
      </trkpt>
      <trkpt lat="47.36578" lon="7.05218">
        <ele>704</ele>
        <time>2025-11-23T11:43:27+00:00</time>
      </trkpt>
      <trkpt lat="47.36572" lon="7.05204">
        <ele>708</ele>
        <time>2025-11-23T11:43:30+00:00</time>
      </trkpt>
      <trkpt lat="47.36568" lon="7.05191">
        <ele>704</ele>
        <time>2025-11-23T11:43:33+00:00</time>
      </trkpt>
      <trkpt lat="47.36561" lon="7.05166">
        <ele>708</ele>
        <time>2025-11-23T11:43:36+00:00</time>
      </trkpt>
      <trkpt lat="47.3656" lon="7.05151">
        <ele>709</ele>
        <time>2025-11-23T11:43:39+00:00</time>
      </trkpt>
      <trkpt lat="47.36561" lon="7.0514">
        <ele>709</ele>
        <time>2025-11-23T11:43:42+00:00</time>
      </trkpt>
      <trkpt lat="47.36566" lon="7.05119">
        <ele>701</ele>
        <time>2025-11-23T11:43:45+00:00</time>
      </trkpt>
      <trkpt lat="47.36566" lon="7.05108">
        <ele>692</ele>
        <time>2025-11-23T11:43:48+00:00</time>
      </trkpt>
      <trkpt lat="47.36562" lon="7.05084">
        <ele>692</ele>
        <time>2025-11-23T11:43:51+00:00</time>
      </trkpt>
      <trkpt lat="47.36559" lon="7.05066">
        <ele>688</ele>
        <time>2025-11-23T11:43:54+00:00</time>
      </trkpt>
      <trkpt lat="47.3654" lon="7.05032">
        <ele>686</ele>
        <time>2025-11-23T11:43:57+00:00</time>
      </trkpt>
      <trkpt lat="47.3653" lon="7.05016">
        <ele>682</ele>
        <time>2025-11-23T11:44:00+00:00</time>
      </trkpt>
      <trkpt lat="47.36506" lon="7.04993">
        <ele>687</ele>
        <time>2025-11-23T11:44:03+00:00</time>
      </trkpt>
      <trkpt lat="47.3649" lon="7.04982">
        <ele>691</ele>
        <time>2025-11-23T11:44:06+00:00</time>
      </trkpt>
      <trkpt lat="47.36484" lon="7.04983">
        <ele>682</ele>
        <time>2025-11-23T11:44:09+00:00</time>
      </trkpt>
      <trkpt lat="47.36479" lon="7.04992">
        <ele>686</ele>
        <time>2025-11-23T11:44:12+00:00</time>
      </trkpt>
      <trkpt lat="47.36478" lon="7.05022">
        <ele>678</ele>
        <time>2025-11-23T11:44:15+00:00</time>
      </trkpt>
      <trkpt lat="47.36479" lon="7.05035">
        <ele>671</ele>
        <time>2025-11-23T11:44:18+00:00</time>
      </trkpt>
      <trkpt lat="47.3648" lon="7.05044">
        <ele>667</ele>
        <time>2025-11-23T11:44:21+00:00</time>
      </trkpt>
      <trkpt lat="47.36483" lon="7.05061">
        <ele>670</ele>
        <time>2025-11-23T11:44:24+00:00</time>
      </trkpt>
      <trkpt lat="47.36488" lon="7.05074">
        <ele>661</ele>
        <time>2025-11-23T11:44:27+00:00</time>
      </trkpt>
      <trkpt lat="47.36491" lon="7.05093">
        <ele>663</ele>
        <time>2025-11-23T11:44:30+00:00</time>
      </trkpt>
      <trkpt lat="47.3649" lon="7.05111">
        <ele>660</ele>
        <time>2025-11-23T11:44:33+00:00</time>
      </trkpt>
      <trkpt lat="47.36481" lon="7.05135">
        <ele>659</ele>
        <time>2025-11-23T11:44:36+00:00</time>
      </trkpt>
      <trkpt lat="47.36479" lon="7.05168">
        <ele>658</ele>
        <time>2025-11-23T11:44:39+00:00</time>
      </trkpt>
      <trkpt lat="47.36475" lon="7.05204">
        <ele>657</ele>
        <time>2025-11-23T11:44:42+00:00</time>
      </trkpt>
      <trkpt lat="47.36474" lon="7.05241">
        <ele>654</ele>
        <time>2025-11-23T11:44:45+00:00</time>
      </trkpt>
      <trkpt lat="47.36474" lon="7.05263">
        <ele>650</ele>
        <time>2025-11-23T11:44:48+00:00</time>
      </trkpt>
      <trkpt lat="47.36475" lon="7.05294">
        <ele>653</ele>
        <time>2025-11-23T11:44:51+00:00</time>
      </trkpt>
      <trkpt lat="47.36472" lon="7.05323">
        <ele>658</ele>
        <time>2025-11-23T11:44:54+00:00</time>
      </trkpt>
      <trkpt lat="47.36478" lon="7.05344">
        <ele>660</ele>
        <time>2025-11-23T11:44:57+00:00</time>
      </trkpt>
      <trkpt lat="47.36487" lon="7.05364">
        <ele>664</ele>
        <time>2025-11-23T11:45:00+00:00</time>
      </trkpt>
      <trkpt lat="47.36491" lon="7.05378">
        <ele>668</ele>
        <time>2025-11-23T11:45:03+00:00</time>
      </trkpt>
      <trkpt lat="47.36491" lon="7.05385">
        <ele>668</ele>
        <time>2025-11-23T11:45:06+00:00</time>
      </trkpt>
      <trkpt lat="47.36492" lon="7.05392">
        <ele>662</ele>
        <time>2025-11-23T11:45:09+00:00</time>
      </trkpt>
      <trkpt lat="47.36491" lon="7.05398">
        <ele>666</ele>
        <time>2025-11-23T11:45:12+00:00</time>
      </trkpt>
      <trkpt lat="47.3649" lon="7.05407">
        <ele>661</ele>
        <time>2025-11-23T11:45:15+00:00</time>
      </trkpt>
      <trkpt lat="47.36487" lon="7.05418">
        <ele>661</ele>
        <time>2025-11-23T11:45:18+00:00</time>
      </trkpt>
      <trkpt lat="47.3648" lon="7.05427">
        <ele>658</ele>
        <time>2025-11-23T11:45:21+00:00</time>
      </trkpt>
      <trkpt lat="47.36472" lon="7.05431">
        <ele>658</ele>
        <time>2025-11-23T11:45:24+00:00</time>
      </trkpt>
      <trkpt lat="47.36468" lon="7.0543">
        <ele>654</ele>
        <time>2025-11-23T11:45:27+00:00</time>
      </trkpt>
      <trkpt lat="47.3645" lon="7.05433">
        <ele>646</ele>
        <time>2025-11-23T11:45:30+00:00</time>
      </trkpt>
      <trkpt lat="47.36441" lon="7.05439">
        <ele>646</ele>
        <time>2025-11-23T11:45:33+00:00</time>
      </trkpt>
      <trkpt lat="47.3644" lon="7.0545">
        <ele>644</ele>
        <time>2025-11-23T11:45:36+00:00</time>
      </trkpt>
      <trkpt lat="47.36444" lon="7.05467">
        <ele>643</ele>
        <time>2025-11-23T11:45:39+00:00</time>
      </trkpt>
      <trkpt lat="47.36449" lon="7.05479">
        <ele>638</ele>
        <time>2025-11-23T11:45:42+00:00</time>
      </trkpt>
      <trkpt lat="47.36452" lon="7.05491">
        <ele>641</ele>
        <time>2025-11-23T11:45:45+00:00</time>
      </trkpt>
      <trkpt lat="47.36452" lon="7.055">
        <ele>641</ele>
        <time>2025-11-23T11:45:48+00:00</time>
      </trkpt>
      <trkpt lat="47.36442" lon="7.05517">
        <ele>638</ele>
        <time>2025-11-23T11:45:51+00:00</time>
      </trkpt>
      <trkpt lat="47.36429" lon="7.05541">
        <ele>634</ele>
        <time>2025-11-23T11:45:54+00:00</time>
      </trkpt>
      <trkpt lat="47.36422" lon="7.0555">
        <ele>638</ele>
        <time>2025-11-23T11:45:57+00:00</time>
      </trkpt>
      <trkpt lat="47.36414" lon="7.05541">
        <ele>633</ele>
        <time>2025-11-23T11:46:00+00:00</time>
      </trkpt>
      <trkpt lat="47.36414" lon="7.05541">
        <ele>633</ele>
        <time>2025-11-23T11:46:03+00:00</time>
      </trkpt>
      <trkpt lat="47.36414" lon="7.05541">
        <ele>633</ele>
        <time>2025-11-23T11:46:06+00:00</time>
      </trkpt>
      <trkpt lat="47.36406" lon="7.05507">
        <ele>627</ele>
        <time>2025-11-23T11:46:09+00:00</time>
      </trkpt>
      <trkpt lat="47.36396" lon="7.05472">
        <ele>622</ele>
        <time>2025-11-23T11:46:12+00:00</time>
      </trkpt>
      <trkpt lat="47.36391" lon="7.05456">
        <ele>621</ele>
        <time>2025-11-23T11:46:15+00:00</time>
      </trkpt>
      <trkpt lat="47.36378" lon="7.05433">
        <ele>615</ele>
        <time>2025-11-23T11:46:18+00:00</time>
      </trkpt>
      <trkpt lat="47.36361" lon="7.05405">
        <ele>614</ele>
        <time>2025-11-23T11:46:21+00:00</time>
      </trkpt>
      <trkpt lat="47.36341" lon="7.05371">
        <ele>610</ele>
        <time>2025-11-23T11:46:24+00:00</time>
      </trkpt>
      <trkpt lat="47.3633" lon="7.05341">
        <ele>604</ele>
        <time>2025-11-23T11:46:27+00:00</time>
      </trkpt>
      <trkpt lat="47.36308" lon="7.05308">
        <ele>598</ele>
        <time>2025-11-23T11:46:30+00:00</time>
      </trkpt>
      <trkpt lat="47.36297" lon="7.05291">
        <ele>592</ele>
        <time>2025-11-23T11:46:33+00:00</time>
      </trkpt>
      <trkpt lat="47.36284" lon="7.05295">
        <ele>581</ele>
        <time>2025-11-23T11:46:36+00:00</time>
      </trkpt>
      <trkpt lat="47.36263" lon="7.05301">
        <ele>570</ele>
        <time>2025-11-23T11:46:39+00:00</time>
      </trkpt>
      <trkpt lat="47.36248" lon="7.05311">
        <ele>569</ele>
        <time>2025-11-23T11:46:42+00:00</time>
      </trkpt>
      <trkpt lat="47.36233" lon="7.05321">
        <ele>570</ele>
        <time>2025-11-23T11:46:45+00:00</time>
      </trkpt>
      <trkpt lat="47.36229" lon="7.05326">
        <ele>567</ele>
        <time>2025-11-23T11:46:48+00:00</time>
      </trkpt>
      <trkpt lat="47.36229" lon="7.05331">
        <ele>568</ele>
        <time>2025-11-23T11:46:51+00:00</time>
      </trkpt>
      <trkpt lat="47.36232" lon="7.05333">
        <ele>569</ele>
        <time>2025-11-23T11:46:54+00:00</time>
      </trkpt>
      <trkpt lat="47.36238" lon="7.05331">
        <ele>569</ele>
        <time>2025-11-23T11:46:57+00:00</time>
      </trkpt>
      <trkpt lat="47.36242" lon="7.05334">
        <ele>571</ele>
        <time>2025-11-23T11:47:00+00:00</time>
      </trkpt>
      <trkpt lat="47.36244" lon="7.05336">
        <ele>571</ele>
        <time>2025-11-23T11:47:03+00:00</time>
      </trkpt>
      <trkpt lat="47.36248" lon="7.05339">
        <ele>571</ele>
        <time>2025-11-23T11:47:06+00:00</time>
      </trkpt>
      <trkpt lat="47.3625" lon="7.05354">
        <ele>574</ele>
        <time>2025-11-23T11:47:09+00:00</time>
      </trkpt>
      <trkpt lat="47.36254" lon="7.05366">
        <ele>578</ele>
        <time>2025-11-23T11:47:12+00:00</time>
      </trkpt>
      <trkpt lat="47.36261" lon="7.05374">
        <ele>582</ele>
        <time>2025-11-23T11:47:15+00:00</time>
      </trkpt>
      <trkpt lat="47.36264" lon="7.05378">
        <ele>582</ele>
        <time>2025-11-23T11:47:18+00:00</time>
      </trkpt>
      <trkpt lat="47.36268" lon="7.0538">
        <ele>584</ele>
        <time>2025-11-23T11:47:21+00:00</time>
      </trkpt>
      <trkpt lat="47.36266" lon="7.05385">
        <ele>584</ele>
        <time>2025-11-23T11:47:24+00:00</time>
      </trkpt>
      <trkpt lat="47.36265" lon="7.0539">
        <ele>585</ele>
        <time>2025-11-23T11:47:27+00:00</time>
      </trkpt>
      <trkpt lat="47.36262" lon="7.05398">
        <ele>585</ele>
        <time>2025-11-23T11:47:30+00:00</time>
      </trkpt>
      <trkpt lat="47.36261" lon="7.05402">
        <ele>587</ele>
        <time>2025-11-23T11:47:33+00:00</time>
      </trkpt>
      <trkpt lat="47.3626" lon="7.05405">
        <ele>585</ele>
        <time>2025-11-23T11:47:36+00:00</time>
      </trkpt>
      <trkpt lat="47.36259" lon="7.0541">
        <ele>585</ele>
        <time>2025-11-23T11:47:39+00:00</time>
      </trkpt>
      <trkpt lat="47.36259" lon="7.05412">
        <ele>587</ele>
        <time>2025-11-23T11:47:42+00:00</time>
      </trkpt>
      <trkpt lat="47.36258" lon="7.05413">
        <ele>587</ele>
        <time>2025-11-23T11:47:45+00:00</time>
      </trkpt>
      <trkpt lat="47.36259" lon="7.05417">
        <ele>587</ele>
        <time>2025-11-23T11:47:48+00:00</time>
      </trkpt>
      <trkpt lat="47.3626" lon="7.0542">
        <ele>587</ele>
        <time>2025-11-23T11:47:51+00:00</time>
      </trkpt>
      <trkpt lat="47.36258" lon="7.05424">
        <ele>590</ele>
        <time>2025-11-23T11:47:54+00:00</time>
      </trkpt>
      <trkpt lat="47.36245" lon="7.05435">
        <ele>592</ele>
        <time>2025-11-23T11:47:57+00:00</time>
      </trkpt>
      <trkpt lat="47.36241" lon="7.0544">
        <ele>593</ele>
        <time>2025-11-23T11:48:00+00:00</time>
      </trkpt>
      <trkpt lat="47.3624" lon="7.05444">
        <ele>592</ele>
        <time>2025-11-23T11:48:03+00:00</time>
      </trkpt>
      <trkpt lat="47.36238" lon="7.05452">
        <ele>595</ele>
        <time>2025-11-23T11:48:06+00:00</time>
      </trkpt>
      <trkpt lat="47.36238" lon="7.05456">
        <ele>595</ele>
        <time>2025-11-23T11:48:09+00:00</time>
      </trkpt>
      <trkpt lat="47.36238" lon="7.05457">
        <ele>595</ele>
        <time>2025-11-23T11:48:12+00:00</time>
      </trkpt>
      <trkpt lat="47.36228" lon="7.0546">
        <ele>604</ele>
        <time>2025-11-23T11:48:15+00:00</time>
      </trkpt>
      <trkpt lat="47.36213" lon="7.05477">
        <ele>610</ele>
        <time>2025-11-23T11:48:18+00:00</time>
      </trkpt>
      <trkpt lat="47.36195" lon="7.05486">
        <ele>615</ele>
        <time>2025-11-23T11:48:21+00:00</time>
      </trkpt>
      <trkpt lat="47.36173" lon="7.0549">
        <ele>616</ele>
        <time>2025-11-23T11:48:24+00:00</time>
      </trkpt>
      <trkpt lat="47.3616" lon="7.05493">
        <ele>623</ele>
        <time>2025-11-23T11:48:27+00:00</time>
      </trkpt>
      <trkpt lat="47.36147" lon="7.05498">
        <ele>616</ele>
        <time>2025-11-23T11:48:30+00:00</time>
      </trkpt>
      <trkpt lat="47.36127" lon="7.05501">
        <ele>617</ele>
        <time>2025-11-23T11:48:33+00:00</time>
      </trkpt>
      <trkpt lat="47.36118" lon="7.05508">
        <ele>610</ele>
        <time>2025-11-23T11:48:36+00:00</time>
      </trkpt>
      <trkpt lat="47.3611" lon="7.05511">
        <ele>617</ele>
        <time>2025-11-23T11:48:39+00:00</time>
      </trkpt>
      <trkpt lat="47.36099" lon="7.05518">
        <ele>609</ele>
        <time>2025-11-23T11:48:42+00:00</time>
      </trkpt>
      <trkpt lat="47.36087" lon="7.05532">
        <ele>617</ele>
        <time>2025-11-23T11:48:45+00:00</time>
      </trkpt>
      <trkpt lat="47.36079" lon="7.05543">
        <ele>621</ele>
        <time>2025-11-23T11:48:48+00:00</time>
      </trkpt>
      <trkpt lat="47.36069" lon="7.05564">
        <ele>629</ele>
        <time>2025-11-23T11:48:51+00:00</time>
      </trkpt>
      <trkpt lat="47.36058" lon="7.05578">
        <ele>633</ele>
        <time>2025-11-23T11:48:54+00:00</time>
      </trkpt>
      <trkpt lat="47.3605" lon="7.0558">
        <ele>631</ele>
        <time>2025-11-23T11:48:57+00:00</time>
      </trkpt>
      <trkpt lat="47.3604" lon="7.05592">
        <ele>638</ele>
        <time>2025-11-23T11:49:00+00:00</time>
      </trkpt>
      <trkpt lat="47.36032" lon="7.05602">
        <ele>636</ele>
        <time>2025-11-23T11:49:03+00:00</time>
      </trkpt>
      <trkpt lat="47.36023" lon="7.05608">
        <ele>639</ele>
        <time>2025-11-23T11:49:06+00:00</time>
      </trkpt>
      <trkpt lat="47.36015" lon="7.05618">
        <ele>641</ele>
        <time>2025-11-23T11:49:09+00:00</time>
      </trkpt>
      <trkpt lat="47.36009" lon="7.05626">
        <ele>644</ele>
        <time>2025-11-23T11:49:12+00:00</time>
      </trkpt>
      <trkpt lat="47.36009" lon="7.05634">
        <ele>650</ele>
        <time>2025-11-23T11:49:15+00:00</time>
      </trkpt>
      <trkpt lat="47.36008" lon="7.05643">
        <ele>638</ele>
        <time>2025-11-23T11:49:18+00:00</time>
      </trkpt>
      <trkpt lat="47.36009" lon="7.05649">
        <ele>643</ele>
        <time>2025-11-23T11:49:21+00:00</time>
      </trkpt>
      <trkpt lat="47.36003" lon="7.05655">
        <ele>633</ele>
        <time>2025-11-23T11:49:24+00:00</time>
      </trkpt>
      <trkpt lat="47.36" lon="7.05662">
        <ele>641</ele>
        <time>2025-11-23T11:49:27+00:00</time>
      </trkpt>
      <trkpt lat="47.35992" lon="7.05666">
        <ele>647</ele>
        <time>2025-11-23T11:49:30+00:00</time>
      </trkpt>
      <trkpt lat="47.35988" lon="7.05675">
        <ele>638</ele>
        <time>2025-11-23T11:49:33+00:00</time>
      </trkpt>
      <trkpt lat="47.35982" lon="7.05677">
        <ele>638</ele>
        <time>2025-11-23T11:49:36+00:00</time>
      </trkpt>
      <trkpt lat="47.3598" lon="7.05684">
        <ele>656</ele>
        <time>2025-11-23T11:49:39+00:00</time>
      </trkpt>
      <trkpt lat="47.3597" lon="7.05688">
        <ele>651</ele>
        <time>2025-11-23T11:49:42+00:00</time>
      </trkpt>
      <trkpt lat="47.35966" lon="7.05696">
        <ele>666</ele>
        <time>2025-11-23T11:49:45+00:00</time>
      </trkpt>
      <trkpt lat="47.35954" lon="7.05708">
        <ele>659</ele>
        <time>2025-11-23T11:49:48+00:00</time>
      </trkpt>
      <trkpt lat="47.35927" lon="7.05719">
        <ele>662</ele>
        <time>2025-11-23T11:49:51+00:00</time>
      </trkpt>
      <trkpt lat="47.35942" lon="7.05724">
        <ele>673</ele>
        <time>2025-11-23T11:49:54+00:00</time>
      </trkpt>
      <trkpt lat="47.35945" lon="7.05724">
        <ele>673</ele>
        <time>2025-11-23T11:49:57+00:00</time>
      </trkpt>
      <trkpt lat="47.35947" lon="7.05724">
        <ele>673</ele>
        <time>2025-11-23T11:50:00+00:00</time>
      </trkpt>
      <trkpt lat="47.35954" lon="7.05724">
        <ele>677</ele>
        <time>2025-11-23T11:50:03+00:00</time>
      </trkpt>
      <trkpt lat="47.35967" lon="7.05725">
        <ele>680</ele>
        <time>2025-11-23T11:50:06+00:00</time>
      </trkpt>
      <trkpt lat="47.35967" lon="7.05725">
        <ele>680</ele>
        <time>2025-11-23T11:50:09+00:00</time>
      </trkpt>
      <trkpt lat="47.3599" lon="7.05723">
        <ele>686</ele>
        <time>2025-11-23T11:50:12+00:00</time>
      </trkpt>
      <trkpt lat="47.36005" lon="7.05709">
        <ele>686</ele>
        <time>2025-11-23T11:50:15+00:00</time>
      </trkpt>
      <trkpt lat="47.3602" lon="7.05697">
        <ele>688</ele>
        <time>2025-11-23T11:50:18+00:00</time>
      </trkpt>
      <trkpt lat="47.36036" lon="7.05696">
        <ele>691</ele>
        <time>2025-11-23T11:50:21+00:00</time>
      </trkpt>
      <trkpt lat="47.36054" lon="7.05698">
        <ele>698</ele>
        <time>2025-11-23T11:50:24+00:00</time>
      </trkpt>
      <trkpt lat="47.36067" lon="7.05692">
        <ele>700</ele>
        <time>2025-11-23T11:50:27+00:00</time>
      </trkpt>
      <trkpt lat="47.3609" lon="7.05682">
        <ele>699</ele>
        <time>2025-11-23T11:50:30+00:00</time>
      </trkpt>
      <trkpt lat="47.36098" lon="7.05682">
        <ele>704</ele>
        <time>2025-11-23T11:50:33+00:00</time>
      </trkpt>
      <trkpt lat="47.36118" lon="7.05657">
        <ele>698</ele>
        <time>2025-11-23T11:50:36+00:00</time>
      </trkpt>
      <trkpt lat="47.36122" lon="7.05649">
        <ele>701</ele>
        <time>2025-11-23T11:50:39+00:00</time>
      </trkpt>
      <trkpt lat="47.36124" lon="7.05647">
        <ele>701</ele>
        <time>2025-11-23T11:50:42+00:00</time>
      </trkpt>
      <trkpt lat="47.36124" lon="7.05647">
        <ele>701</ele>
        <time>2025-11-23T11:50:45+00:00</time>
      </trkpt>
      <trkpt lat="47.36127" lon="7.0564">
        <ele>701</ele>
        <time>2025-11-23T11:50:48+00:00</time>
      </trkpt>
      <trkpt lat="47.36129" lon="7.0564">
        <ele>701</ele>
        <time>2025-11-23T11:50:51+00:00</time>
      </trkpt>
      <trkpt lat="47.3613" lon="7.05638">
        <ele>698</ele>
        <time>2025-11-23T11:50:54+00:00</time>
      </trkpt>
      <trkpt lat="47.36131" lon="7.05638">
        <ele>703</ele>
        <time>2025-11-23T11:50:57+00:00</time>
      </trkpt>
      <trkpt lat="47.36133" lon="7.05635">
        <ele>703</ele>
        <time>2025-11-23T11:51:00+00:00</time>
      </trkpt>
      <trkpt lat="47.36137" lon="7.0563">
        <ele>700</ele>
        <time>2025-11-23T11:51:03+00:00</time>
      </trkpt>
      <trkpt lat="47.36139" lon="7.05629">
        <ele>700</ele>
        <time>2025-11-23T11:51:06+00:00</time>
      </trkpt>
      <trkpt lat="47.36142" lon="7.05628">
        <ele>705</ele>
        <time>2025-11-23T11:51:09+00:00</time>
      </trkpt>
      <trkpt lat="47.36143" lon="7.05625">
        <ele>705</ele>
        <time>2025-11-23T11:51:12+00:00</time>
      </trkpt>
      <trkpt lat="47.36147" lon="7.05623">
        <ele>705</ele>
        <time>2025-11-23T11:51:15+00:00</time>
      </trkpt>
      <trkpt lat="47.36149" lon="7.05622">
        <ele>705</ele>
        <time>2025-11-23T11:51:18+00:00</time>
      </trkpt>
      <trkpt lat="47.36151" lon="7.05627">
        <ele>709</ele>
        <time>2025-11-23T11:51:21+00:00</time>
      </trkpt>
      <trkpt lat="47.36151" lon="7.0563">
        <ele>712</ele>
        <time>2025-11-23T11:51:24+00:00</time>
      </trkpt>
      <trkpt lat="47.36153" lon="7.05632">
        <ele>712</ele>
        <time>2025-11-23T11:51:27+00:00</time>
      </trkpt>
      <trkpt lat="47.36153" lon="7.05633">
        <ele>712</ele>
        <time>2025-11-23T11:51:30+00:00</time>
      </trkpt>
      <trkpt lat="47.36159" lon="7.05646">
        <ele>714</ele>
        <time>2025-11-23T11:51:33+00:00</time>
      </trkpt>
      <trkpt lat="47.36159" lon="7.05649">
        <ele>714</ele>
        <time>2025-11-23T11:51:36+00:00</time>
      </trkpt>
      <trkpt lat="47.36158" lon="7.05651">
        <ele>717</ele>
        <time>2025-11-23T11:51:39+00:00</time>
      </trkpt>
      <trkpt lat="47.36159" lon="7.0565">
        <ele>717</ele>
        <time>2025-11-23T11:51:42+00:00</time>
      </trkpt>
      <trkpt lat="47.3616" lon="7.05652">
        <ele>717</ele>
        <time>2025-11-23T11:51:45+00:00</time>
      </trkpt>
      <trkpt lat="47.36162" lon="7.05655">
        <ele>720</ele>
        <time>2025-11-23T11:51:48+00:00</time>
      </trkpt>
      <trkpt lat="47.36163" lon="7.05662">
        <ele>723</ele>
        <time>2025-11-23T11:51:51+00:00</time>
      </trkpt>
      <trkpt lat="47.36168" lon="7.05666">
        <ele>723</ele>
        <time>2025-11-23T11:51:54+00:00</time>
      </trkpt>
      <trkpt lat="47.36169" lon="7.05669">
        <ele>723</ele>
        <time>2025-11-23T11:51:57+00:00</time>
      </trkpt>
      <trkpt lat="47.3617" lon="7.05676">
        <ele>725</ele>
        <time>2025-11-23T11:52:00+00:00</time>
      </trkpt>
      <trkpt lat="47.3617" lon="7.0568">
        <ele>724</ele>
        <time>2025-11-23T11:52:03+00:00</time>
      </trkpt>
      <trkpt lat="47.36173" lon="7.05688">
        <ele>727</ele>
        <time>2025-11-23T11:52:06+00:00</time>
      </trkpt>
      <trkpt lat="47.36174" lon="7.0569">
        <ele>730</ele>
        <time>2025-11-23T11:52:09+00:00</time>
      </trkpt>
      <trkpt lat="47.36176" lon="7.05689">
        <ele>727</ele>
        <time>2025-11-23T11:52:12+00:00</time>
      </trkpt>
      <trkpt lat="47.36177" lon="7.05691">
        <ele>730</ele>
        <time>2025-11-23T11:52:15+00:00</time>
      </trkpt>
      <trkpt lat="47.36179" lon="7.05691">
        <ele>730</ele>
        <time>2025-11-23T11:52:18+00:00</time>
      </trkpt>
      <trkpt lat="47.36182" lon="7.05694">
        <ele>732</ele>
        <time>2025-11-23T11:52:21+00:00</time>
      </trkpt>
      <trkpt lat="47.36186" lon="7.05698">
        <ele>732</ele>
        <time>2025-11-23T11:52:24+00:00</time>
      </trkpt>
      <trkpt lat="47.36187" lon="7.05705">
        <ele>735</ele>
        <time>2025-11-23T11:52:27+00:00</time>
      </trkpt>
      <trkpt lat="47.36189" lon="7.05705">
        <ele>735</ele>
        <time>2025-11-23T11:52:30+00:00</time>
      </trkpt>
      <trkpt lat="47.36191" lon="7.05708">
        <ele>735</ele>
        <time>2025-11-23T11:52:33+00:00</time>
      </trkpt>
      <trkpt lat="47.36191" lon="7.05716">
        <ele>739</ele>
        <time>2025-11-23T11:52:36+00:00</time>
      </trkpt>
      <trkpt lat="47.36193" lon="7.0572">
        <ele>739</ele>
        <time>2025-11-23T11:52:39+00:00</time>
      </trkpt>
      <trkpt lat="47.36194" lon="7.05722">
        <ele>742</ele>
        <time>2025-11-23T11:52:42+00:00</time>
      </trkpt>
      <trkpt lat="47.36193" lon="7.05728">
        <ele>742</ele>
        <time>2025-11-23T11:52:45+00:00</time>
      </trkpt>
      <trkpt lat="47.36194" lon="7.05735">
        <ele>745</ele>
        <time>2025-11-23T11:52:48+00:00</time>
      </trkpt>
      <trkpt lat="47.36195" lon="7.05736">
        <ele>745</ele>
        <time>2025-11-23T11:52:51+00:00</time>
      </trkpt>
      <trkpt lat="47.36196" lon="7.05739">
        <ele>745</ele>
        <time>2025-11-23T11:52:54+00:00</time>
      </trkpt>
      <trkpt lat="47.36196" lon="7.05742">
        <ele>748</ele>
        <time>2025-11-23T11:52:57+00:00</time>
      </trkpt>
      <trkpt lat="47.36196" lon="7.05746">
        <ele>748</ele>
        <time>2025-11-23T11:53:00+00:00</time>
      </trkpt>
      <trkpt lat="47.36197" lon="7.05748">
        <ele>748</ele>
        <time>2025-11-23T11:53:03+00:00</time>
      </trkpt>
      <trkpt lat="47.36198" lon="7.05757">
        <ele>750</ele>
        <time>2025-11-23T11:53:06+00:00</time>
      </trkpt>
      <trkpt lat="47.362" lon="7.05761">
        <ele>752</ele>
        <time>2025-11-23T11:53:09+00:00</time>
      </trkpt>
      <trkpt lat="47.362" lon="7.05767">
        <ele>754</ele>
        <time>2025-11-23T11:53:12+00:00</time>
      </trkpt>
      <trkpt lat="47.36204" lon="7.05776">
        <ele>757</ele>
        <time>2025-11-23T11:53:15+00:00</time>
      </trkpt>
      <trkpt lat="47.36204" lon="7.05778">
        <ele>757</ele>
        <time>2025-11-23T11:53:18+00:00</time>
      </trkpt>
      <trkpt lat="47.36204" lon="7.05785">
        <ele>758</ele>
        <time>2025-11-23T11:53:21+00:00</time>
      </trkpt>
      <trkpt lat="47.36207" lon="7.0579">
        <ele>758</ele>
        <time>2025-11-23T11:53:24+00:00</time>
      </trkpt>
      <trkpt lat="47.36207" lon="7.05793">
        <ele>759</ele>
        <time>2025-11-23T11:53:27+00:00</time>
      </trkpt>
      <trkpt lat="47.36205" lon="7.05797">
        <ele>759</ele>
        <time>2025-11-23T11:53:30+00:00</time>
      </trkpt>
      <trkpt lat="47.36207" lon="7.05803">
        <ele>760</ele>
        <time>2025-11-23T11:53:33+00:00</time>
      </trkpt>
      <trkpt lat="47.36206" lon="7.05807">
        <ele>760</ele>
        <time>2025-11-23T11:53:36+00:00</time>
      </trkpt>
      <trkpt lat="47.36207" lon="7.05807">
        <ele>760</ele>
        <time>2025-11-23T11:53:39+00:00</time>
      </trkpt>
      <trkpt lat="47.36209" lon="7.05812">
        <ele>761</ele>
        <time>2025-11-23T11:53:42+00:00</time>
      </trkpt>
      <trkpt lat="47.36213" lon="7.05815">
        <ele>764</ele>
        <time>2025-11-23T11:53:45+00:00</time>
      </trkpt>
      <trkpt lat="47.36214" lon="7.05817">
        <ele>764</ele>
        <time>2025-11-23T11:53:48+00:00</time>
      </trkpt>
      <trkpt lat="47.36214" lon="7.05819">
        <ele>764</ele>
        <time>2025-11-23T11:53:51+00:00</time>
      </trkpt>
      <trkpt lat="47.36219" lon="7.0583">
        <ele>766</ele>
        <time>2025-11-23T11:53:54+00:00</time>
      </trkpt>
      <trkpt lat="47.36232" lon="7.05838">
        <ele>769</ele>
        <time>2025-11-23T11:53:57+00:00</time>
      </trkpt>
      <trkpt lat="47.36237" lon="7.05859">
        <ele>772</ele>
        <time>2025-11-23T11:54:00+00:00</time>
      </trkpt>
      <trkpt lat="47.36253" lon="7.05891">
        <ele>781</ele>
        <time>2025-11-23T11:54:03+00:00</time>
      </trkpt>
      <trkpt lat="47.36265" lon="7.05938">
        <ele>783</ele>
        <time>2025-11-23T11:54:06+00:00</time>
      </trkpt>
      <trkpt lat="47.36282" lon="7.05973">
        <ele>789</ele>
        <time>2025-11-23T11:54:09+00:00</time>
      </trkpt>
      <trkpt lat="47.36287" lon="7.06001">
        <ele>789</ele>
        <time>2025-11-23T11:54:12+00:00</time>
      </trkpt>
      <trkpt lat="47.36279" lon="7.06027">
        <ele>790</ele>
        <time>2025-11-23T11:54:15+00:00</time>
      </trkpt>
      <trkpt lat="47.36285" lon="7.06055">
        <ele>789</ele>
        <time>2025-11-23T11:54:18+00:00</time>
      </trkpt>
      <trkpt lat="47.36283" lon="7.0609">
        <ele>789</ele>
        <time>2025-11-23T11:54:21+00:00</time>
      </trkpt>
      <trkpt lat="47.36281" lon="7.06128">
        <ele>792</ele>
        <time>2025-11-23T11:54:24+00:00</time>
      </trkpt>
      <trkpt lat="47.36289" lon="7.06151">
        <ele>796</ele>
        <time>2025-11-23T11:54:27+00:00</time>
      </trkpt>
      <trkpt lat="47.36302" lon="7.06179">
        <ele>798</ele>
        <time>2025-11-23T11:54:30+00:00</time>
      </trkpt>
      <trkpt lat="47.36293" lon="7.06215">
        <ele>800</ele>
        <time>2025-11-23T11:54:33+00:00</time>
      </trkpt>
      <trkpt lat="47.36299" lon="7.06249">
        <ele>800</ele>
        <time>2025-11-23T11:54:36+00:00</time>
      </trkpt>
      <trkpt lat="47.36314" lon="7.06286">
        <ele>800</ele>
        <time>2025-11-23T11:54:39+00:00</time>
      </trkpt>
      <trkpt lat="47.36305" lon="7.06318">
        <ele>800</ele>
        <time>2025-11-23T11:54:42+00:00</time>
      </trkpt>
      <trkpt lat="47.36296" lon="7.06346">
        <ele>800</ele>
        <time>2025-11-23T11:54:45+00:00</time>
      </trkpt>
      <trkpt lat="47.36292" lon="7.06382">
        <ele>801</ele>
        <time>2025-11-23T11:54:48+00:00</time>
      </trkpt>
      <trkpt lat="47.3629" lon="7.06402">
        <ele>798</ele>
        <time>2025-11-23T11:54:51+00:00</time>
      </trkpt>
      <trkpt lat="47.36302" lon="7.06417">
        <ele>800</ele>
        <time>2025-11-23T11:54:54+00:00</time>
      </trkpt>
      <trkpt lat="47.36309" lon="7.06438">
        <ele>803</ele>
        <time>2025-11-23T11:54:57+00:00</time>
      </trkpt>
      <trkpt lat="47.3631" lon="7.06464">
        <ele>800</ele>
        <time>2025-11-23T11:55:00+00:00</time>
      </trkpt>
      <trkpt lat="47.36298" lon="7.06509">
        <ele>784</ele>
        <time>2025-11-23T11:55:03+00:00</time>
      </trkpt>
      <trkpt lat="47.36286" lon="7.06557">
        <ele>776</ele>
        <time>2025-11-23T11:55:06+00:00</time>
      </trkpt>
      <trkpt lat="47.36282" lon="7.06592">
        <ele>776</ele>
        <time>2025-11-23T11:55:09+00:00</time>
      </trkpt>
      <trkpt lat="47.36277" lon="7.0663">
        <ele>775</ele>
        <time>2025-11-23T11:55:12+00:00</time>
      </trkpt>
      <trkpt lat="47.36272" lon="7.06665">
        <ele>770</ele>
        <time>2025-11-23T11:55:15+00:00</time>
      </trkpt>
      <trkpt lat="47.36266" lon="7.06705">
        <ele>765</ele>
        <time>2025-11-23T11:55:18+00:00</time>
      </trkpt>
      <trkpt lat="47.36262" lon="7.06739">
        <ele>763</ele>
        <time>2025-11-23T11:55:21+00:00</time>
      </trkpt>
      <trkpt lat="47.36257" lon="7.06773">
        <ele>758</ele>
        <time>2025-11-23T11:55:24+00:00</time>
      </trkpt>
      <trkpt lat="47.36253" lon="7.06806">
        <ele>758</ele>
        <time>2025-11-23T11:55:27+00:00</time>
      </trkpt>
      <trkpt lat="47.36248" lon="7.0684">
        <ele>756</ele>
        <time>2025-11-23T11:55:30+00:00</time>
      </trkpt>
      <trkpt lat="47.36241" lon="7.06891">
        <ele>755</ele>
        <time>2025-11-23T11:55:33+00:00</time>
      </trkpt>
      <trkpt lat="47.36227" lon="7.06951">
        <ele>750</ele>
        <time>2025-11-23T11:55:36+00:00</time>
      </trkpt>
      <trkpt lat="47.36221" lon="7.06985">
        <ele>750</ele>
        <time>2025-11-23T11:55:39+00:00</time>
      </trkpt>
      <trkpt lat="47.36215" lon="7.07023">
        <ele>747</ele>
        <time>2025-11-23T11:55:42+00:00</time>
      </trkpt>
      <trkpt lat="47.36217" lon="7.07035">
        <ele>747</ele>
        <time>2025-11-23T11:55:45+00:00</time>
      </trkpt>
      <trkpt lat="47.36215" lon="7.07053">
        <ele>747</ele>
        <time>2025-11-23T11:55:48+00:00</time>
      </trkpt>
      <trkpt lat="47.36197" lon="7.07057">
        <ele>743</ele>
        <time>2025-11-23T11:55:51+00:00</time>
      </trkpt>
      <trkpt lat="47.36171" lon="7.07053">
        <ele>740</ele>
        <time>2025-11-23T11:55:54+00:00</time>
      </trkpt>
      <trkpt lat="47.36148" lon="7.07064">
        <ele>739</ele>
        <time>2025-11-23T11:55:57+00:00</time>
      </trkpt>
      <trkpt lat="47.36143" lon="7.07124">
        <ele>739</ele>
        <time>2025-11-23T11:56:00+00:00</time>
      </trkpt>
      <trkpt lat="47.36143" lon="7.07148">
        <ele>738</ele>
        <time>2025-11-23T11:56:03+00:00</time>
      </trkpt>
      <trkpt lat="47.36143" lon="7.07173">
        <ele>739</ele>
        <time>2025-11-23T11:56:06+00:00</time>
      </trkpt>
      <trkpt lat="47.36144" lon="7.07219">
        <ele>739</ele>
        <time>2025-11-23T11:56:09+00:00</time>
      </trkpt>
      <trkpt lat="47.36147" lon="7.07257">
        <ele>739</ele>
        <time>2025-11-23T11:56:12+00:00</time>
      </trkpt>
      <trkpt lat="47.36148" lon="7.07272">
        <ele>738</ele>
        <time>2025-11-23T11:56:15+00:00</time>
      </trkpt>
      <trkpt lat="47.3615" lon="7.07288">
        <ele>739</ele>
        <time>2025-11-23T11:56:18+00:00</time>
      </trkpt>
      <trkpt lat="47.3615" lon="7.07302">
        <ele>738</ele>
        <time>2025-11-23T11:56:21+00:00</time>
      </trkpt>
      <trkpt lat="47.36151" lon="7.07345">
        <ele>739</ele>
        <time>2025-11-23T11:56:24+00:00</time>
      </trkpt>
      <trkpt lat="47.36153" lon="7.07391">
        <ele>740</ele>
        <time>2025-11-23T11:56:27+00:00</time>
      </trkpt>
      <trkpt lat="47.36156" lon="7.07412">
        <ele>740</ele>
        <time>2025-11-23T11:56:30+00:00</time>
      </trkpt>
      <trkpt lat="47.36157" lon="7.07432">
        <ele>741</ele>
        <time>2025-11-23T11:56:33+00:00</time>
      </trkpt>
      <trkpt lat="47.3616" lon="7.07456">
        <ele>741</ele>
        <time>2025-11-23T11:56:36+00:00</time>
      </trkpt>
      <trkpt lat="47.36157" lon="7.07469">
        <ele>740</ele>
        <time>2025-11-23T11:56:39+00:00</time>
      </trkpt>
      <trkpt lat="47.36139" lon="7.07478">
        <ele>740</ele>
        <time>2025-11-23T11:56:42+00:00</time>
      </trkpt>
      <trkpt lat="47.36134" lon="7.07488">
        <ele>740</ele>
        <time>2025-11-23T11:56:45+00:00</time>
      </trkpt>
      <trkpt lat="47.36115" lon="7.07509">
        <ele>737</ele>
        <time>2025-11-23T11:56:48+00:00</time>
      </trkpt>
      <trkpt lat="47.36109" lon="7.07517">
        <ele>736</ele>
        <time>2025-11-23T11:56:51+00:00</time>
      </trkpt>
      <trkpt lat="47.36092" lon="7.07536">
        <ele>736</ele>
        <time>2025-11-23T11:56:54+00:00</time>
      </trkpt>
      <trkpt lat="47.36084" lon="7.07547">
        <ele>735</ele>
        <time>2025-11-23T11:56:57+00:00</time>
      </trkpt>
      <trkpt lat="47.36073" lon="7.07568">
        <ele>735</ele>
        <time>2025-11-23T11:57:00+00:00</time>
      </trkpt>
      <trkpt lat="47.36061" lon="7.07591">
        <ele>731</ele>
        <time>2025-11-23T11:57:03+00:00</time>
      </trkpt>
      <trkpt lat="47.36045" lon="7.07616">
        <ele>728</ele>
        <time>2025-11-23T11:57:06+00:00</time>
      </trkpt>
      <trkpt lat="47.36033" lon="7.07639">
        <ele>726</ele>
        <time>2025-11-23T11:57:09+00:00</time>
      </trkpt>
      <trkpt lat="47.36027" lon="7.07653">
        <ele>723</ele>
        <time>2025-11-23T11:57:12+00:00</time>
      </trkpt>
      <trkpt lat="47.36016" lon="7.07693">
        <ele>721</ele>
        <time>2025-11-23T11:57:15+00:00</time>
      </trkpt>
      <trkpt lat="47.36009" lon="7.07711">
        <ele>720</ele>
        <time>2025-11-23T11:57:18+00:00</time>
      </trkpt>
      <trkpt lat="47.35996" lon="7.07749">
        <ele>718</ele>
        <time>2025-11-23T11:57:21+00:00</time>
      </trkpt>
      <trkpt lat="47.35991" lon="7.07769">
        <ele>717</ele>
        <time>2025-11-23T11:57:24+00:00</time>
      </trkpt>
      <trkpt lat="47.35985" lon="7.07797">
        <ele>714</ele>
        <time>2025-11-23T11:57:27+00:00</time>
      </trkpt>
      <trkpt lat="47.35983" lon="7.07817">
        <ele>713</ele>
        <time>2025-11-23T11:57:30+00:00</time>
      </trkpt>
      <trkpt lat="47.35979" lon="7.07837">
        <ele>710</ele>
        <time>2025-11-23T11:57:33+00:00</time>
      </trkpt>
      <trkpt lat="47.35977" lon="7.07842">
        <ele>710</ele>
        <time>2025-11-23T11:57:36+00:00</time>
      </trkpt>
      <trkpt lat="47.35974" lon="7.07851">
        <ele>710</ele>
        <time>2025-11-23T11:57:39+00:00</time>
      </trkpt>
      <trkpt lat="47.35966" lon="7.07864">
        <ele>709</ele>
        <time>2025-11-23T11:57:42+00:00</time>
      </trkpt>
      <trkpt lat="47.3596" lon="7.07874">
        <ele>708</ele>
        <time>2025-11-23T11:57:45+00:00</time>
      </trkpt>
      <trkpt lat="47.35947" lon="7.07895">
        <ele>708</ele>
        <time>2025-11-23T11:57:48+00:00</time>
      </trkpt>
      <trkpt lat="47.35942" lon="7.07907">
        <ele>708</ele>
        <time>2025-11-23T11:57:51+00:00</time>
      </trkpt>
      <trkpt lat="47.35925" lon="7.07953">
        <ele>705</ele>
        <time>2025-11-23T11:57:54+00:00</time>
      </trkpt>
      <trkpt lat="47.35921" lon="7.07968">
        <ele>705</ele>
        <time>2025-11-23T11:57:57+00:00</time>
      </trkpt>
      <trkpt lat="47.35912" lon="7.07998">
        <ele>703</ele>
        <time>2025-11-23T11:58:00+00:00</time>
      </trkpt>
      <trkpt lat="47.35901" lon="7.08041">
        <ele>700</ele>
        <time>2025-11-23T11:58:03+00:00</time>
      </trkpt>
      <trkpt lat="47.35886" lon="7.08097">
        <ele>696</ele>
        <time>2025-11-23T11:58:06+00:00</time>
      </trkpt>
      <trkpt lat="47.3588" lon="7.0812">
        <ele>694</ele>
        <time>2025-11-23T11:58:09+00:00</time>
      </trkpt>
      <trkpt lat="47.35875" lon="7.08143">
        <ele>692</ele>
        <time>2025-11-23T11:58:12+00:00</time>
      </trkpt>
      <trkpt lat="47.3587" lon="7.08168">
        <ele>690</ele>
        <time>2025-11-23T11:58:15+00:00</time>
      </trkpt>
      <trkpt lat="47.35861" lon="7.08193">
        <ele>689</ele>
        <time>2025-11-23T11:58:18+00:00</time>
      </trkpt>
      <trkpt lat="47.35857" lon="7.08201">
        <ele>686</ele>
        <time>2025-11-23T11:58:21+00:00</time>
      </trkpt>
      <trkpt lat="47.35852" lon="7.0821">
        <ele>686</ele>
        <time>2025-11-23T11:58:24+00:00</time>
      </trkpt>
      <trkpt lat="47.35847" lon="7.08216">
        <ele>685</ele>
        <time>2025-11-23T11:58:27+00:00</time>
      </trkpt>
      <trkpt lat="47.35842" lon="7.08221">
        <ele>685</ele>
        <time>2025-11-23T11:58:30+00:00</time>
      </trkpt>
      <trkpt lat="47.35825" lon="7.08233">
        <ele>679</ele>
        <time>2025-11-23T11:58:33+00:00</time>
      </trkpt>
      <trkpt lat="47.35789" lon="7.08264">
        <ele>672</ele>
        <time>2025-11-23T11:58:36+00:00</time>
      </trkpt>
      <trkpt lat="47.35784" lon="7.08269">
        <ele>672</ele>
        <time>2025-11-23T11:58:39+00:00</time>
      </trkpt>
      <trkpt lat="47.35762" lon="7.08287">
        <ele>675</ele>
        <time>2025-11-23T11:58:42+00:00</time>
      </trkpt>
      <trkpt lat="47.35738" lon="7.0831">
        <ele>669</ele>
        <time>2025-11-23T11:58:45+00:00</time>
      </trkpt>
      <trkpt lat="47.35734" lon="7.08315">
        <ele>679</ele>
        <time>2025-11-23T11:58:48+00:00</time>
      </trkpt>
      <trkpt lat="47.35727" lon="7.08324">
        <ele>667</ele>
        <time>2025-11-23T11:58:51+00:00</time>
      </trkpt>
      <trkpt lat="47.35726" lon="7.08336">
        <ele>663</ele>
        <time>2025-11-23T11:58:54+00:00</time>
      </trkpt>
      <trkpt lat="47.35725" lon="7.08345">
        <ele>660</ele>
        <time>2025-11-23T11:58:57+00:00</time>
      </trkpt>
      <trkpt lat="47.35723" lon="7.08359">
        <ele>657</ele>
        <time>2025-11-23T11:59:00+00:00</time>
      </trkpt>
      <trkpt lat="47.3572" lon="7.08369">
        <ele>654</ele>
        <time>2025-11-23T11:59:03+00:00</time>
      </trkpt>
      <trkpt lat="47.35713" lon="7.08381">
        <ele>653</ele>
        <time>2025-11-23T11:59:06+00:00</time>
      </trkpt>
      <trkpt lat="47.35708" lon="7.08389">
        <ele>651</ele>
        <time>2025-11-23T11:59:09+00:00</time>
      </trkpt>
      <trkpt lat="47.35704" lon="7.08395">
        <ele>654</ele>
        <time>2025-11-23T11:59:12+00:00</time>
      </trkpt>
      <trkpt lat="47.35704" lon="7.08406">
        <ele>650</ele>
        <time>2025-11-23T11:59:15+00:00</time>
      </trkpt>
      <trkpt lat="47.35704" lon="7.08409">
        <ele>650</ele>
        <time>2025-11-23T11:59:18+00:00</time>
      </trkpt>
      <trkpt lat="47.35705" lon="7.08413">
        <ele>651</ele>
        <time>2025-11-23T11:59:21+00:00</time>
      </trkpt>
      <trkpt lat="47.35707" lon="7.08415">
        <ele>651</ele>
        <time>2025-11-23T11:59:24+00:00</time>
      </trkpt>
      <trkpt lat="47.35716" lon="7.08415">
        <ele>654</ele>
        <time>2025-11-23T11:59:27+00:00</time>
      </trkpt>
      <trkpt lat="47.35741" lon="7.08399">
        <ele>664</ele>
        <time>2025-11-23T11:59:30+00:00</time>
      </trkpt>
      <trkpt lat="47.35747" lon="7.08394">
        <ele>664</ele>
        <time>2025-11-23T11:59:33+00:00</time>
      </trkpt>
      <trkpt lat="47.35764" lon="7.08385">
        <ele>674</ele>
        <time>2025-11-23T11:59:36+00:00</time>
      </trkpt>
      <trkpt lat="47.35779" lon="7.08369">
        <ele>668</ele>
        <time>2025-11-23T11:59:39+00:00</time>
      </trkpt>
      <trkpt lat="47.35796" lon="7.08357">
        <ele>672</ele>
        <time>2025-11-23T11:59:42+00:00</time>
      </trkpt>
      <trkpt lat="47.35809" lon="7.08354">
        <ele>675</ele>
        <time>2025-11-23T11:59:45+00:00</time>
      </trkpt>
      <trkpt lat="47.35822" lon="7.08347">
        <ele>677</ele>
        <time>2025-11-23T11:59:48+00:00</time>
      </trkpt>
      <trkpt lat="47.35835" lon="7.08344">
        <ele>675</ele>
        <time>2025-11-23T11:59:51+00:00</time>
      </trkpt>
      <trkpt lat="47.35841" lon="7.08339">
        <ele>679</ele>
        <time>2025-11-23T11:59:54+00:00</time>
      </trkpt>
      <trkpt lat="47.35862" lon="7.08338">
        <ele>679</ele>
        <time>2025-11-23T11:59:57+00:00</time>
      </trkpt>
      <trkpt lat="47.35867" lon="7.08337">
        <ele>679</ele>
        <time>2025-11-23T12:00:00+00:00</time>
      </trkpt>
      <trkpt lat="47.35903" lon="7.08333">
        <ele>679</ele>
        <time>2025-11-23T12:00:03+00:00</time>
      </trkpt>
      <trkpt lat="47.35922" lon="7.08327">
        <ele>680</ele>
        <time>2025-11-23T12:00:06+00:00</time>
      </trkpt>
      <trkpt lat="47.35934" lon="7.08323">
        <ele>680</ele>
        <time>2025-11-23T12:00:09+00:00</time>
      </trkpt>
      <trkpt lat="47.3596" lon="7.08319">
        <ele>683</ele>
        <time>2025-11-23T12:00:12+00:00</time>
      </trkpt>
      <trkpt lat="47.3597" lon="7.0832">
        <ele>690</ele>
        <time>2025-11-23T12:00:15+00:00</time>
      </trkpt>
      <trkpt lat="47.35978" lon="7.08323">
        <ele>687</ele>
        <time>2025-11-23T12:00:18+00:00</time>
      </trkpt>
      <trkpt lat="47.35996" lon="7.08322">
        <ele>688</ele>
        <time>2025-11-23T12:00:21+00:00</time>
      </trkpt>
      <trkpt lat="47.36003" lon="7.08324">
        <ele>689</ele>
        <time>2025-11-23T12:00:24+00:00</time>
      </trkpt>
      <trkpt lat="47.3602" lon="7.08326">
        <ele>691</ele>
        <time>2025-11-23T12:00:27+00:00</time>
      </trkpt>
      <trkpt lat="47.36033" lon="7.08332">
        <ele>689</ele>
        <time>2025-11-23T12:00:30+00:00</time>
      </trkpt>
      <trkpt lat="47.36044" lon="7.08335">
        <ele>690</ele>
        <time>2025-11-23T12:00:33+00:00</time>
      </trkpt>
      <trkpt lat="47.36062" lon="7.08338">
        <ele>685</ele>
        <time>2025-11-23T12:00:36+00:00</time>
      </trkpt>
      <trkpt lat="47.36073" lon="7.08343">
        <ele>676</ele>
        <time>2025-11-23T12:00:39+00:00</time>
      </trkpt>
      <trkpt lat="47.36088" lon="7.08339">
        <ele>682</ele>
        <time>2025-11-23T12:00:42+00:00</time>
      </trkpt>
      <trkpt lat="47.36095" lon="7.08339">
        <ele>677</ele>
        <time>2025-11-23T12:00:45+00:00</time>
      </trkpt>
      <trkpt lat="47.36101" lon="7.08339">
        <ele>676</ele>
        <time>2025-11-23T12:00:48+00:00</time>
      </trkpt>
      <trkpt lat="47.36107" lon="7.08338">
        <ele>681</ele>
        <time>2025-11-23T12:00:51+00:00</time>
      </trkpt>
      <trkpt lat="47.36126" lon="7.0833">
        <ele>680</ele>
        <time>2025-11-23T12:00:54+00:00</time>
      </trkpt>
      <trkpt lat="47.36132" lon="7.08332">
        <ele>674</ele>
        <time>2025-11-23T12:00:57+00:00</time>
      </trkpt>
      <trkpt lat="47.36136" lon="7.08331">
        <ele>674</ele>
        <time>2025-11-23T12:01:00+00:00</time>
      </trkpt>
      <trkpt lat="47.36144" lon="7.0833">
        <ele>680</ele>
        <time>2025-11-23T12:01:03+00:00</time>
      </trkpt>
      <trkpt lat="47.36148" lon="7.08331">
        <ele>675</ele>
        <time>2025-11-23T12:01:06+00:00</time>
      </trkpt>
      <trkpt lat="47.36166" lon="7.08321">
        <ele>681</ele>
        <time>2025-11-23T12:01:09+00:00</time>
      </trkpt>
      <trkpt lat="47.36196" lon="7.08317">
        <ele>695</ele>
        <time>2025-11-23T12:01:12+00:00</time>
      </trkpt>
      <trkpt lat="47.36217" lon="7.08319">
        <ele>693</ele>
        <time>2025-11-23T12:01:15+00:00</time>
      </trkpt>
      <trkpt lat="47.36237" lon="7.08322">
        <ele>700</ele>
        <time>2025-11-23T12:01:18+00:00</time>
      </trkpt>
      <trkpt lat="47.36268" lon="7.08319">
        <ele>699</ele>
        <time>2025-11-23T12:01:21+00:00</time>
      </trkpt>
      <trkpt lat="47.36275" lon="7.08353">
        <ele>698</ele>
        <time>2025-11-23T12:01:24+00:00</time>
      </trkpt>
      <trkpt lat="47.36259" lon="7.08386">
        <ele>678</ele>
        <time>2025-11-23T12:01:27+00:00</time>
      </trkpt>
      <trkpt lat="47.36244" lon="7.08412">
        <ele>661</ele>
        <time>2025-11-23T12:01:30+00:00</time>
      </trkpt>
      <trkpt lat="47.36247" lon="7.08425">
        <ele>659</ele>
        <time>2025-11-23T12:01:33+00:00</time>
      </trkpt>
      <trkpt lat="47.36256" lon="7.08468">
        <ele>647</ele>
        <time>2025-11-23T12:01:36+00:00</time>
      </trkpt>
      <trkpt lat="47.36265" lon="7.08512">
        <ele>625</ele>
        <time>2025-11-23T12:01:39+00:00</time>
      </trkpt>
      <trkpt lat="47.36281" lon="7.08585">
        <ele>612</ele>
        <time>2025-11-23T12:01:42+00:00</time>
      </trkpt>
      <trkpt lat="47.3628" lon="7.08587">
        <ele>611</ele>
        <time>2025-11-23T12:01:45+00:00</time>
      </trkpt>
      <trkpt lat="47.36271" lon="7.08591">
        <ele>611</ele>
        <time>2025-11-23T12:01:48+00:00</time>
      </trkpt>
      <trkpt lat="47.36267" lon="7.08592">
        <ele>609</ele>
        <time>2025-11-23T12:01:51+00:00</time>
      </trkpt>
      <trkpt lat="47.36261" lon="7.08595">
        <ele>609</ele>
        <time>2025-11-23T12:01:54+00:00</time>
      </trkpt>
      <trkpt lat="47.36254" lon="7.08601">
        <ele>605</ele>
        <time>2025-11-23T12:01:57+00:00</time>
      </trkpt>
      <trkpt lat="47.36248" lon="7.08607">
        <ele>601</ele>
        <time>2025-11-23T12:02:00+00:00</time>
      </trkpt>
      <trkpt lat="47.36239" lon="7.08609">
        <ele>604</ele>
        <time>2025-11-23T12:02:03+00:00</time>
      </trkpt>
      <trkpt lat="47.36225" lon="7.08611">
        <ele>596</ele>
        <time>2025-11-23T12:02:06+00:00</time>
      </trkpt>
      <trkpt lat="47.36224" lon="7.08608">
        <ele>601</ele>
        <time>2025-11-23T12:02:09+00:00</time>
      </trkpt>
      <trkpt lat="47.36213" lon="7.0861">
        <ele>605</ele>
        <time>2025-11-23T12:02:12+00:00</time>
      </trkpt>
      <trkpt lat="47.36197" lon="7.0861">
        <ele>608</ele>
        <time>2025-11-23T12:02:15+00:00</time>
      </trkpt>
      <trkpt lat="47.36175" lon="7.08604">
        <ele>605</ele>
        <time>2025-11-23T12:02:18+00:00</time>
      </trkpt>
      <trkpt lat="47.36153" lon="7.08598">
        <ele>601</ele>
        <time>2025-11-23T12:02:21+00:00</time>
      </trkpt>
      <trkpt lat="47.36125" lon="7.08585">
        <ele>598</ele>
        <time>2025-11-23T12:02:24+00:00</time>
      </trkpt>
      <trkpt lat="47.36106" lon="7.08579">
        <ele>597</ele>
        <time>2025-11-23T12:02:27+00:00</time>
      </trkpt>
      <trkpt lat="47.36083" lon="7.08577">
        <ele>592</ele>
        <time>2025-11-23T12:02:30+00:00</time>
      </trkpt>
      <trkpt lat="47.36058" lon="7.08574">
        <ele>591</ele>
        <time>2025-11-23T12:02:33+00:00</time>
      </trkpt>
      <trkpt lat="47.36026" lon="7.0857">
        <ele>590</ele>
        <time>2025-11-23T12:02:36+00:00</time>
      </trkpt>
      <trkpt lat="47.35995" lon="7.08565">
        <ele>586</ele>
        <time>2025-11-23T12:02:39+00:00</time>
      </trkpt>
      <trkpt lat="47.35974" lon="7.0856">
        <ele>580</ele>
        <time>2025-11-23T12:02:42+00:00</time>
      </trkpt>
      <trkpt lat="47.3595" lon="7.0856">
        <ele>578</ele>
        <time>2025-11-23T12:02:45+00:00</time>
      </trkpt>
      <trkpt lat="47.35923" lon="7.08573">
        <ele>568</ele>
        <time>2025-11-23T12:02:48+00:00</time>
      </trkpt>
      <trkpt lat="47.35898" lon="7.08586">
        <ele>557</ele>
        <time>2025-11-23T12:02:51+00:00</time>
      </trkpt>
      <trkpt lat="47.3587" lon="7.08604">
        <ele>551</ele>
        <time>2025-11-23T12:02:54+00:00</time>
      </trkpt>
      <trkpt lat="47.35834" lon="7.0863">
        <ele>545</ele>
        <time>2025-11-23T12:02:57+00:00</time>
      </trkpt>
      <trkpt lat="47.35807" lon="7.08649">
        <ele>542</ele>
        <time>2025-11-23T12:03:00+00:00</time>
      </trkpt>
      <trkpt lat="47.35781" lon="7.08687">
        <ele>539</ele>
        <time>2025-11-23T12:03:03+00:00</time>
      </trkpt>
      <trkpt lat="47.35765" lon="7.08701">
        <ele>533</ele>
        <time>2025-11-23T12:03:06+00:00</time>
      </trkpt>
      <trkpt lat="47.35745" lon="7.08701">
        <ele>537</ele>
        <time>2025-11-23T12:03:09+00:00</time>
      </trkpt>
      <trkpt lat="47.35745" lon="7.08701">
        <ele>537</ele>
        <time>2025-11-23T12:03:12+00:00</time>
      </trkpt>
      <trkpt lat="47.35733" lon="7.08709">
        <ele>538</ele>
        <time>2025-11-23T12:03:15+00:00</time>
      </trkpt>
      <trkpt lat="47.35725" lon="7.08747">
        <ele>534</ele>
        <time>2025-11-23T12:03:18+00:00</time>
      </trkpt>
      <trkpt lat="47.35719" lon="7.08757">
        <ele>529</ele>
        <time>2025-11-23T12:03:21+00:00</time>
      </trkpt>
      <trkpt lat="47.35708" lon="7.08769">
        <ele>531</ele>
        <time>2025-11-23T12:03:24+00:00</time>
      </trkpt>
      <trkpt lat="47.35693" lon="7.08815">
        <ele>516</ele>
        <time>2025-11-23T12:03:27+00:00</time>
      </trkpt>
      <trkpt lat="47.35686" lon="7.0886">
        <ele>509</ele>
        <time>2025-11-23T12:03:30+00:00</time>
      </trkpt>
      <trkpt lat="47.35676" lon="7.08908">
        <ele>495</ele>
        <time>2025-11-23T12:03:33+00:00</time>
      </trkpt>
      <trkpt lat="47.35663" lon="7.08948">
        <ele>490</ele>
        <time>2025-11-23T12:03:36+00:00</time>
      </trkpt>
      <trkpt lat="47.35653" lon="7.08977">
        <ele>489</ele>
        <time>2025-11-23T12:03:39+00:00</time>
      </trkpt>
      <trkpt lat="47.3564" lon="7.09021">
        <ele>484</ele>
        <time>2025-11-23T12:03:42+00:00</time>
      </trkpt>
      <trkpt lat="47.35632" lon="7.0906">
        <ele>466</ele>
        <time>2025-11-23T12:03:45+00:00</time>
      </trkpt>
      <trkpt lat="47.35628" lon="7.09097">
        <ele>458</ele>
        <time>2025-11-23T12:03:48+00:00</time>
      </trkpt>
      <trkpt lat="47.3564" lon="7.091">
        <ele>448</ele>
        <time>2025-11-23T12:03:51+00:00</time>
      </trkpt>
      <trkpt lat="47.3565" lon="7.09115">
        <ele>451</ele>
        <time>2025-11-23T12:03:54+00:00</time>
      </trkpt>
      <trkpt lat="47.35656" lon="7.09138">
        <ele>447</ele>
        <time>2025-11-23T12:03:57+00:00</time>
      </trkpt>
      <trkpt lat="47.35661" lon="7.09165">
        <ele>450</ele>
        <time>2025-11-23T12:04:00+00:00</time>
      </trkpt>
      <trkpt lat="47.35661" lon="7.0921">
        <ele>449</ele>
        <time>2025-11-23T12:04:03+00:00</time>
      </trkpt>
      <trkpt lat="47.35661" lon="7.09229">
        <ele>449</ele>
        <time>2025-11-23T12:04:06+00:00</time>
      </trkpt>
      <trkpt lat="47.35668" lon="7.09252">
        <ele>449</ele>
        <time>2025-11-23T12:04:09+00:00</time>
      </trkpt>
      <trkpt lat="47.35675" lon="7.09275">
        <ele>455</ele>
        <time>2025-11-23T12:04:12+00:00</time>
      </trkpt>
      <trkpt lat="47.35688" lon="7.09316">
        <ele>457</ele>
        <time>2025-11-23T12:04:15+00:00</time>
      </trkpt>
      <trkpt lat="47.35696" lon="7.0935">
        <ele>463</ele>
        <time>2025-11-23T12:04:18+00:00</time>
      </trkpt>
      <trkpt lat="47.3571" lon="7.09394">
        <ele>476</ele>
        <time>2025-11-23T12:04:21+00:00</time>
      </trkpt>
      <trkpt lat="47.35722" lon="7.0943">
        <ele>476</ele>
        <time>2025-11-23T12:04:24+00:00</time>
      </trkpt>
      <trkpt lat="47.35735" lon="7.09469">
        <ele>476</ele>
        <time>2025-11-23T12:04:27+00:00</time>
      </trkpt>
      <trkpt lat="47.35746" lon="7.09503">
        <ele>475</ele>
        <time>2025-11-23T12:04:30+00:00</time>
      </trkpt>
      <trkpt lat="47.3576" lon="7.09544">
        <ele>475</ele>
        <time>2025-11-23T12:04:33+00:00</time>
      </trkpt>
      <trkpt lat="47.35776" lon="7.09595">
        <ele>482</ele>
        <time>2025-11-23T12:04:36+00:00</time>
      </trkpt>
      <trkpt lat="47.35776" lon="7.09595">
        <ele>482</ele>
        <time>2025-11-23T12:04:39+00:00</time>
      </trkpt>
      <trkpt lat="47.35782" lon="7.09619">
        <ele>490</ele>
        <time>2025-11-23T12:04:42+00:00</time>
      </trkpt>
      <trkpt lat="47.35782" lon="7.09625">
        <ele>481</ele>
        <time>2025-11-23T12:04:45+00:00</time>
      </trkpt>
      <trkpt lat="47.35783" lon="7.09637">
        <ele>486</ele>
        <time>2025-11-23T12:04:48+00:00</time>
      </trkpt>
      <trkpt lat="47.35783" lon="7.09646">
        <ele>484</ele>
        <time>2025-11-23T12:04:51+00:00</time>
      </trkpt>
      <trkpt lat="47.35789" lon="7.09661">
        <ele>481</ele>
        <time>2025-11-23T12:04:54+00:00</time>
      </trkpt>
      <trkpt lat="47.35794" lon="7.09684">
        <ele>488</ele>
        <time>2025-11-23T12:04:57+00:00</time>
      </trkpt>
      <trkpt lat="47.35798" lon="7.09704">
        <ele>486</ele>
        <time>2025-11-23T12:05:00+00:00</time>
      </trkpt>
      <trkpt lat="47.35802" lon="7.0972">
        <ele>495</ele>
        <time>2025-11-23T12:05:03+00:00</time>
      </trkpt>
      <trkpt lat="47.35802" lon="7.0974">
        <ele>494</ele>
        <time>2025-11-23T12:05:06+00:00</time>
      </trkpt>
      <trkpt lat="47.35803" lon="7.09752">
        <ele>495</ele>
        <time>2025-11-23T12:05:09+00:00</time>
      </trkpt>
      <trkpt lat="47.35804" lon="7.09762">
        <ele>494</ele>
        <time>2025-11-23T12:05:12+00:00</time>
      </trkpt>
      <trkpt lat="47.35804" lon="7.09764">
        <ele>494</ele>
        <time>2025-11-23T12:05:15+00:00</time>
      </trkpt>
      <trkpt lat="47.35807" lon="7.09769">
        <ele>494</ele>
        <time>2025-11-23T12:05:18+00:00</time>
      </trkpt>
      <trkpt lat="47.3581" lon="7.09777">
        <ele>493</ele>
        <time>2025-11-23T12:05:21+00:00</time>
      </trkpt>
      <trkpt lat="47.35811" lon="7.09814">
        <ele>496</ele>
        <time>2025-11-23T12:05:24+00:00</time>
      </trkpt>
      <trkpt lat="47.35809" lon="7.0984">
        <ele>491</ele>
        <time>2025-11-23T12:05:27+00:00</time>
      </trkpt>
      <trkpt lat="47.35812" lon="7.09875">
        <ele>497</ele>
        <time>2025-11-23T12:05:30+00:00</time>
      </trkpt>
      <trkpt lat="47.35814" lon="7.09884">
        <ele>498</ele>
        <time>2025-11-23T12:05:33+00:00</time>
      </trkpt>
      <trkpt lat="47.35814" lon="7.09894">
        <ele>498</ele>
        <time>2025-11-23T12:05:36+00:00</time>
      </trkpt>
      <trkpt lat="47.35814" lon="7.09911">
        <ele>498</ele>
        <time>2025-11-23T12:05:39+00:00</time>
      </trkpt>
      <trkpt lat="47.35817" lon="7.0994">
        <ele>503</ele>
        <time>2025-11-23T12:05:42+00:00</time>
      </trkpt>
      <trkpt lat="47.35817" lon="7.09946">
        <ele>503</ele>
        <time>2025-11-23T12:05:45+00:00</time>
      </trkpt>
      <trkpt lat="47.35815" lon="7.09955">
        <ele>504</ele>
        <time>2025-11-23T12:05:48+00:00</time>
      </trkpt>
      <trkpt lat="47.35814" lon="7.09959">
        <ele>504</ele>
        <time>2025-11-23T12:05:51+00:00</time>
      </trkpt>
      <trkpt lat="47.35812" lon="7.09972">
        <ele>505</ele>
        <time>2025-11-23T12:05:54+00:00</time>
      </trkpt>
      <trkpt lat="47.35812" lon="7.09975">
        <ele>509</ele>
        <time>2025-11-23T12:05:57+00:00</time>
      </trkpt>
      <trkpt lat="47.35812" lon="7.09985">
        <ele>510</ele>
        <time>2025-11-23T12:06:00+00:00</time>
      </trkpt>
      <trkpt lat="47.3581" lon="7.09998">
        <ele>512</ele>
        <time>2025-11-23T12:06:03+00:00</time>
      </trkpt>
      <trkpt lat="47.35808" lon="7.10019">
        <ele>508</ele>
        <time>2025-11-23T12:06:06+00:00</time>
      </trkpt>
      <trkpt lat="47.35806" lon="7.10024">
        <ele>509</ele>
        <time>2025-11-23T12:06:09+00:00</time>
      </trkpt>
      <trkpt lat="47.35805" lon="7.10031">
        <ele>510</ele>
        <time>2025-11-23T12:06:12+00:00</time>
      </trkpt>
      <trkpt lat="47.35806" lon="7.10039">
        <ele>510</ele>
        <time>2025-11-23T12:06:15+00:00</time>
      </trkpt>
      <trkpt lat="47.35805" lon="7.10049">
        <ele>511</ele>
        <time>2025-11-23T12:06:18+00:00</time>
      </trkpt>
      <trkpt lat="47.35805" lon="7.10061">
        <ele>512</ele>
        <time>2025-11-23T12:06:21+00:00</time>
      </trkpt>
      <trkpt lat="47.35807" lon="7.10066">
        <ele>512</ele>
        <time>2025-11-23T12:06:24+00:00</time>
      </trkpt>
      <trkpt lat="47.35802" lon="7.101">
        <ele>516</ele>
        <time>2025-11-23T12:06:27+00:00</time>
      </trkpt>
      <trkpt lat="47.35801" lon="7.10134">
        <ele>516</ele>
        <time>2025-11-23T12:06:30+00:00</time>
      </trkpt>
      <trkpt lat="47.35804" lon="7.10158">
        <ele>515</ele>
        <time>2025-11-23T12:06:33+00:00</time>
      </trkpt>
      <trkpt lat="47.35805" lon="7.10165">
        <ele>516</ele>
        <time>2025-11-23T12:06:36+00:00</time>
      </trkpt>
      <trkpt lat="47.35807" lon="7.10175">
        <ele>517</ele>
        <time>2025-11-23T12:06:39+00:00</time>
      </trkpt>
      <trkpt lat="47.35807" lon="7.1018">
        <ele>517</ele>
        <time>2025-11-23T12:06:42+00:00</time>
      </trkpt>
      <trkpt lat="47.35807" lon="7.10206">
        <ele>520</ele>
        <time>2025-11-23T12:06:45+00:00</time>
      </trkpt>
      <trkpt lat="47.35811" lon="7.10235">
        <ele>523</ele>
        <time>2025-11-23T12:06:48+00:00</time>
      </trkpt>
      <trkpt lat="47.35816" lon="7.10269">
        <ele>526</ele>
        <time>2025-11-23T12:06:51+00:00</time>
      </trkpt>
      <trkpt lat="47.3582" lon="7.10295">
        <ele>531</ele>
        <time>2025-11-23T12:06:54+00:00</time>
      </trkpt>
      <trkpt lat="47.35825" lon="7.10323">
        <ele>532</ele>
        <time>2025-11-23T12:06:57+00:00</time>
      </trkpt>
      <trkpt lat="47.35833" lon="7.10339">
        <ele>539</ele>
        <time>2025-11-23T12:07:00+00:00</time>
      </trkpt>
      <trkpt lat="47.35834" lon="7.10352">
        <ele>538</ele>
        <time>2025-11-23T12:07:03+00:00</time>
      </trkpt>
      <trkpt lat="47.35836" lon="7.10358">
        <ele>538</ele>
        <time>2025-11-23T12:07:06+00:00</time>
      </trkpt>
      <trkpt lat="47.3584" lon="7.10371">
        <ele>543</ele>
        <time>2025-11-23T12:07:09+00:00</time>
      </trkpt>
      <trkpt lat="47.35843" lon="7.10374">
        <ele>543</ele>
        <time>2025-11-23T12:07:12+00:00</time>
      </trkpt>
      <trkpt lat="47.35846" lon="7.10401">
        <ele>539</ele>
        <time>2025-11-23T12:07:15+00:00</time>
      </trkpt>
      <trkpt lat="47.35863" lon="7.10463">
        <ele>542</ele>
        <time>2025-11-23T12:07:18+00:00</time>
      </trkpt>
      <trkpt lat="47.35887" lon="7.10492">
        <ele>542</ele>
        <time>2025-11-23T12:07:21+00:00</time>
      </trkpt>
      <trkpt lat="47.359" lon="7.10508">
        <ele>547</ele>
        <time>2025-11-23T12:07:24+00:00</time>
      </trkpt>
      <trkpt lat="47.3591" lon="7.10527">
        <ele>549</ele>
        <time>2025-11-23T12:07:27+00:00</time>
      </trkpt>
      <trkpt lat="47.35933" lon="7.10534">
        <ele>554</ele>
        <time>2025-11-23T12:07:30+00:00</time>
      </trkpt>
      <trkpt lat="47.35937" lon="7.10537">
        <ele>554</ele>
        <time>2025-11-23T12:07:33+00:00</time>
      </trkpt>
      <trkpt lat="47.35942" lon="7.10542">
        <ele>553</ele>
        <time>2025-11-23T12:07:36+00:00</time>
      </trkpt>
      <trkpt lat="47.35947" lon="7.10546">
        <ele>553</ele>
        <time>2025-11-23T12:07:39+00:00</time>
      </trkpt>
      <trkpt lat="47.3595" lon="7.10547">
        <ele>556</ele>
        <time>2025-11-23T12:07:42+00:00</time>
      </trkpt>
      <trkpt lat="47.3595" lon="7.10548">
        <ele>560</ele>
        <time>2025-11-23T12:07:45+00:00</time>
      </trkpt>
      <trkpt lat="47.35952" lon="7.1055">
        <ele>556</ele>
        <time>2025-11-23T12:07:48+00:00</time>
      </trkpt>
      <trkpt lat="47.35954" lon="7.10551">
        <ele>556</ele>
        <time>2025-11-23T12:07:51+00:00</time>
      </trkpt>
      <trkpt lat="47.35958" lon="7.10551">
        <ele>556</ele>
        <time>2025-11-23T12:07:54+00:00</time>
      </trkpt>
      <trkpt lat="47.3596" lon="7.10553">
        <ele>559</ele>
        <time>2025-11-23T12:07:57+00:00</time>
      </trkpt>
      <trkpt lat="47.35963" lon="7.10553">
        <ele>559</ele>
        <time>2025-11-23T12:08:00+00:00</time>
      </trkpt>
      <trkpt lat="47.35969" lon="7.10552">
        <ele>559</ele>
        <time>2025-11-23T12:08:03+00:00</time>
      </trkpt>
      <trkpt lat="47.35982" lon="7.10554">
        <ele>563</ele>
        <time>2025-11-23T12:08:06+00:00</time>
      </trkpt>
      <trkpt lat="47.3599" lon="7.10553">
        <ele>563</ele>
        <time>2025-11-23T12:08:09+00:00</time>
      </trkpt>
      <trkpt lat="47.35993" lon="7.10554">
        <ele>562</ele>
        <time>2025-11-23T12:08:12+00:00</time>
      </trkpt>
      <trkpt lat="47.36002" lon="7.10554">
        <ele>563</ele>
        <time>2025-11-23T12:08:15+00:00</time>
      </trkpt>
      <trkpt lat="47.36007" lon="7.10553">
        <ele>563</ele>
        <time>2025-11-23T12:08:18+00:00</time>
      </trkpt>
      <trkpt lat="47.36009" lon="7.10555">
        <ele>563</ele>
        <time>2025-11-23T12:08:21+00:00</time>
      </trkpt>
      <trkpt lat="47.36026" lon="7.1055">
        <ele>563</ele>
        <time>2025-11-23T12:08:24+00:00</time>
      </trkpt>
      <trkpt lat="47.36029" lon="7.10551">
        <ele>563</ele>
        <time>2025-11-23T12:08:27+00:00</time>
      </trkpt>
      <trkpt lat="47.36037" lon="7.10551">
        <ele>562</ele>
        <time>2025-11-23T12:08:30+00:00</time>
      </trkpt>
      <trkpt lat="47.36041" lon="7.1055">
        <ele>560</ele>
        <time>2025-11-23T12:08:33+00:00</time>
      </trkpt>
      <trkpt lat="47.3605" lon="7.10552">
        <ele>561</ele>
        <time>2025-11-23T12:08:36+00:00</time>
      </trkpt>
      <trkpt lat="47.36053" lon="7.10553">
        <ele>558</ele>
        <time>2025-11-23T12:08:39+00:00</time>
      </trkpt>
      <trkpt lat="47.36063" lon="7.10557">
        <ele>554</ele>
        <time>2025-11-23T12:08:42+00:00</time>
      </trkpt>
      <trkpt lat="47.3607" lon="7.10563">
        <ele>554</ele>
        <time>2025-11-23T12:08:45+00:00</time>
      </trkpt>
      <trkpt lat="47.36072" lon="7.10565">
        <ele>554</ele>
        <time>2025-11-23T12:08:48+00:00</time>
      </trkpt>
      <trkpt lat="47.36075" lon="7.10565">
        <ele>554</ele>
        <time>2025-11-23T12:08:51+00:00</time>
      </trkpt>
      <trkpt lat="47.3608" lon="7.10567">
        <ele>554</ele>
        <time>2025-11-23T12:08:54+00:00</time>
      </trkpt>
      <trkpt lat="47.36087" lon="7.10573">
        <ele>554</ele>
        <time>2025-11-23T12:08:57+00:00</time>
      </trkpt>
      <trkpt lat="47.36092" lon="7.10576">
        <ele>556</ele>
        <time>2025-11-23T12:09:00+00:00</time>
      </trkpt>
      <trkpt lat="47.36102" lon="7.10578">
        <ele>558</ele>
        <time>2025-11-23T12:09:03+00:00</time>
      </trkpt>
      <trkpt lat="47.36107" lon="7.10578">
        <ele>558</ele>
        <time>2025-11-23T12:09:06+00:00</time>
      </trkpt>
      <trkpt lat="47.36114" lon="7.10577">
        <ele>559</ele>
        <time>2025-11-23T12:09:09+00:00</time>
      </trkpt>
      <trkpt lat="47.36117" lon="7.10577">
        <ele>559</ele>
        <time>2025-11-23T12:09:12+00:00</time>
      </trkpt>
      <trkpt lat="47.36125" lon="7.10577">
        <ele>563</ele>
        <time>2025-11-23T12:09:15+00:00</time>
      </trkpt>
      <trkpt lat="47.36138" lon="7.10583">
        <ele>560</ele>
        <time>2025-11-23T12:09:18+00:00</time>
      </trkpt>
      <trkpt lat="47.36147" lon="7.10588">
        <ele>565</ele>
        <time>2025-11-23T12:09:21+00:00</time>
      </trkpt>
      <trkpt lat="47.36151" lon="7.10592">
        <ele>566</ele>
        <time>2025-11-23T12:09:24+00:00</time>
      </trkpt>
      <trkpt lat="47.36153" lon="7.10595">
        <ele>566</ele>
        <time>2025-11-23T12:09:27+00:00</time>
      </trkpt>
      <trkpt lat="47.36166" lon="7.10599">
        <ele>573</ele>
        <time>2025-11-23T12:09:30+00:00</time>
      </trkpt>
      <trkpt lat="47.36175" lon="7.106">
        <ele>583</ele>
        <time>2025-11-23T12:09:33+00:00</time>
      </trkpt>
      <trkpt lat="47.36188" lon="7.10604">
        <ele>576</ele>
        <time>2025-11-23T12:09:36+00:00</time>
      </trkpt>
      <trkpt lat="47.36207" lon="7.10613">
        <ele>580</ele>
        <time>2025-11-23T12:09:39+00:00</time>
      </trkpt>
      <trkpt lat="47.36214" lon="7.10618">
        <ele>581</ele>
        <time>2025-11-23T12:09:42+00:00</time>
      </trkpt>
      <trkpt lat="47.36244" lon="7.10637">
        <ele>578</ele>
        <time>2025-11-23T12:09:45+00:00</time>
      </trkpt>
      <trkpt lat="47.36266" lon="7.10656">
        <ele>576</ele>
        <time>2025-11-23T12:09:48+00:00</time>
      </trkpt>
      <trkpt lat="47.3629" lon="7.1068">
        <ele>576</ele>
        <time>2025-11-23T12:09:51+00:00</time>
      </trkpt>
      <trkpt lat="47.36297" lon="7.10686">
        <ele>573</ele>
        <time>2025-11-23T12:09:54+00:00</time>
      </trkpt>
      <trkpt lat="47.36307" lon="7.10687">
        <ele>579</ele>
        <time>2025-11-23T12:09:57+00:00</time>
      </trkpt>
      <trkpt lat="47.36323" lon="7.107">
        <ele>581</ele>
        <time>2025-11-23T12:10:00+00:00</time>
      </trkpt>
      <trkpt lat="47.3633" lon="7.10711">
        <ele>583</ele>
        <time>2025-11-23T12:10:03+00:00</time>
      </trkpt>
      <trkpt lat="47.36339" lon="7.10711">
        <ele>580</ele>
        <time>2025-11-23T12:10:06+00:00</time>
      </trkpt>
      <trkpt lat="47.36354" lon="7.10704">
        <ele>582</ele>
        <time>2025-11-23T12:10:09+00:00</time>
      </trkpt>
      <trkpt lat="47.36362" lon="7.10687">
        <ele>580</ele>
        <time>2025-11-23T12:10:12+00:00</time>
      </trkpt>
      <trkpt lat="47.36368" lon="7.10673">
        <ele>582</ele>
        <time>2025-11-23T12:10:15+00:00</time>
      </trkpt>
      <trkpt lat="47.36378" lon="7.1066">
        <ele>580</ele>
        <time>2025-11-23T12:10:18+00:00</time>
      </trkpt>
      <trkpt lat="47.36392" lon="7.10685">
        <ele>579</ele>
        <time>2025-11-23T12:10:21+00:00</time>
      </trkpt>
      <trkpt lat="47.36395" lon="7.10705">
        <ele>578</ele>
        <time>2025-11-23T12:10:24+00:00</time>
      </trkpt>
      <trkpt lat="47.36394" lon="7.10714">
        <ele>578</ele>
        <time>2025-11-23T12:10:27+00:00</time>
      </trkpt>
      <trkpt lat="47.36391" lon="7.10744">
        <ele>578</ele>
        <time>2025-11-23T12:10:30+00:00</time>
      </trkpt>
      <trkpt lat="47.36387" lon="7.10769">
        <ele>576</ele>
        <time>2025-11-23T12:10:33+00:00</time>
      </trkpt>
      <trkpt lat="47.36389" lon="7.10781">
        <ele>576</ele>
        <time>2025-11-23T12:10:36+00:00</time>
      </trkpt>
      <trkpt lat="47.36383" lon="7.1079">
        <ele>576</ele>
        <time>2025-11-23T12:10:39+00:00</time>
      </trkpt>
      <trkpt lat="47.36384" lon="7.10817">
        <ele>576</ele>
        <time>2025-11-23T12:10:42+00:00</time>
      </trkpt>
      <trkpt lat="47.36386" lon="7.10856">
        <ele>575</ele>
        <time>2025-11-23T12:10:45+00:00</time>
      </trkpt>
      <trkpt lat="47.36391" lon="7.10874">
        <ele>577</ele>
        <time>2025-11-23T12:10:48+00:00</time>
      </trkpt>
      <trkpt lat="47.3639" lon="7.10892">
        <ele>577</ele>
        <time>2025-11-23T12:10:51+00:00</time>
      </trkpt>
      <trkpt lat="47.36391" lon="7.10895">
        <ele>577</ele>
        <time>2025-11-23T12:10:54+00:00</time>
      </trkpt>
      <trkpt lat="47.36392" lon="7.10902">
        <ele>578</ele>
        <time>2025-11-23T12:10:57+00:00</time>
      </trkpt>
      <trkpt lat="47.36393" lon="7.10914">
        <ele>578</ele>
        <time>2025-11-23T12:11:00+00:00</time>
      </trkpt>
      <trkpt lat="47.36397" lon="7.10951">
        <ele>579</ele>
        <time>2025-11-23T12:11:03+00:00</time>
      </trkpt>
      <trkpt lat="47.36398" lon="7.10967">
        <ele>580</ele>
        <time>2025-11-23T12:11:06+00:00</time>
      </trkpt>
      <trkpt lat="47.36398" lon="7.10972">
        <ele>580</ele>
        <time>2025-11-23T12:11:09+00:00</time>
      </trkpt>
      <trkpt lat="47.364" lon="7.10985">
        <ele>583</ele>
        <time>2025-11-23T12:11:12+00:00</time>
      </trkpt>
      <trkpt lat="47.364" lon="7.10996">
        <ele>583</ele>
        <time>2025-11-23T12:11:15+00:00</time>
      </trkpt>
      <trkpt lat="47.36401" lon="7.11002">
        <ele>583</ele>
        <time>2025-11-23T12:11:18+00:00</time>
      </trkpt>
      <trkpt lat="47.36403" lon="7.11014">
        <ele>583</ele>
        <time>2025-11-23T12:11:21+00:00</time>
      </trkpt>
      <trkpt lat="47.36404" lon="7.11017">
        <ele>583</ele>
        <time>2025-11-23T12:11:24+00:00</time>
      </trkpt>
      <trkpt lat="47.36406" lon="7.11042">
        <ele>585</ele>
        <time>2025-11-23T12:11:27+00:00</time>
      </trkpt>
      <trkpt lat="47.36407" lon="7.11049">
        <ele>585</ele>
        <time>2025-11-23T12:11:30+00:00</time>
      </trkpt>
      <trkpt lat="47.36408" lon="7.1106">
        <ele>585</ele>
        <time>2025-11-23T12:11:33+00:00</time>
      </trkpt>
      <trkpt lat="47.36405" lon="7.11066">
        <ele>586</ele>
        <time>2025-11-23T12:11:36+00:00</time>
      </trkpt>
      <trkpt lat="47.36404" lon="7.11067">
        <ele>586</ele>
        <time>2025-11-23T12:11:39+00:00</time>
      </trkpt>
      <trkpt lat="47.36401" lon="7.11067">
        <ele>586</ele>
        <time>2025-11-23T12:11:42+00:00</time>
      </trkpt>
      <trkpt lat="47.36396" lon="7.11061">
        <ele>587</ele>
        <time>2025-11-23T12:11:45+00:00</time>
      </trkpt>
      <trkpt lat="47.36394" lon="7.11059">
        <ele>586</ele>
        <time>2025-11-23T12:11:48+00:00</time>
      </trkpt>
      <trkpt lat="47.36391" lon="7.11055">
        <ele>586</ele>
        <time>2025-11-23T12:11:51+00:00</time>
      </trkpt>
      <trkpt lat="47.36383" lon="7.11049">
        <ele>587</ele>
        <time>2025-11-23T12:11:54+00:00</time>
      </trkpt>
      <trkpt lat="47.36376" lon="7.11047">
        <ele>590</ele>
        <time>2025-11-23T12:11:57+00:00</time>
      </trkpt>
      <trkpt lat="47.3638" lon="7.11068">
        <ele>592</ele>
        <time>2025-11-23T12:12:00+00:00</time>
      </trkpt>
      <trkpt lat="47.3638" lon="7.11076">
        <ele>593</ele>
        <time>2025-11-23T12:12:03+00:00</time>
      </trkpt>
      <trkpt lat="47.36382" lon="7.11083">
        <ele>591</ele>
        <time>2025-11-23T12:12:06+00:00</time>
      </trkpt>
      <trkpt lat="47.3638" lon="7.11104">
        <ele>596</ele>
        <time>2025-11-23T12:12:09+00:00</time>
      </trkpt>
      <trkpt lat="47.3638" lon="7.11131">
        <ele>598</ele>
        <time>2025-11-23T12:12:12+00:00</time>
      </trkpt>
      <trkpt lat="47.36387" lon="7.11147">
        <ele>598</ele>
        <time>2025-11-23T12:12:15+00:00</time>
      </trkpt>
      <trkpt lat="47.36384" lon="7.11162">
        <ele>600</ele>
        <time>2025-11-23T12:12:18+00:00</time>
      </trkpt>
      <trkpt lat="47.36389" lon="7.11174">
        <ele>602</ele>
        <time>2025-11-23T12:12:21+00:00</time>
      </trkpt>
      <trkpt lat="47.36387" lon="7.1119">
        <ele>603</ele>
        <time>2025-11-23T12:12:24+00:00</time>
      </trkpt>
      <trkpt lat="47.36384" lon="7.11196">
        <ele>604</ele>
        <time>2025-11-23T12:12:27+00:00</time>
      </trkpt>
      <trkpt lat="47.36383" lon="7.11204">
        <ele>604</ele>
        <time>2025-11-23T12:12:30+00:00</time>
      </trkpt>
      <trkpt lat="47.36383" lon="7.11208">
        <ele>604</ele>
        <time>2025-11-23T12:12:33+00:00</time>
      </trkpt>
      <trkpt lat="47.36384" lon="7.11215">
        <ele>605</ele>
        <time>2025-11-23T12:12:36+00:00</time>
      </trkpt>
      <trkpt lat="47.36383" lon="7.11227">
        <ele>606</ele>
        <time>2025-11-23T12:12:39+00:00</time>
      </trkpt>
      <trkpt lat="47.36383" lon="7.1123">
        <ele>606</ele>
        <time>2025-11-23T12:12:42+00:00</time>
      </trkpt>
      <trkpt lat="47.36384" lon="7.11237">
        <ele>608</ele>
        <time>2025-11-23T12:12:45+00:00</time>
      </trkpt>
      <trkpt lat="47.36385" lon="7.11239">
        <ele>608</ele>
        <time>2025-11-23T12:12:48+00:00</time>
      </trkpt>
      <trkpt lat="47.36385" lon="7.11241">
        <ele>608</ele>
        <time>2025-11-23T12:12:51+00:00</time>
      </trkpt>
      <trkpt lat="47.36385" lon="7.11246">
        <ele>608</ele>
        <time>2025-11-23T12:12:54+00:00</time>
      </trkpt>
      <trkpt lat="47.36383" lon="7.11256">
        <ele>609</ele>
        <time>2025-11-23T12:12:57+00:00</time>
      </trkpt>
      <trkpt lat="47.36382" lon="7.11266">
        <ele>610</ele>
        <time>2025-11-23T12:13:00+00:00</time>
      </trkpt>
      <trkpt lat="47.36378" lon="7.11285">
        <ele>613</ele>
        <time>2025-11-23T12:13:03+00:00</time>
      </trkpt>
      <trkpt lat="47.36378" lon="7.11299">
        <ele>614</ele>
        <time>2025-11-23T12:13:06+00:00</time>
      </trkpt>
      <trkpt lat="47.3638" lon="7.11308">
        <ele>614</ele>
        <time>2025-11-23T12:13:09+00:00</time>
      </trkpt>
      <trkpt lat="47.36381" lon="7.1132">
        <ele>615</ele>
        <time>2025-11-23T12:13:12+00:00</time>
      </trkpt>
      <trkpt lat="47.36384" lon="7.11333">
        <ele>616</ele>
        <time>2025-11-23T12:13:15+00:00</time>
      </trkpt>
      <trkpt lat="47.36385" lon="7.11342">
        <ele>617</ele>
        <time>2025-11-23T12:13:18+00:00</time>
      </trkpt>
      <trkpt lat="47.36388" lon="7.11355">
        <ele>618</ele>
        <time>2025-11-23T12:13:21+00:00</time>
      </trkpt>
      <trkpt lat="47.36393" lon="7.11403">
        <ele>621</ele>
        <time>2025-11-23T12:13:24+00:00</time>
      </trkpt>
      <trkpt lat="47.3639" lon="7.11415">
        <ele>622</ele>
        <time>2025-11-23T12:13:27+00:00</time>
      </trkpt>
      <trkpt lat="47.36391" lon="7.11433">
        <ele>623</ele>
        <time>2025-11-23T12:13:30+00:00</time>
      </trkpt>
      <trkpt lat="47.36394" lon="7.11465">
        <ele>624</ele>
        <time>2025-11-23T12:13:33+00:00</time>
      </trkpt>
      <trkpt lat="47.36397" lon="7.11498">
        <ele>626</ele>
        <time>2025-11-23T12:13:36+00:00</time>
      </trkpt>
      <trkpt lat="47.36406" lon="7.11534">
        <ele>627</ele>
        <time>2025-11-23T12:13:39+00:00</time>
      </trkpt>
      <trkpt lat="47.3641" lon="7.11549">
        <ele>627</ele>
        <time>2025-11-23T12:13:42+00:00</time>
      </trkpt>
      <trkpt lat="47.36413" lon="7.11584">
        <ele>630</ele>
        <time>2025-11-23T12:13:45+00:00</time>
      </trkpt>
      <trkpt lat="47.36417" lon="7.11613">
        <ele>630</ele>
        <time>2025-11-23T12:13:48+00:00</time>
      </trkpt>
      <trkpt lat="47.36424" lon="7.11641">
        <ele>632</ele>
        <time>2025-11-23T12:13:51+00:00</time>
      </trkpt>
      <trkpt lat="47.36433" lon="7.11671">
        <ele>633</ele>
        <time>2025-11-23T12:13:54+00:00</time>
      </trkpt>
      <trkpt lat="47.36439" lon="7.11686">
        <ele>633</ele>
        <time>2025-11-23T12:13:57+00:00</time>
      </trkpt>
      <trkpt lat="47.36451" lon="7.1171">
        <ele>633</ele>
        <time>2025-11-23T12:14:00+00:00</time>
      </trkpt>
      <trkpt lat="47.36464" lon="7.11724">
        <ele>633</ele>
        <time>2025-11-23T12:14:03+00:00</time>
      </trkpt>
      <trkpt lat="47.36468" lon="7.11734">
        <ele>633</ele>
        <time>2025-11-23T12:14:06+00:00</time>
      </trkpt>
      <trkpt lat="47.36473" lon="7.11741">
        <ele>633</ele>
        <time>2025-11-23T12:14:09+00:00</time>
      </trkpt>
      <trkpt lat="47.36474" lon="7.11743">
        <ele>633</ele>
        <time>2025-11-23T12:14:12+00:00</time>
      </trkpt>
      <trkpt lat="47.36466" lon="7.11756">
        <ele>632</ele>
        <time>2025-11-23T12:14:15+00:00</time>
      </trkpt>
      <trkpt lat="47.36458" lon="7.11765">
        <ele>631</ele>
        <time>2025-11-23T12:14:18+00:00</time>
      </trkpt>
      <trkpt lat="47.36453" lon="7.11772">
        <ele>630</ele>
        <time>2025-11-23T12:14:21+00:00</time>
      </trkpt>
      <trkpt lat="47.36447" lon="7.11776">
        <ele>628</ele>
        <time>2025-11-23T12:14:24+00:00</time>
      </trkpt>
      <trkpt lat="47.36443" lon="7.11779">
        <ele>628</ele>
        <time>2025-11-23T12:14:27+00:00</time>
      </trkpt>
      <trkpt lat="47.36442" lon="7.11786">
        <ele>626</ele>
        <time>2025-11-23T12:14:30+00:00</time>
      </trkpt>
      <trkpt lat="47.36449" lon="7.11797">
        <ele>623</ele>
        <time>2025-11-23T12:14:33+00:00</time>
      </trkpt>
      <trkpt lat="47.36453" lon="7.11805">
        <ele>622</ele>
        <time>2025-11-23T12:14:36+00:00</time>
      </trkpt>
      <trkpt lat="47.36455" lon="7.11811">
        <ele>619</ele>
        <time>2025-11-23T12:14:39+00:00</time>
      </trkpt>
      <trkpt lat="47.3646" lon="7.11816">
        <ele>619</ele>
        <time>2025-11-23T12:14:42+00:00</time>
      </trkpt>
      <trkpt lat="47.36464" lon="7.11815">
        <ele>623</ele>
        <time>2025-11-23T12:14:45+00:00</time>
      </trkpt>
      <trkpt lat="47.36471" lon="7.11817">
        <ele>627</ele>
        <time>2025-11-23T12:14:48+00:00</time>
      </trkpt>
      <trkpt lat="47.36475" lon="7.11822">
        <ele>624</ele>
        <time>2025-11-23T12:14:51+00:00</time>
      </trkpt>
      <trkpt lat="47.36478" lon="7.11827">
        <ele>624</ele>
        <time>2025-11-23T12:14:54+00:00</time>
      </trkpt>
      <trkpt lat="47.36489" lon="7.11847">
        <ele>623</ele>
        <time>2025-11-23T12:14:57+00:00</time>
      </trkpt>
      <trkpt lat="47.36499" lon="7.11863">
        <ele>624</ele>
        <time>2025-11-23T12:15:00+00:00</time>
      </trkpt>
      <trkpt lat="47.36509" lon="7.11882">
        <ele>622</ele>
        <time>2025-11-23T12:15:03+00:00</time>
      </trkpt>
      <trkpt lat="47.36518" lon="7.11896">
        <ele>624</ele>
        <time>2025-11-23T12:15:06+00:00</time>
      </trkpt>
      <trkpt lat="47.36528" lon="7.11913">
        <ele>622</ele>
        <time>2025-11-23T12:15:09+00:00</time>
      </trkpt>
      <trkpt lat="47.36535" lon="7.11929">
        <ele>625</ele>
        <time>2025-11-23T12:15:12+00:00</time>
      </trkpt>
      <trkpt lat="47.36545" lon="7.11949">
        <ele>621</ele>
        <time>2025-11-23T12:15:15+00:00</time>
      </trkpt>
      <trkpt lat="47.36551" lon="7.11959">
        <ele>617</ele>
        <time>2025-11-23T12:15:18+00:00</time>
      </trkpt>
      <trkpt lat="47.36559" lon="7.11981">
        <ele>617</ele>
        <time>2025-11-23T12:15:21+00:00</time>
      </trkpt>
      <trkpt lat="47.36571" lon="7.11997">
        <ele>608</ele>
        <time>2025-11-23T12:15:24+00:00</time>
      </trkpt>
      <trkpt lat="47.3658" lon="7.12018">
        <ele>615</ele>
        <time>2025-11-23T12:15:27+00:00</time>
      </trkpt>
      <trkpt lat="47.36591" lon="7.12029">
        <ele>616</ele>
        <time>2025-11-23T12:15:30+00:00</time>
      </trkpt>
      <trkpt lat="47.366" lon="7.1204">
        <ele>616</ele>
        <time>2025-11-23T12:15:33+00:00</time>
      </trkpt>
      <trkpt lat="47.36615" lon="7.12055">
        <ele>615</ele>
        <time>2025-11-23T12:15:36+00:00</time>
      </trkpt>
      <trkpt lat="47.36624" lon="7.12067">
        <ele>619</ele>
        <time>2025-11-23T12:15:39+00:00</time>
      </trkpt>
      <trkpt lat="47.36629" lon="7.12077">
        <ele>614</ele>
        <time>2025-11-23T12:15:42+00:00</time>
      </trkpt>
      <trkpt lat="47.36631" lon="7.12083">
        <ele>610</ele>
        <time>2025-11-23T12:15:45+00:00</time>
      </trkpt>
      <trkpt lat="47.36633" lon="7.12094">
        <ele>604</ele>
        <time>2025-11-23T12:15:48+00:00</time>
      </trkpt>
      <trkpt lat="47.36632" lon="7.121">
        <ele>601</ele>
        <time>2025-11-23T12:15:51+00:00</time>
      </trkpt>
      <trkpt lat="47.36632" lon="7.12103">
        <ele>601</ele>
        <time>2025-11-23T12:15:54+00:00</time>
      </trkpt>
      <trkpt lat="47.36632" lon="7.12109">
        <ele>601</ele>
        <time>2025-11-23T12:15:57+00:00</time>
      </trkpt>
      <trkpt lat="47.3663" lon="7.12114">
        <ele>596</ele>
        <time>2025-11-23T12:16:00+00:00</time>
      </trkpt>
      <trkpt lat="47.36626" lon="7.1212">
        <ele>591</ele>
        <time>2025-11-23T12:16:03+00:00</time>
      </trkpt>
      <trkpt lat="47.36617" lon="7.12132">
        <ele>589</ele>
        <time>2025-11-23T12:16:06+00:00</time>
      </trkpt>
      <trkpt lat="47.36606" lon="7.12138">
        <ele>585</ele>
        <time>2025-11-23T12:16:09+00:00</time>
      </trkpt>
      <trkpt lat="47.366" lon="7.12143">
        <ele>580</ele>
        <time>2025-11-23T12:16:12+00:00</time>
      </trkpt>
      <trkpt lat="47.36594" lon="7.12158">
        <ele>576</ele>
        <time>2025-11-23T12:16:15+00:00</time>
      </trkpt>
      <trkpt lat="47.3659" lon="7.12168">
        <ele>572</ele>
        <time>2025-11-23T12:16:18+00:00</time>
      </trkpt>
      <trkpt lat="47.36585" lon="7.12173">
        <ele>567</ele>
        <time>2025-11-23T12:16:21+00:00</time>
      </trkpt>
      <trkpt lat="47.36585" lon="7.12173">
        <ele>567</ele>
        <time>2025-11-23T12:16:24+00:00</time>
      </trkpt>
      <trkpt lat="47.36585" lon="7.12173">
        <ele>567</ele>
        <time>2025-11-23T12:16:27+00:00</time>
      </trkpt>
      <trkpt lat="47.36572" lon="7.12172">
        <ele>563</ele>
        <time>2025-11-23T12:16:30+00:00</time>
      </trkpt>
      <trkpt lat="47.36564" lon="7.12193">
        <ele>558</ele>
        <time>2025-11-23T12:16:33+00:00</time>
      </trkpt>
      <trkpt lat="47.36561" lon="7.12215">
        <ele>561</ele>
        <time>2025-11-23T12:16:36+00:00</time>
      </trkpt>
      <trkpt lat="47.3656" lon="7.1223">
        <ele>557</ele>
        <time>2025-11-23T12:16:39+00:00</time>
      </trkpt>
      <trkpt lat="47.36565" lon="7.12256">
        <ele>568</ele>
        <time>2025-11-23T12:16:42+00:00</time>
      </trkpt>
      <trkpt lat="47.36571" lon="7.12269">
        <ele>562</ele>
        <time>2025-11-23T12:16:45+00:00</time>
      </trkpt>
      <trkpt lat="47.36569" lon="7.12279">
        <ele>569</ele>
        <time>2025-11-23T12:16:48+00:00</time>
      </trkpt>
      <trkpt lat="47.36556" lon="7.1228">
        <ele>576</ele>
        <time>2025-11-23T12:16:51+00:00</time>
      </trkpt>
      <trkpt lat="47.36544" lon="7.12272">
        <ele>577</ele>
        <time>2025-11-23T12:16:54+00:00</time>
      </trkpt>
      <trkpt lat="47.36534" lon="7.12264">
        <ele>576</ele>
        <time>2025-11-23T12:16:57+00:00</time>
      </trkpt>
      <trkpt lat="47.36512" lon="7.12264">
        <ele>582</ele>
        <time>2025-11-23T12:17:00+00:00</time>
      </trkpt>
      <trkpt lat="47.36497" lon="7.12265">
        <ele>581</ele>
        <time>2025-11-23T12:17:03+00:00</time>
      </trkpt>
      <trkpt lat="47.36482" lon="7.12274">
        <ele>583</ele>
        <time>2025-11-23T12:17:06+00:00</time>
      </trkpt>
      <trkpt lat="47.36466" lon="7.12275">
        <ele>582</ele>
        <time>2025-11-23T12:17:09+00:00</time>
      </trkpt>
      <trkpt lat="47.36442" lon="7.12278">
        <ele>580</ele>
        <time>2025-11-23T12:17:12+00:00</time>
      </trkpt>
      <trkpt lat="47.36423" lon="7.12278">
        <ele>586</ele>
        <time>2025-11-23T12:17:15+00:00</time>
      </trkpt>
      <trkpt lat="47.36406" lon="7.12275">
        <ele>578</ele>
        <time>2025-11-23T12:17:18+00:00</time>
      </trkpt>
      <trkpt lat="47.36393" lon="7.1227">
        <ele>576</ele>
        <time>2025-11-23T12:17:21+00:00</time>
      </trkpt>
      <trkpt lat="47.36381" lon="7.12275">
        <ele>578</ele>
        <time>2025-11-23T12:17:24+00:00</time>
      </trkpt>
      <trkpt lat="47.36378" lon="7.12279">
        <ele>574</ele>
        <time>2025-11-23T12:17:27+00:00</time>
      </trkpt>
      <trkpt lat="47.36374" lon="7.12287">
        <ele>575</ele>
        <time>2025-11-23T12:17:30+00:00</time>
      </trkpt>
      <trkpt lat="47.36371" lon="7.12298">
        <ele>578</ele>
        <time>2025-11-23T12:17:33+00:00</time>
      </trkpt>
      <trkpt lat="47.36369" lon="7.12316">
        <ele>577</ele>
        <time>2025-11-23T12:17:36+00:00</time>
      </trkpt>
      <trkpt lat="47.36368" lon="7.1233">
        <ele>578</ele>
        <time>2025-11-23T12:17:39+00:00</time>
      </trkpt>
      <trkpt lat="47.36368" lon="7.12339">
        <ele>580</ele>
        <time>2025-11-23T12:17:42+00:00</time>
      </trkpt>
      <trkpt lat="47.36372" lon="7.12362">
        <ele>591</ele>
        <time>2025-11-23T12:17:45+00:00</time>
      </trkpt>
      <trkpt lat="47.36372" lon="7.12369">
        <ele>591</ele>
        <time>2025-11-23T12:17:48+00:00</time>
      </trkpt>
      <trkpt lat="47.36374" lon="7.12382">
        <ele>596</ele>
        <time>2025-11-23T12:17:51+00:00</time>
      </trkpt>
      <trkpt lat="47.36374" lon="7.12426">
        <ele>597</ele>
        <time>2025-11-23T12:17:54+00:00</time>
      </trkpt>
      <trkpt lat="47.36376" lon="7.12444">
        <ele>598</ele>
        <time>2025-11-23T12:17:57+00:00</time>
      </trkpt>
      <trkpt lat="47.36377" lon="7.12457">
        <ele>597</ele>
        <time>2025-11-23T12:18:00+00:00</time>
      </trkpt>
      <trkpt lat="47.3638" lon="7.12461">
        <ele>597</ele>
        <time>2025-11-23T12:18:03+00:00</time>
      </trkpt>
      <trkpt lat="47.36382" lon="7.12469">
        <ele>599</ele>
        <time>2025-11-23T12:18:06+00:00</time>
      </trkpt>
      <trkpt lat="47.36382" lon="7.12473">
        <ele>597</ele>
        <time>2025-11-23T12:18:09+00:00</time>
      </trkpt>
      <trkpt lat="47.36384" lon="7.12482">
        <ele>597</ele>
        <time>2025-11-23T12:18:12+00:00</time>
      </trkpt>
      <trkpt lat="47.36387" lon="7.12502">
        <ele>599</ele>
        <time>2025-11-23T12:18:15+00:00</time>
      </trkpt>
      <trkpt lat="47.36388" lon="7.12526">
        <ele>597</ele>
        <time>2025-11-23T12:18:18+00:00</time>
      </trkpt>
      <trkpt lat="47.36388" lon="7.12534">
        <ele>600</ele>
        <time>2025-11-23T12:18:21+00:00</time>
      </trkpt>
      <trkpt lat="47.36389" lon="7.12545">
        <ele>599</ele>
        <time>2025-11-23T12:18:24+00:00</time>
      </trkpt>
      <trkpt lat="47.36387" lon="7.12556">
        <ele>597</ele>
        <time>2025-11-23T12:18:27+00:00</time>
      </trkpt>
      <trkpt lat="47.36394" lon="7.1257">
        <ele>600</ele>
        <time>2025-11-23T12:18:30+00:00</time>
      </trkpt>
      <trkpt lat="47.364" lon="7.12585">
        <ele>595</ele>
        <time>2025-11-23T12:18:33+00:00</time>
      </trkpt>
      <trkpt lat="47.36401" lon="7.12602">
        <ele>596</ele>
        <time>2025-11-23T12:18:36+00:00</time>
      </trkpt>
      <trkpt lat="47.36401" lon="7.12627">
        <ele>594</ele>
        <time>2025-11-23T12:18:39+00:00</time>
      </trkpt>
      <trkpt lat="47.364" lon="7.12645">
        <ele>594</ele>
        <time>2025-11-23T12:18:42+00:00</time>
      </trkpt>
      <trkpt lat="47.36406" lon="7.12667">
        <ele>596</ele>
        <time>2025-11-23T12:18:45+00:00</time>
      </trkpt>
      <trkpt lat="47.36423" lon="7.12695">
        <ele>599</ele>
        <time>2025-11-23T12:18:48+00:00</time>
      </trkpt>
      <trkpt lat="47.36443" lon="7.12731">
        <ele>598</ele>
        <time>2025-11-23T12:18:51+00:00</time>
      </trkpt>
      <trkpt lat="47.36453" lon="7.12762">
        <ele>597</ele>
        <time>2025-11-23T12:18:54+00:00</time>
      </trkpt>
      <trkpt lat="47.36459" lon="7.1278">
        <ele>594</ele>
        <time>2025-11-23T12:18:57+00:00</time>
      </trkpt>
      <trkpt lat="47.3647" lon="7.12809">
        <ele>597</ele>
        <time>2025-11-23T12:19:00+00:00</time>
      </trkpt>
      <trkpt lat="47.36475" lon="7.1283">
        <ele>590</ele>
        <time>2025-11-23T12:19:03+00:00</time>
      </trkpt>
      <trkpt lat="47.36475" lon="7.12848">
        <ele>594</ele>
        <time>2025-11-23T12:19:06+00:00</time>
      </trkpt>
      <trkpt lat="47.36479" lon="7.12864">
        <ele>586</ele>
        <time>2025-11-23T12:19:09+00:00</time>
      </trkpt>
      <trkpt lat="47.3648" lon="7.12871">
        <ele>595</ele>
        <time>2025-11-23T12:19:12+00:00</time>
      </trkpt>
      <trkpt lat="47.36486" lon="7.12887">
        <ele>591</ele>
        <time>2025-11-23T12:19:15+00:00</time>
      </trkpt>
      <trkpt lat="47.3649" lon="7.12905">
        <ele>584</ele>
        <time>2025-11-23T12:19:18+00:00</time>
      </trkpt>
      <trkpt lat="47.36496" lon="7.12926">
        <ele>586</ele>
        <time>2025-11-23T12:19:21+00:00</time>
      </trkpt>
      <trkpt lat="47.36501" lon="7.12949">
        <ele>590</ele>
        <time>2025-11-23T12:19:24+00:00</time>
      </trkpt>
      <trkpt lat="47.36507" lon="7.12974">
        <ele>585</ele>
        <time>2025-11-23T12:19:27+00:00</time>
      </trkpt>
      <trkpt lat="47.36518" lon="7.13003">
        <ele>590</ele>
        <time>2025-11-23T12:19:30+00:00</time>
      </trkpt>
      <trkpt lat="47.36532" lon="7.13028">
        <ele>595</ele>
        <time>2025-11-23T12:19:33+00:00</time>
      </trkpt>
      <trkpt lat="47.3654" lon="7.13047">
        <ele>606</ele>
        <time>2025-11-23T12:19:36+00:00</time>
      </trkpt>
      <trkpt lat="47.36547" lon="7.13068">
        <ele>597</ele>
        <time>2025-11-23T12:19:39+00:00</time>
      </trkpt>
      <trkpt lat="47.36552" lon="7.13086">
        <ele>603</ele>
        <time>2025-11-23T12:19:42+00:00</time>
      </trkpt>
      <trkpt lat="47.36551" lon="7.13095">
        <ele>593</ele>
        <time>2025-11-23T12:19:45+00:00</time>
      </trkpt>
      <trkpt lat="47.36554" lon="7.13115">
        <ele>594</ele>
        <time>2025-11-23T12:19:48+00:00</time>
      </trkpt>
      <trkpt lat="47.36552" lon="7.13132">
        <ele>589</ele>
        <time>2025-11-23T12:19:51+00:00</time>
      </trkpt>
      <trkpt lat="47.36549" lon="7.13146">
        <ele>590</ele>
        <time>2025-11-23T12:19:54+00:00</time>
      </trkpt>
      <trkpt lat="47.36543" lon="7.13136">
        <ele>588</ele>
        <time>2025-11-23T12:19:57+00:00</time>
      </trkpt>
      <trkpt lat="47.36536" lon="7.1313">
        <ele>589</ele>
        <time>2025-11-23T12:20:00+00:00</time>
      </trkpt>
      <trkpt lat="47.3652" lon="7.13124">
        <ele>587</ele>
        <time>2025-11-23T12:20:03+00:00</time>
      </trkpt>
      <trkpt lat="47.36509" lon="7.13118">
        <ele>583</ele>
        <time>2025-11-23T12:20:06+00:00</time>
      </trkpt>
      <trkpt lat="47.36486" lon="7.13121">
        <ele>585</ele>
        <time>2025-11-23T12:20:09+00:00</time>
      </trkpt>
      <trkpt lat="47.36476" lon="7.13135">
        <ele>586</ele>
        <time>2025-11-23T12:20:12+00:00</time>
      </trkpt>
      <trkpt lat="47.36466" lon="7.13139">
        <ele>584</ele>
        <time>2025-11-23T12:20:15+00:00</time>
      </trkpt>
      <trkpt lat="47.36448" lon="7.13156">
        <ele>584</ele>
        <time>2025-11-23T12:20:18+00:00</time>
      </trkpt>
      <trkpt lat="47.3643" lon="7.13176">
        <ele>583</ele>
        <time>2025-11-23T12:20:21+00:00</time>
      </trkpt>
      <trkpt lat="47.36414" lon="7.13188">
        <ele>584</ele>
        <time>2025-11-23T12:20:24+00:00</time>
      </trkpt>
      <trkpt lat="47.3639" lon="7.13207">
        <ele>583</ele>
        <time>2025-11-23T12:20:27+00:00</time>
      </trkpt>
      <trkpt lat="47.36376" lon="7.13225">
        <ele>584</ele>
        <time>2025-11-23T12:20:30+00:00</time>
      </trkpt>
      <trkpt lat="47.3637" lon="7.13234">
        <ele>584</ele>
        <time>2025-11-23T12:20:33+00:00</time>
      </trkpt>
      <trkpt lat="47.36385" lon="7.1327">
        <ele>584</ele>
        <time>2025-11-23T12:20:36+00:00</time>
      </trkpt>
      <trkpt lat="47.36399" lon="7.13306">
        <ele>583</ele>
        <time>2025-11-23T12:20:39+00:00</time>
      </trkpt>
      <trkpt lat="47.36419" lon="7.13352">
        <ele>581</ele>
        <time>2025-11-23T12:20:42+00:00</time>
      </trkpt>
      <trkpt lat="47.3643" lon="7.13382">
        <ele>581</ele>
        <time>2025-11-23T12:20:45+00:00</time>
      </trkpt>
      <trkpt lat="47.36436" lon="7.13408">
        <ele>580</ele>
        <time>2025-11-23T12:20:48+00:00</time>
      </trkpt>
      <trkpt lat="47.36438" lon="7.13435">
        <ele>580</ele>
        <time>2025-11-23T12:20:51+00:00</time>
      </trkpt>
      <trkpt lat="47.36436" lon="7.13483">
        <ele>580</ele>
        <time>2025-11-23T12:20:54+00:00</time>
      </trkpt>
      <trkpt lat="47.36433" lon="7.13527">
        <ele>580</ele>
        <time>2025-11-23T12:20:57+00:00</time>
      </trkpt>
      <trkpt lat="47.36435" lon="7.13579">
        <ele>582</ele>
        <time>2025-11-23T12:21:00+00:00</time>
      </trkpt>
      <trkpt lat="47.36434" lon="7.13619">
        <ele>582</ele>
        <time>2025-11-23T12:21:03+00:00</time>
      </trkpt>
      <trkpt lat="47.36435" lon="7.13642">
        <ele>582</ele>
        <time>2025-11-23T12:21:06+00:00</time>
      </trkpt>
      <trkpt lat="47.36435" lon="7.13666">
        <ele>582</ele>
        <time>2025-11-23T12:21:09+00:00</time>
      </trkpt>
      <trkpt lat="47.36435" lon="7.13694">
        <ele>582</ele>
        <time>2025-11-23T12:21:12+00:00</time>
      </trkpt>
      <trkpt lat="47.36433" lon="7.13739">
        <ele>583</ele>
        <time>2025-11-23T12:21:15+00:00</time>
      </trkpt>
      <trkpt lat="47.36435" lon="7.13796">
        <ele>584</ele>
        <time>2025-11-23T12:21:18+00:00</time>
      </trkpt>
      <trkpt lat="47.36433" lon="7.13837">
        <ele>585</ele>
        <time>2025-11-23T12:21:21+00:00</time>
      </trkpt>
      <trkpt lat="47.36434" lon="7.13903">
        <ele>585</ele>
        <time>2025-11-23T12:21:24+00:00</time>
      </trkpt>
      <trkpt lat="47.36431" lon="7.13933">
        <ele>585</ele>
        <time>2025-11-23T12:21:27+00:00</time>
      </trkpt>
      <trkpt lat="47.36429" lon="7.1399">
        <ele>582</ele>
        <time>2025-11-23T12:21:30+00:00</time>
      </trkpt>
      <trkpt lat="47.36427" lon="7.1402">
        <ele>582</ele>
        <time>2025-11-23T12:21:33+00:00</time>
      </trkpt>
      <trkpt lat="47.36422" lon="7.14045">
        <ele>581</ele>
        <time>2025-11-23T12:21:36+00:00</time>
      </trkpt>
      <trkpt lat="47.3641" lon="7.14066">
        <ele>579</ele>
        <time>2025-11-23T12:21:39+00:00</time>
      </trkpt>
      <trkpt lat="47.36397" lon="7.14096">
        <ele>577</ele>
        <time>2025-11-23T12:21:42+00:00</time>
      </trkpt>
      <trkpt lat="47.36381" lon="7.14129">
        <ele>575</ele>
        <time>2025-11-23T12:21:45+00:00</time>
      </trkpt>
      <trkpt lat="47.36374" lon="7.14149">
        <ele>574</ele>
        <time>2025-11-23T12:21:48+00:00</time>
      </trkpt>
      <trkpt lat="47.36367" lon="7.14159">
        <ele>573</ele>
        <time>2025-11-23T12:21:51+00:00</time>
      </trkpt>
      <trkpt lat="47.36356" lon="7.14182">
        <ele>572</ele>
        <time>2025-11-23T12:21:54+00:00</time>
      </trkpt>
      <trkpt lat="47.36348" lon="7.14191">
        <ele>570</ele>
        <time>2025-11-23T12:21:57+00:00</time>
      </trkpt>
      <trkpt lat="47.36342" lon="7.14207">
        <ele>570</ele>
        <time>2025-11-23T12:22:00+00:00</time>
      </trkpt>
      <trkpt lat="47.36333" lon="7.14226">
        <ele>569</ele>
        <time>2025-11-23T12:22:03+00:00</time>
      </trkpt>
      <trkpt lat="47.36312" lon="7.14243">
        <ele>568</ele>
        <time>2025-11-23T12:22:06+00:00</time>
      </trkpt>
      <trkpt lat="47.36292" lon="7.14255">
        <ele>566</ele>
        <time>2025-11-23T12:22:09+00:00</time>
      </trkpt>
      <trkpt lat="47.36286" lon="7.14262">
        <ele>567</ele>
        <time>2025-11-23T12:22:12+00:00</time>
      </trkpt>
      <trkpt lat="47.36283" lon="7.14264">
        <ele>567</ele>
        <time>2025-11-23T12:22:15+00:00</time>
      </trkpt>
      <trkpt lat="47.36276" lon="7.14272">
        <ele>566</ele>
        <time>2025-11-23T12:22:18+00:00</time>
      </trkpt>
      <trkpt lat="47.36269" lon="7.14285">
        <ele>565</ele>
        <time>2025-11-23T12:22:21+00:00</time>
      </trkpt>
      <trkpt lat="47.36261" lon="7.14305">
        <ele>566</ele>
        <time>2025-11-23T12:22:24+00:00</time>
      </trkpt>
      <trkpt lat="47.36256" lon="7.14319">
        <ele>567</ele>
        <time>2025-11-23T12:22:27+00:00</time>
      </trkpt>
      <trkpt lat="47.36254" lon="7.14339">
        <ele>561</ele>
        <time>2025-11-23T12:22:30+00:00</time>
      </trkpt>
      <trkpt lat="47.3625" lon="7.14359">
        <ele>569</ele>
        <time>2025-11-23T12:22:33+00:00</time>
      </trkpt>
      <trkpt lat="47.3625" lon="7.14377">
        <ele>557</ele>
        <time>2025-11-23T12:22:36+00:00</time>
      </trkpt>
      <trkpt lat="47.36248" lon="7.14398">
        <ele>549</ele>
        <time>2025-11-23T12:22:39+00:00</time>
      </trkpt>
      <trkpt lat="47.36248" lon="7.14401">
        <ele>548</ele>
        <time>2025-11-23T12:22:42+00:00</time>
      </trkpt>
      <trkpt lat="47.36244" lon="7.14404">
        <ele>548</ele>
        <time>2025-11-23T12:22:45+00:00</time>
      </trkpt>
      <trkpt lat="47.36238" lon="7.14403">
        <ele>546</ele>
        <time>2025-11-23T12:22:48+00:00</time>
      </trkpt>
      <trkpt lat="47.36234" lon="7.14403">
        <ele>546</ele>
        <time>2025-11-23T12:22:51+00:00</time>
      </trkpt>
      <trkpt lat="47.3623" lon="7.144">
        <ele>545</ele>
        <time>2025-11-23T12:22:54+00:00</time>
      </trkpt>
      <trkpt lat="47.3623" lon="7.144">
        <ele>545</ele>
        <time>2025-11-23T12:22:57+00:00</time>
      </trkpt>
      <trkpt lat="47.36237" lon="7.14412">
        <ele>545</ele>
        <time>2025-11-23T12:23:00+00:00</time>
      </trkpt>
      <trkpt lat="47.36248" lon="7.14432">
        <ele>542</ele>
        <time>2025-11-23T12:23:03+00:00</time>
      </trkpt>
      <trkpt lat="47.36248" lon="7.14432">
        <ele>542</ele>
        <time>2025-11-23T12:23:06+00:00</time>
      </trkpt>
      <trkpt lat="47.36261" lon="7.1445">
        <ele>545</ele>
        <time>2025-11-23T12:23:09+00:00</time>
      </trkpt>
      <trkpt lat="47.36276" lon="7.14473">
        <ele>545</ele>
        <time>2025-11-23T12:23:12+00:00</time>
      </trkpt>
      <trkpt lat="47.36299" lon="7.14518">
        <ele>547</ele>
        <time>2025-11-23T12:23:15+00:00</time>
      </trkpt>
      <trkpt lat="47.36324" lon="7.14574">
        <ele>554</ele>
        <time>2025-11-23T12:23:18+00:00</time>
      </trkpt>
      <trkpt lat="47.36343" lon="7.1462">
        <ele>554</ele>
        <time>2025-11-23T12:23:21+00:00</time>
      </trkpt>
      <trkpt lat="47.36363" lon="7.14643">
        <ele>555</ele>
        <time>2025-11-23T12:23:24+00:00</time>
      </trkpt>
      <trkpt lat="47.36389" lon="7.14677">
        <ele>556</ele>
        <time>2025-11-23T12:23:27+00:00</time>
      </trkpt>
      <trkpt lat="47.36406" lon="7.14695">
        <ele>565</ele>
        <time>2025-11-23T12:23:30+00:00</time>
      </trkpt>
      <trkpt lat="47.3643" lon="7.14698">
        <ele>559</ele>
        <time>2025-11-23T12:23:33+00:00</time>
      </trkpt>
      <trkpt lat="47.36448" lon="7.14713">
        <ele>554</ele>
        <time>2025-11-23T12:23:36+00:00</time>
      </trkpt>
      <trkpt lat="47.36462" lon="7.14731">
        <ele>550</ele>
        <time>2025-11-23T12:23:39+00:00</time>
      </trkpt>
      <trkpt lat="47.36474" lon="7.14744">
        <ele>549</ele>
        <time>2025-11-23T12:23:42+00:00</time>
      </trkpt>
      <trkpt lat="47.36481" lon="7.14761">
        <ele>546</ele>
        <time>2025-11-23T12:23:45+00:00</time>
      </trkpt>
      <trkpt lat="47.3649" lon="7.1478">
        <ele>545</ele>
        <time>2025-11-23T12:23:48+00:00</time>
      </trkpt>
      <trkpt lat="47.36495" lon="7.148">
        <ele>540</ele>
        <time>2025-11-23T12:23:51+00:00</time>
      </trkpt>
      <trkpt lat="47.36499" lon="7.148">
        <ele>545</ele>
        <time>2025-11-23T12:23:54+00:00</time>
      </trkpt>
      <trkpt lat="47.36497" lon="7.148">
        <ele>540</ele>
        <time>2025-11-23T12:23:57+00:00</time>
      </trkpt>
      <trkpt lat="47.36499" lon="7.148">
        <ele>538</ele>
        <time>2025-11-23T12:24:00+00:00</time>
      </trkpt>
      <trkpt lat="47.36521" lon="7.14804">
        <ele>545</ele>
        <time>2025-11-23T12:24:03+00:00</time>
      </trkpt>
      <trkpt lat="47.36523" lon="7.14816">
        <ele>544</ele>
        <time>2025-11-23T12:24:06+00:00</time>
      </trkpt>
      <trkpt lat="47.36525" lon="7.14829">
        <ele>541</ele>
        <time>2025-11-23T12:24:09+00:00</time>
      </trkpt>
      <trkpt lat="47.36524" lon="7.1484">
        <ele>537</ele>
        <time>2025-11-23T12:24:12+00:00</time>
      </trkpt>
      <trkpt lat="47.36521" lon="7.14846">
        <ele>537</ele>
        <time>2025-11-23T12:24:15+00:00</time>
      </trkpt>
      <trkpt lat="47.36523" lon="7.14857">
        <ele>536</ele>
        <time>2025-11-23T12:24:18+00:00</time>
      </trkpt>
      <trkpt lat="47.36522" lon="7.1487">
        <ele>536</ele>
        <time>2025-11-23T12:24:21+00:00</time>
      </trkpt>
      <trkpt lat="47.36529" lon="7.14875">
        <ele>533</ele>
        <time>2025-11-23T12:24:24+00:00</time>
      </trkpt>
      <trkpt lat="47.36536" lon="7.14877">
        <ele>536</ele>
        <time>2025-11-23T12:24:27+00:00</time>
      </trkpt>
      <trkpt lat="47.3654" lon="7.14888">
        <ele>536</ele>
        <time>2025-11-23T12:24:30+00:00</time>
      </trkpt>
      <trkpt lat="47.3655" lon="7.14899">
        <ele>532</ele>
        <time>2025-11-23T12:24:33+00:00</time>
      </trkpt>
      <trkpt lat="47.36557" lon="7.149">
        <ele>536</ele>
        <time>2025-11-23T12:24:36+00:00</time>
      </trkpt>
      <trkpt lat="47.3656" lon="7.14907">
        <ele>532</ele>
        <time>2025-11-23T12:24:39+00:00</time>
      </trkpt>
      <trkpt lat="47.36567" lon="7.1491">
        <ele>538</ele>
        <time>2025-11-23T12:24:42+00:00</time>
      </trkpt>
      <trkpt lat="47.36573" lon="7.14915">
        <ele>533</ele>
        <time>2025-11-23T12:24:45+00:00</time>
      </trkpt>
      <trkpt lat="47.3658" lon="7.14924">
        <ele>527</ele>
        <time>2025-11-23T12:24:48+00:00</time>
      </trkpt>
      <trkpt lat="47.3659" lon="7.14924">
        <ele>532</ele>
        <time>2025-11-23T12:24:51+00:00</time>
      </trkpt>
      <trkpt lat="47.36592" lon="7.14934">
        <ele>527</ele>
        <time>2025-11-23T12:24:54+00:00</time>
      </trkpt>
      <trkpt lat="47.36603" lon="7.14941">
        <ele>529</ele>
        <time>2025-11-23T12:24:57+00:00</time>
      </trkpt>
      <trkpt lat="47.36607" lon="7.14954">
        <ele>523</ele>
        <time>2025-11-23T12:25:00+00:00</time>
      </trkpt>
      <trkpt lat="47.36606" lon="7.14966">
        <ele>514</ele>
        <time>2025-11-23T12:25:03+00:00</time>
      </trkpt>
      <trkpt lat="47.36602" lon="7.14975">
        <ele>511</ele>
        <time>2025-11-23T12:25:06+00:00</time>
      </trkpt>
      <trkpt lat="47.366" lon="7.14987">
        <ele>503</ele>
        <time>2025-11-23T12:25:09+00:00</time>
      </trkpt>
      <trkpt lat="47.36599" lon="7.15002">
        <ele>497</ele>
        <time>2025-11-23T12:25:12+00:00</time>
      </trkpt>
      <trkpt lat="47.36612" lon="7.1502">
        <ele>495</ele>
        <time>2025-11-23T12:25:15+00:00</time>
      </trkpt>
      <trkpt lat="47.36625" lon="7.15037">
        <ele>493</ele>
        <time>2025-11-23T12:25:18+00:00</time>
      </trkpt>
      <trkpt lat="47.36632" lon="7.15057">
        <ele>489</ele>
        <time>2025-11-23T12:25:21+00:00</time>
      </trkpt>
      <trkpt lat="47.36649" lon="7.15082">
        <ele>487</ele>
        <time>2025-11-23T12:25:24+00:00</time>
      </trkpt>
      <trkpt lat="47.36671" lon="7.15097">
        <ele>485</ele>
        <time>2025-11-23T12:25:27+00:00</time>
      </trkpt>
      <trkpt lat="47.36691" lon="7.15113">
        <ele>485</ele>
        <time>2025-11-23T12:25:30+00:00</time>
      </trkpt>
      <trkpt lat="47.3672" lon="7.1513">
        <ele>485</ele>
        <time>2025-11-23T12:25:33+00:00</time>
      </trkpt>
      <trkpt lat="47.36755" lon="7.15133">
        <ele>486</ele>
        <time>2025-11-23T12:25:36+00:00</time>
      </trkpt>
      <trkpt lat="47.36788" lon="7.15161">
        <ele>484</ele>
        <time>2025-11-23T12:25:39+00:00</time>
      </trkpt>
      <trkpt lat="47.36779" lon="7.152">
        <ele>482</ele>
        <time>2025-11-23T12:25:42+00:00</time>
      </trkpt>
      <trkpt lat="47.36763" lon="7.15237">
        <ele>473</ele>
        <time>2025-11-23T12:25:45+00:00</time>
      </trkpt>
      <trkpt lat="47.36745" lon="7.15264">
        <ele>474</ele>
        <time>2025-11-23T12:25:48+00:00</time>
      </trkpt>
      <trkpt lat="47.36723" lon="7.15291">
        <ele>475</ele>
        <time>2025-11-23T12:25:51+00:00</time>
      </trkpt>
      <trkpt lat="47.36698" lon="7.15291">
        <ele>480</ele>
        <time>2025-11-23T12:25:54+00:00</time>
      </trkpt>
      <trkpt lat="47.36677" lon="7.15276">
        <ele>486</ele>
        <time>2025-11-23T12:25:57+00:00</time>
      </trkpt>
      <trkpt lat="47.36656" lon="7.1526">
        <ele>486</ele>
        <time>2025-11-23T12:26:00+00:00</time>
      </trkpt>
      <trkpt lat="47.36622" lon="7.15244">
        <ele>472</ele>
        <time>2025-11-23T12:26:03+00:00</time>
      </trkpt>
      <trkpt lat="47.36615" lon="7.15248">
        <ele>470</ele>
        <time>2025-11-23T12:26:06+00:00</time>
      </trkpt>
      <trkpt lat="47.36586" lon="7.15257">
        <ele>458</ele>
        <time>2025-11-23T12:26:09+00:00</time>
      </trkpt>
      <trkpt lat="47.36565" lon="7.15272">
        <ele>451</ele>
        <time>2025-11-23T12:26:12+00:00</time>
      </trkpt>
      <trkpt lat="47.36544" lon="7.15274">
        <ele>448</ele>
        <time>2025-11-23T12:26:15+00:00</time>
      </trkpt>
      <trkpt lat="47.3653" lon="7.15273">
        <ele>446</ele>
        <time>2025-11-23T12:26:18+00:00</time>
      </trkpt>
      <trkpt lat="47.36519" lon="7.15271">
        <ele>444</ele>
        <time>2025-11-23T12:26:21+00:00</time>
      </trkpt>
      <trkpt lat="47.36499" lon="7.15272">
        <ele>444</ele>
        <time>2025-11-23T12:26:24+00:00</time>
      </trkpt>
      <trkpt lat="47.36478" lon="7.15278">
        <ele>443</ele>
        <time>2025-11-23T12:26:27+00:00</time>
      </trkpt>
      <trkpt lat="47.3645" lon="7.15286">
        <ele>443</ele>
        <time>2025-11-23T12:26:30+00:00</time>
      </trkpt>
      <trkpt lat="47.36433" lon="7.15296">
        <ele>441</ele>
        <time>2025-11-23T12:26:33+00:00</time>
      </trkpt>
      <trkpt lat="47.3644" lon="7.15316">
        <ele>442</ele>
        <time>2025-11-23T12:26:36+00:00</time>
      </trkpt>
      <trkpt lat="47.36452" lon="7.15353">
        <ele>440</ele>
        <time>2025-11-23T12:26:39+00:00</time>
      </trkpt>
      <trkpt lat="47.36458" lon="7.15357">
        <ele>440</ele>
        <time>2025-11-23T12:26:42+00:00</time>
      </trkpt>
      <trkpt lat="47.36461" lon="7.15382">
        <ele>440</ele>
        <time>2025-11-23T12:26:45+00:00</time>
      </trkpt>
      <trkpt lat="47.36463" lon="7.15395">
        <ele>439</ele>
        <time>2025-11-23T12:26:48+00:00</time>
      </trkpt>
      <trkpt lat="47.36473" lon="7.15409">
        <ele>440</ele>
        <time>2025-11-23T12:26:51+00:00</time>
      </trkpt>
      <trkpt lat="47.36478" lon="7.15416">
        <ele>439</ele>
        <time>2025-11-23T12:26:54+00:00</time>
      </trkpt>
      <trkpt lat="47.36479" lon="7.1542">
        <ele>439</ele>
        <time>2025-11-23T12:26:57+00:00</time>
      </trkpt>
      <trkpt lat="47.36482" lon="7.15422">
        <ele>440</ele>
        <time>2025-11-23T12:27:00+00:00</time>
      </trkpt>
      <trkpt lat="47.36486" lon="7.15426">
        <ele>440</ele>
        <time>2025-11-23T12:27:03+00:00</time>
      </trkpt>
      <trkpt lat="47.36492" lon="7.1543">
        <ele>440</ele>
        <time>2025-11-23T12:27:06+00:00</time>
      </trkpt>
      <trkpt lat="47.36504" lon="7.15434">
        <ele>441</ele>
        <time>2025-11-23T12:27:09+00:00</time>
      </trkpt>
      <trkpt lat="47.36508" lon="7.15437">
        <ele>441</ele>
        <time>2025-11-23T12:27:12+00:00</time>
      </trkpt>
      <trkpt lat="47.36518" lon="7.1543">
        <ele>444</ele>
        <time>2025-11-23T12:27:15+00:00</time>
      </trkpt>
      <trkpt lat="47.36528" lon="7.15428">
        <ele>445</ele>
        <time>2025-11-23T12:27:18+00:00</time>
      </trkpt>
      <trkpt lat="47.36534" lon="7.15424">
        <ele>446</ele>
        <time>2025-11-23T12:27:21+00:00</time>
      </trkpt>
      <trkpt lat="47.3654" lon="7.15422">
        <ele>446</ele>
        <time>2025-11-23T12:27:24+00:00</time>
      </trkpt>
      <trkpt lat="47.36542" lon="7.15428">
        <ele>447</ele>
        <time>2025-11-23T12:27:27+00:00</time>
      </trkpt>
      <trkpt lat="47.36545" lon="7.15431">
        <ele>446</ele>
        <time>2025-11-23T12:27:30+00:00</time>
      </trkpt>
      <trkpt lat="47.36551" lon="7.15432">
        <ele>448</ele>
        <time>2025-11-23T12:27:33+00:00</time>
      </trkpt>
      <trkpt lat="47.36555" lon="7.15441">
        <ele>446</ele>
        <time>2025-11-23T12:27:36+00:00</time>
      </trkpt>
      <trkpt lat="47.36563" lon="7.15433">
        <ele>452</ele>
        <time>2025-11-23T12:27:39+00:00</time>
      </trkpt>
      <trkpt lat="47.36568" lon="7.15427">
        <ele>455</ele>
        <time>2025-11-23T12:27:42+00:00</time>
      </trkpt>
      <trkpt lat="47.36574" lon="7.15422">
        <ele>463</ele>
        <time>2025-11-23T12:27:45+00:00</time>
      </trkpt>
      <trkpt lat="47.36579" lon="7.15426">
        <ele>463</ele>
        <time>2025-11-23T12:27:48+00:00</time>
      </trkpt>
      <trkpt lat="47.3658" lon="7.1543">
        <ele>466</ele>
        <time>2025-11-23T12:27:51+00:00</time>
      </trkpt>
      <trkpt lat="47.36584" lon="7.15432">
        <ele>466</ele>
        <time>2025-11-23T12:27:54+00:00</time>
      </trkpt>
      <trkpt lat="47.36585" lon="7.15433">
        <ele>466</ele>
        <time>2025-11-23T12:27:57+00:00</time>
      </trkpt>
      <trkpt lat="47.36587" lon="7.15434">
        <ele>466</ele>
        <time>2025-11-23T12:28:00+00:00</time>
      </trkpt>
      <trkpt lat="47.36589" lon="7.15434">
        <ele>466</ele>
        <time>2025-11-23T12:28:03+00:00</time>
      </trkpt>
      <trkpt lat="47.36592" lon="7.15438">
        <ele>474</ele>
        <time>2025-11-23T12:28:06+00:00</time>
      </trkpt>
      <trkpt lat="47.36596" lon="7.15442">
        <ele>470</ele>
        <time>2025-11-23T12:28:09+00:00</time>
      </trkpt>
      <trkpt lat="47.36599" lon="7.15439">
        <ele>474</ele>
        <time>2025-11-23T12:28:12+00:00</time>
      </trkpt>
      <trkpt lat="47.36595" lon="7.1542">
        <ele>477</ele>
        <time>2025-11-23T12:28:15+00:00</time>
      </trkpt>
      <trkpt lat="47.36596" lon="7.15411">
        <ele>481</ele>
        <time>2025-11-23T12:28:18+00:00</time>
      </trkpt>
      <trkpt lat="47.36596" lon="7.15401">
        <ele>484</ele>
        <time>2025-11-23T12:28:21+00:00</time>
      </trkpt>
      <trkpt lat="47.366" lon="7.15402">
        <ele>484</ele>
        <time>2025-11-23T12:28:24+00:00</time>
      </trkpt>
      <trkpt lat="47.36602" lon="7.15406">
        <ele>493</ele>
        <time>2025-11-23T12:28:27+00:00</time>
      </trkpt>
      <trkpt lat="47.36607" lon="7.15409">
        <ele>493</ele>
        <time>2025-11-23T12:28:30+00:00</time>
      </trkpt>
      <trkpt lat="47.36609" lon="7.15408">
        <ele>493</ele>
        <time>2025-11-23T12:28:33+00:00</time>
      </trkpt>
      <trkpt lat="47.36613" lon="7.15411">
        <ele>497</ele>
        <time>2025-11-23T12:28:36+00:00</time>
      </trkpt>
      <trkpt lat="47.36624" lon="7.15417">
        <ele>501</ele>
        <time>2025-11-23T12:28:39+00:00</time>
      </trkpt>
      <trkpt lat="47.3663" lon="7.15421">
        <ele>498</ele>
        <time>2025-11-23T12:28:42+00:00</time>
      </trkpt>
      <trkpt lat="47.36635" lon="7.15427">
        <ele>505</ele>
        <time>2025-11-23T12:28:45+00:00</time>
      </trkpt>
      <trkpt lat="47.3664" lon="7.1543">
        <ele>505</ele>
        <time>2025-11-23T12:28:48+00:00</time>
      </trkpt>
      <trkpt lat="47.36643" lon="7.15437">
        <ele>509</ele>
        <time>2025-11-23T12:28:51+00:00</time>
      </trkpt>
      <trkpt lat="47.36649" lon="7.15442">
        <ele>506</ele>
        <time>2025-11-23T12:28:54+00:00</time>
      </trkpt>
      <trkpt lat="47.36654" lon="7.15447">
        <ele>510</ele>
        <time>2025-11-23T12:28:57+00:00</time>
      </trkpt>
      <trkpt lat="47.36665" lon="7.15454">
        <ele>512</ele>
        <time>2025-11-23T12:29:00+00:00</time>
      </trkpt>
      <trkpt lat="47.36674" lon="7.15461">
        <ele>515</ele>
        <time>2025-11-23T12:29:03+00:00</time>
      </trkpt>
      <trkpt lat="47.36678" lon="7.15466">
        <ele>515</ele>
        <time>2025-11-23T12:29:06+00:00</time>
      </trkpt>
      <trkpt lat="47.36684" lon="7.1547">
        <ele>519</ele>
        <time>2025-11-23T12:29:09+00:00</time>
      </trkpt>
      <trkpt lat="47.36688" lon="7.15471">
        <ele>519</ele>
        <time>2025-11-23T12:29:12+00:00</time>
      </trkpt>
      <trkpt lat="47.36689" lon="7.15471">
        <ele>519</ele>
        <time>2025-11-23T12:29:15+00:00</time>
      </trkpt>
      <trkpt lat="47.36692" lon="7.15476">
        <ele>525</ele>
        <time>2025-11-23T12:29:18+00:00</time>
      </trkpt>
      <trkpt lat="47.36697" lon="7.15481">
        <ele>523</ele>
        <time>2025-11-23T12:29:21+00:00</time>
      </trkpt>
      <trkpt lat="47.36697" lon="7.15487">
        <ele>520</ele>
        <time>2025-11-23T12:29:24+00:00</time>
      </trkpt>
      <trkpt lat="47.36698" lon="7.15499">
        <ele>521</ele>
        <time>2025-11-23T12:29:27+00:00</time>
      </trkpt>
      <trkpt lat="47.36698" lon="7.15509">
        <ele>519</ele>
        <time>2025-11-23T12:29:30+00:00</time>
      </trkpt>
      <trkpt lat="47.367" lon="7.15514">
        <ele>521</ele>
        <time>2025-11-23T12:29:33+00:00</time>
      </trkpt>
      <trkpt lat="47.36711" lon="7.15517">
        <ele>527</ele>
        <time>2025-11-23T12:29:36+00:00</time>
      </trkpt>
      <trkpt lat="47.36721" lon="7.15517">
        <ele>533</ele>
        <time>2025-11-23T12:29:39+00:00</time>
      </trkpt>
      <trkpt lat="47.36725" lon="7.15516">
        <ele>533</ele>
        <time>2025-11-23T12:29:42+00:00</time>
      </trkpt>
      <trkpt lat="47.36729" lon="7.15516">
        <ele>533</ele>
        <time>2025-11-23T12:29:45+00:00</time>
      </trkpt>
      <trkpt lat="47.36731" lon="7.15517">
        <ele>536</ele>
        <time>2025-11-23T12:29:48+00:00</time>
      </trkpt>
      <trkpt lat="47.36732" lon="7.15516">
        <ele>536</ele>
        <time>2025-11-23T12:29:51+00:00</time>
      </trkpt>
      <trkpt lat="47.36732" lon="7.15518">
        <ele>536</ele>
        <time>2025-11-23T12:29:54+00:00</time>
      </trkpt>
      <trkpt lat="47.36733" lon="7.15519">
        <ele>536</ele>
        <time>2025-11-23T12:29:57+00:00</time>
      </trkpt>
      <trkpt lat="47.36742" lon="7.15523">
        <ele>536</ele>
        <time>2025-11-23T12:30:00+00:00</time>
      </trkpt>
      <trkpt lat="47.36747" lon="7.15527">
        <ele>536</ele>
        <time>2025-11-23T12:30:03+00:00</time>
      </trkpt>
      <trkpt lat="47.36751" lon="7.15528">
        <ele>537</ele>
        <time>2025-11-23T12:30:06+00:00</time>
      </trkpt>
      <trkpt lat="47.36754" lon="7.15527">
        <ele>537</ele>
        <time>2025-11-23T12:30:09+00:00</time>
      </trkpt>
      <trkpt lat="47.36757" lon="7.15528">
        <ele>537</ele>
        <time>2025-11-23T12:30:12+00:00</time>
      </trkpt>
      <trkpt lat="47.36762" lon="7.15532">
        <ele>536</ele>
        <time>2025-11-23T12:30:15+00:00</time>
      </trkpt>
      <trkpt lat="47.36772" lon="7.15548">
        <ele>540</ele>
        <time>2025-11-23T12:30:18+00:00</time>
      </trkpt>
      <trkpt lat="47.36777" lon="7.15555">
        <ele>541</ele>
        <time>2025-11-23T12:30:21+00:00</time>
      </trkpt>
      <trkpt lat="47.36787" lon="7.15574">
        <ele>544</ele>
        <time>2025-11-23T12:30:24+00:00</time>
      </trkpt>
      <trkpt lat="47.36793" lon="7.15586">
        <ele>544</ele>
        <time>2025-11-23T12:30:27+00:00</time>
      </trkpt>
      <trkpt lat="47.36797" lon="7.1559">
        <ele>544</ele>
        <time>2025-11-23T12:30:30+00:00</time>
      </trkpt>
      <trkpt lat="47.36804" lon="7.15593">
        <ele>545</ele>
        <time>2025-11-23T12:30:33+00:00</time>
      </trkpt>
      <trkpt lat="47.36811" lon="7.15596">
        <ele>544</ele>
        <time>2025-11-23T12:30:36+00:00</time>
      </trkpt>
      <trkpt lat="47.36822" lon="7.15602">
        <ele>542</ele>
        <time>2025-11-23T12:30:39+00:00</time>
      </trkpt>
      <trkpt lat="47.36826" lon="7.15611">
        <ele>544</ele>
        <time>2025-11-23T12:30:42+00:00</time>
      </trkpt>
      <trkpt lat="47.36836" lon="7.15627">
        <ele>546</ele>
        <time>2025-11-23T12:30:45+00:00</time>
      </trkpt>
      <trkpt lat="47.36849" lon="7.15635">
        <ele>544</ele>
        <time>2025-11-23T12:30:48+00:00</time>
      </trkpt>
      <trkpt lat="47.36861" lon="7.15644">
        <ele>537</ele>
        <time>2025-11-23T12:30:51+00:00</time>
      </trkpt>
      <trkpt lat="47.36872" lon="7.15651">
        <ele>541</ele>
        <time>2025-11-23T12:30:54+00:00</time>
      </trkpt>
      <trkpt lat="47.36874" lon="7.15655">
        <ele>538</ele>
        <time>2025-11-23T12:30:57+00:00</time>
      </trkpt>
      <trkpt lat="47.36892" lon="7.15669">
        <ele>543</ele>
        <time>2025-11-23T12:31:00+00:00</time>
      </trkpt>
      <trkpt lat="47.36908" lon="7.15681">
        <ele>540</ele>
        <time>2025-11-23T12:31:03+00:00</time>
      </trkpt>
      <trkpt lat="47.36921" lon="7.1569">
        <ele>536</ele>
        <time>2025-11-23T12:31:06+00:00</time>
      </trkpt>
      <trkpt lat="47.36935" lon="7.15697">
        <ele>539</ele>
        <time>2025-11-23T12:31:09+00:00</time>
      </trkpt>
      <trkpt lat="47.36945" lon="7.15702">
        <ele>541</ele>
        <time>2025-11-23T12:31:12+00:00</time>
      </trkpt>
      <trkpt lat="47.36957" lon="7.15703">
        <ele>538</ele>
        <time>2025-11-23T12:31:15+00:00</time>
      </trkpt>
      <trkpt lat="47.36967" lon="7.1571">
        <ele>531</ele>
        <time>2025-11-23T12:31:18+00:00</time>
      </trkpt>
      <trkpt lat="47.36981" lon="7.15721">
        <ele>526</ele>
        <time>2025-11-23T12:31:21+00:00</time>
      </trkpt>
      <trkpt lat="47.36992" lon="7.15732">
        <ele>524</ele>
        <time>2025-11-23T12:31:24+00:00</time>
      </trkpt>
      <trkpt lat="47.37001" lon="7.15736">
        <ele>521</ele>
        <time>2025-11-23T12:31:27+00:00</time>
      </trkpt>
      <trkpt lat="47.37006" lon="7.15739">
        <ele>521</ele>
        <time>2025-11-23T12:31:30+00:00</time>
      </trkpt>
      <trkpt lat="47.37017" lon="7.15743">
        <ele>521</ele>
        <time>2025-11-23T12:31:33+00:00</time>
      </trkpt>
      <trkpt lat="47.37033" lon="7.15746">
        <ele>521</ele>
        <time>2025-11-23T12:31:36+00:00</time>
      </trkpt>
      <trkpt lat="47.37043" lon="7.15747">
        <ele>521</ele>
        <time>2025-11-23T12:31:39+00:00</time>
      </trkpt>
      <trkpt lat="47.37056" lon="7.1575">
        <ele>524</ele>
        <time>2025-11-23T12:31:42+00:00</time>
      </trkpt>
      <trkpt lat="47.37071" lon="7.15756">
        <ele>526</ele>
        <time>2025-11-23T12:31:45+00:00</time>
      </trkpt>
      <trkpt lat="47.37092" lon="7.15764">
        <ele>532</ele>
        <time>2025-11-23T12:31:48+00:00</time>
      </trkpt>
      <trkpt lat="47.37106" lon="7.15768">
        <ele>535</ele>
        <time>2025-11-23T12:31:51+00:00</time>
      </trkpt>
      <trkpt lat="47.37126" lon="7.15773">
        <ele>542</ele>
        <time>2025-11-23T12:31:54+00:00</time>
      </trkpt>
      <trkpt lat="47.37154" lon="7.15778">
        <ele>549</ele>
        <time>2025-11-23T12:31:57+00:00</time>
      </trkpt>
      <trkpt lat="47.37172" lon="7.15785">
        <ele>556</ele>
        <time>2025-11-23T12:32:00+00:00</time>
      </trkpt>
      <trkpt lat="47.37193" lon="7.158">
        <ele>558</ele>
        <time>2025-11-23T12:32:03+00:00</time>
      </trkpt>
      <trkpt lat="47.37228" lon="7.15828">
        <ele>561</ele>
        <time>2025-11-23T12:32:06+00:00</time>
      </trkpt>
      <trkpt lat="47.37245" lon="7.15837">
        <ele>561</ele>
        <time>2025-11-23T12:32:09+00:00</time>
      </trkpt>
      <trkpt lat="47.37262" lon="7.15851">
        <ele>561</ele>
        <time>2025-11-23T12:32:12+00:00</time>
      </trkpt>
      <trkpt lat="47.37281" lon="7.15849">
        <ele>574</ele>
        <time>2025-11-23T12:32:15+00:00</time>
      </trkpt>
      <trkpt lat="47.37291" lon="7.15852">
        <ele>579</ele>
        <time>2025-11-23T12:32:18+00:00</time>
      </trkpt>
      <trkpt lat="47.37298" lon="7.15859">
        <ele>579</ele>
        <time>2025-11-23T12:32:21+00:00</time>
      </trkpt>
      <trkpt lat="47.37309" lon="7.15876">
        <ele>580</ele>
        <time>2025-11-23T12:32:24+00:00</time>
      </trkpt>
      <trkpt lat="47.37329" lon="7.15899">
        <ele>586</ele>
        <time>2025-11-23T12:32:27+00:00</time>
      </trkpt>
      <trkpt lat="47.37359" lon="7.15943">
        <ele>602</ele>
        <time>2025-11-23T12:32:30+00:00</time>
      </trkpt>
      <trkpt lat="47.37393" lon="7.15974">
        <ele>607</ele>
        <time>2025-11-23T12:32:33+00:00</time>
      </trkpt>
      <trkpt lat="47.37414" lon="7.16018">
        <ele>614</ele>
        <time>2025-11-23T12:32:36+00:00</time>
      </trkpt>
      <trkpt lat="47.37431" lon="7.16052">
        <ele>621</ele>
        <time>2025-11-23T12:32:39+00:00</time>
      </trkpt>
      <trkpt lat="47.37446" lon="7.16085">
        <ele>622</ele>
        <time>2025-11-23T12:32:42+00:00</time>
      </trkpt>
      <trkpt lat="47.37463" lon="7.16117">
        <ele>632</ele>
        <time>2025-11-23T12:32:45+00:00</time>
      </trkpt>
      <trkpt lat="47.37469" lon="7.16132">
        <ele>628</ele>
        <time>2025-11-23T12:32:48+00:00</time>
      </trkpt>
      <trkpt lat="47.37478" lon="7.16126">
        <ele>633</ele>
        <time>2025-11-23T12:32:51+00:00</time>
      </trkpt>
      <trkpt lat="47.37482" lon="7.16111">
        <ele>640</ele>
        <time>2025-11-23T12:32:54+00:00</time>
      </trkpt>
      <trkpt lat="47.3748" lon="7.16081">
        <ele>634</ele>
        <time>2025-11-23T12:32:57+00:00</time>
      </trkpt>
      <trkpt lat="47.37477" lon="7.16046">
        <ele>644</ele>
        <time>2025-11-23T12:33:00+00:00</time>
      </trkpt>
      <trkpt lat="47.37474" lon="7.16022">
        <ele>647</ele>
        <time>2025-11-23T12:33:03+00:00</time>
      </trkpt>
      <trkpt lat="47.37474" lon="7.16006">
        <ele>651</ele>
        <time>2025-11-23T12:33:06+00:00</time>
      </trkpt>
      <trkpt lat="47.37481" lon="7.15991">
        <ele>662</ele>
        <time>2025-11-23T12:33:09+00:00</time>
      </trkpt>
      <trkpt lat="47.37486" lon="7.15983">
        <ele>664</ele>
        <time>2025-11-23T12:33:12+00:00</time>
      </trkpt>
      <trkpt lat="47.3749" lon="7.15986">
        <ele>668</ele>
        <time>2025-11-23T12:33:15+00:00</time>
      </trkpt>
      <trkpt lat="47.3749" lon="7.16001">
        <ele>667</ele>
        <time>2025-11-23T12:33:18+00:00</time>
      </trkpt>
      <trkpt lat="47.37492" lon="7.1602">
        <ele>663</ele>
        <time>2025-11-23T12:33:21+00:00</time>
      </trkpt>
      <trkpt lat="47.37497" lon="7.16035">
        <ele>660</ele>
        <time>2025-11-23T12:33:24+00:00</time>
      </trkpt>
      <trkpt lat="47.37508" lon="7.16048">
        <ele>663</ele>
        <time>2025-11-23T12:33:27+00:00</time>
      </trkpt>
      <trkpt lat="47.37518" lon="7.16062">
        <ele>669</ele>
        <time>2025-11-23T12:33:30+00:00</time>
      </trkpt>
      <trkpt lat="47.37524" lon="7.16061">
        <ele>667</ele>
        <time>2025-11-23T12:33:33+00:00</time>
      </trkpt>
      <trkpt lat="47.3753" lon="7.16053">
        <ele>679</ele>
        <time>2025-11-23T12:33:36+00:00</time>
      </trkpt>
      <trkpt lat="47.37532" lon="7.16035">
        <ele>667</ele>
        <time>2025-11-23T12:33:39+00:00</time>
      </trkpt>
      <trkpt lat="47.37533" lon="7.1602">
        <ele>667</ele>
        <time>2025-11-23T12:33:42+00:00</time>
      </trkpt>
      <trkpt lat="47.37539" lon="7.16011">
        <ele>667</ele>
        <time>2025-11-23T12:33:45+00:00</time>
      </trkpt>
      <trkpt lat="47.37553" lon="7.16009">
        <ele>672</ele>
        <time>2025-11-23T12:33:48+00:00</time>
      </trkpt>
      <trkpt lat="47.37566" lon="7.16002">
        <ele>676</ele>
        <time>2025-11-23T12:33:51+00:00</time>
      </trkpt>
      <trkpt lat="47.37573" lon="7.16002">
        <ele>680</ele>
        <time>2025-11-23T12:33:54+00:00</time>
      </trkpt>
      <trkpt lat="47.37576" lon="7.16003">
        <ele>680</ele>
        <time>2025-11-23T12:33:57+00:00</time>
      </trkpt>
      <trkpt lat="47.37576" lon="7.16003">
        <ele>680</ele>
        <time>2025-11-23T12:34:00+00:00</time>
      </trkpt>
      <trkpt lat="47.37577" lon="7.16008">
        <ele>680</ele>
        <time>2025-11-23T12:34:03+00:00</time>
      </trkpt>
      <trkpt lat="47.37578" lon="7.16015">
        <ele>681</ele>
        <time>2025-11-23T12:34:06+00:00</time>
      </trkpt>
      <trkpt lat="47.37578" lon="7.16021">
        <ele>681</ele>
        <time>2025-11-23T12:34:09+00:00</time>
      </trkpt>
      <trkpt lat="47.37578" lon="7.16027">
        <ele>681</ele>
        <time>2025-11-23T12:34:12+00:00</time>
      </trkpt>
      <trkpt lat="47.37577" lon="7.16033">
        <ele>683</ele>
        <time>2025-11-23T12:34:15+00:00</time>
      </trkpt>
      <trkpt lat="47.37579" lon="7.16038">
        <ele>683</ele>
        <time>2025-11-23T12:34:18+00:00</time>
      </trkpt>
      <trkpt lat="47.37581" lon="7.16045">
        <ele>687</ele>
        <time>2025-11-23T12:34:21+00:00</time>
      </trkpt>
      <trkpt lat="47.37587" lon="7.16049">
        <ele>687</ele>
        <time>2025-11-23T12:34:24+00:00</time>
      </trkpt>
      <trkpt lat="47.3759" lon="7.16057">
        <ele>690</ele>
        <time>2025-11-23T12:34:27+00:00</time>
      </trkpt>
      <trkpt lat="47.37595" lon="7.16057">
        <ele>690</ele>
        <time>2025-11-23T12:34:30+00:00</time>
      </trkpt>
      <trkpt lat="47.37599" lon="7.16066">
        <ele>690</ele>
        <time>2025-11-23T12:34:33+00:00</time>
      </trkpt>
      <trkpt lat="47.37605" lon="7.16065">
        <ele>693</ele>
        <time>2025-11-23T12:34:36+00:00</time>
      </trkpt>
      <trkpt lat="47.3761" lon="7.1607">
        <ele>697</ele>
        <time>2025-11-23T12:34:39+00:00</time>
      </trkpt>
      <trkpt lat="47.37614" lon="7.16066">
        <ele>697</ele>
        <time>2025-11-23T12:34:42+00:00</time>
      </trkpt>
      <trkpt lat="47.37621" lon="7.16069">
        <ele>699</ele>
        <time>2025-11-23T12:34:45+00:00</time>
      </trkpt>
      <trkpt lat="47.37627" lon="7.16071">
        <ele>699</ele>
        <time>2025-11-23T12:34:48+00:00</time>
      </trkpt>
      <trkpt lat="47.37633" lon="7.16066">
        <ele>702</ele>
        <time>2025-11-23T12:34:51+00:00</time>
      </trkpt>
      <trkpt lat="47.3764" lon="7.16067">
        <ele>704</ele>
        <time>2025-11-23T12:34:54+00:00</time>
      </trkpt>
      <trkpt lat="47.37647" lon="7.16062">
        <ele>704</ele>
        <time>2025-11-23T12:34:57+00:00</time>
      </trkpt>
      <trkpt lat="47.37656" lon="7.16062">
        <ele>707</ele>
        <time>2025-11-23T12:35:00+00:00</time>
      </trkpt>
      <trkpt lat="47.37665" lon="7.16057">
        <ele>711</ele>
        <time>2025-11-23T12:35:03+00:00</time>
      </trkpt>
      <trkpt lat="47.37672" lon="7.16053">
        <ele>714</ele>
        <time>2025-11-23T12:35:06+00:00</time>
      </trkpt>
      <trkpt lat="47.37681" lon="7.16046">
        <ele>717</ele>
        <time>2025-11-23T12:35:09+00:00</time>
      </trkpt>
      <trkpt lat="47.37688" lon="7.16044">
        <ele>717</ele>
        <time>2025-11-23T12:35:12+00:00</time>
      </trkpt>
      <trkpt lat="47.37698" lon="7.16046">
        <ele>721</ele>
        <time>2025-11-23T12:35:15+00:00</time>
      </trkpt>
      <trkpt lat="47.37708" lon="7.16056">
        <ele>724</ele>
        <time>2025-11-23T12:35:18+00:00</time>
      </trkpt>
      <trkpt lat="47.37716" lon="7.16066">
        <ele>728</ele>
        <time>2025-11-23T12:35:21+00:00</time>
      </trkpt>
      <trkpt lat="47.37721" lon="7.16076">
        <ele>732</ele>
        <time>2025-11-23T12:35:24+00:00</time>
      </trkpt>
      <trkpt lat="47.37724" lon="7.16089">
        <ele>733</ele>
        <time>2025-11-23T12:35:27+00:00</time>
      </trkpt>
      <trkpt lat="47.37725" lon="7.16107">
        <ele>735</ele>
        <time>2025-11-23T12:35:30+00:00</time>
      </trkpt>
      <trkpt lat="47.37724" lon="7.1612">
        <ele>736</ele>
        <time>2025-11-23T12:35:33+00:00</time>
      </trkpt>
      <trkpt lat="47.37728" lon="7.16144">
        <ele>741</ele>
        <time>2025-11-23T12:35:36+00:00</time>
      </trkpt>
      <trkpt lat="47.37736" lon="7.16142">
        <ele>743</ele>
        <time>2025-11-23T12:35:39+00:00</time>
      </trkpt>
      <trkpt lat="47.3774" lon="7.16149">
        <ele>746</ele>
        <time>2025-11-23T12:35:42+00:00</time>
      </trkpt>
      <trkpt lat="47.37739" lon="7.16161">
        <ele>746</ele>
        <time>2025-11-23T12:35:45+00:00</time>
      </trkpt>
      <trkpt lat="47.37732" lon="7.16172">
        <ele>747</ele>
        <time>2025-11-23T12:35:48+00:00</time>
      </trkpt>
      <trkpt lat="47.3773" lon="7.1619">
        <ele>747</ele>
        <time>2025-11-23T12:35:51+00:00</time>
      </trkpt>
      <trkpt lat="47.3773" lon="7.16212">
        <ele>751</ele>
        <time>2025-11-23T12:35:54+00:00</time>
      </trkpt>
      <trkpt lat="47.37735" lon="7.16234">
        <ele>749</ele>
        <time>2025-11-23T12:35:57+00:00</time>
      </trkpt>
      <trkpt lat="47.3773" lon="7.16253">
        <ele>752</ele>
        <time>2025-11-23T12:36:00+00:00</time>
      </trkpt>
      <trkpt lat="47.37724" lon="7.16268">
        <ele>752</ele>
        <time>2025-11-23T12:36:03+00:00</time>
      </trkpt>
      <trkpt lat="47.37726" lon="7.16276">
        <ele>753</ele>
        <time>2025-11-23T12:36:06+00:00</time>
      </trkpt>
      <trkpt lat="47.37733" lon="7.16278">
        <ele>755</ele>
        <time>2025-11-23T12:36:09+00:00</time>
      </trkpt>
      <trkpt lat="47.37752" lon="7.16277">
        <ele>757</ele>
        <time>2025-11-23T12:36:12+00:00</time>
      </trkpt>
      <trkpt lat="47.3776" lon="7.1628">
        <ele>759</ele>
        <time>2025-11-23T12:36:15+00:00</time>
      </trkpt>
      <trkpt lat="47.37761" lon="7.16282">
        <ele>759</ele>
        <time>2025-11-23T12:36:18+00:00</time>
      </trkpt>
      <trkpt lat="47.37764" lon="7.16288">
        <ele>759</ele>
        <time>2025-11-23T12:36:21+00:00</time>
      </trkpt>
      <trkpt lat="47.37767" lon="7.16296">
        <ele>759</ele>
        <time>2025-11-23T12:36:24+00:00</time>
      </trkpt>
      <trkpt lat="47.37769" lon="7.16296">
        <ele>759</ele>
        <time>2025-11-23T12:36:27+00:00</time>
      </trkpt>
      <trkpt lat="47.37773" lon="7.16292">
        <ele>760</ele>
        <time>2025-11-23T12:36:30+00:00</time>
      </trkpt>
      <trkpt lat="47.37772" lon="7.16287">
        <ele>761</ele>
        <time>2025-11-23T12:36:33+00:00</time>
      </trkpt>
      <trkpt lat="47.37772" lon="7.1627">
        <ele>760</ele>
        <time>2025-11-23T12:36:36+00:00</time>
      </trkpt>
      <trkpt lat="47.37772" lon="7.16263">
        <ele>760</ele>
        <time>2025-11-23T12:36:39+00:00</time>
      </trkpt>
      <trkpt lat="47.37776" lon="7.16246">
        <ele>761</ele>
        <time>2025-11-23T12:36:42+00:00</time>
      </trkpt>
      <trkpt lat="47.37778" lon="7.16238">
        <ele>761</ele>
        <time>2025-11-23T12:36:45+00:00</time>
      </trkpt>
      <trkpt lat="47.37784" lon="7.16216">
        <ele>764</ele>
        <time>2025-11-23T12:36:48+00:00</time>
      </trkpt>
      <trkpt lat="47.37788" lon="7.16202">
        <ele>764</ele>
        <time>2025-11-23T12:36:51+00:00</time>
      </trkpt>
      <trkpt lat="47.37793" lon="7.1619">
        <ele>765</ele>
        <time>2025-11-23T12:36:54+00:00</time>
      </trkpt>
      <trkpt lat="47.37793" lon="7.16192">
        <ele>766</ele>
        <time>2025-11-23T12:36:57+00:00</time>
      </trkpt>
      <trkpt lat="47.37794" lon="7.16192">
        <ele>766</ele>
        <time>2025-11-23T12:37:00+00:00</time>
      </trkpt>
      <trkpt lat="47.37796" lon="7.1619">
        <ele>766</ele>
        <time>2025-11-23T12:37:03+00:00</time>
      </trkpt>
      <trkpt lat="47.37807" lon="7.16184">
        <ele>768</ele>
        <time>2025-11-23T12:37:06+00:00</time>
      </trkpt>
      <trkpt lat="47.37815" lon="7.16178">
        <ele>770</ele>
        <time>2025-11-23T12:37:09+00:00</time>
      </trkpt>
      <trkpt lat="47.3783" lon="7.16174">
        <ele>776</ele>
        <time>2025-11-23T12:37:12+00:00</time>
      </trkpt>
      <trkpt lat="47.37839" lon="7.1617">
        <ele>774</ele>
        <time>2025-11-23T12:37:15+00:00</time>
      </trkpt>
      <trkpt lat="47.37846" lon="7.16167">
        <ele>777</ele>
        <time>2025-11-23T12:37:18+00:00</time>
      </trkpt>
      <trkpt lat="47.3785" lon="7.16167">
        <ele>777</ele>
        <time>2025-11-23T12:37:21+00:00</time>
      </trkpt>
      <trkpt lat="47.3785" lon="7.16168">
        <ele>779</ele>
        <time>2025-11-23T12:37:24+00:00</time>
      </trkpt>
      <trkpt lat="47.37853" lon="7.16173">
        <ele>780</ele>
        <time>2025-11-23T12:37:27+00:00</time>
      </trkpt>
      <trkpt lat="47.37854" lon="7.16176">
        <ele>780</ele>
        <time>2025-11-23T12:37:30+00:00</time>
      </trkpt>
      <trkpt lat="47.37866" lon="7.16193">
        <ele>785</ele>
        <time>2025-11-23T12:37:33+00:00</time>
      </trkpt>
      <trkpt lat="47.37876" lon="7.16204">
        <ele>786</ele>
        <time>2025-11-23T12:37:36+00:00</time>
      </trkpt>
      <trkpt lat="47.37888" lon="7.16211">
        <ele>788</ele>
        <time>2025-11-23T12:37:39+00:00</time>
      </trkpt>
      <trkpt lat="47.37895" lon="7.16215">
        <ele>792</ele>
        <time>2025-11-23T12:37:42+00:00</time>
      </trkpt>
      <trkpt lat="47.37895" lon="7.16215">
        <ele>792</ele>
        <time>2025-11-23T12:37:45+00:00</time>
      </trkpt>
      <trkpt lat="47.37909" lon="7.16224">
        <ele>796</ele>
        <time>2025-11-23T12:37:48+00:00</time>
      </trkpt>
      <trkpt lat="47.3792" lon="7.16238">
        <ele>804</ele>
        <time>2025-11-23T12:37:51+00:00</time>
      </trkpt>
      <trkpt lat="47.37926" lon="7.16254">
        <ele>802</ele>
        <time>2025-11-23T12:37:54+00:00</time>
      </trkpt>
      <trkpt lat="47.37933" lon="7.16267">
        <ele>804</ele>
        <time>2025-11-23T12:37:57+00:00</time>
      </trkpt>
      <trkpt lat="47.37939" lon="7.16271">
        <ele>803</ele>
        <time>2025-11-23T12:38:00+00:00</time>
      </trkpt>
      <trkpt lat="47.37944" lon="7.16262">
        <ele>807</ele>
        <time>2025-11-23T12:38:03+00:00</time>
      </trkpt>
      <trkpt lat="47.37943" lon="7.16254">
        <ele>808</ele>
        <time>2025-11-23T12:38:06+00:00</time>
      </trkpt>
      <trkpt lat="47.37945" lon="7.16241">
        <ele>808</ele>
        <time>2025-11-23T12:38:09+00:00</time>
      </trkpt>
      <trkpt lat="47.37953" lon="7.16215">
        <ele>816</ele>
        <time>2025-11-23T12:38:12+00:00</time>
      </trkpt>
      <trkpt lat="47.37967" lon="7.16183">
        <ele>821</ele>
        <time>2025-11-23T12:38:15+00:00</time>
      </trkpt>
      <trkpt lat="47.37982" lon="7.16179">
        <ele>825</ele>
        <time>2025-11-23T12:38:18+00:00</time>
      </trkpt>
      <trkpt lat="47.37997" lon="7.16174">
        <ele>828</ele>
        <time>2025-11-23T12:38:21+00:00</time>
      </trkpt>
      <trkpt lat="47.38006" lon="7.1617">
        <ele>831</ele>
        <time>2025-11-23T12:38:24+00:00</time>
      </trkpt>
      <trkpt lat="47.38025" lon="7.1615">
        <ele>836</ele>
        <time>2025-11-23T12:38:27+00:00</time>
      </trkpt>
      <trkpt lat="47.38053" lon="7.16108">
        <ele>844</ele>
        <time>2025-11-23T12:38:30+00:00</time>
      </trkpt>
      <trkpt lat="47.38074" lon="7.1612">
        <ele>843</ele>
        <time>2025-11-23T12:38:33+00:00</time>
      </trkpt>
      <trkpt lat="47.38097" lon="7.16133">
        <ele>842</ele>
        <time>2025-11-23T12:38:36+00:00</time>
      </trkpt>
      <trkpt lat="47.38126" lon="7.16157">
        <ele>830</ele>
        <time>2025-11-23T12:38:39+00:00</time>
      </trkpt>
      <trkpt lat="47.38155" lon="7.16182">
        <ele>829</ele>
        <time>2025-11-23T12:38:42+00:00</time>
      </trkpt>
      <trkpt lat="47.38205" lon="7.16223">
        <ele>826</ele>
        <time>2025-11-23T12:38:45+00:00</time>
      </trkpt>
      <trkpt lat="47.38229" lon="7.16255">
        <ele>824</ele>
        <time>2025-11-23T12:38:48+00:00</time>
      </trkpt>
      <trkpt lat="47.38256" lon="7.16306">
        <ele>819</ele>
        <time>2025-11-23T12:38:51+00:00</time>
      </trkpt>
      <trkpt lat="47.38276" lon="7.1634">
        <ele>818</ele>
        <time>2025-11-23T12:38:54+00:00</time>
      </trkpt>
      <trkpt lat="47.38312" lon="7.16402">
        <ele>818</ele>
        <time>2025-11-23T12:38:57+00:00</time>
      </trkpt>
      <trkpt lat="47.38337" lon="7.16433">
        <ele>817</ele>
        <time>2025-11-23T12:39:00+00:00</time>
      </trkpt>
      <trkpt lat="47.38361" lon="7.16464">
        <ele>809</ele>
        <time>2025-11-23T12:39:03+00:00</time>
      </trkpt>
      <trkpt lat="47.38396" lon="7.16508">
        <ele>807</ele>
        <time>2025-11-23T12:39:06+00:00</time>
      </trkpt>
      <trkpt lat="47.38416" lon="7.16531">
        <ele>806</ele>
        <time>2025-11-23T12:39:09+00:00</time>
      </trkpt>
      <trkpt lat="47.38445" lon="7.16564">
        <ele>804</ele>
        <time>2025-11-23T12:39:12+00:00</time>
      </trkpt>
      <trkpt lat="47.38481" lon="7.16601">
        <ele>801</ele>
        <time>2025-11-23T12:39:15+00:00</time>
      </trkpt>
      <trkpt lat="47.38508" lon="7.16624">
        <ele>798</ele>
        <time>2025-11-23T12:39:18+00:00</time>
      </trkpt>
      <trkpt lat="47.38539" lon="7.16632">
        <ele>792</ele>
        <time>2025-11-23T12:39:21+00:00</time>
      </trkpt>
      <trkpt lat="47.38566" lon="7.16637">
        <ele>789</ele>
        <time>2025-11-23T12:39:24+00:00</time>
      </trkpt>
      <trkpt lat="47.38603" lon="7.16644">
        <ele>783</ele>
        <time>2025-11-23T12:39:27+00:00</time>
      </trkpt>
      <trkpt lat="47.38631" lon="7.16661">
        <ele>778</ele>
        <time>2025-11-23T12:39:30+00:00</time>
      </trkpt>
      <trkpt lat="47.38639" lon="7.16673">
        <ele>778</ele>
        <time>2025-11-23T12:39:33+00:00</time>
      </trkpt>
      <trkpt lat="47.38639" lon="7.16673">
        <ele>778</ele>
        <time>2025-11-23T12:39:36+00:00</time>
      </trkpt>
      <trkpt lat="47.38652" lon="7.16689">
        <ele>774</ele>
        <time>2025-11-23T12:39:39+00:00</time>
      </trkpt>
      <trkpt lat="47.38668" lon="7.16734">
        <ele>772</ele>
        <time>2025-11-23T12:39:42+00:00</time>
      </trkpt>
      <trkpt lat="47.38679" lon="7.16777">
        <ele>770</ele>
        <time>2025-11-23T12:39:45+00:00</time>
      </trkpt>
      <trkpt lat="47.38691" lon="7.16821">
        <ele>764</ele>
        <time>2025-11-23T12:39:48+00:00</time>
      </trkpt>
      <trkpt lat="47.38705" lon="7.16873">
        <ele>764</ele>
        <time>2025-11-23T12:39:51+00:00</time>
      </trkpt>
      <trkpt lat="47.3871" lon="7.16891">
        <ele>760</ele>
        <time>2025-11-23T12:39:54+00:00</time>
      </trkpt>
      <trkpt lat="47.38702" lon="7.16934">
        <ele>764</ele>
        <time>2025-11-23T12:39:57+00:00</time>
      </trkpt>
      <trkpt lat="47.38698" lon="7.16948">
        <ele>766</ele>
        <time>2025-11-23T12:40:00+00:00</time>
      </trkpt>
      <trkpt lat="47.38686" lon="7.16966">
        <ele>768</ele>
        <time>2025-11-23T12:40:03+00:00</time>
      </trkpt>
      <trkpt lat="47.38683" lon="7.17012">
        <ele>771</ele>
        <time>2025-11-23T12:40:06+00:00</time>
      </trkpt>
      <trkpt lat="47.38674" lon="7.17046">
        <ele>773</ele>
        <time>2025-11-23T12:40:09+00:00</time>
      </trkpt>
      <trkpt lat="47.3867" lon="7.17074">
        <ele>773</ele>
        <time>2025-11-23T12:40:12+00:00</time>
      </trkpt>
      <trkpt lat="47.38675" lon="7.17122">
        <ele>776</ele>
        <time>2025-11-23T12:40:15+00:00</time>
      </trkpt>
      <trkpt lat="47.3867" lon="7.17187">
        <ele>780</ele>
        <time>2025-11-23T12:40:18+00:00</time>
      </trkpt>
      <trkpt lat="47.38666" lon="7.17237">
        <ele>802</ele>
        <time>2025-11-23T12:40:21+00:00</time>
      </trkpt>
      <trkpt lat="47.3866" lon="7.17269">
        <ele>805</ele>
        <time>2025-11-23T12:40:24+00:00</time>
      </trkpt>
      <trkpt lat="47.38669" lon="7.17313">
        <ele>805</ele>
        <time>2025-11-23T12:40:27+00:00</time>
      </trkpt>
      <trkpt lat="47.38677" lon="7.17334">
        <ele>805</ele>
        <time>2025-11-23T12:40:30+00:00</time>
      </trkpt>
      <trkpt lat="47.38678" lon="7.17361">
        <ele>804</ele>
        <time>2025-11-23T12:40:33+00:00</time>
      </trkpt>
      <trkpt lat="47.38677" lon="7.17385">
        <ele>806</ele>
        <time>2025-11-23T12:40:36+00:00</time>
      </trkpt>
      <trkpt lat="47.38683" lon="7.17417">
        <ele>804</ele>
        <time>2025-11-23T12:40:39+00:00</time>
      </trkpt>
      <trkpt lat="47.38686" lon="7.17453">
        <ele>800</ele>
        <time>2025-11-23T12:40:42+00:00</time>
      </trkpt>
      <trkpt lat="47.38699" lon="7.17487">
        <ele>797</ele>
        <time>2025-11-23T12:40:45+00:00</time>
      </trkpt>
      <trkpt lat="47.38716" lon="7.17533">
        <ele>796</ele>
        <time>2025-11-23T12:40:48+00:00</time>
      </trkpt>
      <trkpt lat="47.38722" lon="7.1758">
        <ele>796</ele>
        <time>2025-11-23T12:40:51+00:00</time>
      </trkpt>
      <trkpt lat="47.3873" lon="7.1763">
        <ele>795</ele>
        <time>2025-11-23T12:40:54+00:00</time>
      </trkpt>
      <trkpt lat="47.38747" lon="7.17682">
        <ele>788</ele>
        <time>2025-11-23T12:40:57+00:00</time>
      </trkpt>
      <trkpt lat="47.38766" lon="7.17719">
        <ele>785</ele>
        <time>2025-11-23T12:41:00+00:00</time>
      </trkpt>
      <trkpt lat="47.38793" lon="7.17749">
        <ele>775</ele>
        <time>2025-11-23T12:41:03+00:00</time>
      </trkpt>
      <trkpt lat="47.38798" lon="7.1777">
        <ele>775</ele>
        <time>2025-11-23T12:41:06+00:00</time>
      </trkpt>
      <trkpt lat="47.38809" lon="7.17804">
        <ele>773</ele>
        <time>2025-11-23T12:41:09+00:00</time>
      </trkpt>
      <trkpt lat="47.38842" lon="7.17832">
        <ele>771</ele>
        <time>2025-11-23T12:41:12+00:00</time>
      </trkpt>
      <trkpt lat="47.3885" lon="7.17838">
        <ele>770</ele>
        <time>2025-11-23T12:41:15+00:00</time>
      </trkpt>
      <trkpt lat="47.3885" lon="7.17838">
        <ele>770</ele>
        <time>2025-11-23T12:41:18+00:00</time>
      </trkpt>
      <trkpt lat="47.38875" lon="7.17856">
        <ele>762</ele>
        <time>2025-11-23T12:41:21+00:00</time>
      </trkpt>
      <trkpt lat="47.38895" lon="7.17873">
        <ele>760</ele>
        <time>2025-11-23T12:41:24+00:00</time>
      </trkpt>
      <trkpt lat="47.38918" lon="7.17892">
        <ele>758</ele>
        <time>2025-11-23T12:41:27+00:00</time>
      </trkpt>
      <trkpt lat="47.38938" lon="7.17923">
        <ele>756</ele>
        <time>2025-11-23T12:41:30+00:00</time>
      </trkpt>
      <trkpt lat="47.38977" lon="7.17981">
        <ele>750</ele>
        <time>2025-11-23T12:41:33+00:00</time>
      </trkpt>
      <trkpt lat="47.38977" lon="7.17981">
        <ele>750</ele>
        <time>2025-11-23T12:41:36+00:00</time>
      </trkpt>
      <trkpt lat="47.38976" lon="7.17982">
        <ele>750</ele>
        <time>2025-11-23T12:41:39+00:00</time>
      </trkpt>
      <trkpt lat="47.38978" lon="7.17985">
        <ele>750</ele>
        <time>2025-11-23T12:41:42+00:00</time>
      </trkpt>
      <trkpt lat="47.38964" lon="7.18012">
        <ele>752</ele>
        <time>2025-11-23T12:41:45+00:00</time>
      </trkpt>
      <trkpt lat="47.38962" lon="7.18049">
        <ele>754</ele>
        <time>2025-11-23T12:41:48+00:00</time>
      </trkpt>
      <trkpt lat="47.3896" lon="7.18099">
        <ele>765</ele>
        <time>2025-11-23T12:41:51+00:00</time>
      </trkpt>
      <trkpt lat="47.38969" lon="7.18129">
        <ele>769</ele>
        <time>2025-11-23T12:41:54+00:00</time>
      </trkpt>
      <trkpt lat="47.38977" lon="7.18143">
        <ele>772</ele>
        <time>2025-11-23T12:41:57+00:00</time>
      </trkpt>
      <trkpt lat="47.38996" lon="7.18164">
        <ele>772</ele>
        <time>2025-11-23T12:42:00+00:00</time>
      </trkpt>
      <trkpt lat="47.39031" lon="7.18202">
        <ele>776</ele>
        <time>2025-11-23T12:42:03+00:00</time>
      </trkpt>
      <trkpt lat="47.39042" lon="7.18256">
        <ele>776</ele>
        <time>2025-11-23T12:42:06+00:00</time>
      </trkpt>
      <trkpt lat="47.39072" lon="7.1829">
        <ele>777</ele>
        <time>2025-11-23T12:42:09+00:00</time>
      </trkpt>
      <trkpt lat="47.3909" lon="7.18321">
        <ele>777</ele>
        <time>2025-11-23T12:42:12+00:00</time>
      </trkpt>
      <trkpt lat="47.39087" lon="7.18377">
        <ele>782</ele>
        <time>2025-11-23T12:42:15+00:00</time>
      </trkpt>
      <trkpt lat="47.39099" lon="7.18414">
        <ele>785</ele>
        <time>2025-11-23T12:42:18+00:00</time>
      </trkpt>
      <trkpt lat="47.39118" lon="7.18473">
        <ele>788</ele>
        <time>2025-11-23T12:42:21+00:00</time>
      </trkpt>
      <trkpt lat="47.39114" lon="7.18503">
        <ele>792</ele>
        <time>2025-11-23T12:42:24+00:00</time>
      </trkpt>
      <trkpt lat="47.39127" lon="7.18526">
        <ele>793</ele>
        <time>2025-11-23T12:42:27+00:00</time>
      </trkpt>
      <trkpt lat="47.3916" lon="7.18532">
        <ele>792</ele>
        <time>2025-11-23T12:42:30+00:00</time>
      </trkpt>
      <trkpt lat="47.39195" lon="7.18533">
        <ele>794</ele>
        <time>2025-11-23T12:42:33+00:00</time>
      </trkpt>
      <trkpt lat="47.39208" lon="7.18567">
        <ele>792</ele>
        <time>2025-11-23T12:42:36+00:00</time>
      </trkpt>
      <trkpt lat="47.39226" lon="7.18599">
        <ele>794</ele>
        <time>2025-11-23T12:42:39+00:00</time>
      </trkpt>
      <trkpt lat="47.39226" lon="7.18599">
        <ele>791</ele>
        <time>2025-11-23T12:42:42+00:00</time>
      </trkpt>
      <trkpt lat="47.39229" lon="7.18665">
        <ele>797</ele>
        <time>2025-11-23T12:42:45+00:00</time>
      </trkpt>
      <trkpt lat="47.39238" lon="7.18716">
        <ele>796</ele>
        <time>2025-11-23T12:42:48+00:00</time>
      </trkpt>
      <trkpt lat="47.39246" lon="7.18766">
        <ele>796</ele>
        <time>2025-11-23T12:42:51+00:00</time>
      </trkpt>
      <trkpt lat="47.39254" lon="7.18816">
        <ele>797</ele>
        <time>2025-11-23T12:42:54+00:00</time>
      </trkpt>
      <trkpt lat="47.39265" lon="7.18883">
        <ele>805</ele>
        <time>2025-11-23T12:42:57+00:00</time>
      </trkpt>
      <trkpt lat="47.39265" lon="7.18921">
        <ele>810</ele>
        <time>2025-11-23T12:43:00+00:00</time>
      </trkpt>
      <trkpt lat="47.39265" lon="7.1897">
        <ele>813</ele>
        <time>2025-11-23T12:43:03+00:00</time>
      </trkpt>
      <trkpt lat="47.39258" lon="7.19016">
        <ele>809</ele>
        <time>2025-11-23T12:43:06+00:00</time>
      </trkpt>
      <trkpt lat="47.39253" lon="7.19052">
        <ele>811</ele>
        <time>2025-11-23T12:43:09+00:00</time>
      </trkpt>
      <trkpt lat="47.39247" lon="7.19096">
        <ele>805</ele>
        <time>2025-11-23T12:43:12+00:00</time>
      </trkpt>
      <trkpt lat="47.39241" lon="7.19143">
        <ele>806</ele>
        <time>2025-11-23T12:43:15+00:00</time>
      </trkpt>
      <trkpt lat="47.39236" lon="7.19191">
        <ele>808</ele>
        <time>2025-11-23T12:43:18+00:00</time>
      </trkpt>
      <trkpt lat="47.39227" lon="7.19262">
        <ele>806</ele>
        <time>2025-11-23T12:43:21+00:00</time>
      </trkpt>
      <trkpt lat="47.39221" lon="7.19298">
        <ele>804</ele>
        <time>2025-11-23T12:43:24+00:00</time>
      </trkpt>
      <trkpt lat="47.39213" lon="7.19342">
        <ele>813</ele>
        <time>2025-11-23T12:43:27+00:00</time>
      </trkpt>
      <trkpt lat="47.39208" lon="7.19378">
        <ele>823</ele>
        <time>2025-11-23T12:43:30+00:00</time>
      </trkpt>
      <trkpt lat="47.39194" lon="7.19401">
        <ele>826</ele>
        <time>2025-11-23T12:43:33+00:00</time>
      </trkpt>
      <trkpt lat="47.39181" lon="7.1943">
        <ele>827</ele>
        <time>2025-11-23T12:43:36+00:00</time>
      </trkpt>
      <trkpt lat="47.39165" lon="7.19463">
        <ele>827</ele>
        <time>2025-11-23T12:43:39+00:00</time>
      </trkpt>
      <trkpt lat="47.39153" lon="7.19504">
        <ele>828</ele>
        <time>2025-11-23T12:43:42+00:00</time>
      </trkpt>
      <trkpt lat="47.3913" lon="7.19587">
        <ele>835</ele>
        <time>2025-11-23T12:43:45+00:00</time>
      </trkpt>
      <trkpt lat="47.39117" lon="7.19617">
        <ele>833</ele>
        <time>2025-11-23T12:43:48+00:00</time>
      </trkpt>
      <trkpt lat="47.39111" lon="7.19637">
        <ele>834</ele>
        <time>2025-11-23T12:43:51+00:00</time>
      </trkpt>
      <trkpt lat="47.39112" lon="7.19677">
        <ele>835</ele>
        <time>2025-11-23T12:43:54+00:00</time>
      </trkpt>
      <trkpt lat="47.39123" lon="7.19724">
        <ele>838</ele>
        <time>2025-11-23T12:43:57+00:00</time>
      </trkpt>
      <trkpt lat="47.39123" lon="7.19763">
        <ele>842</ele>
        <time>2025-11-23T12:44:00+00:00</time>
      </trkpt>
      <trkpt lat="47.39124" lon="7.19815">
        <ele>840</ele>
        <time>2025-11-23T12:44:03+00:00</time>
      </trkpt>
      <trkpt lat="47.39131" lon="7.19848">
        <ele>838</ele>
        <time>2025-11-23T12:44:06+00:00</time>
      </trkpt>
      <trkpt lat="47.39139" lon="7.19881">
        <ele>836</ele>
        <time>2025-11-23T12:44:09+00:00</time>
      </trkpt>
      <trkpt lat="47.3914" lon="7.19906">
        <ele>835</ele>
        <time>2025-11-23T12:44:12+00:00</time>
      </trkpt>
      <trkpt lat="47.39126" lon="7.19928">
        <ele>836</ele>
        <time>2025-11-23T12:44:15+00:00</time>
      </trkpt>
      <trkpt lat="47.39126" lon="7.19928">
        <ele>834</ele>
        <time>2025-11-23T12:44:18+00:00</time>
      </trkpt>
      <trkpt lat="47.39147" lon="7.19952">
        <ele>837</ele>
        <time>2025-11-23T12:44:21+00:00</time>
      </trkpt>
      <trkpt lat="47.39177" lon="7.19987">
        <ele>834</ele>
        <time>2025-11-23T12:44:24+00:00</time>
      </trkpt>
      <trkpt lat="47.39201" lon="7.20032">
        <ele>831</ele>
        <time>2025-11-23T12:44:27+00:00</time>
      </trkpt>
      <trkpt lat="47.39216" lon="7.20064">
        <ele>829</ele>
        <time>2025-11-23T12:44:30+00:00</time>
      </trkpt>
      <trkpt lat="47.39238" lon="7.20109">
        <ele>825</ele>
        <time>2025-11-23T12:44:33+00:00</time>
      </trkpt>
      <trkpt lat="47.39255" lon="7.20157">
        <ele>821</ele>
        <time>2025-11-23T12:44:36+00:00</time>
      </trkpt>
      <trkpt lat="47.39257" lon="7.20162">
        <ele>819</ele>
        <time>2025-11-23T12:44:39+00:00</time>
      </trkpt>
      <trkpt lat="47.3926" lon="7.20171">
        <ele>816</ele>
        <time>2025-11-23T12:44:42+00:00</time>
      </trkpt>
      <trkpt lat="47.39265" lon="7.20194">
        <ele>817</ele>
        <time>2025-11-23T12:44:45+00:00</time>
      </trkpt>
      <trkpt lat="47.39263" lon="7.20205">
        <ele>816</ele>
        <time>2025-11-23T12:44:48+00:00</time>
      </trkpt>
      <trkpt lat="47.39252" lon="7.20209">
        <ele>813</ele>
        <time>2025-11-23T12:44:51+00:00</time>
      </trkpt>
      <trkpt lat="47.39232" lon="7.20195">
        <ele>812</ele>
        <time>2025-11-23T12:44:54+00:00</time>
      </trkpt>
      <trkpt lat="47.3921" lon="7.20174">
        <ele>811</ele>
        <time>2025-11-23T12:44:57+00:00</time>
      </trkpt>
      <trkpt lat="47.39167" lon="7.20152">
        <ele>804</ele>
        <time>2025-11-23T12:45:00+00:00</time>
      </trkpt>
      <trkpt lat="47.39145" lon="7.20166">
        <ele>801</ele>
        <time>2025-11-23T12:45:03+00:00</time>
      </trkpt>
      <trkpt lat="47.39118" lon="7.20184">
        <ele>799</ele>
        <time>2025-11-23T12:45:06+00:00</time>
      </trkpt>
      <trkpt lat="47.39117" lon="7.20217">
        <ele>793</ele>
        <time>2025-11-23T12:45:09+00:00</time>
      </trkpt>
      <trkpt lat="47.39122" lon="7.2024">
        <ele>787</ele>
        <time>2025-11-23T12:45:12+00:00</time>
      </trkpt>
      <trkpt lat="47.39112" lon="7.20266">
        <ele>762</ele>
        <time>2025-11-23T12:45:15+00:00</time>
      </trkpt>
      <trkpt lat="47.39126" lon="7.20264">
        <ele>759</ele>
        <time>2025-11-23T12:45:18+00:00</time>
      </trkpt>
      <trkpt lat="47.39146" lon="7.20277">
        <ele>761</ele>
        <time>2025-11-23T12:45:21+00:00</time>
      </trkpt>
      <trkpt lat="47.39161" lon="7.20304">
        <ele>757</ele>
        <time>2025-11-23T12:45:24+00:00</time>
      </trkpt>
      <trkpt lat="47.39177" lon="7.20331">
        <ele>760</ele>
        <time>2025-11-23T12:45:27+00:00</time>
      </trkpt>
      <trkpt lat="47.3917" lon="7.20338">
        <ele>751</ele>
        <time>2025-11-23T12:45:30+00:00</time>
      </trkpt>
      <trkpt lat="47.39147" lon="7.20314">
        <ele>764</ele>
        <time>2025-11-23T12:45:33+00:00</time>
      </trkpt>
      <trkpt lat="47.39132" lon="7.20305">
        <ele>754</ele>
        <time>2025-11-23T12:45:36+00:00</time>
      </trkpt>
      <trkpt lat="47.3912" lon="7.20321">
        <ele>767</ele>
        <time>2025-11-23T12:45:39+00:00</time>
      </trkpt>
      <trkpt lat="47.39109" lon="7.20351">
        <ele>768</ele>
        <time>2025-11-23T12:45:42+00:00</time>
      </trkpt>
      <trkpt lat="47.39098" lon="7.20364">
        <ele>767</ele>
        <time>2025-11-23T12:45:45+00:00</time>
      </trkpt>
      <trkpt lat="47.39077" lon="7.2037">
        <ele>766</ele>
        <time>2025-11-23T12:45:48+00:00</time>
      </trkpt>
      <trkpt lat="47.3905" lon="7.20373">
        <ele>765</ele>
        <time>2025-11-23T12:45:51+00:00</time>
      </trkpt>
      <trkpt lat="47.39038" lon="7.20382">
        <ele>763</ele>
        <time>2025-11-23T12:45:54+00:00</time>
      </trkpt>
      <trkpt lat="47.39024" lon="7.20378">
        <ele>765</ele>
        <time>2025-11-23T12:45:57+00:00</time>
      </trkpt>
      <trkpt lat="47.39025" lon="7.20394">
        <ele>760</ele>
        <time>2025-11-23T12:46:00+00:00</time>
      </trkpt>
      <trkpt lat="47.3904" lon="7.20419">
        <ele>753</ele>
        <time>2025-11-23T12:46:03+00:00</time>
      </trkpt>
      <trkpt lat="47.39061" lon="7.20456">
        <ele>735</ele>
        <time>2025-11-23T12:46:06+00:00</time>
      </trkpt>
      <trkpt lat="47.39079" lon="7.20492">
        <ele>711</ele>
        <time>2025-11-23T12:46:09+00:00</time>
      </trkpt>
      <trkpt lat="47.39058" lon="7.20501">
        <ele>706</ele>
        <time>2025-11-23T12:46:12+00:00</time>
      </trkpt>
      <trkpt lat="47.39034" lon="7.20499">
        <ele>702</ele>
        <time>2025-11-23T12:46:15+00:00</time>
      </trkpt>
      <trkpt lat="47.39019" lon="7.20531">
        <ele>695</ele>
        <time>2025-11-23T12:46:18+00:00</time>
      </trkpt>
      <trkpt lat="47.39005" lon="7.20558">
        <ele>683</ele>
        <time>2025-11-23T12:46:21+00:00</time>
      </trkpt>
      <trkpt lat="47.38993" lon="7.20592">
        <ele>674</ele>
        <time>2025-11-23T12:46:24+00:00</time>
      </trkpt>
      <trkpt lat="47.38992" lon="7.20615">
        <ele>669</ele>
        <time>2025-11-23T12:46:27+00:00</time>
      </trkpt>
      <trkpt lat="47.38982" lon="7.20634">
        <ele>676</ele>
        <time>2025-11-23T12:46:30+00:00</time>
      </trkpt>
      <trkpt lat="47.3897" lon="7.20656">
        <ele>663</ele>
        <time>2025-11-23T12:46:33+00:00</time>
      </trkpt>
      <trkpt lat="47.38979" lon="7.20681">
        <ele>651</ele>
        <time>2025-11-23T12:46:36+00:00</time>
      </trkpt>
      <trkpt lat="47.39004" lon="7.20697">
        <ele>651</ele>
        <time>2025-11-23T12:46:39+00:00</time>
      </trkpt>
      <trkpt lat="47.39024" lon="7.20723">
        <ele>651</ele>
        <time>2025-11-23T12:46:42+00:00</time>
      </trkpt>
      <trkpt lat="47.39043" lon="7.20732">
        <ele>651</ele>
        <time>2025-11-23T12:46:45+00:00</time>
      </trkpt>
      <trkpt lat="47.39067" lon="7.20754">
        <ele>650</ele>
        <time>2025-11-23T12:46:48+00:00</time>
      </trkpt>
      <trkpt lat="47.39093" lon="7.2077">
        <ele>650</ele>
        <time>2025-11-23T12:46:51+00:00</time>
      </trkpt>
      <trkpt lat="47.39132" lon="7.2079">
        <ele>649</ele>
        <time>2025-11-23T12:46:54+00:00</time>
      </trkpt>
      <trkpt lat="47.39132" lon="7.2079">
        <ele>647</ele>
        <time>2025-11-23T12:46:57+00:00</time>
      </trkpt>
      <trkpt lat="47.39131" lon="7.20795">
        <ele>647</ele>
        <time>2025-11-23T12:47:00+00:00</time>
      </trkpt>
      <trkpt lat="47.39133" lon="7.20821">
        <ele>648</ele>
        <time>2025-11-23T12:47:03+00:00</time>
      </trkpt>
      <trkpt lat="47.3913" lon="7.20857">
        <ele>644</ele>
        <time>2025-11-23T12:47:06+00:00</time>
      </trkpt>
      <trkpt lat="47.39126" lon="7.209">
        <ele>649</ele>
        <time>2025-11-23T12:47:09+00:00</time>
      </trkpt>
      <trkpt lat="47.3912" lon="7.20919">
        <ele>646</ele>
        <time>2025-11-23T12:47:12+00:00</time>
      </trkpt>
      <trkpt lat="47.39119" lon="7.20943">
        <ele>654</ele>
        <time>2025-11-23T12:47:15+00:00</time>
      </trkpt>
      <trkpt lat="47.39122" lon="7.20984">
        <ele>658</ele>
        <time>2025-11-23T12:47:18+00:00</time>
      </trkpt>
      <trkpt lat="47.39116" lon="7.21018">
        <ele>667</ele>
        <time>2025-11-23T12:47:21+00:00</time>
      </trkpt>
      <trkpt lat="47.39099" lon="7.21054">
        <ele>679</ele>
        <time>2025-11-23T12:47:24+00:00</time>
      </trkpt>
      <trkpt lat="47.39096" lon="7.21093">
        <ele>684</ele>
        <time>2025-11-23T12:47:27+00:00</time>
      </trkpt>
      <trkpt lat="47.39093" lon="7.21147">
        <ele>691</ele>
        <time>2025-11-23T12:47:30+00:00</time>
      </trkpt>
      <trkpt lat="47.39091" lon="7.21181">
        <ele>696</ele>
        <time>2025-11-23T12:47:33+00:00</time>
      </trkpt>
      <trkpt lat="47.3909" lon="7.21216">
        <ele>701</ele>
        <time>2025-11-23T12:47:36+00:00</time>
      </trkpt>
      <trkpt lat="47.39094" lon="7.21254">
        <ele>702</ele>
        <time>2025-11-23T12:47:39+00:00</time>
      </trkpt>
      <trkpt lat="47.391" lon="7.21304">
        <ele>705</ele>
        <time>2025-11-23T12:47:42+00:00</time>
      </trkpt>
      <trkpt lat="47.39103" lon="7.21348">
        <ele>711</ele>
        <time>2025-11-23T12:47:45+00:00</time>
      </trkpt>
      <trkpt lat="47.391" lon="7.2137">
        <ele>714</ele>
        <time>2025-11-23T12:47:48+00:00</time>
      </trkpt>
      <trkpt lat="47.39095" lon="7.21399">
        <ele>712</ele>
        <time>2025-11-23T12:47:51+00:00</time>
      </trkpt>
      <trkpt lat="47.39086" lon="7.21419">
        <ele>714</ele>
        <time>2025-11-23T12:47:54+00:00</time>
      </trkpt>
      <trkpt lat="47.39085" lon="7.21435">
        <ele>713</ele>
        <time>2025-11-23T12:47:57+00:00</time>
      </trkpt>
      <trkpt lat="47.39081" lon="7.21502">
        <ele>718</ele>
        <time>2025-11-23T12:48:00+00:00</time>
      </trkpt>
      <trkpt lat="47.39082" lon="7.21538">
        <ele>723</ele>
        <time>2025-11-23T12:48:03+00:00</time>
      </trkpt>
      <trkpt lat="47.39113" lon="7.21576">
        <ele>730</ele>
        <time>2025-11-23T12:48:06+00:00</time>
      </trkpt>
      <trkpt lat="47.39115" lon="7.21597">
        <ele>732</ele>
        <time>2025-11-23T12:48:09+00:00</time>
      </trkpt>
      <trkpt lat="47.39114" lon="7.21626">
        <ele>736</ele>
        <time>2025-11-23T12:48:12+00:00</time>
      </trkpt>
      <trkpt lat="47.39113" lon="7.21664">
        <ele>743</ele>
        <time>2025-11-23T12:48:15+00:00</time>
      </trkpt>
      <trkpt lat="47.39111" lon="7.21673">
        <ele>745</ele>
        <time>2025-11-23T12:48:18+00:00</time>
      </trkpt>
      <trkpt lat="47.39107" lon="7.21681">
        <ele>743</ele>
        <time>2025-11-23T12:48:21+00:00</time>
      </trkpt>
      <trkpt lat="47.39101" lon="7.21684">
        <ele>743</ele>
        <time>2025-11-23T12:48:24+00:00</time>
      </trkpt>
      <trkpt lat="47.39095" lon="7.21684">
        <ele>739</ele>
        <time>2025-11-23T12:48:27+00:00</time>
      </trkpt>
      <trkpt lat="47.39087" lon="7.21675">
        <ele>735</ele>
        <time>2025-11-23T12:48:30+00:00</time>
      </trkpt>
      <trkpt lat="47.39077" lon="7.21645">
        <ele>738</ele>
        <time>2025-11-23T12:48:33+00:00</time>
      </trkpt>
      <trkpt lat="47.39074" lon="7.21629">
        <ele>733</ele>
        <time>2025-11-23T12:48:36+00:00</time>
      </trkpt>
      <trkpt lat="47.3907" lon="7.21616">
        <ele>739</ele>
        <time>2025-11-23T12:48:39+00:00</time>
      </trkpt>
      <trkpt lat="47.39064" lon="7.2161">
        <ele>734</ele>
        <time>2025-11-23T12:48:42+00:00</time>
      </trkpt>
      <trkpt lat="47.39061" lon="7.21611">
        <ele>734</ele>
        <time>2025-11-23T12:48:45+00:00</time>
      </trkpt>
      <trkpt lat="47.39042" lon="7.21628">
        <ele>741</ele>
        <time>2025-11-23T12:48:48+00:00</time>
      </trkpt>
      <trkpt lat="47.39043" lon="7.21682">
        <ele>745</ele>
        <time>2025-11-23T12:48:51+00:00</time>
      </trkpt>
      <trkpt lat="47.39044" lon="7.2174">
        <ele>748</ele>
        <time>2025-11-23T12:48:54+00:00</time>
      </trkpt>
      <trkpt lat="47.39044" lon="7.21772">
        <ele>745</ele>
        <time>2025-11-23T12:48:57+00:00</time>
      </trkpt>
      <trkpt lat="47.39044" lon="7.21772">
        <ele>751</ele>
        <time>2025-11-23T12:49:00+00:00</time>
      </trkpt>
      <trkpt lat="47.3904" lon="7.21793">
        <ele>749</ele>
        <time>2025-11-23T12:49:03+00:00</time>
      </trkpt>
      <trkpt lat="47.39043" lon="7.2181">
        <ele>746</ele>
        <time>2025-11-23T12:49:06+00:00</time>
      </trkpt>
      <trkpt lat="47.39059" lon="7.21819">
        <ele>744</ele>
        <time>2025-11-23T12:49:09+00:00</time>
      </trkpt>
      <trkpt lat="47.39074" lon="7.21806">
        <ele>747</ele>
        <time>2025-11-23T12:49:12+00:00</time>
      </trkpt>
      <trkpt lat="47.39083" lon="7.21791">
        <ele>752</ele>
        <time>2025-11-23T12:49:15+00:00</time>
      </trkpt>
      <trkpt lat="47.39109" lon="7.21804">
        <ele>763</ele>
        <time>2025-11-23T12:49:18+00:00</time>
      </trkpt>
      <trkpt lat="47.3912" lon="7.21829">
        <ele>774</ele>
        <time>2025-11-23T12:49:21+00:00</time>
      </trkpt>
      <trkpt lat="47.39139" lon="7.21832">
        <ele>775</ele>
        <time>2025-11-23T12:49:24+00:00</time>
      </trkpt>
      <trkpt lat="47.39168" lon="7.21821">
        <ele>776</ele>
        <time>2025-11-23T12:49:27+00:00</time>
      </trkpt>
      <trkpt lat="47.39193" lon="7.2181">
        <ele>778</ele>
        <time>2025-11-23T12:49:30+00:00</time>
      </trkpt>
      <trkpt lat="47.39228" lon="7.21795">
        <ele>780</ele>
        <time>2025-11-23T12:49:33+00:00</time>
      </trkpt>
      <trkpt lat="47.39248" lon="7.21784">
        <ele>786</ele>
        <time>2025-11-23T12:49:36+00:00</time>
      </trkpt>
      <trkpt lat="47.39259" lon="7.21781">
        <ele>789</ele>
        <time>2025-11-23T12:49:39+00:00</time>
      </trkpt>
      <trkpt lat="47.39271" lon="7.21781">
        <ele>790</ele>
        <time>2025-11-23T12:49:42+00:00</time>
      </trkpt>
      <trkpt lat="47.39294" lon="7.21788">
        <ele>792</ele>
        <time>2025-11-23T12:49:45+00:00</time>
      </trkpt>
      <trkpt lat="47.39309" lon="7.21806">
        <ele>797</ele>
        <time>2025-11-23T12:49:48+00:00</time>
      </trkpt>
      <trkpt lat="47.39313" lon="7.21816">
        <ele>802</ele>
        <time>2025-11-23T12:49:51+00:00</time>
      </trkpt>
      <trkpt lat="47.39319" lon="7.21837">
        <ele>804</ele>
        <time>2025-11-23T12:49:54+00:00</time>
      </trkpt>
      <trkpt lat="47.39324" lon="7.2187">
        <ele>811</ele>
        <time>2025-11-23T12:49:57+00:00</time>
      </trkpt>
      <trkpt lat="47.39324" lon="7.2187">
        <ele>811</ele>
        <time>2025-11-23T12:50:00+00:00</time>
      </trkpt>
      <trkpt lat="47.39329" lon="7.21846">
        <ele>809</ele>
        <time>2025-11-23T12:50:03+00:00</time>
      </trkpt>
      <trkpt lat="47.39334" lon="7.21813">
        <ele>807</ele>
        <time>2025-11-23T12:50:06+00:00</time>
      </trkpt>
      <trkpt lat="47.39333" lon="7.2176">
        <ele>808</ele>
        <time>2025-11-23T12:50:09+00:00</time>
      </trkpt>
      <trkpt lat="47.3933" lon="7.21714">
        <ele>810</ele>
        <time>2025-11-23T12:50:12+00:00</time>
      </trkpt>
      <trkpt lat="47.39327" lon="7.21668">
        <ele>810</ele>
        <time>2025-11-23T12:50:15+00:00</time>
      </trkpt>
      <trkpt lat="47.39324" lon="7.21616">
        <ele>810</ele>
        <time>2025-11-23T12:50:18+00:00</time>
      </trkpt>
      <trkpt lat="47.39308" lon="7.21577">
        <ele>818</ele>
        <time>2025-11-23T12:50:21+00:00</time>
      </trkpt>
      <trkpt lat="47.39289" lon="7.21519">
        <ele>840</ele>
        <time>2025-11-23T12:50:24+00:00</time>
      </trkpt>
      <trkpt lat="47.39297" lon="7.21511">
        <ele>843</ele>
        <time>2025-11-23T12:50:27+00:00</time>
      </trkpt>
      <trkpt lat="47.3931" lon="7.21508">
        <ele>855</ele>
        <time>2025-11-23T12:50:30+00:00</time>
      </trkpt>
      <trkpt lat="47.39319" lon="7.21509">
        <ele>855</ele>
        <time>2025-11-23T12:50:33+00:00</time>
      </trkpt>
      <trkpt lat="47.39338" lon="7.21518">
        <ele>856</ele>
        <time>2025-11-23T12:50:36+00:00</time>
      </trkpt>
      <trkpt lat="47.39357" lon="7.21527">
        <ele>860</ele>
        <time>2025-11-23T12:50:39+00:00</time>
      </trkpt>
      <trkpt lat="47.39378" lon="7.21542">
        <ele>862</ele>
        <time>2025-11-23T12:50:42+00:00</time>
      </trkpt>
      <trkpt lat="47.39391" lon="7.21561">
        <ele>866</ele>
        <time>2025-11-23T12:50:45+00:00</time>
      </trkpt>
      <trkpt lat="47.39399" lon="7.21584">
        <ele>863</ele>
        <time>2025-11-23T12:50:48+00:00</time>
      </trkpt>
      <trkpt lat="47.39401" lon="7.21606">
        <ele>867</ele>
        <time>2025-11-23T12:50:51+00:00</time>
      </trkpt>
      <trkpt lat="47.39398" lon="7.21635">
        <ele>862</ele>
        <time>2025-11-23T12:50:54+00:00</time>
      </trkpt>
      <trkpt lat="47.39395" lon="7.21675">
        <ele>861</ele>
        <time>2025-11-23T12:50:57+00:00</time>
      </trkpt>
      <trkpt lat="47.39396" lon="7.21698">
        <ele>857</ele>
        <time>2025-11-23T12:51:00+00:00</time>
      </trkpt>
      <trkpt lat="47.39404" lon="7.21726">
        <ele>862</ele>
        <time>2025-11-23T12:51:03+00:00</time>
      </trkpt>
      <trkpt lat="47.39419" lon="7.21766">
        <ele>863</ele>
        <time>2025-11-23T12:51:06+00:00</time>
      </trkpt>
      <trkpt lat="47.39428" lon="7.21784">
        <ele>868</ele>
        <time>2025-11-23T12:51:09+00:00</time>
      </trkpt>
      <trkpt lat="47.39432" lon="7.21808">
        <ele>870</ele>
        <time>2025-11-23T12:51:12+00:00</time>
      </trkpt>
      <trkpt lat="47.39436" lon="7.21834">
        <ele>870</ele>
        <time>2025-11-23T12:51:15+00:00</time>
      </trkpt>
      <trkpt lat="47.39437" lon="7.21858">
        <ele>870</ele>
        <time>2025-11-23T12:51:18+00:00</time>
      </trkpt>
      <trkpt lat="47.39441" lon="7.21869">
        <ele>868</ele>
        <time>2025-11-23T12:51:21+00:00</time>
      </trkpt>
      <trkpt lat="47.39441" lon="7.21869">
        <ele>868</ele>
        <time>2025-11-23T12:51:24+00:00</time>
      </trkpt>
      <trkpt lat="47.39442" lon="7.2186">
        <ele>869</ele>
        <time>2025-11-23T12:51:27+00:00</time>
      </trkpt>
      <trkpt lat="47.39453" lon="7.21846">
        <ele>864</ele>
        <time>2025-11-23T12:51:30+00:00</time>
      </trkpt>
      <trkpt lat="47.39459" lon="7.21829">
        <ele>865</ele>
        <time>2025-11-23T12:51:33+00:00</time>
      </trkpt>
      <trkpt lat="47.39459" lon="7.21829">
        <ele>865</ele>
        <time>2025-11-23T12:51:36+00:00</time>
      </trkpt>
      <trkpt lat="47.39459" lon="7.21829">
        <ele>865</ele>
        <time>2025-11-23T12:51:39+00:00</time>
      </trkpt>
      <trkpt lat="47.39461" lon="7.21816">
        <ele>863</ele>
        <time>2025-11-23T12:51:42+00:00</time>
      </trkpt>
      <trkpt lat="47.39458" lon="7.2177">
        <ele>863</ele>
        <time>2025-11-23T12:51:45+00:00</time>
      </trkpt>
      <trkpt lat="47.39454" lon="7.21733">
        <ele>861</ele>
        <time>2025-11-23T12:51:48+00:00</time>
      </trkpt>
      <trkpt lat="47.39448" lon="7.2169">
        <ele>861</ele>
        <time>2025-11-23T12:51:51+00:00</time>
      </trkpt>
      <trkpt lat="47.39446" lon="7.21653">
        <ele>862</ele>
        <time>2025-11-23T12:51:54+00:00</time>
      </trkpt>
      <trkpt lat="47.39444" lon="7.21606">
        <ele>861</ele>
        <time>2025-11-23T12:51:57+00:00</time>
      </trkpt>
      <trkpt lat="47.39446" lon="7.21585">
        <ele>863</ele>
        <time>2025-11-23T12:52:00+00:00</time>
      </trkpt>
      <trkpt lat="47.39455" lon="7.2156">
        <ele>861</ele>
        <time>2025-11-23T12:52:03+00:00</time>
      </trkpt>
      <trkpt lat="47.39458" lon="7.21525">
        <ele>859</ele>
        <time>2025-11-23T12:52:06+00:00</time>
      </trkpt>
      <trkpt lat="47.39462" lon="7.21487">
        <ele>857</ele>
        <time>2025-11-23T12:52:09+00:00</time>
      </trkpt>
      <trkpt lat="47.39457" lon="7.21434">
        <ele>856</ele>
        <time>2025-11-23T12:52:12+00:00</time>
      </trkpt>
      <trkpt lat="47.39451" lon="7.21402">
        <ele>848</ele>
        <time>2025-11-23T12:52:15+00:00</time>
      </trkpt>
      <trkpt lat="47.39438" lon="7.21357">
        <ele>845</ele>
        <time>2025-11-23T12:52:18+00:00</time>
      </trkpt>
      <trkpt lat="47.39421" lon="7.21321">
        <ele>841</ele>
        <time>2025-11-23T12:52:21+00:00</time>
      </trkpt>
      <trkpt lat="47.39406" lon="7.21295">
        <ele>835</ele>
        <time>2025-11-23T12:52:24+00:00</time>
      </trkpt>
      <trkpt lat="47.3939" lon="7.21269">
        <ele>823</ele>
        <time>2025-11-23T12:52:27+00:00</time>
      </trkpt>
      <trkpt lat="47.3936" lon="7.21223">
        <ele>818</ele>
        <time>2025-11-23T12:52:30+00:00</time>
      </trkpt>
      <trkpt lat="47.39344" lon="7.21202">
        <ele>816</ele>
        <time>2025-11-23T12:52:33+00:00</time>
      </trkpt>
      <trkpt lat="47.39325" lon="7.21181">
        <ele>810</ele>
        <time>2025-11-23T12:52:36+00:00</time>
      </trkpt>
      <trkpt lat="47.39314" lon="7.21172">
        <ele>807</ele>
        <time>2025-11-23T12:52:39+00:00</time>
      </trkpt>
      <trkpt lat="47.39314" lon="7.21172">
        <ele>807</ele>
        <time>2025-11-23T12:52:42+00:00</time>
      </trkpt>
      <trkpt lat="47.39313" lon="7.21171">
        <ele>807</ele>
        <time>2025-11-23T12:52:45+00:00</time>
      </trkpt>
      <trkpt lat="47.39311" lon="7.21163">
        <ele>806</ele>
        <time>2025-11-23T12:52:48+00:00</time>
      </trkpt>
      <trkpt lat="47.39313" lon="7.21158">
        <ele>798</ele>
        <time>2025-11-23T12:52:51+00:00</time>
      </trkpt>
      <trkpt lat="47.39318" lon="7.21156">
        <ele>798</ele>
        <time>2025-11-23T12:52:54+00:00</time>
      </trkpt>
      <trkpt lat="47.39344" lon="7.21177">
        <ele>806</ele>
        <time>2025-11-23T12:52:57+00:00</time>
      </trkpt>
      <trkpt lat="47.39369" lon="7.21199">
        <ele>805</ele>
        <time>2025-11-23T12:53:00+00:00</time>
      </trkpt>
      <trkpt lat="47.39406" lon="7.21229">
        <ele>809</ele>
        <time>2025-11-23T12:53:03+00:00</time>
      </trkpt>
      <trkpt lat="47.39426" lon="7.21252">
        <ele>808</ele>
        <time>2025-11-23T12:53:06+00:00</time>
      </trkpt>
      <trkpt lat="47.39451" lon="7.2128">
        <ele>808</ele>
        <time>2025-11-23T12:53:09+00:00</time>
      </trkpt>
      <trkpt lat="47.39467" lon="7.21304">
        <ele>809</ele>
        <time>2025-11-23T12:53:12+00:00</time>
      </trkpt>
      <trkpt lat="47.39484" lon="7.21328">
        <ele>810</ele>
        <time>2025-11-23T12:53:15+00:00</time>
      </trkpt>
      <trkpt lat="47.39508" lon="7.21367">
        <ele>809</ele>
        <time>2025-11-23T12:53:18+00:00</time>
      </trkpt>
      <trkpt lat="47.39523" lon="7.214">
        <ele>808</ele>
        <time>2025-11-23T12:53:21+00:00</time>
      </trkpt>
      <trkpt lat="47.39541" lon="7.21456">
        <ele>804</ele>
        <time>2025-11-23T12:53:24+00:00</time>
      </trkpt>
      <trkpt lat="47.39555" lon="7.2151">
        <ele>799</ele>
        <time>2025-11-23T12:53:27+00:00</time>
      </trkpt>
      <trkpt lat="47.39558" lon="7.21533">
        <ele>797</ele>
        <time>2025-11-23T12:53:30+00:00</time>
      </trkpt>
      <trkpt lat="47.39557" lon="7.21554">
        <ele>797</ele>
        <time>2025-11-23T12:53:33+00:00</time>
      </trkpt>
      <trkpt lat="47.39554" lon="7.21573">
        <ele>795</ele>
        <time>2025-11-23T12:53:36+00:00</time>
      </trkpt>
      <trkpt lat="47.39557" lon="7.21601">
        <ele>794</ele>
        <time>2025-11-23T12:53:39+00:00</time>
      </trkpt>
      <trkpt lat="47.3956" lon="7.21635">
        <ele>786</ele>
        <time>2025-11-23T12:53:42+00:00</time>
      </trkpt>
      <trkpt lat="47.39565" lon="7.21664">
        <ele>782</ele>
        <time>2025-11-23T12:53:45+00:00</time>
      </trkpt>
      <trkpt lat="47.39578" lon="7.21687">
        <ele>779</ele>
        <time>2025-11-23T12:53:48+00:00</time>
      </trkpt>
      <trkpt lat="47.39578" lon="7.21687">
        <ele>779</ele>
        <time>2025-11-23T12:53:51+00:00</time>
      </trkpt>
      <trkpt lat="47.39593" lon="7.21709">
        <ele>777</ele>
        <time>2025-11-23T12:53:54+00:00</time>
      </trkpt>
      <trkpt lat="47.39607" lon="7.21716">
        <ele>777</ele>
        <time>2025-11-23T12:53:57+00:00</time>
      </trkpt>
      <trkpt lat="47.39622" lon="7.21733">
        <ele>777</ele>
        <time>2025-11-23T12:54:00+00:00</time>
      </trkpt>
      <trkpt lat="47.3964" lon="7.21757">
        <ele>778</ele>
        <time>2025-11-23T12:54:03+00:00</time>
      </trkpt>
      <trkpt lat="47.3966" lon="7.21785">
        <ele>778</ele>
        <time>2025-11-23T12:54:06+00:00</time>
      </trkpt>
      <trkpt lat="47.39668" lon="7.21793">
        <ele>781</ele>
        <time>2025-11-23T12:54:09+00:00</time>
      </trkpt>
      <trkpt lat="47.39688" lon="7.21795">
        <ele>779</ele>
        <time>2025-11-23T12:54:12+00:00</time>
      </trkpt>
      <trkpt lat="47.39689" lon="7.21795">
        <ele>779</ele>
        <time>2025-11-23T12:54:15+00:00</time>
      </trkpt>
      <trkpt lat="47.39689" lon="7.21795">
        <ele>779</ele>
        <time>2025-11-23T12:54:18+00:00</time>
      </trkpt>
      <trkpt lat="47.39702" lon="7.21791">
        <ele>783</ele>
        <time>2025-11-23T12:54:21+00:00</time>
      </trkpt>
      <trkpt lat="47.39729" lon="7.2178">
        <ele>781</ele>
        <time>2025-11-23T12:54:24+00:00</time>
      </trkpt>
      <trkpt lat="47.39754" lon="7.21776">
        <ele>784</ele>
        <time>2025-11-23T12:54:27+00:00</time>
      </trkpt>
      <trkpt lat="47.39772" lon="7.21778">
        <ele>784</ele>
        <time>2025-11-23T12:54:30+00:00</time>
      </trkpt>
      <trkpt lat="47.39798" lon="7.21787">
        <ele>788</ele>
        <time>2025-11-23T12:54:33+00:00</time>
      </trkpt>
      <trkpt lat="47.39826" lon="7.218">
        <ele>788</ele>
        <time>2025-11-23T12:54:36+00:00</time>
      </trkpt>
      <trkpt lat="47.39854" lon="7.21817">
        <ele>795</ele>
        <time>2025-11-23T12:54:39+00:00</time>
      </trkpt>
      <trkpt lat="47.39877" lon="7.21836">
        <ele>798</ele>
        <time>2025-11-23T12:54:42+00:00</time>
      </trkpt>
      <trkpt lat="47.39898" lon="7.21851">
        <ele>803</ele>
        <time>2025-11-23T12:54:45+00:00</time>
      </trkpt>
      <trkpt lat="47.39919" lon="7.21867">
        <ele>803</ele>
        <time>2025-11-23T12:54:48+00:00</time>
      </trkpt>
      <trkpt lat="47.39937" lon="7.21891">
        <ele>810</ele>
        <time>2025-11-23T12:54:51+00:00</time>
      </trkpt>
      <trkpt lat="47.39956" lon="7.21917">
        <ele>810</ele>
        <time>2025-11-23T12:54:54+00:00</time>
      </trkpt>
      <trkpt lat="47.39968" lon="7.21917">
        <ele>812</ele>
        <time>2025-11-23T12:54:57+00:00</time>
      </trkpt>
      <trkpt lat="47.39991" lon="7.21908">
        <ele>810</ele>
        <time>2025-11-23T12:55:00+00:00</time>
      </trkpt>
      <trkpt lat="47.40025" lon="7.21893">
        <ele>810</ele>
        <time>2025-11-23T12:55:03+00:00</time>
      </trkpt>
      <trkpt lat="47.40066" lon="7.21888">
        <ele>813</ele>
        <time>2025-11-23T12:55:06+00:00</time>
      </trkpt>
      <trkpt lat="47.40108" lon="7.21865">
        <ele>813</ele>
        <time>2025-11-23T12:55:09+00:00</time>
      </trkpt>
      <trkpt lat="47.40129" lon="7.21862">
        <ele>818</ele>
        <time>2025-11-23T12:55:12+00:00</time>
      </trkpt>
      <trkpt lat="47.4014" lon="7.21862">
        <ele>824</ele>
        <time>2025-11-23T12:55:15+00:00</time>
      </trkpt>
      <trkpt lat="47.40169" lon="7.21871">
        <ele>830</ele>
        <time>2025-11-23T12:55:18+00:00</time>
      </trkpt>
      <trkpt lat="47.40199" lon="7.21881">
        <ele>830</ele>
        <time>2025-11-23T12:55:21+00:00</time>
      </trkpt>
      <trkpt lat="47.40247" lon="7.21896">
        <ele>823</ele>
        <time>2025-11-23T12:55:24+00:00</time>
      </trkpt>
      <trkpt lat="47.40287" lon="7.21928">
        <ele>824</ele>
        <time>2025-11-23T12:55:27+00:00</time>
      </trkpt>
      <trkpt lat="47.40308" lon="7.2195">
        <ele>824</ele>
        <time>2025-11-23T12:55:30+00:00</time>
      </trkpt>
      <trkpt lat="47.40331" lon="7.21984">
        <ele>824</ele>
        <time>2025-11-23T12:55:33+00:00</time>
      </trkpt>
      <trkpt lat="47.40353" lon="7.22018">
        <ele>824</ele>
        <time>2025-11-23T12:55:36+00:00</time>
      </trkpt>
      <trkpt lat="47.40383" lon="7.22064">
        <ele>825</ele>
        <time>2025-11-23T12:55:39+00:00</time>
      </trkpt>
      <trkpt lat="47.404" lon="7.22096">
        <ele>831</ele>
        <time>2025-11-23T12:55:42+00:00</time>
      </trkpt>
      <trkpt lat="47.40426" lon="7.22145">
        <ele>834</ele>
        <time>2025-11-23T12:55:45+00:00</time>
      </trkpt>
      <trkpt lat="47.40439" lon="7.22163">
        <ele>835</ele>
        <time>2025-11-23T12:55:48+00:00</time>
      </trkpt>
      <trkpt lat="47.40439" lon="7.22163">
        <ele>835</ele>
        <time>2025-11-23T12:55:51+00:00</time>
      </trkpt>
      <trkpt lat="47.4045" lon="7.22198">
        <ele>839</ele>
        <time>2025-11-23T12:55:54+00:00</time>
      </trkpt>
      <trkpt lat="47.40455" lon="7.22248">
        <ele>849</ele>
        <time>2025-11-23T12:55:57+00:00</time>
      </trkpt>
      <trkpt lat="47.40468" lon="7.223">
        <ele>856</ele>
        <time>2025-11-23T12:56:00+00:00</time>
      </trkpt>
      <trkpt lat="47.40467" lon="7.22328">
        <ele>857</ele>
        <time>2025-11-23T12:56:03+00:00</time>
      </trkpt>
      <trkpt lat="47.40455" lon="7.22331">
        <ele>858</ele>
        <time>2025-11-23T12:56:06+00:00</time>
      </trkpt>
      <trkpt lat="47.40443" lon="7.22335">
        <ele>859</ele>
        <time>2025-11-23T12:56:09+00:00</time>
      </trkpt>
      <trkpt lat="47.40426" lon="7.22329">
        <ele>858</ele>
        <time>2025-11-23T12:56:12+00:00</time>
      </trkpt>
      <trkpt lat="47.40418" lon="7.22296">
        <ele>859</ele>
        <time>2025-11-23T12:56:15+00:00</time>
      </trkpt>
      <trkpt lat="47.40413" lon="7.22287">
        <ele>861</ele>
        <time>2025-11-23T12:56:18+00:00</time>
      </trkpt>
      <trkpt lat="47.40412" lon="7.22283">
        <ele>861</ele>
        <time>2025-11-23T12:56:21+00:00</time>
      </trkpt>
      <trkpt lat="47.40397" lon="7.22252">
        <ele>860</ele>
        <time>2025-11-23T12:56:24+00:00</time>
      </trkpt>
      <trkpt lat="47.4037" lon="7.22198">
        <ele>857</ele>
        <time>2025-11-23T12:56:27+00:00</time>
      </trkpt>
      <trkpt lat="47.40351" lon="7.22167">
        <ele>855</ele>
        <time>2025-11-23T12:56:30+00:00</time>
      </trkpt>
      <trkpt lat="47.40316" lon="7.22111">
        <ele>855</ele>
        <time>2025-11-23T12:56:33+00:00</time>
      </trkpt>
      <trkpt lat="47.40295" lon="7.22089">
        <ele>856</ele>
        <time>2025-11-23T12:56:36+00:00</time>
      </trkpt>
      <trkpt lat="47.40268" lon="7.2206">
        <ele>862</ele>
        <time>2025-11-23T12:56:39+00:00</time>
      </trkpt>
      <trkpt lat="47.40245" lon="7.22049">
        <ele>866</ele>
        <time>2025-11-23T12:56:42+00:00</time>
      </trkpt>
      <trkpt lat="47.40245" lon="7.22049">
        <ele>866</ele>
        <time>2025-11-23T12:56:45+00:00</time>
      </trkpt>
      <trkpt lat="47.40214" lon="7.22034">
        <ele>866</ele>
        <time>2025-11-23T12:56:48+00:00</time>
      </trkpt>
      <trkpt lat="47.40173" lon="7.22022">
        <ele>869</ele>
        <time>2025-11-23T12:56:51+00:00</time>
      </trkpt>
      <trkpt lat="47.40152" lon="7.22044">
        <ele>873</ele>
        <time>2025-11-23T12:56:54+00:00</time>
      </trkpt>
      <trkpt lat="47.4013" lon="7.22076">
        <ele>881</ele>
        <time>2025-11-23T12:56:57+00:00</time>
      </trkpt>
      <trkpt lat="47.40094" lon="7.22078">
        <ele>883</ele>
        <time>2025-11-23T12:57:00+00:00</time>
      </trkpt>
      <trkpt lat="47.40094" lon="7.22078">
        <ele>883</ele>
        <time>2025-11-23T12:57:03+00:00</time>
      </trkpt>
      <trkpt lat="47.4008" lon="7.22083">
        <ele>883</ele>
        <time>2025-11-23T12:57:06+00:00</time>
      </trkpt>
      <trkpt lat="47.40075" lon="7.22064">
        <ele>883</ele>
        <time>2025-11-23T12:57:09+00:00</time>
      </trkpt>
      <trkpt lat="47.40082" lon="7.22046">
        <ele>880</ele>
        <time>2025-11-23T12:57:12+00:00</time>
      </trkpt>
      <trkpt lat="47.4006" lon="7.22056">
        <ele>881</ele>
        <time>2025-11-23T12:57:15+00:00</time>
      </trkpt>
      <trkpt lat="47.40044" lon="7.22063">
        <ele>880</ele>
        <time>2025-11-23T12:57:18+00:00</time>
      </trkpt>
      <trkpt lat="47.40024" lon="7.22065">
        <ele>878</ele>
        <time>2025-11-23T12:57:21+00:00</time>
      </trkpt>
      <trkpt lat="47.4" lon="7.22069">
        <ele>873</ele>
        <time>2025-11-23T12:57:24+00:00</time>
      </trkpt>
      <trkpt lat="47.39981" lon="7.22073">
        <ele>869</ele>
        <time>2025-11-23T12:57:27+00:00</time>
      </trkpt>
      <trkpt lat="47.3997" lon="7.22077">
        <ele>865</ele>
        <time>2025-11-23T12:57:30+00:00</time>
      </trkpt>
      <trkpt lat="47.39974" lon="7.22075">
        <ele>868</ele>
        <time>2025-11-23T12:57:33+00:00</time>
      </trkpt>
      <trkpt lat="47.39958" lon="7.22077">
        <ele>862</ele>
        <time>2025-11-23T12:57:36+00:00</time>
      </trkpt>
      <trkpt lat="47.3997" lon="7.22077">
        <ele>865</ele>
        <time>2025-11-23T12:57:39+00:00</time>
      </trkpt>
      <trkpt lat="47.39953" lon="7.22077">
        <ele>862</ele>
        <time>2025-11-23T12:57:42+00:00</time>
      </trkpt>
      <trkpt lat="47.39923" lon="7.22054">
        <ele>863</ele>
        <time>2025-11-23T12:57:45+00:00</time>
      </trkpt>
      <trkpt lat="47.39912" lon="7.22032">
        <ele>869</ele>
        <time>2025-11-23T12:57:48+00:00</time>
      </trkpt>
      <trkpt lat="47.39891" lon="7.22025">
        <ele>873</ele>
        <time>2025-11-23T12:57:51+00:00</time>
      </trkpt>
      <trkpt lat="47.39867" lon="7.22032">
        <ele>874</ele>
        <time>2025-11-23T12:57:54+00:00</time>
      </trkpt>
      <trkpt lat="47.39846" lon="7.22038">
        <ele>876</ele>
        <time>2025-11-23T12:57:57+00:00</time>
      </trkpt>
      <trkpt lat="47.39807" lon="7.22018">
        <ele>881</ele>
        <time>2025-11-23T12:58:00+00:00</time>
      </trkpt>
      <trkpt lat="47.39786" lon="7.22015">
        <ele>886</ele>
        <time>2025-11-23T12:58:03+00:00</time>
      </trkpt>
      <trkpt lat="47.39764" lon="7.22028">
        <ele>886</ele>
        <time>2025-11-23T12:58:06+00:00</time>
      </trkpt>
      <trkpt lat="47.39741" lon="7.22042">
        <ele>883</ele>
        <time>2025-11-23T12:58:09+00:00</time>
      </trkpt>
      <trkpt lat="47.39721" lon="7.22046">
        <ele>880</ele>
        <time>2025-11-23T12:58:12+00:00</time>
      </trkpt>
      <trkpt lat="47.39694" lon="7.22072">
        <ele>878</ele>
        <time>2025-11-23T12:58:15+00:00</time>
      </trkpt>
      <trkpt lat="47.39674" lon="7.2206">
        <ele>878</ele>
        <time>2025-11-23T12:58:18+00:00</time>
      </trkpt>
      <trkpt lat="47.39658" lon="7.22066">
        <ele>876</ele>
        <time>2025-11-23T12:58:21+00:00</time>
      </trkpt>
      <trkpt lat="47.39644" lon="7.22073">
        <ele>878</ele>
        <time>2025-11-23T12:58:24+00:00</time>
      </trkpt>
      <trkpt lat="47.39642" lon="7.22082">
        <ele>876</ele>
        <time>2025-11-23T12:58:27+00:00</time>
      </trkpt>
      <trkpt lat="47.39621" lon="7.22084">
        <ele>879</ele>
        <time>2025-11-23T12:58:30+00:00</time>
      </trkpt>
      <trkpt lat="47.39606" lon="7.22066">
        <ele>880</ele>
        <time>2025-11-23T12:58:33+00:00</time>
      </trkpt>
      <trkpt lat="47.39578" lon="7.22085">
        <ele>885</ele>
        <time>2025-11-23T12:58:36+00:00</time>
      </trkpt>
      <trkpt lat="47.39578" lon="7.22085">
        <ele>885</ele>
        <time>2025-11-23T12:58:39+00:00</time>
      </trkpt>
      <trkpt lat="47.39541" lon="7.2212">
        <ele>892</ele>
        <time>2025-11-23T12:58:42+00:00</time>
      </trkpt>
      <trkpt lat="47.39516" lon="7.22138">
        <ele>891</ele>
        <time>2025-11-23T12:58:45+00:00</time>
      </trkpt>
      <trkpt lat="47.39486" lon="7.2217">
        <ele>891</ele>
        <time>2025-11-23T12:58:48+00:00</time>
      </trkpt>
      <trkpt lat="47.39468" lon="7.22185">
        <ele>889</ele>
        <time>2025-11-23T12:58:51+00:00</time>
      </trkpt>
      <trkpt lat="47.39446" lon="7.22195">
        <ele>891</ele>
        <time>2025-11-23T12:58:54+00:00</time>
      </trkpt>
      <trkpt lat="47.39425" lon="7.22199">
        <ele>890</ele>
        <time>2025-11-23T12:58:57+00:00</time>
      </trkpt>
      <trkpt lat="47.39413" lon="7.22192">
        <ele>893</ele>
        <time>2025-11-23T12:59:00+00:00</time>
      </trkpt>
      <trkpt lat="47.39405" lon="7.22191">
        <ele>890</ele>
        <time>2025-11-23T12:59:03+00:00</time>
      </trkpt>
      <trkpt lat="47.39404" lon="7.22228">
        <ele>891</ele>
        <time>2025-11-23T12:59:06+00:00</time>
      </trkpt>
      <trkpt lat="47.39397" lon="7.22243">
        <ele>889</ele>
        <time>2025-11-23T12:59:09+00:00</time>
      </trkpt>
      <trkpt lat="47.39391" lon="7.22273">
        <ele>890</ele>
        <time>2025-11-23T12:59:12+00:00</time>
      </trkpt>
      <trkpt lat="47.39383" lon="7.22315">
        <ele>890</ele>
        <time>2025-11-23T12:59:15+00:00</time>
      </trkpt>
      <trkpt lat="47.3939" lon="7.2236">
        <ele>889</ele>
        <time>2025-11-23T12:59:18+00:00</time>
      </trkpt>
      <trkpt lat="47.39388" lon="7.2238">
        <ele>890</ele>
        <time>2025-11-23T12:59:21+00:00</time>
      </trkpt>
      <trkpt lat="47.39384" lon="7.22399">
        <ele>889</ele>
        <time>2025-11-23T12:59:24+00:00</time>
      </trkpt>
      <trkpt lat="47.39383" lon="7.2241">
        <ele>889</ele>
        <time>2025-11-23T12:59:27+00:00</time>
      </trkpt>
      <trkpt lat="47.39384" lon="7.22456">
        <ele>889</ele>
        <time>2025-11-23T12:59:30+00:00</time>
      </trkpt>
      <trkpt lat="47.39386" lon="7.2249">
        <ele>885</ele>
        <time>2025-11-23T12:59:33+00:00</time>
      </trkpt>
      <trkpt lat="47.39389" lon="7.22525">
        <ele>881</ele>
        <time>2025-11-23T12:59:36+00:00</time>
      </trkpt>
      <trkpt lat="47.39394" lon="7.22539">
        <ele>881</ele>
        <time>2025-11-23T12:59:39+00:00</time>
      </trkpt>
      <trkpt lat="47.39409" lon="7.22572">
        <ele>877</ele>
        <time>2025-11-23T12:59:42+00:00</time>
      </trkpt>
      <trkpt lat="47.39409" lon="7.22572">
        <ele>877</ele>
        <time>2025-11-23T12:59:45+00:00</time>
      </trkpt>
      <trkpt lat="47.3939" lon="7.22573">
        <ele>877</ele>
        <time>2025-11-23T12:59:48+00:00</time>
      </trkpt>
      <trkpt lat="47.39385" lon="7.22575">
        <ele>877</ele>
        <time>2025-11-23T12:59:51+00:00</time>
      </trkpt>
      <trkpt lat="47.39385" lon="7.22575">
        <ele>877</ele>
        <time>2025-11-23T12:59:54+00:00</time>
      </trkpt>
      <trkpt lat="47.39385" lon="7.22575">
        <ele>877</ele>
        <time>2025-11-23T12:59:57+00:00</time>
      </trkpt>
      <trkpt lat="47.39385" lon="7.22575">
        <ele>877</ele>
        <time>2025-11-23T13:00:00+00:00</time>
      </trkpt>
      <trkpt lat="47.39383" lon="7.22574">
        <ele>877</ele>
        <time>2025-11-23T13:00:03+00:00</time>
      </trkpt>
      <trkpt lat="47.39368" lon="7.22575">
        <ele>876</ele>
        <time>2025-11-23T13:00:06+00:00</time>
      </trkpt>
      <trkpt lat="47.39368" lon="7.22575">
        <ele>874</ele>
        <time>2025-11-23T13:00:09+00:00</time>
      </trkpt>
      <trkpt lat="47.39366" lon="7.22561">
        <ele>875</ele>
        <time>2025-11-23T13:00:12+00:00</time>
      </trkpt>
      <trkpt lat="47.39361" lon="7.22544">
        <ele>876</ele>
        <time>2025-11-23T13:00:15+00:00</time>
      </trkpt>
      <trkpt lat="47.39353" lon="7.22512">
        <ele>875</ele>
        <time>2025-11-23T13:00:18+00:00</time>
      </trkpt>
      <trkpt lat="47.39339" lon="7.22449">
        <ele>875</ele>
        <time>2025-11-23T13:00:21+00:00</time>
      </trkpt>
      <trkpt lat="47.39308" lon="7.22447">
        <ele>875</ele>
        <time>2025-11-23T13:00:24+00:00</time>
      </trkpt>
      <trkpt lat="47.39277" lon="7.22444">
        <ele>875</ele>
        <time>2025-11-23T13:00:27+00:00</time>
      </trkpt>
      <trkpt lat="47.39241" lon="7.22441">
        <ele>882</ele>
        <time>2025-11-23T13:00:30+00:00</time>
      </trkpt>
      <trkpt lat="47.39227" lon="7.22412">
        <ele>888</ele>
        <time>2025-11-23T13:00:33+00:00</time>
      </trkpt>
      <trkpt lat="47.39214" lon="7.22381">
        <ele>890</ele>
        <time>2025-11-23T13:00:36+00:00</time>
      </trkpt>
      <trkpt lat="47.39204" lon="7.22366">
        <ele>894</ele>
        <time>2025-11-23T13:00:39+00:00</time>
      </trkpt>
      <trkpt lat="47.39206" lon="7.22357">
        <ele>893</ele>
        <time>2025-11-23T13:00:42+00:00</time>
      </trkpt>
      <trkpt lat="47.39199" lon="7.22344">
        <ele>894</ele>
        <time>2025-11-23T13:00:45+00:00</time>
      </trkpt>
      <trkpt lat="47.39199" lon="7.22344">
        <ele>894</ele>
        <time>2025-11-23T13:00:48+00:00</time>
      </trkpt>
      <trkpt lat="47.39199" lon="7.22344">
        <ele>894</ele>
        <time>2025-11-23T13:00:51+00:00</time>
      </trkpt>
      <trkpt lat="47.39186" lon="7.22336">
        <ele>893</ele>
        <time>2025-11-23T13:00:54+00:00</time>
      </trkpt>
      <trkpt lat="47.39188" lon="7.22364">
        <ele>894</ele>
        <time>2025-11-23T13:00:57+00:00</time>
      </trkpt>
      <trkpt lat="47.39186" lon="7.22397">
        <ele>899</ele>
        <time>2025-11-23T13:01:00+00:00</time>
      </trkpt>
      <trkpt lat="47.39186" lon="7.22397">
        <ele>899</ele>
        <time>2025-11-23T13:01:03+00:00</time>
      </trkpt>
      <trkpt lat="47.39185" lon="7.22448">
        <ele>905</ele>
        <time>2025-11-23T13:01:06+00:00</time>
      </trkpt>
      <trkpt lat="47.3917" lon="7.2251">
        <ele>907</ele>
        <time>2025-11-23T13:01:09+00:00</time>
      </trkpt>
      <trkpt lat="47.39157" lon="7.2256">
        <ele>918</ele>
        <time>2025-11-23T13:01:12+00:00</time>
      </trkpt>
      <trkpt lat="47.39143" lon="7.22609">
        <ele>925</ele>
        <time>2025-11-23T13:01:15+00:00</time>
      </trkpt>
      <trkpt lat="47.3913" lon="7.22649">
        <ele>925</ele>
        <time>2025-11-23T13:01:18+00:00</time>
      </trkpt>
      <trkpt lat="47.39115" lon="7.22688">
        <ele>930</ele>
        <time>2025-11-23T13:01:21+00:00</time>
      </trkpt>
      <trkpt lat="47.39085" lon="7.22734">
        <ele>942</ele>
        <time>2025-11-23T13:01:24+00:00</time>
      </trkpt>
      <trkpt lat="47.3905" lon="7.22773">
        <ele>946</ele>
        <time>2025-11-23T13:01:27+00:00</time>
      </trkpt>
      <trkpt lat="47.39039" lon="7.22781">
        <ele>949</ele>
        <time>2025-11-23T13:01:30+00:00</time>
      </trkpt>
      <trkpt lat="47.39028" lon="7.22803">
        <ele>948</ele>
        <time>2025-11-23T13:01:33+00:00</time>
      </trkpt>
      <trkpt lat="47.39017" lon="7.22828">
        <ele>946</ele>
        <time>2025-11-23T13:01:36+00:00</time>
      </trkpt>
      <trkpt lat="47.39005" lon="7.22841">
        <ele>947</ele>
        <time>2025-11-23T13:01:39+00:00</time>
      </trkpt>
      <trkpt lat="47.39003" lon="7.22864">
        <ele>944</ele>
        <time>2025-11-23T13:01:42+00:00</time>
      </trkpt>
      <trkpt lat="47.39003" lon="7.22895">
        <ele>939</ele>
        <time>2025-11-23T13:01:45+00:00</time>
      </trkpt>
      <trkpt lat="47.39003" lon="7.22911">
        <ele>936</ele>
        <time>2025-11-23T13:01:48+00:00</time>
      </trkpt>
      <trkpt lat="47.3899" lon="7.22956">
        <ele>942</ele>
        <time>2025-11-23T13:01:51+00:00</time>
      </trkpt>
      <trkpt lat="47.38968" lon="7.22999">
        <ele>946</ele>
        <time>2025-11-23T13:01:54+00:00</time>
      </trkpt>
      <trkpt lat="47.38958" lon="7.23028">
        <ele>960</ele>
        <time>2025-11-23T13:01:57+00:00</time>
      </trkpt>
      <trkpt lat="47.3897" lon="7.23039">
        <ele>968</ele>
        <time>2025-11-23T13:02:00+00:00</time>
      </trkpt>
      <trkpt lat="47.38974" lon="7.23062">
        <ele>978</ele>
        <time>2025-11-23T13:02:03+00:00</time>
      </trkpt>
      <trkpt lat="47.38979" lon="7.23085">
        <ele>979</ele>
        <time>2025-11-23T13:02:06+00:00</time>
      </trkpt>
      <trkpt lat="47.38955" lon="7.23071">
        <ele>982</ele>
        <time>2025-11-23T13:02:09+00:00</time>
      </trkpt>
      <trkpt lat="47.38934" lon="7.2306">
        <ele>983</ele>
        <time>2025-11-23T13:02:12+00:00</time>
      </trkpt>
      <trkpt lat="47.38908" lon="7.2307">
        <ele>989</ele>
        <time>2025-11-23T13:02:15+00:00</time>
      </trkpt>
      <trkpt lat="47.38891" lon="7.2308">
        <ele>991</ele>
        <time>2025-11-23T13:02:18+00:00</time>
      </trkpt>
      <trkpt lat="47.38876" lon="7.23105">
        <ele>993</ele>
        <time>2025-11-23T13:02:21+00:00</time>
      </trkpt>
      <trkpt lat="47.38854" lon="7.2312">
        <ele>993</ele>
        <time>2025-11-23T13:02:24+00:00</time>
      </trkpt>
      <trkpt lat="47.38843" lon="7.23138">
        <ele>992</ele>
        <time>2025-11-23T13:02:27+00:00</time>
      </trkpt>
      <trkpt lat="47.38835" lon="7.23144">
        <ele>993</ele>
        <time>2025-11-23T13:02:30+00:00</time>
      </trkpt>
      <trkpt lat="47.3884" lon="7.23172">
        <ele>992</ele>
        <time>2025-11-23T13:02:33+00:00</time>
      </trkpt>
      <trkpt lat="47.38816" lon="7.23183">
        <ele>991</ele>
        <time>2025-11-23T13:02:36+00:00</time>
      </trkpt>
      <trkpt lat="47.38797" lon="7.23181">
        <ele>991</ele>
        <time>2025-11-23T13:02:39+00:00</time>
      </trkpt>
      <trkpt lat="47.38788" lon="7.23164">
        <ele>993</ele>
        <time>2025-11-23T13:02:42+00:00</time>
      </trkpt>
      <trkpt lat="47.38785" lon="7.23134">
        <ele>992</ele>
        <time>2025-11-23T13:02:45+00:00</time>
      </trkpt>
      <trkpt lat="47.38776" lon="7.23128">
        <ele>995</ele>
        <time>2025-11-23T13:02:48+00:00</time>
      </trkpt>
      <trkpt lat="47.38758" lon="7.2313">
        <ele>992</ele>
        <time>2025-11-23T13:02:51+00:00</time>
      </trkpt>
      <trkpt lat="47.38737" lon="7.23119">
        <ele>993</ele>
        <time>2025-11-23T13:02:54+00:00</time>
      </trkpt>
      <trkpt lat="47.38724" lon="7.23114">
        <ele>993</ele>
        <time>2025-11-23T13:02:57+00:00</time>
      </trkpt>
      <trkpt lat="47.38711" lon="7.23094">
        <ele>995</ele>
        <time>2025-11-23T13:03:00+00:00</time>
      </trkpt>
      <trkpt lat="47.38717" lon="7.23088">
        <ele>999</ele>
        <time>2025-11-23T13:03:03+00:00</time>
      </trkpt>
      <trkpt lat="47.38735" lon="7.23093">
        <ele>995</ele>
        <time>2025-11-23T13:03:06+00:00</time>
      </trkpt>
      <trkpt lat="47.38749" lon="7.23077">
        <ele>992</ele>
        <time>2025-11-23T13:03:09+00:00</time>
      </trkpt>
      <trkpt lat="47.38736" lon="7.2307">
        <ele>995</ele>
        <time>2025-11-23T13:03:12+00:00</time>
      </trkpt>
      <trkpt lat="47.38708" lon="7.23052">
        <ele>992</ele>
        <time>2025-11-23T13:03:15+00:00</time>
      </trkpt>
      <trkpt lat="47.38681" lon="7.23024">
        <ele>985</ele>
        <time>2025-11-23T13:03:18+00:00</time>
      </trkpt>
      <trkpt lat="47.38654" lon="7.22984">
        <ele>979</ele>
        <time>2025-11-23T13:03:21+00:00</time>
      </trkpt>
      <trkpt lat="47.38631" lon="7.22953">
        <ele>979</ele>
        <time>2025-11-23T13:03:24+00:00</time>
      </trkpt>
      <trkpt lat="47.38611" lon="7.22923">
        <ele>976</ele>
        <time>2025-11-23T13:03:27+00:00</time>
      </trkpt>
      <trkpt lat="47.38586" lon="7.22883">
        <ele>959</ele>
        <time>2025-11-23T13:03:30+00:00</time>
      </trkpt>
      <trkpt lat="47.38578" lon="7.2284">
        <ele>944</ele>
        <time>2025-11-23T13:03:33+00:00</time>
      </trkpt>
      <trkpt lat="47.38549" lon="7.22805">
        <ele>931</ele>
        <time>2025-11-23T13:03:36+00:00</time>
      </trkpt>
      <trkpt lat="47.38535" lon="7.22747">
        <ele>925</ele>
        <time>2025-11-23T13:03:39+00:00</time>
      </trkpt>
      <trkpt lat="47.38525" lon="7.22686">
        <ele>919</ele>
        <time>2025-11-23T13:03:42+00:00</time>
      </trkpt>
      <trkpt lat="47.38523" lon="7.22634">
        <ele>914</ele>
        <time>2025-11-23T13:03:45+00:00</time>
      </trkpt>
      <trkpt lat="47.38525" lon="7.22601">
        <ele>912</ele>
        <time>2025-11-23T13:03:48+00:00</time>
      </trkpt>
      <trkpt lat="47.38527" lon="7.22567">
        <ele>912</ele>
        <time>2025-11-23T13:03:51+00:00</time>
      </trkpt>
      <trkpt lat="47.38534" lon="7.22522">
        <ele>912</ele>
        <time>2025-11-23T13:03:54+00:00</time>
      </trkpt>
      <trkpt lat="47.38541" lon="7.22477">
        <ele>912</ele>
        <time>2025-11-23T13:03:57+00:00</time>
      </trkpt>
      <trkpt lat="47.38549" lon="7.22426">
        <ele>909</ele>
        <time>2025-11-23T13:04:00+00:00</time>
      </trkpt>
      <trkpt lat="47.3856" lon="7.22381">
        <ele>909</ele>
        <time>2025-11-23T13:04:03+00:00</time>
      </trkpt>
      <trkpt lat="47.38568" lon="7.22355">
        <ele>912</ele>
        <time>2025-11-23T13:04:06+00:00</time>
      </trkpt>
      <trkpt lat="47.3859" lon="7.22327">
        <ele>911</ele>
        <time>2025-11-23T13:04:09+00:00</time>
      </trkpt>
      <trkpt lat="47.38596" lon="7.22287">
        <ele>911</ele>
        <time>2025-11-23T13:04:12+00:00</time>
      </trkpt>
      <trkpt lat="47.38609" lon="7.22272">
        <ele>910</ele>
        <time>2025-11-23T13:04:15+00:00</time>
      </trkpt>
      <trkpt lat="47.38617" lon="7.22246">
        <ele>906</ele>
        <time>2025-11-23T13:04:18+00:00</time>
      </trkpt>
      <trkpt lat="47.38612" lon="7.22203">
        <ele>900</ele>
        <time>2025-11-23T13:04:21+00:00</time>
      </trkpt>
      <trkpt lat="47.38602" lon="7.22126">
        <ele>887</ele>
        <time>2025-11-23T13:04:24+00:00</time>
      </trkpt>
      <trkpt lat="47.38601" lon="7.2209">
        <ele>884</ele>
        <time>2025-11-23T13:04:27+00:00</time>
      </trkpt>
      <trkpt lat="47.38599" lon="7.22048">
        <ele>878</ele>
        <time>2025-11-23T13:04:30+00:00</time>
      </trkpt>
      <trkpt lat="47.38594" lon="7.22004">
        <ele>876</ele>
        <time>2025-11-23T13:04:33+00:00</time>
      </trkpt>
      <trkpt lat="47.38587" lon="7.21951">
        <ele>872</ele>
        <time>2025-11-23T13:04:36+00:00</time>
      </trkpt>
      <trkpt lat="47.38587" lon="7.21951">
        <ele>872</ele>
        <time>2025-11-23T13:04:39+00:00</time>
      </trkpt>
      <trkpt lat="47.38583" lon="7.21951">
        <ele>872</ele>
        <time>2025-11-23T13:04:42+00:00</time>
      </trkpt>
      <trkpt lat="47.38583" lon="7.21951">
        <ele>872</ele>
        <time>2025-11-23T13:04:45+00:00</time>
      </trkpt>
      <trkpt lat="47.38559" lon="7.21948">
        <ele>864</ele>
        <time>2025-11-23T13:04:48+00:00</time>
      </trkpt>
      <trkpt lat="47.38528" lon="7.21944">
        <ele>858</ele>
        <time>2025-11-23T13:04:51+00:00</time>
      </trkpt>
      <trkpt lat="47.38513" lon="7.21946">
        <ele>857</ele>
        <time>2025-11-23T13:04:54+00:00</time>
      </trkpt>
      <trkpt lat="47.38504" lon="7.21942">
        <ele>856</ele>
        <time>2025-11-23T13:04:57+00:00</time>
      </trkpt>
      <trkpt lat="47.38498" lon="7.21913">
        <ele>856</ele>
        <time>2025-11-23T13:05:00+00:00</time>
      </trkpt>
      <trkpt lat="47.38519" lon="7.21885">
        <ele>855</ele>
        <time>2025-11-23T13:05:03+00:00</time>
      </trkpt>
      <trkpt lat="47.38534" lon="7.21853">
        <ele>853</ele>
        <time>2025-11-23T13:05:06+00:00</time>
      </trkpt>
      <trkpt lat="47.38555" lon="7.2181">
        <ele>852</ele>
        <time>2025-11-23T13:05:09+00:00</time>
      </trkpt>
      <trkpt lat="47.3856" lon="7.21774">
        <ele>848</ele>
        <time>2025-11-23T13:05:12+00:00</time>
      </trkpt>
      <trkpt lat="47.38565" lon="7.2173">
        <ele>847</ele>
        <time>2025-11-23T13:05:15+00:00</time>
      </trkpt>
      <trkpt lat="47.38579" lon="7.21698">
        <ele>849</ele>
        <time>2025-11-23T13:05:18+00:00</time>
      </trkpt>
      <trkpt lat="47.38599" lon="7.21654">
        <ele>851</ele>
        <time>2025-11-23T13:05:21+00:00</time>
      </trkpt>
      <trkpt lat="47.3861" lon="7.21617">
        <ele>846</ele>
        <time>2025-11-23T13:05:24+00:00</time>
      </trkpt>
      <trkpt lat="47.38628" lon="7.21563">
        <ele>841</ele>
        <time>2025-11-23T13:05:27+00:00</time>
      </trkpt>
      <trkpt lat="47.38638" lon="7.21526">
        <ele>841</ele>
        <time>2025-11-23T13:05:30+00:00</time>
      </trkpt>
      <trkpt lat="47.38654" lon="7.21472">
        <ele>841</ele>
        <time>2025-11-23T13:05:33+00:00</time>
      </trkpt>
      <trkpt lat="47.38663" lon="7.21429">
        <ele>834</ele>
        <time>2025-11-23T13:05:36+00:00</time>
      </trkpt>
      <trkpt lat="47.3867" lon="7.21423">
        <ele>826</ele>
        <time>2025-11-23T13:05:39+00:00</time>
      </trkpt>
      <trkpt lat="47.38676" lon="7.21423">
        <ele>830</ele>
        <time>2025-11-23T13:05:42+00:00</time>
      </trkpt>
      <trkpt lat="47.38691" lon="7.21436">
        <ele>828</ele>
        <time>2025-11-23T13:05:45+00:00</time>
      </trkpt>
      <trkpt lat="47.38714" lon="7.21455">
        <ele>826</ele>
        <time>2025-11-23T13:05:48+00:00</time>
      </trkpt>
      <trkpt lat="47.38746" lon="7.21482">
        <ele>825</ele>
        <time>2025-11-23T13:05:51+00:00</time>
      </trkpt>
      <trkpt lat="47.38766" lon="7.21504">
        <ele>824</ele>
        <time>2025-11-23T13:05:54+00:00</time>
      </trkpt>
      <trkpt lat="47.38791" lon="7.21532">
        <ele>821</ele>
        <time>2025-11-23T13:05:57+00:00</time>
      </trkpt>
      <trkpt lat="47.38813" lon="7.21557">
        <ele>821</ele>
        <time>2025-11-23T13:06:00+00:00</time>
      </trkpt>
      <trkpt lat="47.38839" lon="7.21573">
        <ele>820</ele>
        <time>2025-11-23T13:06:03+00:00</time>
      </trkpt>
      <trkpt lat="47.38848" lon="7.21553">
        <ele>815</ele>
        <time>2025-11-23T13:06:06+00:00</time>
      </trkpt>
      <trkpt lat="47.38853" lon="7.2153">
        <ele>811</ele>
        <time>2025-11-23T13:06:09+00:00</time>
      </trkpt>
      <trkpt lat="47.38858" lon="7.21504">
        <ele>808</ele>
        <time>2025-11-23T13:06:12+00:00</time>
      </trkpt>
      <trkpt lat="47.38836" lon="7.21453">
        <ele>799</ele>
        <time>2025-11-23T13:06:15+00:00</time>
      </trkpt>
      <trkpt lat="47.38827" lon="7.21426">
        <ele>791</ele>
        <time>2025-11-23T13:06:18+00:00</time>
      </trkpt>
      <trkpt lat="47.38815" lon="7.21403">
        <ele>785</ele>
        <time>2025-11-23T13:06:21+00:00</time>
      </trkpt>
      <trkpt lat="47.38812" lon="7.21377">
        <ele>779</ele>
        <time>2025-11-23T13:06:24+00:00</time>
      </trkpt>
      <trkpt lat="47.38801" lon="7.21355">
        <ele>773</ele>
        <time>2025-11-23T13:06:27+00:00</time>
      </trkpt>
      <trkpt lat="47.3878" lon="7.21323">
        <ele>766</ele>
        <time>2025-11-23T13:06:30+00:00</time>
      </trkpt>
      <trkpt lat="47.38773" lon="7.21296">
        <ele>759</ele>
        <time>2025-11-23T13:06:33+00:00</time>
      </trkpt>
      <trkpt lat="47.38756" lon="7.21272">
        <ele>756</ele>
        <time>2025-11-23T13:06:36+00:00</time>
      </trkpt>
      <trkpt lat="47.38743" lon="7.21231">
        <ele>747</ele>
        <time>2025-11-23T13:06:39+00:00</time>
      </trkpt>
      <trkpt lat="47.38724" lon="7.21202">
        <ele>742</ele>
        <time>2025-11-23T13:06:42+00:00</time>
      </trkpt>
      <trkpt lat="47.38712" lon="7.21177">
        <ele>735</ele>
        <time>2025-11-23T13:06:45+00:00</time>
      </trkpt>
      <trkpt lat="47.38703" lon="7.21142">
        <ele>727</ele>
        <time>2025-11-23T13:06:48+00:00</time>
      </trkpt>
      <trkpt lat="47.38691" lon="7.21125">
        <ele>724</ele>
        <time>2025-11-23T13:06:51+00:00</time>
      </trkpt>
      <trkpt lat="47.38682" lon="7.21104">
        <ele>727</ele>
        <time>2025-11-23T13:06:54+00:00</time>
      </trkpt>
      <trkpt lat="47.38668" lon="7.21074">
        <ele>727</ele>
        <time>2025-11-23T13:06:57+00:00</time>
      </trkpt>
      <trkpt lat="47.38653" lon="7.21049">
        <ele>728</ele>
        <time>2025-11-23T13:07:00+00:00</time>
      </trkpt>
      <trkpt lat="47.38641" lon="7.2102">
        <ele>730</ele>
        <time>2025-11-23T13:07:03+00:00</time>
      </trkpt>
      <trkpt lat="47.38632" lon="7.20993">
        <ele>733</ele>
        <time>2025-11-23T13:07:06+00:00</time>
      </trkpt>
      <trkpt lat="47.38628" lon="7.20962">
        <ele>735</ele>
        <time>2025-11-23T13:07:09+00:00</time>
      </trkpt>
      <trkpt lat="47.38608" lon="7.2094">
        <ele>740</ele>
        <time>2025-11-23T13:07:12+00:00</time>
      </trkpt>
      <trkpt lat="47.38593" lon="7.20917">
        <ele>741</ele>
        <time>2025-11-23T13:07:15+00:00</time>
      </trkpt>
      <trkpt lat="47.38596" lon="7.2086">
        <ele>746</ele>
        <time>2025-11-23T13:07:18+00:00</time>
      </trkpt>
      <trkpt lat="47.38592" lon="7.20804">
        <ele>748</ele>
        <time>2025-11-23T13:07:21+00:00</time>
      </trkpt>
      <trkpt lat="47.38587" lon="7.20774">
        <ele>754</ele>
        <time>2025-11-23T13:07:24+00:00</time>
      </trkpt>
      <trkpt lat="47.38587" lon="7.20729">
        <ele>758</ele>
        <time>2025-11-23T13:07:27+00:00</time>
      </trkpt>
      <trkpt lat="47.38586" lon="7.2064">
        <ele>759</ele>
        <time>2025-11-23T13:07:30+00:00</time>
      </trkpt>
      <trkpt lat="47.38578" lon="7.20602">
        <ele>761</ele>
        <time>2025-11-23T13:07:33+00:00</time>
      </trkpt>
      <trkpt lat="47.38581" lon="7.20566">
        <ele>763</ele>
        <time>2025-11-23T13:07:36+00:00</time>
      </trkpt>
      <trkpt lat="47.38583" lon="7.20524">
        <ele>767</ele>
        <time>2025-11-23T13:07:39+00:00</time>
      </trkpt>
      <trkpt lat="47.38582" lon="7.20482">
        <ele>769</ele>
        <time>2025-11-23T13:07:42+00:00</time>
      </trkpt>
      <trkpt lat="47.38579" lon="7.20412">
        <ele>779</ele>
        <time>2025-11-23T13:07:45+00:00</time>
      </trkpt>
      <trkpt lat="47.38583" lon="7.20346">
        <ele>779</ele>
        <time>2025-11-23T13:07:48+00:00</time>
      </trkpt>
      <trkpt lat="47.38589" lon="7.20295">
        <ele>785</ele>
        <time>2025-11-23T13:07:51+00:00</time>
      </trkpt>
      <trkpt lat="47.38589" lon="7.20291">
        <ele>785</ele>
        <time>2025-11-23T13:07:54+00:00</time>
      </trkpt>
      <trkpt lat="47.38594" lon="7.20267">
        <ele>788</ele>
        <time>2025-11-23T13:07:57+00:00</time>
      </trkpt>
      <trkpt lat="47.38605" lon="7.20245">
        <ele>790</ele>
        <time>2025-11-23T13:08:00+00:00</time>
      </trkpt>
      <trkpt lat="47.38625" lon="7.20231">
        <ele>792</ele>
        <time>2025-11-23T13:08:03+00:00</time>
      </trkpt>
      <trkpt lat="47.38632" lon="7.20224">
        <ele>796</ele>
        <time>2025-11-23T13:08:06+00:00</time>
      </trkpt>
      <trkpt lat="47.38634" lon="7.20218">
        <ele>798</ele>
        <time>2025-11-23T13:08:09+00:00</time>
      </trkpt>
      <trkpt lat="47.38634" lon="7.20218">
        <ele>798</ele>
        <time>2025-11-23T13:08:12+00:00</time>
      </trkpt>
      <trkpt lat="47.38629" lon="7.20219">
        <ele>795</ele>
        <time>2025-11-23T13:08:15+00:00</time>
      </trkpt>
      <trkpt lat="47.38629" lon="7.20219">
        <ele>795</ele>
        <time>2025-11-23T13:08:18+00:00</time>
      </trkpt>
      <trkpt lat="47.38619" lon="7.20218">
        <ele>795</ele>
        <time>2025-11-23T13:08:21+00:00</time>
      </trkpt>
      <trkpt lat="47.38589" lon="7.20218">
        <ele>796</ele>
        <time>2025-11-23T13:08:24+00:00</time>
      </trkpt>
      <trkpt lat="47.38595" lon="7.20198">
        <ele>797</ele>
        <time>2025-11-23T13:08:27+00:00</time>
      </trkpt>
      <trkpt lat="47.38595" lon="7.20198">
        <ele>797</ele>
        <time>2025-11-23T13:08:30+00:00</time>
      </trkpt>
      <trkpt lat="47.38595" lon="7.20198">
        <ele>797</ele>
        <time>2025-11-23T13:08:33+00:00</time>
      </trkpt>
      <trkpt lat="47.38602" lon="7.20194">
        <ele>796</ele>
        <time>2025-11-23T13:08:36+00:00</time>
      </trkpt>
      <trkpt lat="47.38631" lon="7.20201">
        <ele>801</ele>
        <time>2025-11-23T13:08:39+00:00</time>
      </trkpt>
      <trkpt lat="47.38652" lon="7.20189">
        <ele>819</ele>
        <time>2025-11-23T13:08:42+00:00</time>
      </trkpt>
      <trkpt lat="47.38666" lon="7.20176">
        <ele>822</ele>
        <time>2025-11-23T13:08:45+00:00</time>
      </trkpt>
      <trkpt lat="47.38678" lon="7.20161">
        <ele>825</ele>
        <time>2025-11-23T13:08:48+00:00</time>
      </trkpt>
      <trkpt lat="47.3869" lon="7.20145">
        <ele>829</ele>
        <time>2025-11-23T13:08:51+00:00</time>
      </trkpt>
      <trkpt lat="47.3872" lon="7.20096">
        <ele>830</ele>
        <time>2025-11-23T13:08:54+00:00</time>
      </trkpt>
      <trkpt lat="47.38739" lon="7.20074">
        <ele>834</ele>
        <time>2025-11-23T13:08:57+00:00</time>
      </trkpt>
      <trkpt lat="47.3876" lon="7.2005">
        <ele>829</ele>
        <time>2025-11-23T13:09:00+00:00</time>
      </trkpt>
      <trkpt lat="47.38785" lon="7.20032">
        <ele>824</ele>
        <time>2025-11-23T13:09:03+00:00</time>
      </trkpt>
      <trkpt lat="47.38827" lon="7.20001">
        <ele>815</ele>
        <time>2025-11-23T13:09:06+00:00</time>
      </trkpt>
      <trkpt lat="47.38848" lon="7.19993">
        <ele>807</ele>
        <time>2025-11-23T13:09:09+00:00</time>
      </trkpt>
      <trkpt lat="47.38859" lon="7.19997">
        <ele>807</ele>
        <time>2025-11-23T13:09:12+00:00</time>
      </trkpt>
      <trkpt lat="47.38885" lon="7.2002">
        <ele>812</ele>
        <time>2025-11-23T13:09:15+00:00</time>
      </trkpt>
      <trkpt lat="47.38895" lon="7.20036">
        <ele>809</ele>
        <time>2025-11-23T13:09:18+00:00</time>
      </trkpt>
      <trkpt lat="47.38895" lon="7.20037">
        <ele>809</ele>
        <time>2025-11-23T13:09:21+00:00</time>
      </trkpt>
      <trkpt lat="47.38906" lon="7.20054">
        <ele>817</ele>
        <time>2025-11-23T13:09:24+00:00</time>
      </trkpt>
      <trkpt lat="47.38918" lon="7.2007">
        <ele>827</ele>
        <time>2025-11-23T13:09:27+00:00</time>
      </trkpt>
      <trkpt lat="47.38933" lon="7.20126">
        <ele>824</ele>
        <time>2025-11-23T13:09:30+00:00</time>
      </trkpt>
      <trkpt lat="47.3894" lon="7.20157">
        <ele>828</ele>
        <time>2025-11-23T13:09:33+00:00</time>
      </trkpt>
      <trkpt lat="47.38959" lon="7.20119">
        <ele>833</ele>
        <time>2025-11-23T13:09:36+00:00</time>
      </trkpt>
      <trkpt lat="47.38975" lon="7.20088">
        <ele>831</ele>
        <time>2025-11-23T13:09:39+00:00</time>
      </trkpt>
      <trkpt lat="47.39" lon="7.20055">
        <ele>831</ele>
        <time>2025-11-23T13:09:42+00:00</time>
      </trkpt>
      <trkpt lat="47.39024" lon="7.20023">
        <ele>832</ele>
        <time>2025-11-23T13:09:45+00:00</time>
      </trkpt>
      <trkpt lat="47.39063" lon="7.19973">
        <ele>832</ele>
        <time>2025-11-23T13:09:48+00:00</time>
      </trkpt>
      <trkpt lat="47.39085" lon="7.19957">
        <ele>832</ele>
        <time>2025-11-23T13:09:51+00:00</time>
      </trkpt>
      <trkpt lat="47.39113" lon="7.19937">
        <ele>835</ele>
        <time>2025-11-23T13:09:54+00:00</time>
      </trkpt>
      <trkpt lat="47.39126" lon="7.19928">
        <ele>834</ele>
        <time>2025-11-23T13:09:57+00:00</time>
      </trkpt>
      <trkpt lat="47.39109" lon="7.19896">
        <ele>837</ele>
        <time>2025-11-23T13:10:00+00:00</time>
      </trkpt>
      <trkpt lat="47.39098" lon="7.19866">
        <ele>846</ele>
        <time>2025-11-23T13:10:03+00:00</time>
      </trkpt>
      <trkpt lat="47.39087" lon="7.19837">
        <ele>852</ele>
        <time>2025-11-23T13:10:06+00:00</time>
      </trkpt>
      <trkpt lat="47.39066" lon="7.19779">
        <ele>864</ele>
        <time>2025-11-23T13:10:09+00:00</time>
      </trkpt>
      <trkpt lat="47.39042" lon="7.19738">
        <ele>874</ele>
        <time>2025-11-23T13:10:12+00:00</time>
      </trkpt>
      <trkpt lat="47.39032" lon="7.19703">
        <ele>879</ele>
        <time>2025-11-23T13:10:15+00:00</time>
      </trkpt>
      <trkpt lat="47.39019" lon="7.19656">
        <ele>889</ele>
        <time>2025-11-23T13:10:18+00:00</time>
      </trkpt>
      <trkpt lat="47.39007" lon="7.1962">
        <ele>895</ele>
        <time>2025-11-23T13:10:21+00:00</time>
      </trkpt>
      <trkpt lat="47.38985" lon="7.19576">
        <ele>907</ele>
        <time>2025-11-23T13:10:24+00:00</time>
      </trkpt>
      <trkpt lat="47.38963" lon="7.19531">
        <ele>912</ele>
        <time>2025-11-23T13:10:27+00:00</time>
      </trkpt>
      <trkpt lat="47.38971" lon="7.1947">
        <ele>910</ele>
        <time>2025-11-23T13:10:30+00:00</time>
      </trkpt>
      <trkpt lat="47.38967" lon="7.19433">
        <ele>909</ele>
        <time>2025-11-23T13:10:33+00:00</time>
      </trkpt>
      <trkpt lat="47.38962" lon="7.19386">
        <ele>907</ele>
        <time>2025-11-23T13:10:36+00:00</time>
      </trkpt>
      <trkpt lat="47.3896" lon="7.19332">
        <ele>907</ele>
        <time>2025-11-23T13:10:39+00:00</time>
      </trkpt>
      <trkpt lat="47.38955" lon="7.19298">
        <ele>905</ele>
        <time>2025-11-23T13:10:42+00:00</time>
      </trkpt>
      <trkpt lat="47.38949" lon="7.19261">
        <ele>903</ele>
        <time>2025-11-23T13:10:45+00:00</time>
      </trkpt>
      <trkpt lat="47.38945" lon="7.19223">
        <ele>902</ele>
        <time>2025-11-23T13:10:48+00:00</time>
      </trkpt>
      <trkpt lat="47.3894" lon="7.19171">
        <ele>901</ele>
        <time>2025-11-23T13:10:51+00:00</time>
      </trkpt>
      <trkpt lat="47.38937" lon="7.19135">
        <ele>900</ele>
        <time>2025-11-23T13:10:54+00:00</time>
      </trkpt>
      <trkpt lat="47.38934" lon="7.19092">
        <ele>899</ele>
        <time>2025-11-23T13:10:57+00:00</time>
      </trkpt>
      <trkpt lat="47.3893" lon="7.19059">
        <ele>899</ele>
        <time>2025-11-23T13:11:00+00:00</time>
      </trkpt>
      <trkpt lat="47.38926" lon="7.19025">
        <ele>899</ele>
        <time>2025-11-23T13:11:03+00:00</time>
      </trkpt>
      <trkpt lat="47.3891" lon="7.18968">
        <ele>899</ele>
        <time>2025-11-23T13:11:06+00:00</time>
      </trkpt>
      <trkpt lat="47.38896" lon="7.1894">
        <ele>899</ele>
        <time>2025-11-23T13:11:09+00:00</time>
      </trkpt>
      <trkpt lat="47.38882" lon="7.18913">
        <ele>899</ele>
        <time>2025-11-23T13:11:12+00:00</time>
      </trkpt>
      <trkpt lat="47.38893" lon="7.18901">
        <ele>902</ele>
        <time>2025-11-23T13:11:15+00:00</time>
      </trkpt>
      <trkpt lat="47.38916" lon="7.18914">
        <ele>907</ele>
        <time>2025-11-23T13:11:18+00:00</time>
      </trkpt>
      <trkpt lat="47.38932" lon="7.18925">
        <ele>911</ele>
        <time>2025-11-23T13:11:21+00:00</time>
      </trkpt>
      <trkpt lat="47.38947" lon="7.18904">
        <ele>915</ele>
        <time>2025-11-23T13:11:24+00:00</time>
      </trkpt>
      <trkpt lat="47.3897" lon="7.18885">
        <ele>922</ele>
        <time>2025-11-23T13:11:27+00:00</time>
      </trkpt>
      <trkpt lat="47.38989" lon="7.18858">
        <ele>930</ele>
        <time>2025-11-23T13:11:30+00:00</time>
      </trkpt>
      <trkpt lat="47.38983" lon="7.18812">
        <ele>931</ele>
        <time>2025-11-23T13:11:33+00:00</time>
      </trkpt>
      <trkpt lat="47.3896" lon="7.18755">
        <ele>931</ele>
        <time>2025-11-23T13:11:36+00:00</time>
      </trkpt>
      <trkpt lat="47.38947" lon="7.18726">
        <ele>931</ele>
        <time>2025-11-23T13:11:39+00:00</time>
      </trkpt>
      <trkpt lat="47.38943" lon="7.1868">
        <ele>933</ele>
        <time>2025-11-23T13:11:42+00:00</time>
      </trkpt>
      <trkpt lat="47.38941" lon="7.18647">
        <ele>935</ele>
        <time>2025-11-23T13:11:45+00:00</time>
      </trkpt>
      <trkpt lat="47.38941" lon="7.18647">
        <ele>935</ele>
        <time>2025-11-23T13:11:48+00:00</time>
      </trkpt>
      <trkpt lat="47.38941" lon="7.18647">
        <ele>935</ele>
        <time>2025-11-23T13:11:51+00:00</time>
      </trkpt>
      <trkpt lat="47.3893" lon="7.18616">
        <ele>935</ele>
        <time>2025-11-23T13:11:54+00:00</time>
      </trkpt>
      <trkpt lat="47.38903" lon="7.18567">
        <ele>935</ele>
        <time>2025-11-23T13:11:57+00:00</time>
      </trkpt>
      <trkpt lat="47.38883" lon="7.18539">
        <ele>935</ele>
        <time>2025-11-23T13:12:00+00:00</time>
      </trkpt>
      <trkpt lat="47.38853" lon="7.18497">
        <ele>935</ele>
        <time>2025-11-23T13:12:03+00:00</time>
      </trkpt>
      <trkpt lat="47.38836" lon="7.18457">
        <ele>935</ele>
        <time>2025-11-23T13:12:06+00:00</time>
      </trkpt>
      <trkpt lat="47.38819" lon="7.18417">
        <ele>932</ele>
        <time>2025-11-23T13:12:09+00:00</time>
      </trkpt>
      <trkpt lat="47.38797" lon="7.18364">
        <ele>930</ele>
        <time>2025-11-23T13:12:12+00:00</time>
      </trkpt>
      <trkpt lat="47.38777" lon="7.18323">
        <ele>927</ele>
        <time>2025-11-23T13:12:15+00:00</time>
      </trkpt>
      <trkpt lat="47.38758" lon="7.18283">
        <ele>924</ele>
        <time>2025-11-23T13:12:18+00:00</time>
      </trkpt>
      <trkpt lat="47.38724" lon="7.18214">
        <ele>923</ele>
        <time>2025-11-23T13:12:21+00:00</time>
      </trkpt>
      <trkpt lat="47.38721" lon="7.18177">
        <ele>922</ele>
        <time>2025-11-23T13:12:24+00:00</time>
      </trkpt>
      <trkpt lat="47.38716" lon="7.18133">
        <ele>920</ele>
        <time>2025-11-23T13:12:27+00:00</time>
      </trkpt>
      <trkpt lat="47.38706" lon="7.181">
        <ele>917</ele>
        <time>2025-11-23T13:12:30+00:00</time>
      </trkpt>
      <trkpt lat="47.38694" lon="7.18061">
        <ele>917</ele>
        <time>2025-11-23T13:12:33+00:00</time>
      </trkpt>
      <trkpt lat="47.38687" lon="7.18026">
        <ele>918</ele>
        <time>2025-11-23T13:12:36+00:00</time>
      </trkpt>
      <trkpt lat="47.38679" lon="7.17986">
        <ele>921</ele>
        <time>2025-11-23T13:12:39+00:00</time>
      </trkpt>
      <trkpt lat="47.38662" lon="7.17944">
        <ele>923</ele>
        <time>2025-11-23T13:12:42+00:00</time>
      </trkpt>
      <trkpt lat="47.38646" lon="7.17901">
        <ele>926</ele>
        <time>2025-11-23T13:12:45+00:00</time>
      </trkpt>
      <trkpt lat="47.38617" lon="7.17829">
        <ele>929</ele>
        <time>2025-11-23T13:12:48+00:00</time>
      </trkpt>
      <trkpt lat="47.38599" lon="7.17788">
        <ele>931</ele>
        <time>2025-11-23T13:12:51+00:00</time>
      </trkpt>
      <trkpt lat="47.38581" lon="7.17747">
        <ele>936</ele>
        <time>2025-11-23T13:12:54+00:00</time>
      </trkpt>
      <trkpt lat="47.38551" lon="7.1768">
        <ele>936</ele>
        <time>2025-11-23T13:12:57+00:00</time>
      </trkpt>
      <trkpt lat="47.38537" lon="7.17651">
        <ele>935</ele>
        <time>2025-11-23T13:13:00+00:00</time>
      </trkpt>
      <trkpt lat="47.38519" lon="7.17616">
        <ele>935</ele>
        <time>2025-11-23T13:13:03+00:00</time>
      </trkpt>
      <trkpt lat="47.38509" lon="7.17556">
        <ele>935</ele>
        <time>2025-11-23T13:13:06+00:00</time>
      </trkpt>
      <trkpt lat="47.38496" lon="7.17528">
        <ele>935</ele>
        <time>2025-11-23T13:13:09+00:00</time>
      </trkpt>
      <trkpt lat="47.38483" lon="7.17498">
        <ele>934</ele>
        <time>2025-11-23T13:13:12+00:00</time>
      </trkpt>
      <trkpt lat="47.38471" lon="7.17455">
        <ele>929</ele>
        <time>2025-11-23T13:13:15+00:00</time>
      </trkpt>
      <trkpt lat="47.3847" lon="7.17421">
        <ele>928</ele>
        <time>2025-11-23T13:13:18+00:00</time>
      </trkpt>
      <trkpt lat="47.38469" lon="7.17386">
        <ele>928</ele>
        <time>2025-11-23T13:13:21+00:00</time>
      </trkpt>
      <trkpt lat="47.38458" lon="7.17345">
        <ele>926</ele>
        <time>2025-11-23T13:13:24+00:00</time>
      </trkpt>
      <trkpt lat="47.38437" lon="7.17269">
        <ele>926</ele>
        <time>2025-11-23T13:13:27+00:00</time>
      </trkpt>
      <trkpt lat="47.38427" lon="7.17225">
        <ele>927</ele>
        <time>2025-11-23T13:13:30+00:00</time>
      </trkpt>
      <trkpt lat="47.38416" lon="7.1718">
        <ele>928</ele>
        <time>2025-11-23T13:13:33+00:00</time>
      </trkpt>
      <trkpt lat="47.38403" lon="7.17122">
        <ele>929</ele>
        <time>2025-11-23T13:13:36+00:00</time>
      </trkpt>
      <trkpt lat="47.38394" lon="7.17074">
        <ele>930</ele>
        <time>2025-11-23T13:13:39+00:00</time>
      </trkpt>
      <trkpt lat="47.38386" lon="7.17026">
        <ele>931</ele>
        <time>2025-11-23T13:13:42+00:00</time>
      </trkpt>
      <trkpt lat="47.38371" lon="7.16938">
        <ele>931</ele>
        <time>2025-11-23T13:13:45+00:00</time>
      </trkpt>
      <trkpt lat="47.38366" lon="7.16893">
        <ele>929</ele>
        <time>2025-11-23T13:13:48+00:00</time>
      </trkpt>
      <trkpt lat="47.38362" lon="7.16848">
        <ele>927</ele>
        <time>2025-11-23T13:13:51+00:00</time>
      </trkpt>
      <trkpt lat="47.38358" lon="7.168">
        <ele>927</ele>
        <time>2025-11-23T13:13:54+00:00</time>
      </trkpt>
      <trkpt lat="47.38335" lon="7.16754">
        <ele>927</ele>
        <time>2025-11-23T13:13:57+00:00</time>
      </trkpt>
      <trkpt lat="47.38313" lon="7.16707">
        <ele>926</ele>
        <time>2025-11-23T13:14:00+00:00</time>
      </trkpt>
      <trkpt lat="47.3829" lon="7.16661">
        <ele>925</ele>
        <time>2025-11-23T13:14:03+00:00</time>
      </trkpt>
      <trkpt lat="47.38267" lon="7.16615">
        <ele>924</ele>
        <time>2025-11-23T13:14:06+00:00</time>
      </trkpt>
      <trkpt lat="47.38245" lon="7.16568">
        <ele>924</ele>
        <time>2025-11-23T13:14:09+00:00</time>
      </trkpt>
      <trkpt lat="47.38211" lon="7.16498">
        <ele>925</ele>
        <time>2025-11-23T13:14:12+00:00</time>
      </trkpt>
      <trkpt lat="47.38188" lon="7.1645">
        <ele>925</ele>
        <time>2025-11-23T13:14:15+00:00</time>
      </trkpt>
      <trkpt lat="47.38166" lon="7.16401">
        <ele>925</ele>
        <time>2025-11-23T13:14:18+00:00</time>
      </trkpt>
      <trkpt lat="47.38144" lon="7.16353">
        <ele>913</ele>
        <time>2025-11-23T13:14:21+00:00</time>
      </trkpt>
      <trkpt lat="47.38121" lon="7.16305">
        <ele>901</ele>
        <time>2025-11-23T13:14:24+00:00</time>
      </trkpt>
      <trkpt lat="47.38099" lon="7.16257">
        <ele>882</ele>
        <time>2025-11-23T13:14:27+00:00</time>
      </trkpt>
      <trkpt lat="47.38076" lon="7.16208">
        <ele>863</ele>
        <time>2025-11-23T13:14:30+00:00</time>
      </trkpt>
      <trkpt lat="47.3804" lon="7.1613">
        <ele>853</ele>
        <time>2025-11-23T13:14:33+00:00</time>
      </trkpt>
      <trkpt lat="47.38047" lon="7.1612">
        <ele>847</ele>
        <time>2025-11-23T13:14:36+00:00</time>
      </trkpt>
      <trkpt lat="47.3803" lon="7.16099">
        <ele>849</ele>
        <time>2025-11-23T13:14:39+00:00</time>
      </trkpt>
      <trkpt lat="47.38015" lon="7.16059">
        <ele>845</ele>
        <time>2025-11-23T13:14:42+00:00</time>
      </trkpt>
      <trkpt lat="47.38008" lon="7.16041">
        <ele>843</ele>
        <time>2025-11-23T13:14:45+00:00</time>
      </trkpt>
      <trkpt lat="47.37996" lon="7.16014">
        <ele>844</ele>
        <time>2025-11-23T13:14:48+00:00</time>
      </trkpt>
      <trkpt lat="47.37971" lon="7.15983">
        <ele>843</ele>
        <time>2025-11-23T13:14:51+00:00</time>
      </trkpt>
      <trkpt lat="47.37962" lon="7.15964">
        <ele>842</ele>
        <time>2025-11-23T13:14:54+00:00</time>
      </trkpt>
      <trkpt lat="47.37952" lon="7.15944">
        <ele>841</ele>
        <time>2025-11-23T13:14:57+00:00</time>
      </trkpt>
      <trkpt lat="47.37941" lon="7.15922">
        <ele>841</ele>
        <time>2025-11-23T13:15:00+00:00</time>
      </trkpt>
      <trkpt lat="47.37932" lon="7.15899">
        <ele>843</ele>
        <time>2025-11-23T13:15:03+00:00</time>
      </trkpt>
      <trkpt lat="47.37925" lon="7.15864">
        <ele>842</ele>
        <time>2025-11-23T13:15:06+00:00</time>
      </trkpt>
      <trkpt lat="47.37922" lon="7.15846">
        <ele>844</ele>
        <time>2025-11-23T13:15:09+00:00</time>
      </trkpt>
      <trkpt lat="47.37914" lon="7.15819">
        <ele>844</ele>
        <time>2025-11-23T13:15:12+00:00</time>
      </trkpt>
      <trkpt lat="47.37907" lon="7.15792">
        <ele>845</ele>
        <time>2025-11-23T13:15:15+00:00</time>
      </trkpt>
      <trkpt lat="47.379" lon="7.15773">
        <ele>849</ele>
        <time>2025-11-23T13:15:18+00:00</time>
      </trkpt>
      <trkpt lat="47.37895" lon="7.1576">
        <ele>847</ele>
        <time>2025-11-23T13:15:21+00:00</time>
      </trkpt>
      <trkpt lat="47.37899" lon="7.15748">
        <ele>850</ele>
        <time>2025-11-23T13:15:24+00:00</time>
      </trkpt>
      <trkpt lat="47.37899" lon="7.15737">
        <ele>849</ele>
        <time>2025-11-23T13:15:27+00:00</time>
      </trkpt>
      <trkpt lat="47.37902" lon="7.15728">
        <ele>849</ele>
        <time>2025-11-23T13:15:30+00:00</time>
      </trkpt>
      <trkpt lat="47.37902" lon="7.15721">
        <ele>853</ele>
        <time>2025-11-23T13:15:33+00:00</time>
      </trkpt>
      <trkpt lat="47.37899" lon="7.15705">
        <ele>849</ele>
        <time>2025-11-23T13:15:36+00:00</time>
      </trkpt>
      <trkpt lat="47.379" lon="7.15686">
        <ele>849</ele>
        <time>2025-11-23T13:15:39+00:00</time>
      </trkpt>
      <trkpt lat="47.37899" lon="7.1568">
        <ele>847</ele>
        <time>2025-11-23T13:15:42+00:00</time>
      </trkpt>
      <trkpt lat="47.37897" lon="7.15672">
        <ele>847</ele>
        <time>2025-11-23T13:15:45+00:00</time>
      </trkpt>
      <trkpt lat="47.37897" lon="7.15665">
        <ele>847</ele>
        <time>2025-11-23T13:15:48+00:00</time>
      </trkpt>
      <trkpt lat="47.37901" lon="7.1565">
        <ele>847</ele>
        <time>2025-11-23T13:15:51+00:00</time>
      </trkpt>
      <trkpt lat="47.37898" lon="7.15647">
        <ele>847</ele>
        <time>2025-11-23T13:15:54+00:00</time>
      </trkpt>
      <trkpt lat="47.37895" lon="7.15646">
        <ele>847</ele>
        <time>2025-11-23T13:15:57+00:00</time>
      </trkpt>
      <trkpt lat="47.37887" lon="7.15639">
        <ele>845</ele>
        <time>2025-11-23T13:16:00+00:00</time>
      </trkpt>
      <trkpt lat="47.37886" lon="7.15637">
        <ele>845</ele>
        <time>2025-11-23T13:16:03+00:00</time>
      </trkpt>
      <trkpt lat="47.37886" lon="7.15634">
        <ele>849</ele>
        <time>2025-11-23T13:16:06+00:00</time>
      </trkpt>
      <trkpt lat="47.37886" lon="7.1563">
        <ele>847</ele>
        <time>2025-11-23T13:16:09+00:00</time>
      </trkpt>
      <trkpt lat="47.3789" lon="7.15623">
        <ele>847</ele>
        <time>2025-11-23T13:16:12+00:00</time>
      </trkpt>
      <trkpt lat="47.37891" lon="7.15616">
        <ele>849</ele>
        <time>2025-11-23T13:16:15+00:00</time>
      </trkpt>
      <trkpt lat="47.3789" lon="7.15597">
        <ele>852</ele>
        <time>2025-11-23T13:16:18+00:00</time>
      </trkpt>
      <trkpt lat="47.3789" lon="7.15593">
        <ele>852</ele>
        <time>2025-11-23T13:16:21+00:00</time>
      </trkpt>
      <trkpt lat="47.3789" lon="7.15589">
        <ele>855</ele>
        <time>2025-11-23T13:16:24+00:00</time>
      </trkpt>
      <trkpt lat="47.37891" lon="7.15577">
        <ele>855</ele>
        <time>2025-11-23T13:16:27+00:00</time>
      </trkpt>
      <trkpt lat="47.37889" lon="7.15572">
        <ele>853</ele>
        <time>2025-11-23T13:16:30+00:00</time>
      </trkpt>
      <trkpt lat="47.37885" lon="7.1556">
        <ele>852</ele>
        <time>2025-11-23T13:16:33+00:00</time>
      </trkpt>
      <trkpt lat="47.37884" lon="7.15546">
        <ele>850</ele>
        <time>2025-11-23T13:16:36+00:00</time>
      </trkpt>
      <trkpt lat="47.37882" lon="7.15527">
        <ele>848</ele>
        <time>2025-11-23T13:16:39+00:00</time>
      </trkpt>
      <trkpt lat="47.3788" lon="7.15519">
        <ele>846</ele>
        <time>2025-11-23T13:16:42+00:00</time>
      </trkpt>
      <trkpt lat="47.37881" lon="7.15517">
        <ele>846</ele>
        <time>2025-11-23T13:16:45+00:00</time>
      </trkpt>
      <trkpt lat="47.37878" lon="7.15494">
        <ele>846</ele>
        <time>2025-11-23T13:16:48+00:00</time>
      </trkpt>
      <trkpt lat="47.37878" lon="7.1549">
        <ele>849</ele>
        <time>2025-11-23T13:16:51+00:00</time>
      </trkpt>
      <trkpt lat="47.37877" lon="7.15484">
        <ele>849</ele>
        <time>2025-11-23T13:16:54+00:00</time>
      </trkpt>
      <trkpt lat="47.37875" lon="7.15481">
        <ele>849</ele>
        <time>2025-11-23T13:16:57+00:00</time>
      </trkpt>
      <trkpt lat="47.37869" lon="7.15462">
        <ele>846</ele>
        <time>2025-11-23T13:17:00+00:00</time>
      </trkpt>
      <trkpt lat="47.37865" lon="7.15453">
        <ele>843</ele>
        <time>2025-11-23T13:17:03+00:00</time>
      </trkpt>
      <trkpt lat="47.37868" lon="7.15442">
        <ele>840</ele>
        <time>2025-11-23T13:17:06+00:00</time>
      </trkpt>
      <trkpt lat="47.37881" lon="7.15444">
        <ele>845</ele>
        <time>2025-11-23T13:17:09+00:00</time>
      </trkpt>
      <trkpt lat="47.37878" lon="7.15427">
        <ele>837</ele>
        <time>2025-11-23T13:17:12+00:00</time>
      </trkpt>
      <trkpt lat="47.37877" lon="7.15419">
        <ele>834</ele>
        <time>2025-11-23T13:17:15+00:00</time>
      </trkpt>
      <trkpt lat="47.37877" lon="7.1541">
        <ele>832</ele>
        <time>2025-11-23T13:17:18+00:00</time>
      </trkpt>
      <trkpt lat="47.37875" lon="7.1541">
        <ele>832</ele>
        <time>2025-11-23T13:17:21+00:00</time>
      </trkpt>
      <trkpt lat="47.37876" lon="7.15407">
        <ele>832</ele>
        <time>2025-11-23T13:17:24+00:00</time>
      </trkpt>
      <trkpt lat="47.37876" lon="7.15403">
        <ele>832</ele>
        <time>2025-11-23T13:17:27+00:00</time>
      </trkpt>
      <trkpt lat="47.37875" lon="7.15402">
        <ele>832</ele>
        <time>2025-11-23T13:17:30+00:00</time>
      </trkpt>
      <trkpt lat="47.37874" lon="7.1539">
        <ele>830</ele>
        <time>2025-11-23T13:17:33+00:00</time>
      </trkpt>
      <trkpt lat="47.37872" lon="7.15384">
        <ele>827</ele>
        <time>2025-11-23T13:17:36+00:00</time>
      </trkpt>
      <trkpt lat="47.3787" lon="7.15379">
        <ele>816</ele>
        <time>2025-11-23T13:17:39+00:00</time>
      </trkpt>
      <trkpt lat="47.37864" lon="7.15371">
        <ele>816</ele>
        <time>2025-11-23T13:17:42+00:00</time>
      </trkpt>
      <trkpt lat="47.37861" lon="7.15362">
        <ele>812</ele>
        <time>2025-11-23T13:17:45+00:00</time>
      </trkpt>
      <trkpt lat="47.37859" lon="7.15354">
        <ele>807</ele>
        <time>2025-11-23T13:17:48+00:00</time>
      </trkpt>
      <trkpt lat="47.37855" lon="7.15341">
        <ele>807</ele>
        <time>2025-11-23T13:17:51+00:00</time>
      </trkpt>
      <trkpt lat="47.37851" lon="7.15312">
        <ele>807</ele>
        <time>2025-11-23T13:17:54+00:00</time>
      </trkpt>
      <trkpt lat="47.3784" lon="7.15277">
        <ele>808</ele>
        <time>2025-11-23T13:17:57+00:00</time>
      </trkpt>
      <trkpt lat="47.37841" lon="7.15264">
        <ele>809</ele>
        <time>2025-11-23T13:18:00+00:00</time>
      </trkpt>
      <trkpt lat="47.3784" lon="7.1523">
        <ele>810</ele>
        <time>2025-11-23T13:18:03+00:00</time>
      </trkpt>
      <trkpt lat="47.37837" lon="7.15211">
        <ele>810</ele>
        <time>2025-11-23T13:18:06+00:00</time>
      </trkpt>
      <trkpt lat="47.37834" lon="7.15189">
        <ele>812</ele>
        <time>2025-11-23T13:18:09+00:00</time>
      </trkpt>
      <trkpt lat="47.37833" lon="7.15167">
        <ele>814</ele>
        <time>2025-11-23T13:18:12+00:00</time>
      </trkpt>
      <trkpt lat="47.37839" lon="7.15138">
        <ele>815</ele>
        <time>2025-11-23T13:18:15+00:00</time>
      </trkpt>
      <trkpt lat="47.37837" lon="7.15101">
        <ele>818</ele>
        <time>2025-11-23T13:18:18+00:00</time>
      </trkpt>
      <trkpt lat="47.37836" lon="7.15075">
        <ele>820</ele>
        <time>2025-11-23T13:18:21+00:00</time>
      </trkpt>
      <trkpt lat="47.37835" lon="7.1507">
        <ele>821</ele>
        <time>2025-11-23T13:18:24+00:00</time>
      </trkpt>
      <trkpt lat="47.37834" lon="7.15054">
        <ele>822</ele>
        <time>2025-11-23T13:18:27+00:00</time>
      </trkpt>
      <trkpt lat="47.37829" lon="7.15034">
        <ele>822</ele>
        <time>2025-11-23T13:18:30+00:00</time>
      </trkpt>
      <trkpt lat="47.37825" lon="7.15022">
        <ele>825</ele>
        <time>2025-11-23T13:18:33+00:00</time>
      </trkpt>
      <trkpt lat="47.37824" lon="7.15016">
        <ele>829</ele>
        <time>2025-11-23T13:18:36+00:00</time>
      </trkpt>
      <trkpt lat="47.37829" lon="7.15005">
        <ele>835</ele>
        <time>2025-11-23T13:18:39+00:00</time>
      </trkpt>
      <trkpt lat="47.3783" lon="7.14997">
        <ele>843</ele>
        <time>2025-11-23T13:18:42+00:00</time>
      </trkpt>
      <trkpt lat="47.37825" lon="7.14994">
        <ele>843</ele>
        <time>2025-11-23T13:18:45+00:00</time>
      </trkpt>
      <trkpt lat="47.37821" lon="7.14995">
        <ele>843</ele>
        <time>2025-11-23T13:18:48+00:00</time>
      </trkpt>
      <trkpt lat="47.37819" lon="7.14995">
        <ele>840</ele>
        <time>2025-11-23T13:18:51+00:00</time>
      </trkpt>
      <trkpt lat="47.37815" lon="7.14988">
        <ele>846</ele>
        <time>2025-11-23T13:18:54+00:00</time>
      </trkpt>
      <trkpt lat="47.37813" lon="7.14987">
        <ele>846</ele>
        <time>2025-11-23T13:18:57+00:00</time>
      </trkpt>
      <trkpt lat="47.37814" lon="7.14982">
        <ele>846</ele>
        <time>2025-11-23T13:19:00+00:00</time>
      </trkpt>
      <trkpt lat="47.37813" lon="7.1498">
        <ele>851</ele>
        <time>2025-11-23T13:19:03+00:00</time>
      </trkpt>
      <trkpt lat="47.37809" lon="7.14976">
        <ele>849</ele>
        <time>2025-11-23T13:19:06+00:00</time>
      </trkpt>
      <trkpt lat="47.37808" lon="7.14974">
        <ele>849</ele>
        <time>2025-11-23T13:19:09+00:00</time>
      </trkpt>
      <trkpt lat="47.37809" lon="7.14969">
        <ele>851</ele>
        <time>2025-11-23T13:19:12+00:00</time>
      </trkpt>
      <trkpt lat="47.37808" lon="7.14968">
        <ele>851</ele>
        <time>2025-11-23T13:19:15+00:00</time>
      </trkpt>
      <trkpt lat="47.37804" lon="7.14965">
        <ele>851</ele>
        <time>2025-11-23T13:19:18+00:00</time>
      </trkpt>
      <trkpt lat="47.37802" lon="7.14965">
        <ele>851</ele>
        <time>2025-11-23T13:19:21+00:00</time>
      </trkpt>
      <trkpt lat="47.37804" lon="7.14961">
        <ele>851</ele>
        <time>2025-11-23T13:19:24+00:00</time>
      </trkpt>
      <trkpt lat="47.37803" lon="7.14959">
        <ele>852</ele>
        <time>2025-11-23T13:19:27+00:00</time>
      </trkpt>
      <trkpt lat="47.37804" lon="7.14956">
        <ele>852</ele>
        <time>2025-11-23T13:19:30+00:00</time>
      </trkpt>
      <trkpt lat="47.37803" lon="7.14956">
        <ele>852</ele>
        <time>2025-11-23T13:19:33+00:00</time>
      </trkpt>
      <trkpt lat="47.37804" lon="7.1495">
        <ele>848</ele>
        <time>2025-11-23T13:19:36+00:00</time>
      </trkpt>
      <trkpt lat="47.37805" lon="7.14947">
        <ele>852</ele>
        <time>2025-11-23T13:19:39+00:00</time>
      </trkpt>
      <trkpt lat="47.37806" lon="7.14946">
        <ele>852</ele>
        <time>2025-11-23T13:19:42+00:00</time>
      </trkpt>
      <trkpt lat="47.37799" lon="7.1494">
        <ele>849</ele>
        <time>2025-11-23T13:19:45+00:00</time>
      </trkpt>
      <trkpt lat="47.37796" lon="7.14933">
        <ele>848</ele>
        <time>2025-11-23T13:19:48+00:00</time>
      </trkpt>
      <trkpt lat="47.37794" lon="7.14921">
        <ele>847</ele>
        <time>2025-11-23T13:19:51+00:00</time>
      </trkpt>
      <trkpt lat="47.37794" lon="7.14915">
        <ele>845</ele>
        <time>2025-11-23T13:19:54+00:00</time>
      </trkpt>
      <trkpt lat="47.37797" lon="7.14884">
        <ele>847</ele>
        <time>2025-11-23T13:19:57+00:00</time>
      </trkpt>
      <trkpt lat="47.37798" lon="7.14881">
        <ele>847</ele>
        <time>2025-11-23T13:20:00+00:00</time>
      </trkpt>
      <trkpt lat="47.37799" lon="7.1487">
        <ele>849</ele>
        <time>2025-11-23T13:20:03+00:00</time>
      </trkpt>
      <trkpt lat="47.37799" lon="7.14867">
        <ele>849</ele>
        <time>2025-11-23T13:20:06+00:00</time>
      </trkpt>
      <trkpt lat="47.37801" lon="7.1486">
        <ele>853</ele>
        <time>2025-11-23T13:20:09+00:00</time>
      </trkpt>
      <trkpt lat="47.37805" lon="7.14853">
        <ele>853</ele>
        <time>2025-11-23T13:20:12+00:00</time>
      </trkpt>
      <trkpt lat="47.37806" lon="7.14849">
        <ele>854</ele>
        <time>2025-11-23T13:20:15+00:00</time>
      </trkpt>
      <trkpt lat="47.37808" lon="7.14847">
        <ele>854</ele>
        <time>2025-11-23T13:20:18+00:00</time>
      </trkpt>
      <trkpt lat="47.37808" lon="7.14844">
        <ele>854</ele>
        <time>2025-11-23T13:20:21+00:00</time>
      </trkpt>
      <trkpt lat="47.37808" lon="7.14826">
        <ele>853</ele>
        <time>2025-11-23T13:20:24+00:00</time>
      </trkpt>
      <trkpt lat="47.37808" lon="7.14816">
        <ele>855</ele>
        <time>2025-11-23T13:20:27+00:00</time>
      </trkpt>
      <trkpt lat="47.37806" lon="7.14808">
        <ele>854</ele>
        <time>2025-11-23T13:20:30+00:00</time>
      </trkpt>
      <trkpt lat="47.37808" lon="7.14793">
        <ele>854</ele>
        <time>2025-11-23T13:20:33+00:00</time>
      </trkpt>
      <trkpt lat="47.37817" lon="7.14763">
        <ele>854</ele>
        <time>2025-11-23T13:20:36+00:00</time>
      </trkpt>
      <trkpt lat="47.37821" lon="7.14744">
        <ele>856</ele>
        <time>2025-11-23T13:20:39+00:00</time>
      </trkpt>
      <trkpt lat="47.37823" lon="7.14738">
        <ele>855</ele>
        <time>2025-11-23T13:20:42+00:00</time>
      </trkpt>
      <trkpt lat="47.37827" lon="7.14719">
        <ele>854</ele>
        <time>2025-11-23T13:20:45+00:00</time>
      </trkpt>
      <trkpt lat="47.37829" lon="7.14691">
        <ele>852</ele>
        <time>2025-11-23T13:20:48+00:00</time>
      </trkpt>
      <trkpt lat="47.37828" lon="7.14683">
        <ele>851</ele>
        <time>2025-11-23T13:20:51+00:00</time>
      </trkpt>
      <trkpt lat="47.3783" lon="7.14663">
        <ele>850</ele>
        <time>2025-11-23T13:20:54+00:00</time>
      </trkpt>
      <trkpt lat="47.3783" lon="7.14651">
        <ele>849</ele>
        <time>2025-11-23T13:20:57+00:00</time>
      </trkpt>
      <trkpt lat="47.37829" lon="7.14641">
        <ele>848</ele>
        <time>2025-11-23T13:21:00+00:00</time>
      </trkpt>
      <trkpt lat="47.37828" lon="7.14635">
        <ele>847</ele>
        <time>2025-11-23T13:21:03+00:00</time>
      </trkpt>
      <trkpt lat="47.37824" lon="7.14614">
        <ele>846</ele>
        <time>2025-11-23T13:21:06+00:00</time>
      </trkpt>
      <trkpt lat="47.37824" lon="7.14604">
        <ele>847</ele>
        <time>2025-11-23T13:21:09+00:00</time>
      </trkpt>
      <trkpt lat="47.37824" lon="7.14601">
        <ele>847</ele>
        <time>2025-11-23T13:21:12+00:00</time>
      </trkpt>
      <trkpt lat="47.37824" lon="7.14594">
        <ele>848</ele>
        <time>2025-11-23T13:21:15+00:00</time>
      </trkpt>
      <trkpt lat="47.37821" lon="7.14589">
        <ele>850</ele>
        <time>2025-11-23T13:21:18+00:00</time>
      </trkpt>
      <trkpt lat="47.37816" lon="7.14585">
        <ele>845</ele>
        <time>2025-11-23T13:21:21+00:00</time>
      </trkpt>
      <trkpt lat="47.37814" lon="7.14583">
        <ele>845</ele>
        <time>2025-11-23T13:21:24+00:00</time>
      </trkpt>
      <trkpt lat="47.37806" lon="7.14577">
        <ele>844</ele>
        <time>2025-11-23T13:21:27+00:00</time>
      </trkpt>
      <trkpt lat="47.37806" lon="7.14575">
        <ele>844</ele>
        <time>2025-11-23T13:21:30+00:00</time>
      </trkpt>
      <trkpt lat="47.37803" lon="7.14571">
        <ele>844</ele>
        <time>2025-11-23T13:21:33+00:00</time>
      </trkpt>
      <trkpt lat="47.37794" lon="7.14563">
        <ele>841</ele>
        <time>2025-11-23T13:21:36+00:00</time>
      </trkpt>
      <trkpt lat="47.37784" lon="7.14554">
        <ele>840</ele>
        <time>2025-11-23T13:21:39+00:00</time>
      </trkpt>
      <trkpt lat="47.37778" lon="7.14549">
        <ele>839</ele>
        <time>2025-11-23T13:21:42+00:00</time>
      </trkpt>
      <trkpt lat="47.37774" lon="7.14546">
        <ele>839</ele>
        <time>2025-11-23T13:21:45+00:00</time>
      </trkpt>
      <trkpt lat="47.37752" lon="7.14539">
        <ele>830</ele>
        <time>2025-11-23T13:21:48+00:00</time>
      </trkpt>
      <trkpt lat="47.37725" lon="7.14531">
        <ele>823</ele>
        <time>2025-11-23T13:21:51+00:00</time>
      </trkpt>
      <trkpt lat="47.37707" lon="7.14529">
        <ele>819</ele>
        <time>2025-11-23T13:21:54+00:00</time>
      </trkpt>
      <trkpt lat="47.37701" lon="7.14526">
        <ele>819</ele>
        <time>2025-11-23T13:21:57+00:00</time>
      </trkpt>
      <trkpt lat="47.37692" lon="7.14514">
        <ele>816</ele>
        <time>2025-11-23T13:22:00+00:00</time>
      </trkpt>
      <trkpt lat="47.37689" lon="7.14508">
        <ele>813</ele>
        <time>2025-11-23T13:22:03+00:00</time>
      </trkpt>
      <trkpt lat="47.37683" lon="7.14496">
        <ele>812</ele>
        <time>2025-11-23T13:22:06+00:00</time>
      </trkpt>
      <trkpt lat="47.37677" lon="7.14475">
        <ele>808</ele>
        <time>2025-11-23T13:22:09+00:00</time>
      </trkpt>
      <trkpt lat="47.37676" lon="7.14469">
        <ele>806</ele>
        <time>2025-11-23T13:22:12+00:00</time>
      </trkpt>
      <trkpt lat="47.37675" lon="7.14462">
        <ele>806</ele>
        <time>2025-11-23T13:22:15+00:00</time>
      </trkpt>
      <trkpt lat="47.37677" lon="7.14451">
        <ele>804</ele>
        <time>2025-11-23T13:22:18+00:00</time>
      </trkpt>
      <trkpt lat="47.37677" lon="7.14431">
        <ele>799</ele>
        <time>2025-11-23T13:22:21+00:00</time>
      </trkpt>
      <trkpt lat="47.37678" lon="7.14428">
        <ele>797</ele>
        <time>2025-11-23T13:22:24+00:00</time>
      </trkpt>
      <trkpt lat="47.37677" lon="7.14416">
        <ele>795</ele>
        <time>2025-11-23T13:22:27+00:00</time>
      </trkpt>
      <trkpt lat="47.37677" lon="7.14403">
        <ele>792</ele>
        <time>2025-11-23T13:22:30+00:00</time>
      </trkpt>
      <trkpt lat="47.37679" lon="7.1439">
        <ele>790</ele>
        <time>2025-11-23T13:22:33+00:00</time>
      </trkpt>
      <trkpt lat="47.37683" lon="7.14375">
        <ele>790</ele>
        <time>2025-11-23T13:22:36+00:00</time>
      </trkpt>
      <trkpt lat="47.37688" lon="7.14344">
        <ele>788</ele>
        <time>2025-11-23T13:22:39+00:00</time>
      </trkpt>
      <trkpt lat="47.37691" lon="7.14338">
        <ele>789</ele>
        <time>2025-11-23T13:22:42+00:00</time>
      </trkpt>
      <trkpt lat="47.3769" lon="7.14335">
        <ele>789</ele>
        <time>2025-11-23T13:22:45+00:00</time>
      </trkpt>
      <trkpt lat="47.37689" lon="7.14334">
        <ele>785</ele>
        <time>2025-11-23T13:22:48+00:00</time>
      </trkpt>
      <trkpt lat="47.3769" lon="7.14335">
        <ele>785</ele>
        <time>2025-11-23T13:22:51+00:00</time>
      </trkpt>
      <trkpt lat="47.3769" lon="7.14334">
        <ele>785</ele>
        <time>2025-11-23T13:22:54+00:00</time>
      </trkpt>
      <trkpt lat="47.37693" lon="7.14331">
        <ele>789</ele>
        <time>2025-11-23T13:22:57+00:00</time>
      </trkpt>
      <trkpt lat="47.37695" lon="7.14327">
        <ele>785</ele>
        <time>2025-11-23T13:23:00+00:00</time>
      </trkpt>
      <trkpt lat="47.37695" lon="7.14323">
        <ele>785</ele>
        <time>2025-11-23T13:23:03+00:00</time>
      </trkpt>
      <trkpt lat="47.37692" lon="7.14319">
        <ele>777</ele>
        <time>2025-11-23T13:23:06+00:00</time>
      </trkpt>
      <trkpt lat="47.37691" lon="7.14319">
        <ele>777</ele>
        <time>2025-11-23T13:23:09+00:00</time>
      </trkpt>
      <trkpt lat="47.37689" lon="7.14317">
        <ele>777</ele>
        <time>2025-11-23T13:23:12+00:00</time>
      </trkpt>
      <trkpt lat="47.37688" lon="7.14315">
        <ele>777</ele>
        <time>2025-11-23T13:23:15+00:00</time>
      </trkpt>
      <trkpt lat="47.37686" lon="7.14307">
        <ele>774</ele>
        <time>2025-11-23T13:23:18+00:00</time>
      </trkpt>
      <trkpt lat="47.37686" lon="7.14303">
        <ele>774</ele>
        <time>2025-11-23T13:23:21+00:00</time>
      </trkpt>
      <trkpt lat="47.37688" lon="7.14297">
        <ele>771</ele>
        <time>2025-11-23T13:23:24+00:00</time>
      </trkpt>
      <trkpt lat="47.3769" lon="7.14294">
        <ele>771</ele>
        <time>2025-11-23T13:23:27+00:00</time>
      </trkpt>
      <trkpt lat="47.37694" lon="7.1429">
        <ele>768</ele>
        <time>2025-11-23T13:23:30+00:00</time>
      </trkpt>
      <trkpt lat="47.37703" lon="7.14284">
        <ele>770</ele>
        <time>2025-11-23T13:23:33+00:00</time>
      </trkpt>
      <trkpt lat="47.37706" lon="7.14279">
        <ele>769</ele>
        <time>2025-11-23T13:23:36+00:00</time>
      </trkpt>
      <trkpt lat="47.37703" lon="7.14272">
        <ele>767</ele>
        <time>2025-11-23T13:23:39+00:00</time>
      </trkpt>
      <trkpt lat="47.37698" lon="7.14266">
        <ele>765</ele>
        <time>2025-11-23T13:23:42+00:00</time>
      </trkpt>
      <trkpt lat="47.37697" lon="7.14259">
        <ele>768</ele>
        <time>2025-11-23T13:23:45+00:00</time>
      </trkpt>
      <trkpt lat="47.37696" lon="7.14257">
        <ele>768</ele>
        <time>2025-11-23T13:23:48+00:00</time>
      </trkpt>
      <trkpt lat="47.37695" lon="7.14253">
        <ele>768</ele>
        <time>2025-11-23T13:23:51+00:00</time>
      </trkpt>
      <trkpt lat="47.37694" lon="7.1425">
        <ele>768</ele>
        <time>2025-11-23T13:23:54+00:00</time>
      </trkpt>
      <trkpt lat="47.37688" lon="7.14244">
        <ele>767</ele>
        <time>2025-11-23T13:23:57+00:00</time>
      </trkpt>
      <trkpt lat="47.37678" lon="7.14233">
        <ele>763</ele>
        <time>2025-11-23T13:24:00+00:00</time>
      </trkpt>
      <trkpt lat="47.37675" lon="7.14228">
        <ele>762</ele>
        <time>2025-11-23T13:24:03+00:00</time>
      </trkpt>
      <trkpt lat="47.37675" lon="7.14226">
        <ele>762</ele>
        <time>2025-11-23T13:24:06+00:00</time>
      </trkpt>
      <trkpt lat="47.37676" lon="7.14225">
        <ele>762</ele>
        <time>2025-11-23T13:24:09+00:00</time>
      </trkpt>
      <trkpt lat="47.37676" lon="7.14221">
        <ele>762</ele>
        <time>2025-11-23T13:24:12+00:00</time>
      </trkpt>
      <trkpt lat="47.37675" lon="7.14217">
        <ele>761</ele>
        <time>2025-11-23T13:24:15+00:00</time>
      </trkpt>
      <trkpt lat="47.37678" lon="7.14208">
        <ele>760</ele>
        <time>2025-11-23T13:24:18+00:00</time>
      </trkpt>
      <trkpt lat="47.37679" lon="7.14204">
        <ele>760</ele>
        <time>2025-11-23T13:24:21+00:00</time>
      </trkpt>
      <trkpt lat="47.3768" lon="7.14197">
        <ele>759</ele>
        <time>2025-11-23T13:24:24+00:00</time>
      </trkpt>
      <trkpt lat="47.37683" lon="7.14189">
        <ele>756</ele>
        <time>2025-11-23T13:24:27+00:00</time>
      </trkpt>
      <trkpt lat="47.37684" lon="7.14176">
        <ele>756</ele>
        <time>2025-11-23T13:24:30+00:00</time>
      </trkpt>
      <trkpt lat="47.37686" lon="7.14169">
        <ele>755</ele>
        <time>2025-11-23T13:24:33+00:00</time>
      </trkpt>
      <trkpt lat="47.37689" lon="7.14161">
        <ele>755</ele>
        <time>2025-11-23T13:24:36+00:00</time>
      </trkpt>
      <trkpt lat="47.37691" lon="7.14157">
        <ele>753</ele>
        <time>2025-11-23T13:24:39+00:00</time>
      </trkpt>
      <trkpt lat="47.37694" lon="7.14148">
        <ele>754</ele>
        <time>2025-11-23T13:24:42+00:00</time>
      </trkpt>
      <trkpt lat="47.37696" lon="7.14142">
        <ele>751</ele>
        <time>2025-11-23T13:24:45+00:00</time>
      </trkpt>
      <trkpt lat="47.37688" lon="7.14139">
        <ele>752</ele>
        <time>2025-11-23T13:24:48+00:00</time>
      </trkpt>
      <trkpt lat="47.37687" lon="7.14137">
        <ele>752</ele>
        <time>2025-11-23T13:24:51+00:00</time>
      </trkpt>
      <trkpt lat="47.37687" lon="7.14134">
        <ele>752</ele>
        <time>2025-11-23T13:24:54+00:00</time>
      </trkpt>
      <trkpt lat="47.37684" lon="7.14133">
        <ele>752</ele>
        <time>2025-11-23T13:24:57+00:00</time>
      </trkpt>
      <trkpt lat="47.37679" lon="7.14129">
        <ele>755</ele>
        <time>2025-11-23T13:25:00+00:00</time>
      </trkpt>
      <trkpt lat="47.37676" lon="7.14117">
        <ele>755</ele>
        <time>2025-11-23T13:25:03+00:00</time>
      </trkpt>
      <trkpt lat="47.3768" lon="7.14104">
        <ele>752</ele>
        <time>2025-11-23T13:25:06+00:00</time>
      </trkpt>
      <trkpt lat="47.37682" lon="7.14091">
        <ele>752</ele>
        <time>2025-11-23T13:25:09+00:00</time>
      </trkpt>
      <trkpt lat="47.37683" lon="7.14089">
        <ele>750</ele>
        <time>2025-11-23T13:25:12+00:00</time>
      </trkpt>
      <trkpt lat="47.3769" lon="7.14079">
        <ele>746</ele>
        <time>2025-11-23T13:25:15+00:00</time>
      </trkpt>
      <trkpt lat="47.37694" lon="7.14077">
        <ele>746</ele>
        <time>2025-11-23T13:25:18+00:00</time>
      </trkpt>
      <trkpt lat="47.377" lon="7.14076">
        <ele>746</ele>
        <time>2025-11-23T13:25:21+00:00</time>
      </trkpt>
      <trkpt lat="47.37704" lon="7.1407">
        <ele>740</ele>
        <time>2025-11-23T13:25:24+00:00</time>
      </trkpt>
      <trkpt lat="47.37711" lon="7.1407">
        <ele>740</ele>
        <time>2025-11-23T13:25:27+00:00</time>
      </trkpt>
      <trkpt lat="47.37716" lon="7.14068">
        <ele>737</ele>
        <time>2025-11-23T13:25:30+00:00</time>
      </trkpt>
      <trkpt lat="47.37718" lon="7.14065">
        <ele>737</ele>
        <time>2025-11-23T13:25:33+00:00</time>
      </trkpt>
      <trkpt lat="47.37723" lon="7.14059">
        <ele>732</ele>
        <time>2025-11-23T13:25:36+00:00</time>
      </trkpt>
      <trkpt lat="47.37729" lon="7.14055">
        <ele>732</ele>
        <time>2025-11-23T13:25:39+00:00</time>
      </trkpt>
      <trkpt lat="47.37732" lon="7.14053">
        <ele>732</ele>
        <time>2025-11-23T13:25:42+00:00</time>
      </trkpt>
      <trkpt lat="47.37735" lon="7.14046">
        <ele>730</ele>
        <time>2025-11-23T13:25:45+00:00</time>
      </trkpt>
      <trkpt lat="47.37738" lon="7.14043">
        <ele>730</ele>
        <time>2025-11-23T13:25:48+00:00</time>
      </trkpt>
      <trkpt lat="47.37741" lon="7.1404">
        <ele>730</ele>
        <time>2025-11-23T13:25:51+00:00</time>
      </trkpt>
      <trkpt lat="47.37743" lon="7.1404">
        <ele>730</ele>
        <time>2025-11-23T13:25:54+00:00</time>
      </trkpt>
      <trkpt lat="47.37747" lon="7.14038">
        <ele>730</ele>
        <time>2025-11-23T13:25:57+00:00</time>
      </trkpt>
      <trkpt lat="47.37752" lon="7.14025">
        <ele>728</ele>
        <time>2025-11-23T13:26:00+00:00</time>
      </trkpt>
      <trkpt lat="47.37757" lon="7.1402">
        <ele>728</ele>
        <time>2025-11-23T13:26:03+00:00</time>
      </trkpt>
      <trkpt lat="47.37761" lon="7.14014">
        <ele>724</ele>
        <time>2025-11-23T13:26:06+00:00</time>
      </trkpt>
      <trkpt lat="47.37767" lon="7.14">
        <ele>725</ele>
        <time>2025-11-23T13:26:09+00:00</time>
      </trkpt>
      <trkpt lat="47.37771" lon="7.13993">
        <ele>722</ele>
        <time>2025-11-23T13:26:12+00:00</time>
      </trkpt>
      <trkpt lat="47.37774" lon="7.1399">
        <ele>722</ele>
        <time>2025-11-23T13:26:15+00:00</time>
      </trkpt>
      <trkpt lat="47.37777" lon="7.13985">
        <ele>725</ele>
        <time>2025-11-23T13:26:18+00:00</time>
      </trkpt>
      <trkpt lat="47.37781" lon="7.13984">
        <ele>719</ele>
        <time>2025-11-23T13:26:21+00:00</time>
      </trkpt>
      <trkpt lat="47.37788" lon="7.1398">
        <ele>719</ele>
        <time>2025-11-23T13:26:24+00:00</time>
      </trkpt>
      <trkpt lat="47.37794" lon="7.13986">
        <ele>715</ele>
        <time>2025-11-23T13:26:27+00:00</time>
      </trkpt>
      <trkpt lat="47.37796" lon="7.13987">
        <ele>715</ele>
        <time>2025-11-23T13:26:30+00:00</time>
      </trkpt>
      <trkpt lat="47.37807" lon="7.13981">
        <ele>714</ele>
        <time>2025-11-23T13:26:33+00:00</time>
      </trkpt>
      <trkpt lat="47.37817" lon="7.1398">
        <ele>712</ele>
        <time>2025-11-23T13:26:36+00:00</time>
      </trkpt>
      <trkpt lat="47.37829" lon="7.13983">
        <ele>710</ele>
        <time>2025-11-23T13:26:39+00:00</time>
      </trkpt>
      <trkpt lat="47.3783" lon="7.13983">
        <ele>710</ele>
        <time>2025-11-23T13:26:42+00:00</time>
      </trkpt>
      <trkpt lat="47.37834" lon="7.13985">
        <ele>705</ele>
        <time>2025-11-23T13:26:45+00:00</time>
      </trkpt>
      <trkpt lat="47.37838" lon="7.13984">
        <ele>705</ele>
        <time>2025-11-23T13:26:48+00:00</time>
      </trkpt>
      <trkpt lat="47.37841" lon="7.13981">
        <ele>701</ele>
        <time>2025-11-23T13:26:51+00:00</time>
      </trkpt>
      <trkpt lat="47.37844" lon="7.1398">
        <ele>701</ele>
        <time>2025-11-23T13:26:54+00:00</time>
      </trkpt>
      <trkpt lat="47.37844" lon="7.13977">
        <ele>701</ele>
        <time>2025-11-23T13:26:57+00:00</time>
      </trkpt>
      <trkpt lat="47.37848" lon="7.13973">
        <ele>701</ele>
        <time>2025-11-23T13:27:00+00:00</time>
      </trkpt>
      <trkpt lat="47.37849" lon="7.13966">
        <ele>702</ele>
        <time>2025-11-23T13:27:03+00:00</time>
      </trkpt>
      <trkpt lat="47.37858" lon="7.13963">
        <ele>697</ele>
        <time>2025-11-23T13:27:06+00:00</time>
      </trkpt>
      <trkpt lat="47.37861" lon="7.1396">
        <ele>691</ele>
        <time>2025-11-23T13:27:09+00:00</time>
      </trkpt>
      <trkpt lat="47.37863" lon="7.13958">
        <ele>692</ele>
        <time>2025-11-23T13:27:12+00:00</time>
      </trkpt>
      <trkpt lat="47.3787" lon="7.13953">
        <ele>692</ele>
        <time>2025-11-23T13:27:15+00:00</time>
      </trkpt>
      <trkpt lat="47.37872" lon="7.13952">
        <ele>687</ele>
        <time>2025-11-23T13:27:18+00:00</time>
      </trkpt>
      <trkpt lat="47.37874" lon="7.13953">
        <ele>687</ele>
        <time>2025-11-23T13:27:21+00:00</time>
      </trkpt>
      <trkpt lat="47.37875" lon="7.13951">
        <ele>687</ele>
        <time>2025-11-23T13:27:24+00:00</time>
      </trkpt>
      <trkpt lat="47.37876" lon="7.1395">
        <ele>688</ele>
        <time>2025-11-23T13:27:27+00:00</time>
      </trkpt>
      <trkpt lat="47.37881" lon="7.13945">
        <ele>684</ele>
        <time>2025-11-23T13:27:30+00:00</time>
      </trkpt>
      <trkpt lat="47.37882" lon="7.1394">
        <ele>684</ele>
        <time>2025-11-23T13:27:33+00:00</time>
      </trkpt>
      <trkpt lat="47.37883" lon="7.13939">
        <ele>684</ele>
        <time>2025-11-23T13:27:36+00:00</time>
      </trkpt>
      <trkpt lat="47.37889" lon="7.13939">
        <ele>684</ele>
        <time>2025-11-23T13:27:39+00:00</time>
      </trkpt>
      <trkpt lat="47.37899" lon="7.13943">
        <ele>680</ele>
        <time>2025-11-23T13:27:42+00:00</time>
      </trkpt>
      <trkpt lat="47.37903" lon="7.13941">
        <ele>676</ele>
        <time>2025-11-23T13:27:45+00:00</time>
      </trkpt>
      <trkpt lat="47.37905" lon="7.1394">
        <ele>676</ele>
        <time>2025-11-23T13:27:48+00:00</time>
      </trkpt>
      <trkpt lat="47.37914" lon="7.13942">
        <ele>673</ele>
        <time>2025-11-23T13:27:51+00:00</time>
      </trkpt>
      <trkpt lat="47.37928" lon="7.13935">
        <ele>670</ele>
        <time>2025-11-23T13:27:54+00:00</time>
      </trkpt>
      <trkpt lat="47.37937" lon="7.13925">
        <ele>668</ele>
        <time>2025-11-23T13:27:57+00:00</time>
      </trkpt>
      <trkpt lat="47.37945" lon="7.13919">
        <ele>664</ele>
        <time>2025-11-23T13:28:00+00:00</time>
      </trkpt>
      <trkpt lat="47.37955" lon="7.1392">
        <ele>665</ele>
        <time>2025-11-23T13:28:03+00:00</time>
      </trkpt>
      <trkpt lat="47.37966" lon="7.13927">
        <ele>658</ele>
        <time>2025-11-23T13:28:06+00:00</time>
      </trkpt>
      <trkpt lat="47.37971" lon="7.13925">
        <ele>655</ele>
        <time>2025-11-23T13:28:09+00:00</time>
      </trkpt>
      <trkpt lat="47.37994" lon="7.13921">
        <ele>656</ele>
        <time>2025-11-23T13:28:12+00:00</time>
      </trkpt>
      <trkpt lat="47.38011" lon="7.13923">
        <ele>655</ele>
        <time>2025-11-23T13:28:15+00:00</time>
      </trkpt>
      <trkpt lat="47.38029" lon="7.13919">
        <ele>655</ele>
        <time>2025-11-23T13:28:18+00:00</time>
      </trkpt>
      <trkpt lat="47.38043" lon="7.13911">
        <ele>651</ele>
        <time>2025-11-23T13:28:21+00:00</time>
      </trkpt>
      <trkpt lat="47.38058" lon="7.13908">
        <ele>652</ele>
        <time>2025-11-23T13:28:24+00:00</time>
      </trkpt>
      <trkpt lat="47.38075" lon="7.13898">
        <ele>651</ele>
        <time>2025-11-23T13:28:27+00:00</time>
      </trkpt>
      <trkpt lat="47.38093" lon="7.13891">
        <ele>649</ele>
        <time>2025-11-23T13:28:30+00:00</time>
      </trkpt>
      <trkpt lat="47.38113" lon="7.13897">
        <ele>645</ele>
        <time>2025-11-23T13:28:33+00:00</time>
      </trkpt>
      <trkpt lat="47.38137" lon="7.13893">
        <ele>645</ele>
        <time>2025-11-23T13:28:36+00:00</time>
      </trkpt>
      <trkpt lat="47.38149" lon="7.13881">
        <ele>644</ele>
        <time>2025-11-23T13:28:39+00:00</time>
      </trkpt>
      <trkpt lat="47.38166" lon="7.13878">
        <ele>643</ele>
        <time>2025-11-23T13:28:42+00:00</time>
      </trkpt>
      <trkpt lat="47.38184" lon="7.13875">
        <ele>642</ele>
        <time>2025-11-23T13:28:45+00:00</time>
      </trkpt>
      <trkpt lat="47.38196" lon="7.13878">
        <ele>640</ele>
        <time>2025-11-23T13:28:48+00:00</time>
      </trkpt>
      <trkpt lat="47.38215" lon="7.13858">
        <ele>642</ele>
        <time>2025-11-23T13:28:51+00:00</time>
      </trkpt>
      <trkpt lat="47.38237" lon="7.13864">
        <ele>642</ele>
        <time>2025-11-23T13:28:54+00:00</time>
      </trkpt>
      <trkpt lat="47.38258" lon="7.1386">
        <ele>642</ele>
        <time>2025-11-23T13:28:57+00:00</time>
      </trkpt>
      <trkpt lat="47.38285" lon="7.1386">
        <ele>624</ele>
        <time>2025-11-23T13:29:00+00:00</time>
      </trkpt>
      <trkpt lat="47.38308" lon="7.13861">
        <ele>608</ele>
        <time>2025-11-23T13:29:03+00:00</time>
      </trkpt>
      <trkpt lat="47.38328" lon="7.13865">
        <ele>607</ele>
        <time>2025-11-23T13:29:06+00:00</time>
      </trkpt>
      <trkpt lat="47.38344" lon="7.13879">
        <ele>602</ele>
        <time>2025-11-23T13:29:09+00:00</time>
      </trkpt>
      <trkpt lat="47.38356" lon="7.13895">
        <ele>601</ele>
        <time>2025-11-23T13:29:12+00:00</time>
      </trkpt>
      <trkpt lat="47.38378" lon="7.13902">
        <ele>602</ele>
        <time>2025-11-23T13:29:15+00:00</time>
      </trkpt>
      <trkpt lat="47.384" lon="7.139">
        <ele>602</ele>
        <time>2025-11-23T13:29:18+00:00</time>
      </trkpt>
      <trkpt lat="47.3842" lon="7.13894">
        <ele>602</ele>
        <time>2025-11-23T13:29:21+00:00</time>
      </trkpt>
      <trkpt lat="47.38441" lon="7.13881">
        <ele>602</ele>
        <time>2025-11-23T13:29:24+00:00</time>
      </trkpt>
      <trkpt lat="47.38456" lon="7.13873">
        <ele>605</ele>
        <time>2025-11-23T13:29:27+00:00</time>
      </trkpt>
      <trkpt lat="47.38471" lon="7.13865">
        <ele>606</ele>
        <time>2025-11-23T13:29:30+00:00</time>
      </trkpt>
      <trkpt lat="47.38481" lon="7.13863">
        <ele>605</ele>
        <time>2025-11-23T13:29:33+00:00</time>
      </trkpt>
      <trkpt lat="47.38483" lon="7.1385">
        <ele>611</ele>
        <time>2025-11-23T13:29:36+00:00</time>
      </trkpt>
      <trkpt lat="47.3849" lon="7.13825">
        <ele>613</ele>
        <time>2025-11-23T13:29:39+00:00</time>
      </trkpt>
      <trkpt lat="47.38497" lon="7.13814">
        <ele>615</ele>
        <time>2025-11-23T13:29:42+00:00</time>
      </trkpt>
      <trkpt lat="47.38504" lon="7.13806">
        <ele>617</ele>
        <time>2025-11-23T13:29:45+00:00</time>
      </trkpt>
      <trkpt lat="47.3851" lon="7.13799">
        <ele>619</ele>
        <time>2025-11-23T13:29:48+00:00</time>
      </trkpt>
      <trkpt lat="47.38518" lon="7.13788">
        <ele>624</ele>
        <time>2025-11-23T13:29:51+00:00</time>
      </trkpt>
      <trkpt lat="47.3853" lon="7.13774">
        <ele>622</ele>
        <time>2025-11-23T13:29:54+00:00</time>
      </trkpt>
      <trkpt lat="47.38538" lon="7.13763">
        <ele>625</ele>
        <time>2025-11-23T13:29:57+00:00</time>
      </trkpt>
      <trkpt lat="47.38544" lon="7.13754">
        <ele>625</ele>
        <time>2025-11-23T13:30:00+00:00</time>
      </trkpt>
      <trkpt lat="47.38546" lon="7.13751">
        <ele>625</ele>
        <time>2025-11-23T13:30:03+00:00</time>
      </trkpt>
      <trkpt lat="47.3855" lon="7.13748">
        <ele>628</ele>
        <time>2025-11-23T13:30:06+00:00</time>
      </trkpt>
      <trkpt lat="47.38555" lon="7.13735">
        <ele>629</ele>
        <time>2025-11-23T13:30:09+00:00</time>
      </trkpt>
      <trkpt lat="47.3856" lon="7.13729">
        <ele>625</ele>
        <time>2025-11-23T13:30:12+00:00</time>
      </trkpt>
      <trkpt lat="47.38567" lon="7.13722">
        <ele>629</ele>
        <time>2025-11-23T13:30:15+00:00</time>
      </trkpt>
      <trkpt lat="47.3857" lon="7.13713">
        <ele>626</ele>
        <time>2025-11-23T13:30:18+00:00</time>
      </trkpt>
      <trkpt lat="47.38573" lon="7.13711">
        <ele>626</ele>
        <time>2025-11-23T13:30:21+00:00</time>
      </trkpt>
      <trkpt lat="47.38578" lon="7.13699">
        <ele>630</ele>
        <time>2025-11-23T13:30:24+00:00</time>
      </trkpt>
      <trkpt lat="47.38578" lon="7.13691">
        <ele>630</ele>
        <time>2025-11-23T13:30:27+00:00</time>
      </trkpt>
      <trkpt lat="47.3858" lon="7.13688">
        <ele>626</ele>
        <time>2025-11-23T13:30:30+00:00</time>
      </trkpt>
      <trkpt lat="47.38582" lon="7.13683">
        <ele>626</ele>
        <time>2025-11-23T13:30:33+00:00</time>
      </trkpt>
      <trkpt lat="47.38582" lon="7.13678">
        <ele>628</ele>
        <time>2025-11-23T13:30:36+00:00</time>
      </trkpt>
      <trkpt lat="47.38583" lon="7.13676">
        <ele>628</ele>
        <time>2025-11-23T13:30:39+00:00</time>
      </trkpt>
      <trkpt lat="47.38585" lon="7.13668">
        <ele>631</ele>
        <time>2025-11-23T13:30:42+00:00</time>
      </trkpt>
      <trkpt lat="47.38587" lon="7.13663">
        <ele>631</ele>
        <time>2025-11-23T13:30:45+00:00</time>
      </trkpt>
      <trkpt lat="47.38587" lon="7.13651">
        <ele>635</ele>
        <time>2025-11-23T13:30:48+00:00</time>
      </trkpt>
      <trkpt lat="47.38588" lon="7.13646">
        <ele>639</ele>
        <time>2025-11-23T13:30:51+00:00</time>
      </trkpt>
      <trkpt lat="47.38588" lon="7.13644">
        <ele>639</ele>
        <time>2025-11-23T13:30:54+00:00</time>
      </trkpt>
      <trkpt lat="47.3859" lon="7.13633">
        <ele>642</ele>
        <time>2025-11-23T13:30:57+00:00</time>
      </trkpt>
      <trkpt lat="47.38588" lon="7.13618">
        <ele>647</ele>
        <time>2025-11-23T13:31:00+00:00</time>
      </trkpt>
      <trkpt lat="47.38588" lon="7.13603">
        <ele>649</ele>
        <time>2025-11-23T13:31:03+00:00</time>
      </trkpt>
      <trkpt lat="47.38586" lon="7.13596">
        <ele>651</ele>
        <time>2025-11-23T13:31:06+00:00</time>
      </trkpt>
      <trkpt lat="47.38585" lon="7.13584">
        <ele>652</ele>
        <time>2025-11-23T13:31:09+00:00</time>
      </trkpt>
      <trkpt lat="47.38584" lon="7.13572">
        <ele>651</ele>
        <time>2025-11-23T13:31:12+00:00</time>
      </trkpt>
      <trkpt lat="47.38584" lon="7.13571">
        <ele>654</ele>
        <time>2025-11-23T13:31:15+00:00</time>
      </trkpt>
      <trkpt lat="47.38588" lon="7.13563">
        <ele>656</ele>
        <time>2025-11-23T13:31:18+00:00</time>
      </trkpt>
      <trkpt lat="47.38588" lon="7.1356">
        <ele>656</ele>
        <time>2025-11-23T13:31:21+00:00</time>
      </trkpt>
      <trkpt lat="47.38589" lon="7.1356">
        <ele>658</ele>
        <time>2025-11-23T13:31:24+00:00</time>
      </trkpt>
      <trkpt lat="47.38593" lon="7.13558">
        <ele>653</ele>
        <time>2025-11-23T13:31:27+00:00</time>
      </trkpt>
      <trkpt lat="47.38597" lon="7.13555">
        <ele>651</ele>
        <time>2025-11-23T13:31:30+00:00</time>
      </trkpt>
      <trkpt lat="47.38609" lon="7.13558">
        <ele>652</ele>
        <time>2025-11-23T13:31:33+00:00</time>
      </trkpt>
      <trkpt lat="47.38619" lon="7.1356">
        <ele>652</ele>
        <time>2025-11-23T13:31:36+00:00</time>
      </trkpt>
      <trkpt lat="47.38626" lon="7.1356">
        <ele>656</ele>
        <time>2025-11-23T13:31:39+00:00</time>
      </trkpt>
      <trkpt lat="47.38632" lon="7.13555">
        <ele>659</ele>
        <time>2025-11-23T13:31:42+00:00</time>
      </trkpt>
      <trkpt lat="47.38636" lon="7.13555">
        <ele>659</ele>
        <time>2025-11-23T13:31:45+00:00</time>
      </trkpt>
      <trkpt lat="47.38639" lon="7.13555">
        <ele>659</ele>
        <time>2025-11-23T13:31:48+00:00</time>
      </trkpt>
      <trkpt lat="47.38646" lon="7.13554">
        <ele>661</ele>
        <time>2025-11-23T13:31:51+00:00</time>
      </trkpt>
      <trkpt lat="47.3865" lon="7.13552">
        <ele>661</ele>
        <time>2025-11-23T13:31:54+00:00</time>
      </trkpt>
      <trkpt lat="47.38654" lon="7.13552">
        <ele>662</ele>
        <time>2025-11-23T13:31:57+00:00</time>
      </trkpt>
      <trkpt lat="47.38664" lon="7.13548">
        <ele>665</ele>
        <time>2025-11-23T13:32:00+00:00</time>
      </trkpt>
      <trkpt lat="47.38673" lon="7.13546">
        <ele>665</ele>
        <time>2025-11-23T13:32:03+00:00</time>
      </trkpt>
      <trkpt lat="47.38677" lon="7.13544">
        <ele>665</ele>
        <time>2025-11-23T13:32:06+00:00</time>
      </trkpt>
      <trkpt lat="47.38683" lon="7.13545">
        <ele>665</ele>
        <time>2025-11-23T13:32:09+00:00</time>
      </trkpt>
      <trkpt lat="47.3869" lon="7.13545">
        <ele>665</ele>
        <time>2025-11-23T13:32:12+00:00</time>
      </trkpt>
      <trkpt lat="47.38704" lon="7.13543">
        <ele>665</ele>
        <time>2025-11-23T13:32:15+00:00</time>
      </trkpt>
      <trkpt lat="47.3872" lon="7.1354">
        <ele>665</ele>
        <time>2025-11-23T13:32:18+00:00</time>
      </trkpt>
      <trkpt lat="47.38728" lon="7.13532">
        <ele>667</ele>
        <time>2025-11-23T13:32:21+00:00</time>
      </trkpt>
      <trkpt lat="47.38729" lon="7.13523">
        <ele>670</ele>
        <time>2025-11-23T13:32:24+00:00</time>
      </trkpt>
      <trkpt lat="47.38729" lon="7.13514">
        <ele>672</ele>
        <time>2025-11-23T13:32:27+00:00</time>
      </trkpt>
      <trkpt lat="47.38726" lon="7.13504">
        <ele>674</ele>
        <time>2025-11-23T13:32:30+00:00</time>
      </trkpt>
      <trkpt lat="47.3872" lon="7.13479">
        <ele>678</ele>
        <time>2025-11-23T13:32:33+00:00</time>
      </trkpt>
      <trkpt lat="47.38708" lon="7.13447">
        <ele>687</ele>
        <time>2025-11-23T13:32:36+00:00</time>
      </trkpt>
      <trkpt lat="47.38699" lon="7.13421">
        <ele>690</ele>
        <time>2025-11-23T13:32:39+00:00</time>
      </trkpt>
      <trkpt lat="47.38689" lon="7.13393">
        <ele>694</ele>
        <time>2025-11-23T13:32:42+00:00</time>
      </trkpt>
      <trkpt lat="47.38671" lon="7.13343">
        <ele>696</ele>
        <time>2025-11-23T13:32:45+00:00</time>
      </trkpt>
      <trkpt lat="47.38671" lon="7.13343">
        <ele>696</ele>
        <time>2025-11-23T13:32:48+00:00</time>
      </trkpt>
      <trkpt lat="47.38671" lon="7.13343">
        <ele>696</ele>
        <time>2025-11-23T13:32:51+00:00</time>
      </trkpt>
      <trkpt lat="47.38661" lon="7.13311">
        <ele>700</ele>
        <time>2025-11-23T13:32:54+00:00</time>
      </trkpt>
      <trkpt lat="47.3865" lon="7.13277">
        <ele>701</ele>
        <time>2025-11-23T13:32:57+00:00</time>
      </trkpt>
      <trkpt lat="47.38626" lon="7.13222">
        <ele>708</ele>
        <time>2025-11-23T13:33:00+00:00</time>
      </trkpt>
      <trkpt lat="47.38615" lon="7.1319">
        <ele>708</ele>
        <time>2025-11-23T13:33:03+00:00</time>
      </trkpt>
      <trkpt lat="47.38602" lon="7.13153">
        <ele>711</ele>
        <time>2025-11-23T13:33:06+00:00</time>
      </trkpt>
      <trkpt lat="47.38579" lon="7.13095">
        <ele>713</ele>
        <time>2025-11-23T13:33:09+00:00</time>
      </trkpt>
      <trkpt lat="47.38567" lon="7.13064">
        <ele>715</ele>
        <time>2025-11-23T13:33:12+00:00</time>
      </trkpt>
      <trkpt lat="47.38554" lon="7.13037">
        <ele>718</ele>
        <time>2025-11-23T13:33:15+00:00</time>
      </trkpt>
      <trkpt lat="47.38545" lon="7.13001">
        <ele>716</ele>
        <time>2025-11-23T13:33:18+00:00</time>
      </trkpt>
      <trkpt lat="47.38538" lon="7.12935">
        <ele>715</ele>
        <time>2025-11-23T13:33:21+00:00</time>
      </trkpt>
      <trkpt lat="47.38531" lon="7.12893">
        <ele>713</ele>
        <time>2025-11-23T13:33:24+00:00</time>
      </trkpt>
      <trkpt lat="47.38529" lon="7.12886">
        <ele>710</ele>
        <time>2025-11-23T13:33:27+00:00</time>
      </trkpt>
      <trkpt lat="47.38525" lon="7.12839">
        <ele>711</ele>
        <time>2025-11-23T13:33:30+00:00</time>
      </trkpt>
      <trkpt lat="47.38516" lon="7.12792">
        <ele>710</ele>
        <time>2025-11-23T13:33:33+00:00</time>
      </trkpt>
      <trkpt lat="47.38506" lon="7.1274">
        <ele>708</ele>
        <time>2025-11-23T13:33:36+00:00</time>
      </trkpt>
      <trkpt lat="47.38497" lon="7.12719">
        <ele>705</ele>
        <time>2025-11-23T13:33:39+00:00</time>
      </trkpt>
      <trkpt lat="47.38497" lon="7.12719">
        <ele>705</ele>
        <time>2025-11-23T13:33:42+00:00</time>
      </trkpt>
      <trkpt lat="47.38495" lon="7.12708">
        <ele>706</ele>
        <time>2025-11-23T13:33:45+00:00</time>
      </trkpt>
      <trkpt lat="47.3849" lon="7.12688">
        <ele>704</ele>
        <time>2025-11-23T13:33:48+00:00</time>
      </trkpt>
      <trkpt lat="47.38488" lon="7.12681">
        <ele>704</ele>
        <time>2025-11-23T13:33:51+00:00</time>
      </trkpt>
      <trkpt lat="47.38482" lon="7.1265">
        <ele>700</ele>
        <time>2025-11-23T13:33:54+00:00</time>
      </trkpt>
      <trkpt lat="47.38479" lon="7.12641">
        <ele>703</ele>
        <time>2025-11-23T13:33:57+00:00</time>
      </trkpt>
      <trkpt lat="47.38474" lon="7.12616">
        <ele>697</ele>
        <time>2025-11-23T13:34:00+00:00</time>
      </trkpt>
      <trkpt lat="47.38461" lon="7.12576">
        <ele>694</ele>
        <time>2025-11-23T13:34:03+00:00</time>
      </trkpt>
      <trkpt lat="47.38452" lon="7.12547">
        <ele>694</ele>
        <time>2025-11-23T13:34:06+00:00</time>
      </trkpt>
      <trkpt lat="47.38446" lon="7.12519">
        <ele>693</ele>
        <time>2025-11-23T13:34:09+00:00</time>
      </trkpt>
      <trkpt lat="47.38443" lon="7.12504">
        <ele>692</ele>
        <time>2025-11-23T13:34:12+00:00</time>
      </trkpt>
      <trkpt lat="47.3844" lon="7.12494">
        <ele>690</ele>
        <time>2025-11-23T13:34:15+00:00</time>
      </trkpt>
      <trkpt lat="47.38436" lon="7.12472">
        <ele>691</ele>
        <time>2025-11-23T13:34:18+00:00</time>
      </trkpt>
      <trkpt lat="47.38432" lon="7.12447">
        <ele>686</ele>
        <time>2025-11-23T13:34:21+00:00</time>
      </trkpt>
      <trkpt lat="47.38428" lon="7.12407">
        <ele>684</ele>
        <time>2025-11-23T13:34:24+00:00</time>
      </trkpt>
      <trkpt lat="47.38424" lon="7.12388">
        <ele>682</ele>
        <time>2025-11-23T13:34:27+00:00</time>
      </trkpt>
      <trkpt lat="47.38419" lon="7.12362">
        <ele>681</ele>
        <time>2025-11-23T13:34:30+00:00</time>
      </trkpt>
      <trkpt lat="47.38417" lon="7.12344">
        <ele>674</ele>
        <time>2025-11-23T13:34:33+00:00</time>
      </trkpt>
      <trkpt lat="47.38413" lon="7.12332">
        <ele>670</ele>
        <time>2025-11-23T13:34:36+00:00</time>
      </trkpt>
      <trkpt lat="47.38406" lon="7.1231">
        <ele>668</ele>
        <time>2025-11-23T13:34:39+00:00</time>
      </trkpt>
      <trkpt lat="47.38403" lon="7.12289">
        <ele>663</ele>
        <time>2025-11-23T13:34:42+00:00</time>
      </trkpt>
      <trkpt lat="47.38403" lon="7.12275">
        <ele>658</ele>
        <time>2025-11-23T13:34:45+00:00</time>
      </trkpt>
      <trkpt lat="47.38406" lon="7.12265">
        <ele>659</ele>
        <time>2025-11-23T13:34:48+00:00</time>
      </trkpt>
      <trkpt lat="47.38412" lon="7.12253">
        <ele>665</ele>
        <time>2025-11-23T13:34:51+00:00</time>
      </trkpt>
      <trkpt lat="47.38406" lon="7.12239">
        <ele>666</ele>
        <time>2025-11-23T13:34:54+00:00</time>
      </trkpt>
      <trkpt lat="47.38405" lon="7.12223">
        <ele>668</ele>
        <time>2025-11-23T13:34:57+00:00</time>
      </trkpt>
      <trkpt lat="47.38413" lon="7.12212">
        <ele>668</ele>
        <time>2025-11-23T13:35:00+00:00</time>
      </trkpt>
      <trkpt lat="47.38415" lon="7.1221">
        <ele>671</ele>
        <time>2025-11-23T13:35:03+00:00</time>
      </trkpt>
      <trkpt lat="47.3842" lon="7.12208">
        <ele>671</ele>
        <time>2025-11-23T13:35:06+00:00</time>
      </trkpt>
      <trkpt lat="47.38433" lon="7.12216">
        <ele>669</ele>
        <time>2025-11-23T13:35:09+00:00</time>
      </trkpt>
      <trkpt lat="47.38438" lon="7.12218">
        <ele>669</ele>
        <time>2025-11-23T13:35:12+00:00</time>
      </trkpt>
      <trkpt lat="47.38441" lon="7.12221">
        <ele>668</ele>
        <time>2025-11-23T13:35:15+00:00</time>
      </trkpt>
      <trkpt lat="47.38446" lon="7.12225">
        <ele>668</ele>
        <time>2025-11-23T13:35:18+00:00</time>
      </trkpt>
      <trkpt lat="47.38451" lon="7.12228">
        <ele>667</ele>
        <time>2025-11-23T13:35:21+00:00</time>
      </trkpt>
      <trkpt lat="47.38454" lon="7.12229">
        <ele>671</ele>
        <time>2025-11-23T13:35:24+00:00</time>
      </trkpt>
      <trkpt lat="47.3846" lon="7.12232">
        <ele>669</ele>
        <time>2025-11-23T13:35:27+00:00</time>
      </trkpt>
      <trkpt lat="47.38466" lon="7.12237">
        <ele>669</ele>
        <time>2025-11-23T13:35:30+00:00</time>
      </trkpt>
      <trkpt lat="47.38479" lon="7.12245">
        <ele>666</ele>
        <time>2025-11-23T13:35:33+00:00</time>
      </trkpt>
      <trkpt lat="47.38489" lon="7.12252">
        <ele>666</ele>
        <time>2025-11-23T13:35:36+00:00</time>
      </trkpt>
      <trkpt lat="47.38495" lon="7.12254">
        <ele>665</ele>
        <time>2025-11-23T13:35:39+00:00</time>
      </trkpt>
      <trkpt lat="47.38502" lon="7.12258">
        <ele>660</ele>
        <time>2025-11-23T13:35:42+00:00</time>
      </trkpt>
      <trkpt lat="47.38507" lon="7.12261">
        <ele>660</ele>
        <time>2025-11-23T13:35:45+00:00</time>
      </trkpt>
      <trkpt lat="47.38512" lon="7.12263">
        <ele>656</ele>
        <time>2025-11-23T13:35:48+00:00</time>
      </trkpt>
      <trkpt lat="47.38519" lon="7.12268">
        <ele>656</ele>
        <time>2025-11-23T13:35:51+00:00</time>
      </trkpt>
      <trkpt lat="47.3853" lon="7.12278">
        <ele>656</ele>
        <time>2025-11-23T13:35:54+00:00</time>
      </trkpt>
      <trkpt lat="47.38539" lon="7.12285">
        <ele>656</ele>
        <time>2025-11-23T13:35:57+00:00</time>
      </trkpt>
      <trkpt lat="47.3856" lon="7.12302">
        <ele>658</ele>
        <time>2025-11-23T13:36:00+00:00</time>
      </trkpt>
      <trkpt lat="47.38572" lon="7.123">
        <ele>658</ele>
        <time>2025-11-23T13:36:03+00:00</time>
      </trkpt>
      <trkpt lat="47.3858" lon="7.12292">
        <ele>658</ele>
        <time>2025-11-23T13:36:06+00:00</time>
      </trkpt>
      <trkpt lat="47.38587" lon="7.1228">
        <ele>659</ele>
        <time>2025-11-23T13:36:09+00:00</time>
      </trkpt>
      <trkpt lat="47.38593" lon="7.12263">
        <ele>659</ele>
        <time>2025-11-23T13:36:12+00:00</time>
      </trkpt>
      <trkpt lat="47.38595" lon="7.12247">
        <ele>660</ele>
        <time>2025-11-23T13:36:15+00:00</time>
      </trkpt>
      <trkpt lat="47.38596" lon="7.12234">
        <ele>660</ele>
        <time>2025-11-23T13:36:18+00:00</time>
      </trkpt>
      <trkpt lat="47.38597" lon="7.12179">
        <ele>661</ele>
        <time>2025-11-23T13:36:21+00:00</time>
      </trkpt>
      <trkpt lat="47.38595" lon="7.12155">
        <ele>662</ele>
        <time>2025-11-23T13:36:24+00:00</time>
      </trkpt>
      <trkpt lat="47.3859" lon="7.12135">
        <ele>664</ele>
        <time>2025-11-23T13:36:27+00:00</time>
      </trkpt>
      <trkpt lat="47.38583" lon="7.1211">
        <ele>663</ele>
        <time>2025-11-23T13:36:30+00:00</time>
      </trkpt>
      <trkpt lat="47.38572" lon="7.12084">
        <ele>664</ele>
        <time>2025-11-23T13:36:33+00:00</time>
      </trkpt>
      <trkpt lat="47.3856" lon="7.12058">
        <ele>667</ele>
        <time>2025-11-23T13:36:36+00:00</time>
      </trkpt>
      <trkpt lat="47.38539" lon="7.12015">
        <ele>667</ele>
        <time>2025-11-23T13:36:39+00:00</time>
      </trkpt>
      <trkpt lat="47.38522" lon="7.1198">
        <ele>668</ele>
        <time>2025-11-23T13:36:42+00:00</time>
      </trkpt>
      <trkpt lat="47.38506" lon="7.11951">
        <ele>668</ele>
        <time>2025-11-23T13:36:45+00:00</time>
      </trkpt>
      <trkpt lat="47.38493" lon="7.11926">
        <ele>668</ele>
        <time>2025-11-23T13:36:48+00:00</time>
      </trkpt>
      <trkpt lat="47.38475" lon="7.11892">
        <ele>668</ele>
        <time>2025-11-23T13:36:51+00:00</time>
      </trkpt>
      <trkpt lat="47.38441" lon="7.1185">
        <ele>668</ele>
        <time>2025-11-23T13:36:54+00:00</time>
      </trkpt>
      <trkpt lat="47.38429" lon="7.11837">
        <ele>669</ele>
        <time>2025-11-23T13:36:57+00:00</time>
      </trkpt>
      <trkpt lat="47.38434" lon="7.1182">
        <ele>668</ele>
        <time>2025-11-23T13:37:00+00:00</time>
      </trkpt>
      <trkpt lat="47.38436" lon="7.11809">
        <ele>667</ele>
        <time>2025-11-23T13:37:03+00:00</time>
      </trkpt>
      <trkpt lat="47.38421" lon="7.11792">
        <ele>668</ele>
        <time>2025-11-23T13:37:06+00:00</time>
      </trkpt>
      <trkpt lat="47.38425" lon="7.1179">
        <ele>670</ele>
        <time>2025-11-23T13:37:09+00:00</time>
      </trkpt>
      <trkpt lat="47.38428" lon="7.11784">
        <ele>670</ele>
        <time>2025-11-23T13:37:12+00:00</time>
      </trkpt>
      <trkpt lat="47.3843" lon="7.11777">
        <ele>670</ele>
        <time>2025-11-23T13:37:15+00:00</time>
      </trkpt>
      <trkpt lat="47.38431" lon="7.11767">
        <ele>673</ele>
        <time>2025-11-23T13:37:18+00:00</time>
      </trkpt>
      <trkpt lat="47.38433" lon="7.11757">
        <ele>676</ele>
        <time>2025-11-23T13:37:21+00:00</time>
      </trkpt>
      <trkpt lat="47.38431" lon="7.11745">
        <ele>679</ele>
        <time>2025-11-23T13:37:24+00:00</time>
      </trkpt>
      <trkpt lat="47.38429" lon="7.11739">
        <ele>678</ele>
        <time>2025-11-23T13:37:27+00:00</time>
      </trkpt>
      <trkpt lat="47.38426" lon="7.11733">
        <ele>686</ele>
        <time>2025-11-23T13:37:30+00:00</time>
      </trkpt>
      <trkpt lat="47.38413" lon="7.11715">
        <ele>677</ele>
        <time>2025-11-23T13:37:33+00:00</time>
      </trkpt>
      <trkpt lat="47.38405" lon="7.11701">
        <ele>683</ele>
        <time>2025-11-23T13:37:36+00:00</time>
      </trkpt>
      <trkpt lat="47.38403" lon="7.11695">
        <ele>680</ele>
        <time>2025-11-23T13:37:39+00:00</time>
      </trkpt>
      <trkpt lat="47.38401" lon="7.11686">
        <ele>677</ele>
        <time>2025-11-23T13:37:42+00:00</time>
      </trkpt>
      <trkpt lat="47.38402" lon="7.11685">
        <ele>677</ele>
        <time>2025-11-23T13:37:45+00:00</time>
      </trkpt>
      <trkpt lat="47.38406" lon="7.11684">
        <ele>677</ele>
        <time>2025-11-23T13:37:48+00:00</time>
      </trkpt>
      <trkpt lat="47.38417" lon="7.11679">
        <ele>674</ele>
        <time>2025-11-23T13:37:51+00:00</time>
      </trkpt>
      <trkpt lat="47.38422" lon="7.11674">
        <ele>673</ele>
        <time>2025-11-23T13:37:54+00:00</time>
      </trkpt>
      <trkpt lat="47.38425" lon="7.11669">
        <ele>672</ele>
        <time>2025-11-23T13:37:57+00:00</time>
      </trkpt>
      <trkpt lat="47.38429" lon="7.11652">
        <ele>672</ele>
        <time>2025-11-23T13:38:00+00:00</time>
      </trkpt>
      <trkpt lat="47.38432" lon="7.11647">
        <ele>672</ele>
        <time>2025-11-23T13:38:03+00:00</time>
      </trkpt>
      <trkpt lat="47.38435" lon="7.11643">
        <ele>672</ele>
        <time>2025-11-23T13:38:06+00:00</time>
      </trkpt>
      <trkpt lat="47.38449" lon="7.11635">
        <ele>669</ele>
        <time>2025-11-23T13:38:09+00:00</time>
      </trkpt>
      <trkpt lat="47.38454" lon="7.11628">
        <ele>666</ele>
        <time>2025-11-23T13:38:12+00:00</time>
      </trkpt>
      <trkpt lat="47.38458" lon="7.11626">
        <ele>666</ele>
        <time>2025-11-23T13:38:15+00:00</time>
      </trkpt>
      <trkpt lat="47.38466" lon="7.11625">
        <ele>665</ele>
        <time>2025-11-23T13:38:18+00:00</time>
      </trkpt>
      <trkpt lat="47.38472" lon="7.11629">
        <ele>662</ele>
        <time>2025-11-23T13:38:21+00:00</time>
      </trkpt>
      <trkpt lat="47.38486" lon="7.11645">
        <ele>660</ele>
        <time>2025-11-23T13:38:24+00:00</time>
      </trkpt>
      <trkpt lat="47.38499" lon="7.11653">
        <ele>657</ele>
        <time>2025-11-23T13:38:27+00:00</time>
      </trkpt>
      <trkpt lat="47.38501" lon="7.11654">
        <ele>654</ele>
        <time>2025-11-23T13:38:30+00:00</time>
      </trkpt>
      <trkpt lat="47.38516" lon="7.11664">
        <ele>651</ele>
        <time>2025-11-23T13:38:33+00:00</time>
      </trkpt>
      <trkpt lat="47.38523" lon="7.11665">
        <ele>647</ele>
        <time>2025-11-23T13:38:36+00:00</time>
      </trkpt>
      <trkpt lat="47.3853" lon="7.11673">
        <ele>645</ele>
        <time>2025-11-23T13:38:39+00:00</time>
      </trkpt>
      <trkpt lat="47.38534" lon="7.11674">
        <ele>645</ele>
        <time>2025-11-23T13:38:42+00:00</time>
      </trkpt>
      <trkpt lat="47.38538" lon="7.11673">
        <ele>645</ele>
        <time>2025-11-23T13:38:45+00:00</time>
      </trkpt>
      <trkpt lat="47.38546" lon="7.11673">
        <ele>638</ele>
        <time>2025-11-23T13:38:48+00:00</time>
      </trkpt>
      <trkpt lat="47.3855" lon="7.1167">
        <ele>632</ele>
        <time>2025-11-23T13:38:51+00:00</time>
      </trkpt>
      <trkpt lat="47.38543" lon="7.11664">
        <ele>634</ele>
        <time>2025-11-23T13:38:54+00:00</time>
      </trkpt>
      <trkpt lat="47.38534" lon="7.11641">
        <ele>631</ele>
        <time>2025-11-23T13:38:57+00:00</time>
      </trkpt>
      <trkpt lat="47.38525" lon="7.11608">
        <ele>627</ele>
        <time>2025-11-23T13:39:00+00:00</time>
      </trkpt>
      <trkpt lat="47.38518" lon="7.11577">
        <ele>626</ele>
        <time>2025-11-23T13:39:03+00:00</time>
      </trkpt>
      <trkpt lat="47.38514" lon="7.11556">
        <ele>624</ele>
        <time>2025-11-23T13:39:06+00:00</time>
      </trkpt>
      <trkpt lat="47.38512" lon="7.11528">
        <ele>631</ele>
        <time>2025-11-23T13:39:09+00:00</time>
      </trkpt>
      <trkpt lat="47.38514" lon="7.11514">
        <ele>626</ele>
        <time>2025-11-23T13:39:12+00:00</time>
      </trkpt>
      <trkpt lat="47.38512" lon="7.11509">
        <ele>631</ele>
        <time>2025-11-23T13:39:15+00:00</time>
      </trkpt>
      <trkpt lat="47.38503" lon="7.11496">
        <ele>625</ele>
        <time>2025-11-23T13:39:18+00:00</time>
      </trkpt>
      <trkpt lat="47.38497" lon="7.11472">
        <ele>633</ele>
        <time>2025-11-23T13:39:21+00:00</time>
      </trkpt>
      <trkpt lat="47.3849" lon="7.11437">
        <ele>619</ele>
        <time>2025-11-23T13:39:24+00:00</time>
      </trkpt>
      <trkpt lat="47.38473" lon="7.11413">
        <ele>618</ele>
        <time>2025-11-23T13:39:27+00:00</time>
      </trkpt>
      <trkpt lat="47.38448" lon="7.11408">
        <ele>619</ele>
        <time>2025-11-23T13:39:30+00:00</time>
      </trkpt>
      <trkpt lat="47.38433" lon="7.11396">
        <ele>620</ele>
        <time>2025-11-23T13:39:33+00:00</time>
      </trkpt>
      <trkpt lat="47.38433" lon="7.11396">
        <ele>620</ele>
        <time>2025-11-23T13:39:36+00:00</time>
      </trkpt>
      <trkpt lat="47.38433" lon="7.11396">
        <ele>620</ele>
        <time>2025-11-23T13:39:39+00:00</time>
      </trkpt>
      <trkpt lat="47.38417" lon="7.11381">
        <ele>617</ele>
        <time>2025-11-23T13:39:42+00:00</time>
      </trkpt>
      <trkpt lat="47.38406" lon="7.11366">
        <ele>617</ele>
        <time>2025-11-23T13:39:45+00:00</time>
      </trkpt>
      <trkpt lat="47.38418" lon="7.11369">
        <ele>616</ele>
        <time>2025-11-23T13:39:48+00:00</time>
      </trkpt>
      <trkpt lat="47.38428" lon="7.1137">
        <ele>615</ele>
        <time>2025-11-23T13:39:51+00:00</time>
      </trkpt>
      <trkpt lat="47.38447" lon="7.11372">
        <ele>614</ele>
        <time>2025-11-23T13:39:54+00:00</time>
      </trkpt>
      <trkpt lat="47.38463" lon="7.11366">
        <ele>607</ele>
        <time>2025-11-23T13:39:57+00:00</time>
      </trkpt>
      <trkpt lat="47.38479" lon="7.11364">
        <ele>604</ele>
        <time>2025-11-23T13:40:00+00:00</time>
      </trkpt>
      <trkpt lat="47.38484" lon="7.11366">
        <ele>602</ele>
        <time>2025-11-23T13:40:03+00:00</time>
      </trkpt>
      <trkpt lat="47.38489" lon="7.1136">
        <ele>602</ele>
        <time>2025-11-23T13:40:06+00:00</time>
      </trkpt>
      <trkpt lat="47.38495" lon="7.11358">
        <ele>599</ele>
        <time>2025-11-23T13:40:09+00:00</time>
      </trkpt>
      <trkpt lat="47.38501" lon="7.11352">
        <ele>597</ele>
        <time>2025-11-23T13:40:12+00:00</time>
      </trkpt>
      <trkpt lat="47.38506" lon="7.11355">
        <ele>597</ele>
        <time>2025-11-23T13:40:15+00:00</time>
      </trkpt>
      <trkpt lat="47.3851" lon="7.11347">
        <ele>594</ele>
        <time>2025-11-23T13:40:18+00:00</time>
      </trkpt>
      <trkpt lat="47.38524" lon="7.11341">
        <ele>592</ele>
        <time>2025-11-23T13:40:21+00:00</time>
      </trkpt>
      <trkpt lat="47.38534" lon="7.11337">
        <ele>590</ele>
        <time>2025-11-23T13:40:24+00:00</time>
      </trkpt>
      <trkpt lat="47.38547" lon="7.11339">
        <ele>586</ele>
        <time>2025-11-23T13:40:27+00:00</time>
      </trkpt>
      <trkpt lat="47.38563" lon="7.11344">
        <ele>581</ele>
        <time>2025-11-23T13:40:30+00:00</time>
      </trkpt>
      <trkpt lat="47.38586" lon="7.11349">
        <ele>578</ele>
        <time>2025-11-23T13:40:33+00:00</time>
      </trkpt>
      <trkpt lat="47.38604" lon="7.11352">
        <ele>574</ele>
        <time>2025-11-23T13:40:36+00:00</time>
      </trkpt>
      <trkpt lat="47.3863" lon="7.11356">
        <ele>572</ele>
        <time>2025-11-23T13:40:39+00:00</time>
      </trkpt>
      <trkpt lat="47.38655" lon="7.11352">
        <ele>564</ele>
        <time>2025-11-23T13:40:42+00:00</time>
      </trkpt>
      <trkpt lat="47.38687" lon="7.11333">
        <ele>557</ele>
        <time>2025-11-23T13:40:45+00:00</time>
      </trkpt>
      <trkpt lat="47.3871" lon="7.11311">
        <ele>548</ele>
        <time>2025-11-23T13:40:48+00:00</time>
      </trkpt>
      <trkpt lat="47.38721" lon="7.11303">
        <ele>541</ele>
        <time>2025-11-23T13:40:51+00:00</time>
      </trkpt>
      <trkpt lat="47.38737" lon="7.11297">
        <ele>539</ele>
        <time>2025-11-23T13:40:54+00:00</time>
      </trkpt>
      <trkpt lat="47.38768" lon="7.1129">
        <ele>539</ele>
        <time>2025-11-23T13:40:57+00:00</time>
      </trkpt>
      <trkpt lat="47.38799" lon="7.11288">
        <ele>536</ele>
        <time>2025-11-23T13:41:00+00:00</time>
      </trkpt>
      <trkpt lat="47.38829" lon="7.11281">
        <ele>536</ele>
        <time>2025-11-23T13:41:03+00:00</time>
      </trkpt>
      <trkpt lat="47.38863" lon="7.11266">
        <ele>537</ele>
        <time>2025-11-23T13:41:06+00:00</time>
      </trkpt>
      <trkpt lat="47.38897" lon="7.11238">
        <ele>546</ele>
        <time>2025-11-23T13:41:09+00:00</time>
      </trkpt>
      <trkpt lat="47.3892" lon="7.11219">
        <ele>552</ele>
        <time>2025-11-23T13:41:12+00:00</time>
      </trkpt>
      <trkpt lat="47.38947" lon="7.11195">
        <ele>552</ele>
        <time>2025-11-23T13:41:15+00:00</time>
      </trkpt>
      <trkpt lat="47.38973" lon="7.11179">
        <ele>551</ele>
        <time>2025-11-23T13:41:18+00:00</time>
      </trkpt>
      <trkpt lat="47.38987" lon="7.11171">
        <ele>546</ele>
        <time>2025-11-23T13:41:21+00:00</time>
      </trkpt>
      <trkpt lat="47.39013" lon="7.11162">
        <ele>549</ele>
        <time>2025-11-23T13:41:24+00:00</time>
      </trkpt>
      <trkpt lat="47.39038" lon="7.11158">
        <ele>547</ele>
        <time>2025-11-23T13:41:27+00:00</time>
      </trkpt>
      <trkpt lat="47.39072" lon="7.11146">
        <ele>540</ele>
        <time>2025-11-23T13:41:30+00:00</time>
      </trkpt>
      <trkpt lat="47.39097" lon="7.11135">
        <ele>539</ele>
        <time>2025-11-23T13:41:33+00:00</time>
      </trkpt>
      <trkpt lat="47.39117" lon="7.11124">
        <ele>538</ele>
        <time>2025-11-23T13:41:36+00:00</time>
      </trkpt>
      <trkpt lat="47.39117" lon="7.11124">
        <ele>538</ele>
        <time>2025-11-23T13:41:39+00:00</time>
      </trkpt>
      <trkpt lat="47.39146" lon="7.11118">
        <ele>538</ele>
        <time>2025-11-23T13:41:42+00:00</time>
      </trkpt>
      <trkpt lat="47.3917" lon="7.1111">
        <ele>535</ele>
        <time>2025-11-23T13:41:45+00:00</time>
      </trkpt>
      <trkpt lat="47.39199" lon="7.11076">
        <ele>538</ele>
        <time>2025-11-23T13:41:48+00:00</time>
      </trkpt>
      <trkpt lat="47.39221" lon="7.11065">
        <ele>533</ele>
        <time>2025-11-23T13:41:51+00:00</time>
      </trkpt>
      <trkpt lat="47.39257" lon="7.1106">
        <ele>528</ele>
        <time>2025-11-23T13:41:54+00:00</time>
      </trkpt>
      <trkpt lat="47.3928" lon="7.11053">
        <ele>518</ele>
        <time>2025-11-23T13:41:57+00:00</time>
      </trkpt>
      <trkpt lat="47.39303" lon="7.11045">
        <ele>515</ele>
        <time>2025-11-23T13:42:00+00:00</time>
      </trkpt>
      <trkpt lat="47.3934" lon="7.11013">
        <ele>513</ele>
        <time>2025-11-23T13:42:03+00:00</time>
      </trkpt>
      <trkpt lat="47.39364" lon="7.10956">
        <ele>511</ele>
        <time>2025-11-23T13:42:06+00:00</time>
      </trkpt>
      <trkpt lat="47.39388" lon="7.10911">
        <ele>511</ele>
        <time>2025-11-23T13:42:09+00:00</time>
      </trkpt>
      <trkpt lat="47.39364" lon="7.10904">
        <ele>511</ele>
        <time>2025-11-23T13:42:12+00:00</time>
      </trkpt>
      <trkpt lat="47.39337" lon="7.10897">
        <ele>511</ele>
        <time>2025-11-23T13:42:15+00:00</time>
      </trkpt>
      <trkpt lat="47.39301" lon="7.10872">
        <ele>518</ele>
        <time>2025-11-23T13:42:18+00:00</time>
      </trkpt>
      <trkpt lat="47.39274" lon="7.1086">
        <ele>538</ele>
        <time>2025-11-23T13:42:21+00:00</time>
      </trkpt>
      <trkpt lat="47.39229" lon="7.1084">
        <ele>541</ele>
        <time>2025-11-23T13:42:24+00:00</time>
      </trkpt>
      <trkpt lat="47.39204" lon="7.10812">
        <ele>542</ele>
        <time>2025-11-23T13:42:27+00:00</time>
      </trkpt>
      <trkpt lat="47.39184" lon="7.10794">
        <ele>542</ele>
        <time>2025-11-23T13:42:30+00:00</time>
      </trkpt>
      <trkpt lat="47.39165" lon="7.10776">
        <ele>544</ele>
        <time>2025-11-23T13:42:33+00:00</time>
      </trkpt>
      <trkpt lat="47.39143" lon="7.10766">
        <ele>543</ele>
        <time>2025-11-23T13:42:36+00:00</time>
      </trkpt>
      <trkpt lat="47.39122" lon="7.10755">
        <ele>542</ele>
        <time>2025-11-23T13:42:39+00:00</time>
      </trkpt>
      <trkpt lat="47.39078" lon="7.1074">
        <ele>541</ele>
        <time>2025-11-23T13:42:42+00:00</time>
      </trkpt>
      <trkpt lat="47.39051" lon="7.1073">
        <ele>541</ele>
        <time>2025-11-23T13:42:45+00:00</time>
      </trkpt>
      <trkpt lat="47.39051" lon="7.1073">
        <ele>536</ele>
        <time>2025-11-23T13:42:48+00:00</time>
      </trkpt>
      <trkpt lat="47.3903" lon="7.10713">
        <ele>541</ele>
        <time>2025-11-23T13:42:51+00:00</time>
      </trkpt>
      <trkpt lat="47.39007" lon="7.10694">
        <ele>546</ele>
        <time>2025-11-23T13:42:54+00:00</time>
      </trkpt>
      <trkpt lat="47.38988" lon="7.10663">
        <ele>551</ele>
        <time>2025-11-23T13:42:57+00:00</time>
      </trkpt>
      <trkpt lat="47.38966" lon="7.10624">
        <ele>552</ele>
        <time>2025-11-23T13:43:00+00:00</time>
      </trkpt>
      <trkpt lat="47.38945" lon="7.1059">
        <ele>556</ele>
        <time>2025-11-23T13:43:03+00:00</time>
      </trkpt>
      <trkpt lat="47.38923" lon="7.10561">
        <ele>556</ele>
        <time>2025-11-23T13:43:06+00:00</time>
      </trkpt>
      <trkpt lat="47.38899" lon="7.10522">
        <ele>557</ele>
        <time>2025-11-23T13:43:09+00:00</time>
      </trkpt>
      <trkpt lat="47.38876" lon="7.10518">
        <ele>562</ele>
        <time>2025-11-23T13:43:12+00:00</time>
      </trkpt>
      <trkpt lat="47.3885" lon="7.10514">
        <ele>563</ele>
        <time>2025-11-23T13:43:15+00:00</time>
      </trkpt>
      <trkpt lat="47.38824" lon="7.10511">
        <ele>566</ele>
        <time>2025-11-23T13:43:18+00:00</time>
      </trkpt>
      <trkpt lat="47.38788" lon="7.10508">
        <ele>572</ele>
        <time>2025-11-23T13:43:21+00:00</time>
      </trkpt>
      <trkpt lat="47.38764" lon="7.10501">
        <ele>572</ele>
        <time>2025-11-23T13:43:24+00:00</time>
      </trkpt>
      <trkpt lat="47.3874" lon="7.10494">
        <ele>577</ele>
        <time>2025-11-23T13:43:27+00:00</time>
      </trkpt>
      <trkpt lat="47.38706" lon="7.1048">
        <ele>582</ele>
        <time>2025-11-23T13:43:30+00:00</time>
      </trkpt>
      <trkpt lat="47.38673" lon="7.10471">
        <ele>587</ele>
        <time>2025-11-23T13:43:33+00:00</time>
      </trkpt>
      <trkpt lat="47.38654" lon="7.10475">
        <ele>587</ele>
        <time>2025-11-23T13:43:36+00:00</time>
      </trkpt>
      <trkpt lat="47.38646" lon="7.10466">
        <ele>585</ele>
        <time>2025-11-23T13:43:39+00:00</time>
      </trkpt>
      <trkpt lat="47.38636" lon="7.10442">
        <ele>588</ele>
        <time>2025-11-23T13:43:42+00:00</time>
      </trkpt>
      <trkpt lat="47.38617" lon="7.10384">
        <ele>590</ele>
        <time>2025-11-23T13:43:45+00:00</time>
      </trkpt>
      <trkpt lat="47.386" lon="7.10322">
        <ele>588</ele>
        <time>2025-11-23T13:43:48+00:00</time>
      </trkpt>
      <trkpt lat="47.38581" lon="7.10276">
        <ele>586</ele>
        <time>2025-11-23T13:43:51+00:00</time>
      </trkpt>
      <trkpt lat="47.38561" lon="7.10251">
        <ele>584</ele>
        <time>2025-11-23T13:43:54+00:00</time>
      </trkpt>
      <trkpt lat="47.38546" lon="7.10239">
        <ele>582</ele>
        <time>2025-11-23T13:43:57+00:00</time>
      </trkpt>
      <trkpt lat="47.38532" lon="7.10243">
        <ele>587</ele>
        <time>2025-11-23T13:44:00+00:00</time>
      </trkpt>
      <trkpt lat="47.38506" lon="7.10262">
        <ele>591</ele>
        <time>2025-11-23T13:44:03+00:00</time>
      </trkpt>
      <trkpt lat="47.38467" lon="7.10262">
        <ele>608</ele>
        <time>2025-11-23T13:44:06+00:00</time>
      </trkpt>
      <trkpt lat="47.38435" lon="7.10262">
        <ele>618</ele>
        <time>2025-11-23T13:44:09+00:00</time>
      </trkpt>
      <trkpt lat="47.38408" lon="7.10264">
        <ele>621</ele>
        <time>2025-11-23T13:44:12+00:00</time>
      </trkpt>
      <trkpt lat="47.38392" lon="7.10259">
        <ele>623</ele>
        <time>2025-11-23T13:44:15+00:00</time>
      </trkpt>
      <trkpt lat="47.38366" lon="7.10264">
        <ele>626</ele>
        <time>2025-11-23T13:44:18+00:00</time>
      </trkpt>
      <trkpt lat="47.38337" lon="7.1023">
        <ele>630</ele>
        <time>2025-11-23T13:44:21+00:00</time>
      </trkpt>
      <trkpt lat="47.38321" lon="7.10179">
        <ele>630</ele>
        <time>2025-11-23T13:44:24+00:00</time>
      </trkpt>
      <trkpt lat="47.38303" lon="7.10157">
        <ele>631</ele>
        <time>2025-11-23T13:44:27+00:00</time>
      </trkpt>
      <trkpt lat="47.3829" lon="7.10167">
        <ele>632</ele>
        <time>2025-11-23T13:44:30+00:00</time>
      </trkpt>
      <trkpt lat="47.38283" lon="7.10161">
        <ele>631</ele>
        <time>2025-11-23T13:44:33+00:00</time>
      </trkpt>
      <trkpt lat="47.38265" lon="7.10174">
        <ele>627</ele>
        <time>2025-11-23T13:44:36+00:00</time>
      </trkpt>
      <trkpt lat="47.38245" lon="7.10188">
        <ele>628</ele>
        <time>2025-11-23T13:44:39+00:00</time>
      </trkpt>
      <trkpt lat="47.3823" lon="7.10208">
        <ele>629</ele>
        <time>2025-11-23T13:44:42+00:00</time>
      </trkpt>
      <trkpt lat="47.38212" lon="7.10228">
        <ele>631</ele>
        <time>2025-11-23T13:44:45+00:00</time>
      </trkpt>
      <trkpt lat="47.38191" lon="7.1023">
        <ele>637</ele>
        <time>2025-11-23T13:44:48+00:00</time>
      </trkpt>
      <trkpt lat="47.38171" lon="7.10233">
        <ele>643</ele>
        <time>2025-11-23T13:44:51+00:00</time>
      </trkpt>
      <trkpt lat="47.38154" lon="7.10235">
        <ele>651</ele>
        <time>2025-11-23T13:44:54+00:00</time>
      </trkpt>
      <trkpt lat="47.38154" lon="7.10235">
        <ele>651</ele>
        <time>2025-11-23T13:44:57+00:00</time>
      </trkpt>
      <trkpt lat="47.38151" lon="7.10235">
        <ele>651</ele>
        <time>2025-11-23T13:45:00+00:00</time>
      </trkpt>
      <trkpt lat="47.3814" lon="7.1023">
        <ele>654</ele>
        <time>2025-11-23T13:45:03+00:00</time>
      </trkpt>
      <trkpt lat="47.38138" lon="7.10231">
        <ele>657</ele>
        <time>2025-11-23T13:45:06+00:00</time>
      </trkpt>
      <trkpt lat="47.3813" lon="7.10229">
        <ele>659</ele>
        <time>2025-11-23T13:45:09+00:00</time>
      </trkpt>
      <trkpt lat="47.38126" lon="7.1023">
        <ele>661</ele>
        <time>2025-11-23T13:45:12+00:00</time>
      </trkpt>
      <trkpt lat="47.38125" lon="7.10229">
        <ele>661</ele>
        <time>2025-11-23T13:45:15+00:00</time>
      </trkpt>
      <trkpt lat="47.38124" lon="7.10229">
        <ele>661</ele>
        <time>2025-11-23T13:45:18+00:00</time>
      </trkpt>
      <trkpt lat="47.38123" lon="7.1023">
        <ele>661</ele>
        <time>2025-11-23T13:45:21+00:00</time>
      </trkpt>
      <trkpt lat="47.38115" lon="7.10231">
        <ele>660</ele>
        <time>2025-11-23T13:45:24+00:00</time>
      </trkpt>
      <trkpt lat="47.38107" lon="7.10223">
        <ele>663</ele>
        <time>2025-11-23T13:45:27+00:00</time>
      </trkpt>
      <trkpt lat="47.38105" lon="7.10219">
        <ele>666</ele>
        <time>2025-11-23T13:45:30+00:00</time>
      </trkpt>
      <trkpt lat="47.38102" lon="7.10216">
        <ele>666</ele>
        <time>2025-11-23T13:45:33+00:00</time>
      </trkpt>
      <trkpt lat="47.38098" lon="7.1021">
        <ele>665</ele>
        <time>2025-11-23T13:45:36+00:00</time>
      </trkpt>
      <trkpt lat="47.38091" lon="7.10202">
        <ele>668</ele>
        <time>2025-11-23T13:45:39+00:00</time>
      </trkpt>
      <trkpt lat="47.38087" lon="7.10195">
        <ele>669</ele>
        <time>2025-11-23T13:45:42+00:00</time>
      </trkpt>
      <trkpt lat="47.3808" lon="7.10181">
        <ele>669</ele>
        <time>2025-11-23T13:45:45+00:00</time>
      </trkpt>
      <trkpt lat="47.38076" lon="7.10168">
        <ele>674</ele>
        <time>2025-11-23T13:45:48+00:00</time>
      </trkpt>
      <trkpt lat="47.38073" lon="7.10164">
        <ele>674</ele>
        <time>2025-11-23T13:45:51+00:00</time>
      </trkpt>
      <trkpt lat="47.38069" lon="7.10155">
        <ele>676</ele>
        <time>2025-11-23T13:45:54+00:00</time>
      </trkpt>
      <trkpt lat="47.38049" lon="7.10124">
        <ele>675</ele>
        <time>2025-11-23T13:45:57+00:00</time>
      </trkpt>
      <trkpt lat="47.38039" lon="7.10112">
        <ele>677</ele>
        <time>2025-11-23T13:46:00+00:00</time>
      </trkpt>
      <trkpt lat="47.38039" lon="7.10102">
        <ele>675</ele>
        <time>2025-11-23T13:46:03+00:00</time>
      </trkpt>
      <trkpt lat="47.38038" lon="7.10092">
        <ele>673</ele>
        <time>2025-11-23T13:46:06+00:00</time>
      </trkpt>
      <trkpt lat="47.38032" lon="7.10076">
        <ele>672</ele>
        <time>2025-11-23T13:46:09+00:00</time>
      </trkpt>
      <trkpt lat="47.38023" lon="7.10062">
        <ele>672</ele>
        <time>2025-11-23T13:46:12+00:00</time>
      </trkpt>
      <trkpt lat="47.38013" lon="7.10049">
        <ele>670</ele>
        <time>2025-11-23T13:46:15+00:00</time>
      </trkpt>
      <trkpt lat="47.38009" lon="7.1003">
        <ele>670</ele>
        <time>2025-11-23T13:46:18+00:00</time>
      </trkpt>
      <trkpt lat="47.38005" lon="7.10019">
        <ele>670</ele>
        <time>2025-11-23T13:46:21+00:00</time>
      </trkpt>
      <trkpt lat="47.38004" lon="7.10015">
        <ele>670</ele>
        <time>2025-11-23T13:46:24+00:00</time>
      </trkpt>
      <trkpt lat="47.37997" lon="7.10006">
        <ele>673</ele>
        <time>2025-11-23T13:46:27+00:00</time>
      </trkpt>
      <trkpt lat="47.37997" lon="7.10006">
        <ele>673</ele>
        <time>2025-11-23T13:46:30+00:00</time>
      </trkpt>
      <trkpt lat="47.37993" lon="7.09998">
        <ele>674</ele>
        <time>2025-11-23T13:46:33+00:00</time>
      </trkpt>
      <trkpt lat="47.37982" lon="7.10017">
        <ele>676</ele>
        <time>2025-11-23T13:46:36+00:00</time>
      </trkpt>
      <trkpt lat="47.3797" lon="7.10036">
        <ele>677</ele>
        <time>2025-11-23T13:46:39+00:00</time>
      </trkpt>
      <trkpt lat="47.37962" lon="7.10048">
        <ele>679</ele>
        <time>2025-11-23T13:46:42+00:00</time>
      </trkpt>
      <trkpt lat="47.37952" lon="7.1006">
        <ele>684</ele>
        <time>2025-11-23T13:46:45+00:00</time>
      </trkpt>
      <trkpt lat="47.37941" lon="7.1006">
        <ele>688</ele>
        <time>2025-11-23T13:46:48+00:00</time>
      </trkpt>
      <trkpt lat="47.37926" lon="7.10061">
        <ele>692</ele>
        <time>2025-11-23T13:46:51+00:00</time>
      </trkpt>
      <trkpt lat="47.3791" lon="7.10052">
        <ele>693</ele>
        <time>2025-11-23T13:46:54+00:00</time>
      </trkpt>
      <trkpt lat="47.37894" lon="7.10024">
        <ele>700</ele>
        <time>2025-11-23T13:46:57+00:00</time>
      </trkpt>
      <trkpt lat="47.37885" lon="7.09991">
        <ele>705</ele>
        <time>2025-11-23T13:47:00+00:00</time>
      </trkpt>
      <trkpt lat="47.37876" lon="7.0995">
        <ele>709</ele>
        <time>2025-11-23T13:47:03+00:00</time>
      </trkpt>
      <trkpt lat="47.3787" lon="7.09908">
        <ele>714</ele>
        <time>2025-11-23T13:47:06+00:00</time>
      </trkpt>
      <trkpt lat="47.37873" lon="7.09865">
        <ele>715</ele>
        <time>2025-11-23T13:47:09+00:00</time>
      </trkpt>
      <trkpt lat="47.37869" lon="7.09822">
        <ele>718</ele>
        <time>2025-11-23T13:47:12+00:00</time>
      </trkpt>
      <trkpt lat="47.37864" lon="7.09785">
        <ele>721</ele>
        <time>2025-11-23T13:47:15+00:00</time>
      </trkpt>
      <trkpt lat="47.37855" lon="7.09734">
        <ele>725</ele>
        <time>2025-11-23T13:47:18+00:00</time>
      </trkpt>
      <trkpt lat="47.37841" lon="7.09692">
        <ele>730</ele>
        <time>2025-11-23T13:47:21+00:00</time>
      </trkpt>
      <trkpt lat="47.37834" lon="7.09661">
        <ele>733</ele>
        <time>2025-11-23T13:47:24+00:00</time>
      </trkpt>
      <trkpt lat="47.37818" lon="7.09624">
        <ele>738</ele>
        <time>2025-11-23T13:47:27+00:00</time>
      </trkpt>
      <trkpt lat="47.37806" lon="7.09583">
        <ele>739</ele>
        <time>2025-11-23T13:47:30+00:00</time>
      </trkpt>
      <trkpt lat="47.37791" lon="7.09548">
        <ele>740</ele>
        <time>2025-11-23T13:47:33+00:00</time>
      </trkpt>
      <trkpt lat="47.37778" lon="7.09507">
        <ele>751</ele>
        <time>2025-11-23T13:47:36+00:00</time>
      </trkpt>
      <trkpt lat="47.37769" lon="7.0948">
        <ele>749</ele>
        <time>2025-11-23T13:47:39+00:00</time>
      </trkpt>
      <trkpt lat="47.37764" lon="7.09452">
        <ele>748</ele>
        <time>2025-11-23T13:47:42+00:00</time>
      </trkpt>
      <trkpt lat="47.37759" lon="7.09433">
        <ele>749</ele>
        <time>2025-11-23T13:47:45+00:00</time>
      </trkpt>
      <trkpt lat="47.37753" lon="7.09427">
        <ele>749</ele>
        <time>2025-11-23T13:47:48+00:00</time>
      </trkpt>
      <trkpt lat="47.37744" lon="7.09404">
        <ele>746</ele>
        <time>2025-11-23T13:47:51+00:00</time>
      </trkpt>
      <trkpt lat="47.37737" lon="7.09398">
        <ele>749</ele>
        <time>2025-11-23T13:47:54+00:00</time>
      </trkpt>
      <trkpt lat="47.37732" lon="7.09389">
        <ele>746</ele>
        <time>2025-11-23T13:47:57+00:00</time>
      </trkpt>
      <trkpt lat="47.37724" lon="7.09374">
        <ele>749</ele>
        <time>2025-11-23T13:48:00+00:00</time>
      </trkpt>
      <trkpt lat="47.37716" lon="7.09367">
        <ele>751</ele>
        <time>2025-11-23T13:48:03+00:00</time>
      </trkpt>
      <trkpt lat="47.37709" lon="7.09357">
        <ele>752</ele>
        <time>2025-11-23T13:48:06+00:00</time>
      </trkpt>
      <trkpt lat="47.377" lon="7.09348">
        <ele>754</ele>
        <time>2025-11-23T13:48:09+00:00</time>
      </trkpt>
      <trkpt lat="47.3769" lon="7.09338">
        <ele>755</ele>
        <time>2025-11-23T13:48:12+00:00</time>
      </trkpt>
      <trkpt lat="47.37678" lon="7.09323">
        <ele>758</ele>
        <time>2025-11-23T13:48:15+00:00</time>
      </trkpt>
      <trkpt lat="47.37673" lon="7.09321">
        <ele>758</ele>
        <time>2025-11-23T13:48:18+00:00</time>
      </trkpt>
      <trkpt lat="47.3767" lon="7.09318">
        <ele>752</ele>
        <time>2025-11-23T13:48:21+00:00</time>
      </trkpt>
      <trkpt lat="47.37667" lon="7.09314">
        <ele>757</ele>
        <time>2025-11-23T13:48:24+00:00</time>
      </trkpt>
      <trkpt lat="47.37663" lon="7.09312">
        <ele>757</ele>
        <time>2025-11-23T13:48:27+00:00</time>
      </trkpt>
      <trkpt lat="47.37656" lon="7.09303">
        <ele>758</ele>
        <time>2025-11-23T13:48:30+00:00</time>
      </trkpt>
      <trkpt lat="47.37644" lon="7.09296">
        <ele>760</ele>
        <time>2025-11-23T13:48:33+00:00</time>
      </trkpt>
      <trkpt lat="47.37637" lon="7.09293">
        <ele>764</ele>
        <time>2025-11-23T13:48:36+00:00</time>
      </trkpt>
      <trkpt lat="47.37629" lon="7.0929">
        <ele>767</ele>
        <time>2025-11-23T13:48:39+00:00</time>
      </trkpt>
      <trkpt lat="47.37616" lon="7.09285">
        <ele>769</ele>
        <time>2025-11-23T13:48:42+00:00</time>
      </trkpt>
      <trkpt lat="47.376" lon="7.0928">
        <ele>774</ele>
        <time>2025-11-23T13:48:45+00:00</time>
      </trkpt>
      <trkpt lat="47.37587" lon="7.09276">
        <ele>769</ele>
        <time>2025-11-23T13:48:48+00:00</time>
      </trkpt>
      <trkpt lat="47.37579" lon="7.0927">
        <ele>774</ele>
        <time>2025-11-23T13:48:51+00:00</time>
      </trkpt>
      <trkpt lat="47.37573" lon="7.09262">
        <ele>774</ele>
        <time>2025-11-23T13:48:54+00:00</time>
      </trkpt>
      <trkpt lat="47.37566" lon="7.0925">
        <ele>770</ele>
        <time>2025-11-23T13:48:57+00:00</time>
      </trkpt>
      <trkpt lat="47.37562" lon="7.09244">
        <ele>770</ele>
        <time>2025-11-23T13:49:00+00:00</time>
      </trkpt>
      <trkpt lat="47.37557" lon="7.09238">
        <ele>770</ele>
        <time>2025-11-23T13:49:03+00:00</time>
      </trkpt>
      <trkpt lat="47.37551" lon="7.09238">
        <ele>770</ele>
        <time>2025-11-23T13:49:06+00:00</time>
      </trkpt>
      <trkpt lat="47.37545" lon="7.09237">
        <ele>770</ele>
        <time>2025-11-23T13:49:09+00:00</time>
      </trkpt>
      <trkpt lat="47.37548" lon="7.09231">
        <ele>773</ele>
        <time>2025-11-23T13:49:12+00:00</time>
      </trkpt>
      <trkpt lat="47.37551" lon="7.09223">
        <ele>773</ele>
        <time>2025-11-23T13:49:15+00:00</time>
      </trkpt>
      <trkpt lat="47.37561" lon="7.09218">
        <ele>766</ele>
        <time>2025-11-23T13:49:18+00:00</time>
      </trkpt>
      <trkpt lat="47.37569" lon="7.0922">
        <ele>769</ele>
        <time>2025-11-23T13:49:21+00:00</time>
      </trkpt>
      <trkpt lat="47.37576" lon="7.09223">
        <ele>764</ele>
        <time>2025-11-23T13:49:24+00:00</time>
      </trkpt>
      <trkpt lat="47.37581" lon="7.09227">
        <ele>762</ele>
        <time>2025-11-23T13:49:27+00:00</time>
      </trkpt>
      <trkpt lat="47.37583" lon="7.09228">
        <ele>762</ele>
        <time>2025-11-23T13:49:30+00:00</time>
      </trkpt>
      <trkpt lat="47.37584" lon="7.0923">
        <ele>762</ele>
        <time>2025-11-23T13:49:33+00:00</time>
      </trkpt>
      <trkpt lat="47.37587" lon="7.09231">
        <ele>764</ele>
        <time>2025-11-23T13:49:36+00:00</time>
      </trkpt>
      <trkpt lat="47.37596" lon="7.09238">
        <ele>762</ele>
        <time>2025-11-23T13:49:39+00:00</time>
      </trkpt>
      <trkpt lat="47.37603" lon="7.09241">
        <ele>762</ele>
        <time>2025-11-23T13:49:42+00:00</time>
      </trkpt>
      <trkpt lat="47.37612" lon="7.09243">
        <ele>758</ele>
        <time>2025-11-23T13:49:45+00:00</time>
      </trkpt>
      <trkpt lat="47.37624" lon="7.09245">
        <ele>755</ele>
        <time>2025-11-23T13:49:48+00:00</time>
      </trkpt>
      <trkpt lat="47.37633" lon="7.09246">
        <ele>752</ele>
        <time>2025-11-23T13:49:51+00:00</time>
      </trkpt>
      <trkpt lat="47.37645" lon="7.09252">
        <ele>751</ele>
        <time>2025-11-23T13:49:54+00:00</time>
      </trkpt>
      <trkpt lat="47.37656" lon="7.09253">
        <ele>747</ele>
        <time>2025-11-23T13:49:57+00:00</time>
      </trkpt>
      <trkpt lat="47.37661" lon="7.09257">
        <ele>743</ele>
        <time>2025-11-23T13:50:00+00:00</time>
      </trkpt>
      <trkpt lat="47.37666" lon="7.09257">
        <ele>743</ele>
        <time>2025-11-23T13:50:03+00:00</time>
      </trkpt>
      <trkpt lat="47.37673" lon="7.09256">
        <ele>739</ele>
        <time>2025-11-23T13:50:06+00:00</time>
      </trkpt>
      <trkpt lat="47.37677" lon="7.09254">
        <ele>739</ele>
        <time>2025-11-23T13:50:09+00:00</time>
      </trkpt>
      <trkpt lat="47.37684" lon="7.09249">
        <ele>739</ele>
        <time>2025-11-23T13:50:12+00:00</time>
      </trkpt>
      <trkpt lat="47.3769" lon="7.09243">
        <ele>739</ele>
        <time>2025-11-23T13:50:15+00:00</time>
      </trkpt>
      <trkpt lat="47.37698" lon="7.09236">
        <ele>734</ele>
        <time>2025-11-23T13:50:18+00:00</time>
      </trkpt>
      <trkpt lat="47.37706" lon="7.09231">
        <ele>736</ele>
        <time>2025-11-23T13:50:21+00:00</time>
      </trkpt>
      <trkpt lat="47.37714" lon="7.09224">
        <ele>729</ele>
        <time>2025-11-23T13:50:24+00:00</time>
      </trkpt>
      <trkpt lat="47.37727" lon="7.09219">
        <ele>733</ele>
        <time>2025-11-23T13:50:27+00:00</time>
      </trkpt>
      <trkpt lat="47.37736" lon="7.09216">
        <ele>728</ele>
        <time>2025-11-23T13:50:30+00:00</time>
      </trkpt>
      <trkpt lat="47.37749" lon="7.09212">
        <ele>723</ele>
        <time>2025-11-23T13:50:33+00:00</time>
      </trkpt>
      <trkpt lat="47.37764" lon="7.09211">
        <ele>717</ele>
        <time>2025-11-23T13:50:36+00:00</time>
      </trkpt>
      <trkpt lat="47.37783" lon="7.09211">
        <ele>712</ele>
        <time>2025-11-23T13:50:39+00:00</time>
      </trkpt>
      <trkpt lat="47.37799" lon="7.09213">
        <ele>711</ele>
        <time>2025-11-23T13:50:42+00:00</time>
      </trkpt>
      <trkpt lat="47.37811" lon="7.09213">
        <ele>709</ele>
        <time>2025-11-23T13:50:45+00:00</time>
      </trkpt>
      <trkpt lat="47.37827" lon="7.09216">
        <ele>707</ele>
        <time>2025-11-23T13:50:48+00:00</time>
      </trkpt>
      <trkpt lat="47.37838" lon="7.09217">
        <ele>705</ele>
        <time>2025-11-23T13:50:51+00:00</time>
      </trkpt>
      <trkpt lat="47.37847" lon="7.09217">
        <ele>703</ele>
        <time>2025-11-23T13:50:54+00:00</time>
      </trkpt>
      <trkpt lat="47.37857" lon="7.09218">
        <ele>702</ele>
        <time>2025-11-23T13:50:57+00:00</time>
      </trkpt>
      <trkpt lat="47.37866" lon="7.0922">
        <ele>698</ele>
        <time>2025-11-23T13:51:00+00:00</time>
      </trkpt>
      <trkpt lat="47.37872" lon="7.09223">
        <ele>698</ele>
        <time>2025-11-23T13:51:03+00:00</time>
      </trkpt>
      <trkpt lat="47.37879" lon="7.09225">
        <ele>698</ele>
        <time>2025-11-23T13:51:06+00:00</time>
      </trkpt>
      <trkpt lat="47.37887" lon="7.09226">
        <ele>698</ele>
        <time>2025-11-23T13:51:09+00:00</time>
      </trkpt>
      <trkpt lat="47.37891" lon="7.0923">
        <ele>700</ele>
        <time>2025-11-23T13:51:12+00:00</time>
      </trkpt>
      <trkpt lat="47.37915" lon="7.09248">
        <ele>696</ele>
        <time>2025-11-23T13:51:15+00:00</time>
      </trkpt>
      <trkpt lat="47.37926" lon="7.09265">
        <ele>691</ele>
        <time>2025-11-23T13:51:18+00:00</time>
      </trkpt>
      <trkpt lat="47.37941" lon="7.09283">
        <ele>688</ele>
        <time>2025-11-23T13:51:21+00:00</time>
      </trkpt>
      <trkpt lat="47.37958" lon="7.09305">
        <ele>683</ele>
        <time>2025-11-23T13:51:24+00:00</time>
      </trkpt>
      <trkpt lat="47.37971" lon="7.09324">
        <ele>681</ele>
        <time>2025-11-23T13:51:27+00:00</time>
      </trkpt>
      <trkpt lat="47.37982" lon="7.09345">
        <ele>676</ele>
        <time>2025-11-23T13:51:30+00:00</time>
      </trkpt>
      <trkpt lat="47.37995" lon="7.09372">
        <ele>667</ele>
        <time>2025-11-23T13:51:33+00:00</time>
      </trkpt>
      <trkpt lat="47.3801" lon="7.09398">
        <ele>665</ele>
        <time>2025-11-23T13:51:36+00:00</time>
      </trkpt>
      <trkpt lat="47.38023" lon="7.09418">
        <ele>662</ele>
        <time>2025-11-23T13:51:39+00:00</time>
      </trkpt>
      <trkpt lat="47.38036" lon="7.09437">
        <ele>659</ele>
        <time>2025-11-23T13:51:42+00:00</time>
      </trkpt>
      <trkpt lat="47.38051" lon="7.09459">
        <ele>656</ele>
        <time>2025-11-23T13:51:45+00:00</time>
      </trkpt>
      <trkpt lat="47.38065" lon="7.09469">
        <ele>656</ele>
        <time>2025-11-23T13:51:48+00:00</time>
      </trkpt>
      <trkpt lat="47.38072" lon="7.09475">
        <ele>657</ele>
        <time>2025-11-23T13:51:51+00:00</time>
      </trkpt>
      <trkpt lat="47.38081" lon="7.09474">
        <ele>656</ele>
        <time>2025-11-23T13:51:54+00:00</time>
      </trkpt>
      <trkpt lat="47.38086" lon="7.09472">
        <ele>656</ele>
        <time>2025-11-23T13:51:57+00:00</time>
      </trkpt>
      <trkpt lat="47.38092" lon="7.09465">
        <ele>658</ele>
        <time>2025-11-23T13:52:00+00:00</time>
      </trkpt>
      <trkpt lat="47.38095" lon="7.09453">
        <ele>661</ele>
        <time>2025-11-23T13:52:03+00:00</time>
      </trkpt>
      <trkpt lat="47.38098" lon="7.09446">
        <ele>663</ele>
        <time>2025-11-23T13:52:06+00:00</time>
      </trkpt>
      <trkpt lat="47.38101" lon="7.09433">
        <ele>659</ele>
        <time>2025-11-23T13:52:09+00:00</time>
      </trkpt>
      <trkpt lat="47.38106" lon="7.0942">
        <ele>662</ele>
        <time>2025-11-23T13:52:12+00:00</time>
      </trkpt>
      <trkpt lat="47.38113" lon="7.09398">
        <ele>658</ele>
        <time>2025-11-23T13:52:15+00:00</time>
      </trkpt>
      <trkpt lat="47.38122" lon="7.09374">
        <ele>658</ele>
        <time>2025-11-23T13:52:18+00:00</time>
      </trkpt>
      <trkpt lat="47.38123" lon="7.09361">
        <ele>660</ele>
        <time>2025-11-23T13:52:21+00:00</time>
      </trkpt>
      <trkpt lat="47.38131" lon="7.09344">
        <ele>657</ele>
        <time>2025-11-23T13:52:24+00:00</time>
      </trkpt>
      <trkpt lat="47.38138" lon="7.09342">
        <ele>657</ele>
        <time>2025-11-23T13:52:27+00:00</time>
      </trkpt>
      <trkpt lat="47.38143" lon="7.09325">
        <ele>653</ele>
        <time>2025-11-23T13:52:30+00:00</time>
      </trkpt>
      <trkpt lat="47.3815" lon="7.09303">
        <ele>650</ele>
        <time>2025-11-23T13:52:33+00:00</time>
      </trkpt>
      <trkpt lat="47.38158" lon="7.0928">
        <ele>652</ele>
        <time>2025-11-23T13:52:36+00:00</time>
      </trkpt>
      <trkpt lat="47.38164" lon="7.09264">
        <ele>645</ele>
        <time>2025-11-23T13:52:39+00:00</time>
      </trkpt>
      <trkpt lat="47.3817" lon="7.09251">
        <ele>645</ele>
        <time>2025-11-23T13:52:42+00:00</time>
      </trkpt>
      <trkpt lat="47.38177" lon="7.09239">
        <ele>640</ele>
        <time>2025-11-23T13:52:45+00:00</time>
      </trkpt>
      <trkpt lat="47.38189" lon="7.09223">
        <ele>635</ele>
        <time>2025-11-23T13:52:48+00:00</time>
      </trkpt>
      <trkpt lat="47.38203" lon="7.09209">
        <ele>630</ele>
        <time>2025-11-23T13:52:51+00:00</time>
      </trkpt>
      <trkpt lat="47.38214" lon="7.09195">
        <ele>627</ele>
        <time>2025-11-23T13:52:54+00:00</time>
      </trkpt>
      <trkpt lat="47.38223" lon="7.09184">
        <ele>623</ele>
        <time>2025-11-23T13:52:57+00:00</time>
      </trkpt>
      <trkpt lat="47.38247" lon="7.09161">
        <ele>621</ele>
        <time>2025-11-23T13:53:00+00:00</time>
      </trkpt>
      <trkpt lat="47.38259" lon="7.09147">
        <ele>616</ele>
        <time>2025-11-23T13:53:03+00:00</time>
      </trkpt>
      <trkpt lat="47.3827" lon="7.09135">
        <ele>616</ele>
        <time>2025-11-23T13:53:06+00:00</time>
      </trkpt>
      <trkpt lat="47.38283" lon="7.09122">
        <ele>614</ele>
        <time>2025-11-23T13:53:09+00:00</time>
      </trkpt>
      <trkpt lat="47.38292" lon="7.09111">
        <ele>611</ele>
        <time>2025-11-23T13:53:12+00:00</time>
      </trkpt>
      <trkpt lat="47.38299" lon="7.09108">
        <ele>613</ele>
        <time>2025-11-23T13:53:15+00:00</time>
      </trkpt>
      <trkpt lat="47.38305" lon="7.09101">
        <ele>610</ele>
        <time>2025-11-23T13:53:18+00:00</time>
      </trkpt>
      <trkpt lat="47.38312" lon="7.09095">
        <ele>610</ele>
        <time>2025-11-23T13:53:21+00:00</time>
      </trkpt>
      <trkpt lat="47.38325" lon="7.09086">
        <ele>611</ele>
        <time>2025-11-23T13:53:24+00:00</time>
      </trkpt>
      <trkpt lat="47.38335" lon="7.09083">
        <ele>609</ele>
        <time>2025-11-23T13:53:27+00:00</time>
      </trkpt>
      <trkpt lat="47.38344" lon="7.09083">
        <ele>604</ele>
        <time>2025-11-23T13:53:30+00:00</time>
      </trkpt>
      <trkpt lat="47.3835" lon="7.09064">
        <ele>609</ele>
        <time>2025-11-23T13:53:33+00:00</time>
      </trkpt>
      <trkpt lat="47.38351" lon="7.09045">
        <ele>607</ele>
        <time>2025-11-23T13:53:36+00:00</time>
      </trkpt>
      <trkpt lat="47.3835" lon="7.09031">
        <ele>609</ele>
        <time>2025-11-23T13:53:39+00:00</time>
      </trkpt>
      <trkpt lat="47.38349" lon="7.09028">
        <ele>611</ele>
        <time>2025-11-23T13:53:42+00:00</time>
      </trkpt>
      <trkpt lat="47.38347" lon="7.09015">
        <ele>610</ele>
        <time>2025-11-23T13:53:45+00:00</time>
      </trkpt>
      <trkpt lat="47.38336" lon="7.08984">
        <ele>609</ele>
        <time>2025-11-23T13:53:48+00:00</time>
      </trkpt>
      <trkpt lat="47.38324" lon="7.08953">
        <ele>606</ele>
        <time>2025-11-23T13:53:51+00:00</time>
      </trkpt>
      <trkpt lat="47.38314" lon="7.08935">
        <ele>604</ele>
        <time>2025-11-23T13:53:54+00:00</time>
      </trkpt>
      <trkpt lat="47.38299" lon="7.08914">
        <ele>601</ele>
        <time>2025-11-23T13:53:57+00:00</time>
      </trkpt>
      <trkpt lat="47.3829" lon="7.08902">
        <ele>599</ele>
        <time>2025-11-23T13:54:00+00:00</time>
      </trkpt>
      <trkpt lat="47.38274" lon="7.08875">
        <ele>598</ele>
        <time>2025-11-23T13:54:03+00:00</time>
      </trkpt>
      <trkpt lat="47.38258" lon="7.08845">
        <ele>596</ele>
        <time>2025-11-23T13:54:06+00:00</time>
      </trkpt>
      <trkpt lat="47.38247" lon="7.08804">
        <ele>594</ele>
        <time>2025-11-23T13:54:09+00:00</time>
      </trkpt>
      <trkpt lat="47.38234" lon="7.08767">
        <ele>591</ele>
        <time>2025-11-23T13:54:12+00:00</time>
      </trkpt>
      <trkpt lat="47.38225" lon="7.08736">
        <ele>591</ele>
        <time>2025-11-23T13:54:15+00:00</time>
      </trkpt>
      <trkpt lat="47.38212" lon="7.087">
        <ele>590</ele>
        <time>2025-11-23T13:54:18+00:00</time>
      </trkpt>
      <trkpt lat="47.38199" lon="7.08668">
        <ele>585</ele>
        <time>2025-11-23T13:54:21+00:00</time>
      </trkpt>
      <trkpt lat="47.38188" lon="7.08641">
        <ele>583</ele>
        <time>2025-11-23T13:54:24+00:00</time>
      </trkpt>
      <trkpt lat="47.38181" lon="7.08618">
        <ele>577</ele>
        <time>2025-11-23T13:54:27+00:00</time>
      </trkpt>
      <trkpt lat="47.38181" lon="7.08611">
        <ele>581</ele>
        <time>2025-11-23T13:54:30+00:00</time>
      </trkpt>
      <trkpt lat="47.38187" lon="7.08601">
        <ele>576</ele>
        <time>2025-11-23T13:54:33+00:00</time>
      </trkpt>
      <trkpt lat="47.38192" lon="7.08596">
        <ele>574</ele>
        <time>2025-11-23T13:54:36+00:00</time>
      </trkpt>
      <trkpt lat="47.38207" lon="7.08597">
        <ele>581</ele>
        <time>2025-11-23T13:54:39+00:00</time>
      </trkpt>
      <trkpt lat="47.38233" lon="7.0861">
        <ele>575</ele>
        <time>2025-11-23T13:54:42+00:00</time>
      </trkpt>
      <trkpt lat="47.38246" lon="7.0862">
        <ele>580</ele>
        <time>2025-11-23T13:54:45+00:00</time>
      </trkpt>
      <trkpt lat="47.38262" lon="7.08629">
        <ele>570</ele>
        <time>2025-11-23T13:54:48+00:00</time>
      </trkpt>
      <trkpt lat="47.38279" lon="7.08643">
        <ele>571</ele>
        <time>2025-11-23T13:54:51+00:00</time>
      </trkpt>
      <trkpt lat="47.38279" lon="7.08643">
        <ele>568</ele>
        <time>2025-11-23T13:54:54+00:00</time>
      </trkpt>
      <trkpt lat="47.38279" lon="7.08643">
        <ele>568</ele>
        <time>2025-11-23T13:54:57+00:00</time>
      </trkpt>
      <trkpt lat="47.3831" lon="7.08676">
        <ele>572</ele>
        <time>2025-11-23T13:55:00+00:00</time>
      </trkpt>
      <trkpt lat="47.38339" lon="7.08709">
        <ele>578</ele>
        <time>2025-11-23T13:55:03+00:00</time>
      </trkpt>
      <trkpt lat="47.38363" lon="7.08737">
        <ele>576</ele>
        <time>2025-11-23T13:55:06+00:00</time>
      </trkpt>
      <trkpt lat="47.38383" lon="7.08761">
        <ele>577</ele>
        <time>2025-11-23T13:55:09+00:00</time>
      </trkpt>
      <trkpt lat="47.38407" lon="7.08776">
        <ele>575</ele>
        <time>2025-11-23T13:55:12+00:00</time>
      </trkpt>
      <trkpt lat="47.38442" lon="7.0878">
        <ele>574</ele>
        <time>2025-11-23T13:55:15+00:00</time>
      </trkpt>
      <trkpt lat="47.38477" lon="7.08772">
        <ele>573</ele>
        <time>2025-11-23T13:55:18+00:00</time>
      </trkpt>
      <trkpt lat="47.38503" lon="7.08764">
        <ele>570</ele>
        <time>2025-11-23T13:55:21+00:00</time>
      </trkpt>
      <trkpt lat="47.38535" lon="7.08754">
        <ele>566</ele>
        <time>2025-11-23T13:55:24+00:00</time>
      </trkpt>
      <trkpt lat="47.38558" lon="7.08756">
        <ele>566</ele>
        <time>2025-11-23T13:55:27+00:00</time>
      </trkpt>
      <trkpt lat="47.38583" lon="7.08758">
        <ele>566</ele>
        <time>2025-11-23T13:55:30+00:00</time>
      </trkpt>
      <trkpt lat="47.38609" lon="7.08753">
        <ele>565</ele>
        <time>2025-11-23T13:55:33+00:00</time>
      </trkpt>
      <trkpt lat="47.38642" lon="7.08746">
        <ele>564</ele>
        <time>2025-11-23T13:55:36+00:00</time>
      </trkpt>
      <trkpt lat="47.38682" lon="7.08735">
        <ele>564</ele>
        <time>2025-11-23T13:55:39+00:00</time>
      </trkpt>
      <trkpt lat="47.38718" lon="7.08744">
        <ele>564</ele>
        <time>2025-11-23T13:55:42+00:00</time>
      </trkpt>
      <trkpt lat="47.38744" lon="7.08752">
        <ele>564</ele>
        <time>2025-11-23T13:55:45+00:00</time>
      </trkpt>
      <trkpt lat="47.38782" lon="7.08739">
        <ele>565</ele>
        <time>2025-11-23T13:55:48+00:00</time>
      </trkpt>
      <trkpt lat="47.38807" lon="7.08693">
        <ele>567</ele>
        <time>2025-11-23T13:55:51+00:00</time>
      </trkpt>
      <trkpt lat="47.38812" lon="7.08671">
        <ele>567</ele>
        <time>2025-11-23T13:55:54+00:00</time>
      </trkpt>
      <trkpt lat="47.38812" lon="7.08671">
        <ele>567</ele>
        <time>2025-11-23T13:55:57+00:00</time>
      </trkpt>
      <trkpt lat="47.38819" lon="7.0865">
        <ele>567</ele>
        <time>2025-11-23T13:56:00+00:00</time>
      </trkpt>
      <trkpt lat="47.38825" lon="7.08619">
        <ele>568</ele>
        <time>2025-11-23T13:56:03+00:00</time>
      </trkpt>
      <trkpt lat="47.38828" lon="7.08586">
        <ele>569</ele>
        <time>2025-11-23T13:56:06+00:00</time>
      </trkpt>
      <trkpt lat="47.38834" lon="7.08551">
        <ele>569</ele>
        <time>2025-11-23T13:56:09+00:00</time>
      </trkpt>
      <trkpt lat="47.3884" lon="7.085">
        <ele>568</ele>
        <time>2025-11-23T13:56:12+00:00</time>
      </trkpt>
      <trkpt lat="47.3884" lon="7.08493">
        <ele>567</ele>
        <time>2025-11-23T13:56:15+00:00</time>
      </trkpt>
      <trkpt lat="47.3884" lon="7.08486">
        <ele>566</ele>
        <time>2025-11-23T13:56:18+00:00</time>
      </trkpt>
      <trkpt lat="47.38843" lon="7.0847">
        <ele>566</ele>
        <time>2025-11-23T13:56:21+00:00</time>
      </trkpt>
      <trkpt lat="47.38846" lon="7.08469">
        <ele>565</ele>
        <time>2025-11-23T13:56:24+00:00</time>
      </trkpt>
      <trkpt lat="47.38876" lon="7.08469">
        <ele>563</ele>
        <time>2025-11-23T13:56:27+00:00</time>
      </trkpt>
      <trkpt lat="47.38888" lon="7.0847">
        <ele>562</ele>
        <time>2025-11-23T13:56:30+00:00</time>
      </trkpt>
      <trkpt lat="47.38906" lon="7.08469">
        <ele>560</ele>
        <time>2025-11-23T13:56:33+00:00</time>
      </trkpt>
      <trkpt lat="47.38925" lon="7.08468">
        <ele>558</ele>
        <time>2025-11-23T13:56:36+00:00</time>
      </trkpt>
      <trkpt lat="47.38949" lon="7.0847">
        <ele>556</ele>
        <time>2025-11-23T13:56:39+00:00</time>
      </trkpt>
      <trkpt lat="47.38991" lon="7.08468">
        <ele>551</ele>
        <time>2025-11-23T13:56:42+00:00</time>
      </trkpt>
      <trkpt lat="47.39021" lon="7.08471">
        <ele>549</ele>
        <time>2025-11-23T13:56:45+00:00</time>
      </trkpt>
      <trkpt lat="47.39027" lon="7.08477">
        <ele>549</ele>
        <time>2025-11-23T13:56:48+00:00</time>
      </trkpt>
      <trkpt lat="47.3903" lon="7.08484">
        <ele>549</ele>
        <time>2025-11-23T13:56:51+00:00</time>
      </trkpt>
      <trkpt lat="47.39042" lon="7.08526">
        <ele>547</ele>
        <time>2025-11-23T13:56:54+00:00</time>
      </trkpt>
      <trkpt lat="47.39045" lon="7.08536">
        <ele>547</ele>
        <time>2025-11-23T13:56:57+00:00</time>
      </trkpt>
      <trkpt lat="47.39049" lon="7.0855">
        <ele>548</ele>
        <time>2025-11-23T13:57:00+00:00</time>
      </trkpt>
      <trkpt lat="47.39056" lon="7.0857">
        <ele>547</ele>
        <time>2025-11-23T13:57:03+00:00</time>
      </trkpt>
      <trkpt lat="47.39057" lon="7.08573">
        <ele>547</ele>
        <time>2025-11-23T13:57:06+00:00</time>
      </trkpt>
      <trkpt lat="47.39069" lon="7.08586">
        <ele>546</ele>
        <time>2025-11-23T13:57:09+00:00</time>
      </trkpt>
      <trkpt lat="47.39086" lon="7.08586">
        <ele>545</ele>
        <time>2025-11-23T13:57:12+00:00</time>
      </trkpt>
      <trkpt lat="47.39113" lon="7.08584">
        <ele>542</ele>
        <time>2025-11-23T13:57:15+00:00</time>
      </trkpt>
      <trkpt lat="47.39155" lon="7.08579">
        <ele>539</ele>
        <time>2025-11-23T13:57:18+00:00</time>
      </trkpt>
      <trkpt lat="47.39171" lon="7.08579">
        <ele>537</ele>
        <time>2025-11-23T13:57:21+00:00</time>
      </trkpt>
      <trkpt lat="47.39186" lon="7.08576">
        <ele>536</ele>
        <time>2025-11-23T13:57:24+00:00</time>
      </trkpt>
      <trkpt lat="47.39199" lon="7.08577">
        <ele>536</ele>
        <time>2025-11-23T13:57:27+00:00</time>
      </trkpt>
      <trkpt lat="47.39228" lon="7.08575">
        <ele>533</ele>
        <time>2025-11-23T13:57:30+00:00</time>
      </trkpt>
      <trkpt lat="47.39238" lon="7.08575">
        <ele>532</ele>
        <time>2025-11-23T13:57:33+00:00</time>
      </trkpt>
      <trkpt lat="47.39263" lon="7.08577">
        <ele>530</ele>
        <time>2025-11-23T13:57:36+00:00</time>
      </trkpt>
      <trkpt lat="47.39288" lon="7.08574">
        <ele>528</ele>
        <time>2025-11-23T13:57:39+00:00</time>
      </trkpt>
      <trkpt lat="47.3931" lon="7.08573">
        <ele>527</ele>
        <time>2025-11-23T13:57:42+00:00</time>
      </trkpt>
      <trkpt lat="47.39328" lon="7.08571">
        <ele>526</ele>
        <time>2025-11-23T13:57:45+00:00</time>
      </trkpt>
      <trkpt lat="47.39345" lon="7.08568">
        <ele>525</ele>
        <time>2025-11-23T13:57:48+00:00</time>
      </trkpt>
      <trkpt lat="47.3936" lon="7.08568">
        <ele>523</ele>
        <time>2025-11-23T13:57:51+00:00</time>
      </trkpt>
      <trkpt lat="47.39384" lon="7.08565">
        <ele>522</ele>
        <time>2025-11-23T13:57:54+00:00</time>
      </trkpt>
      <trkpt lat="47.39407" lon="7.08565">
        <ele>521</ele>
        <time>2025-11-23T13:57:57+00:00</time>
      </trkpt>
      <trkpt lat="47.39419" lon="7.08565">
        <ele>521</ele>
        <time>2025-11-23T13:58:00+00:00</time>
      </trkpt>
      <trkpt lat="47.39432" lon="7.08567">
        <ele>520</ele>
        <time>2025-11-23T13:58:03+00:00</time>
      </trkpt>
      <trkpt lat="47.39476" lon="7.08582">
        <ele>517</ele>
        <time>2025-11-23T13:58:06+00:00</time>
      </trkpt>
      <trkpt lat="47.39495" lon="7.0859">
        <ele>517</ele>
        <time>2025-11-23T13:58:09+00:00</time>
      </trkpt>
      <trkpt lat="47.39534" lon="7.08607">
        <ele>516</ele>
        <time>2025-11-23T13:58:12+00:00</time>
      </trkpt>
      <trkpt lat="47.39559" lon="7.08621">
        <ele>515</ele>
        <time>2025-11-23T13:58:15+00:00</time>
      </trkpt>
      <trkpt lat="47.39578" lon="7.08633">
        <ele>514</ele>
        <time>2025-11-23T13:58:18+00:00</time>
      </trkpt>
      <trkpt lat="47.39604" lon="7.0865">
        <ele>513</ele>
        <time>2025-11-23T13:58:21+00:00</time>
      </trkpt>
      <trkpt lat="47.39623" lon="7.08661">
        <ele>513</ele>
        <time>2025-11-23T13:58:24+00:00</time>
      </trkpt>
      <trkpt lat="47.3964" lon="7.08672">
        <ele>513</ele>
        <time>2025-11-23T13:58:27+00:00</time>
      </trkpt>
      <trkpt lat="47.39656" lon="7.08684">
        <ele>513</ele>
        <time>2025-11-23T13:58:30+00:00</time>
      </trkpt>
      <trkpt lat="47.39662" lon="7.08688">
        <ele>513</ele>
        <time>2025-11-23T13:58:33+00:00</time>
      </trkpt>
      <trkpt lat="47.39683" lon="7.08701">
        <ele>513</ele>
        <time>2025-11-23T13:58:36+00:00</time>
      </trkpt>
      <trkpt lat="47.39696" lon="7.08709">
        <ele>513</ele>
        <time>2025-11-23T13:58:39+00:00</time>
      </trkpt>
      <trkpt lat="47.39711" lon="7.08707">
        <ele>513</ele>
        <time>2025-11-23T13:58:42+00:00</time>
      </trkpt>
      <trkpt lat="47.39728" lon="7.08692">
        <ele>513</ele>
        <time>2025-11-23T13:58:45+00:00</time>
      </trkpt>
      <trkpt lat="47.39749" lon="7.08678">
        <ele>513</ele>
        <time>2025-11-23T13:58:48+00:00</time>
      </trkpt>
      <trkpt lat="47.3977" lon="7.08664">
        <ele>513</ele>
        <time>2025-11-23T13:58:51+00:00</time>
      </trkpt>
      <trkpt lat="47.39786" lon="7.0865">
        <ele>513</ele>
        <time>2025-11-23T13:58:54+00:00</time>
      </trkpt>
      <trkpt lat="47.398" lon="7.08637">
        <ele>512</ele>
        <time>2025-11-23T13:58:57+00:00</time>
      </trkpt>
      <trkpt lat="47.39812" lon="7.08623">
        <ele>512</ele>
        <time>2025-11-23T13:59:00+00:00</time>
      </trkpt>
      <trkpt lat="47.39824" lon="7.08608">
        <ele>511</ele>
        <time>2025-11-23T13:59:03+00:00</time>
      </trkpt>
      <trkpt lat="47.39835" lon="7.08589">
        <ele>511</ele>
        <time>2025-11-23T13:59:06+00:00</time>
      </trkpt>
      <trkpt lat="47.39847" lon="7.08571">
        <ele>511</ele>
        <time>2025-11-23T13:59:09+00:00</time>
      </trkpt>
      <trkpt lat="47.39862" lon="7.08549">
        <ele>509</ele>
        <time>2025-11-23T13:59:12+00:00</time>
      </trkpt>
      <trkpt lat="47.39889" lon="7.08513">
        <ele>507</ele>
        <time>2025-11-23T13:59:15+00:00</time>
      </trkpt>
      <trkpt lat="47.39902" lon="7.08497">
        <ele>505</ele>
        <time>2025-11-23T13:59:18+00:00</time>
      </trkpt>
      <trkpt lat="47.39912" lon="7.08483">
        <ele>505</ele>
        <time>2025-11-23T13:59:21+00:00</time>
      </trkpt>
      <trkpt lat="47.39937" lon="7.08453">
        <ele>502</ele>
        <time>2025-11-23T13:59:24+00:00</time>
      </trkpt>
      <trkpt lat="47.3995" lon="7.08435">
        <ele>501</ele>
        <time>2025-11-23T13:59:27+00:00</time>
      </trkpt>
      <trkpt lat="47.39953" lon="7.08429">
        <ele>499</ele>
        <time>2025-11-23T13:59:30+00:00</time>
      </trkpt>
      <trkpt lat="47.39962" lon="7.08412">
        <ele>499</ele>
        <time>2025-11-23T13:59:33+00:00</time>
      </trkpt>
      <trkpt lat="47.39967" lon="7.08402">
        <ele>498</ele>
        <time>2025-11-23T13:59:36+00:00</time>
      </trkpt>
      <trkpt lat="47.39972" lon="7.08394">
        <ele>498</ele>
        <time>2025-11-23T13:59:39+00:00</time>
      </trkpt>
      <trkpt lat="47.39987" lon="7.08362">
        <ele>495</ele>
        <time>2025-11-23T13:59:42+00:00</time>
      </trkpt>
      <trkpt lat="47.39996" lon="7.08343">
        <ele>493</ele>
        <time>2025-11-23T13:59:45+00:00</time>
      </trkpt>
      <trkpt lat="47.40002" lon="7.08334">
        <ele>491</ele>
        <time>2025-11-23T13:59:48+00:00</time>
      </trkpt>
      <trkpt lat="47.40005" lon="7.08322">
        <ele>491</ele>
        <time>2025-11-23T13:59:51+00:00</time>
      </trkpt>
      <trkpt lat="47.40017" lon="7.08299">
        <ele>488</ele>
        <time>2025-11-23T13:59:54+00:00</time>
      </trkpt>
      <trkpt lat="47.40024" lon="7.08292">
        <ele>488</ele>
        <time>2025-11-23T13:59:57+00:00</time>
      </trkpt>
      <trkpt lat="47.40035" lon="7.08285">
        <ele>486</ele>
        <time>2025-11-23T14:00:00+00:00</time>
      </trkpt>
      <trkpt lat="47.40037" lon="7.08285">
        <ele>486</ele>
        <time>2025-11-23T14:00:03+00:00</time>
      </trkpt>
      <trkpt lat="47.40049" lon="7.08288">
        <ele>485</ele>
        <time>2025-11-23T14:00:06+00:00</time>
      </trkpt>
      <trkpt lat="47.40051" lon="7.08288">
        <ele>484</ele>
        <time>2025-11-23T14:00:09+00:00</time>
      </trkpt>
      <trkpt lat="47.40052" lon="7.08284">
        <ele>484</ele>
        <time>2025-11-23T14:00:12+00:00</time>
      </trkpt>
      <trkpt lat="47.40054" lon="7.08285">
        <ele>484</ele>
        <time>2025-11-23T14:00:15+00:00</time>
      </trkpt>
      <trkpt lat="47.40053" lon="7.08285">
        <ele>484</ele>
        <time>2025-11-23T14:00:18+00:00</time>
      </trkpt>
      <trkpt lat="47.40062" lon="7.08285">
        <ele>483</ele>
        <time>2025-11-23T14:00:21+00:00</time>
      </trkpt>
      <trkpt lat="47.40071" lon="7.08279">
        <ele>481</ele>
        <time>2025-11-23T14:00:24+00:00</time>
      </trkpt>
      <trkpt lat="47.40081" lon="7.08264">
        <ele>479</ele>
        <time>2025-11-23T14:00:27+00:00</time>
      </trkpt>
      <trkpt lat="47.40086" lon="7.08255">
        <ele>479</ele>
        <time>2025-11-23T14:00:30+00:00</time>
      </trkpt>
      <trkpt lat="47.40096" lon="7.08233">
        <ele>476</ele>
        <time>2025-11-23T14:00:33+00:00</time>
      </trkpt>
      <trkpt lat="47.40103" lon="7.0822">
        <ele>474</ele>
        <time>2025-11-23T14:00:36+00:00</time>
      </trkpt>
      <trkpt lat="47.40117" lon="7.08187">
        <ele>471</ele>
        <time>2025-11-23T14:00:39+00:00</time>
      </trkpt>
      <trkpt lat="47.40124" lon="7.08181">
        <ele>469</ele>
        <time>2025-11-23T14:00:42+00:00</time>
      </trkpt>
      <trkpt lat="47.40131" lon="7.08176">
        <ele>468</ele>
        <time>2025-11-23T14:00:45+00:00</time>
      </trkpt>
      <trkpt lat="47.40133" lon="7.08176">
        <ele>468</ele>
        <time>2025-11-23T14:00:48+00:00</time>
      </trkpt>
      <trkpt lat="47.4014" lon="7.08179">
        <ele>467</ele>
        <time>2025-11-23T14:00:51+00:00</time>
      </trkpt>
      <trkpt lat="47.40147" lon="7.08184">
        <ele>466</ele>
        <time>2025-11-23T14:00:54+00:00</time>
      </trkpt>
      <trkpt lat="47.40161" lon="7.0819">
        <ele>465</ele>
        <time>2025-11-23T14:00:57+00:00</time>
      </trkpt>
      <trkpt lat="47.40169" lon="7.08183">
        <ele>466</ele>
        <time>2025-11-23T14:01:00+00:00</time>
      </trkpt>
      <trkpt lat="47.40183" lon="7.08163">
        <ele>464</ele>
        <time>2025-11-23T14:01:03+00:00</time>
      </trkpt>
      <trkpt lat="47.4019" lon="7.08152">
        <ele>463</ele>
        <time>2025-11-23T14:01:06+00:00</time>
      </trkpt>
      <trkpt lat="47.40193" lon="7.0816">
        <ele>463</ele>
        <time>2025-11-23T14:01:09+00:00</time>
      </trkpt>
      <trkpt lat="47.40194" lon="7.08161">
        <ele>463</ele>
        <time>2025-11-23T14:01:12+00:00</time>
      </trkpt>
      <trkpt lat="47.40201" lon="7.08165">
        <ele>463</ele>
        <time>2025-11-23T14:01:15+00:00</time>
      </trkpt>
      <trkpt lat="47.40207" lon="7.08169">
        <ele>463</ele>
        <time>2025-11-23T14:01:18+00:00</time>
      </trkpt>
      <trkpt lat="47.40222" lon="7.08177">
        <ele>462</ele>
        <time>2025-11-23T14:01:21+00:00</time>
      </trkpt>
      <trkpt lat="47.40238" lon="7.08191">
        <ele>462</ele>
        <time>2025-11-23T14:01:24+00:00</time>
      </trkpt>
      <trkpt lat="47.40248" lon="7.08205">
        <ele>462</ele>
        <time>2025-11-23T14:01:27+00:00</time>
      </trkpt>
      <trkpt lat="47.40261" lon="7.08214">
        <ele>462</ele>
        <time>2025-11-23T14:01:30+00:00</time>
      </trkpt>
      <trkpt lat="47.40261" lon="7.08214">
        <ele>462</ele>
        <time>2025-11-23T14:01:33+00:00</time>
      </trkpt>
    </trkseg>
  </trk>
</gpx>
